ISO-10303-21;
HEADER;
FILE_DESCRIPTION(('FreeCAD Model'),'2;1');
FILE_NAME('Open CASCADE Shape Model','2026-09-26T20:43:23',(''),(''),
  'Open CASCADE STEP processor 7.8','FreeCAD','Unknown');
FILE_SCHEMA(('AUTOMOTIVE_DESIGN { 1 0 10303 214 1 1 1 1 }'));
ENDSEC;
DATA;
#1 = APPLICATION_PROTOCOL_DEFINITION('international standard',
  'automotive_design',2000,#2);
#2 = APPLICATION_CONTEXT(
  'core data for automotive mechanical design processes');
#3 = SHAPE_DEFINITION_REPRESENTATION(#4,#10);
#4 = PRODUCT_DEFINITION_SHAPE('','',#5);
#5 = PRODUCT_DEFINITION('design','',#6,#9);
#6 = PRODUCT_DEFINITION_FORMATION('','',#7);
#7 = PRODUCT('Pad003','Pad003','',(#8));
#8 = PRODUCT_CONTEXT('',#2,'mechanical');
#9 = PRODUCT_DEFINITION_CONTEXT('part definition',#2,'design');
#10 = ADVANCED_BREP_SHAPE_REPRESENTATION('',(#11,#15),#3579);
#11 = AXIS2_PLACEMENT_3D('',#12,#13,#14);
#12 = CARTESIAN_POINT('',(0.,0.,0.));
#13 = DIRECTION('',(0.,0.,1.));
#14 = DIRECTION('',(1.,0.,-0.));
#15 = MANIFOLD_SOLID_BREP('',#16);
#16 = CLOSED_SHELL('',(#17,#57,#88,#119,#578,#763,#812,#861,#886,#911,
    #958,#975,#1000,#1049,#1074,#1099,#1146,#1171,#1188,#1235,#1284,
    #1301,#1326,#1343,#1368,#1385,#1427,#1458,#1482,#1506,#1523,#1554,
    #1578,#1602,#1619,#1650,#1675,#1700,#1724,#1748,#1773,#1798,#1815,
    #1846,#1870,#1894,#1911,#1942,#1966,#1990,#2007,#2038,#2062,#2086,
    #2103,#2134,#2158,#2182,#2199,#2224,#2242,#2267,#2285,#2310,#2328,
    #2353,#2371,#2445,#2469,#2536,#2628,#2652,#2737,#2754,#2828,#2902,
    #2919,#2936,#2953,#3045,#3137,#3154,#3171,#3183,#3195,#3211,#3223,
    #3235,#3247,#3259,#3276,#3293,#3305,#3321,#3337,#3356,#3373,#3387,
    #3403,#3419,#3436,#3453,#3465,#3481,#3497,#3516,#3533,#3547,#3563));
#17 = ADVANCED_FACE('',(#18),#52,.T.);
#18 = FACE_BOUND('',#19,.T.);
#19 = EDGE_LOOP('',(#20,#30,#38,#46));
#20 = ORIENTED_EDGE('',*,*,#21,.T.);
#21 = EDGE_CURVE('',#22,#24,#26,.T.);
#22 = VERTEX_POINT('',#23);
#23 = CARTESIAN_POINT('',(15.,9.,0.8));
#24 = VERTEX_POINT('',#25);
#25 = CARTESIAN_POINT('',(15.,9.,-0.8));
#26 = LINE('',#27,#28);
#27 = CARTESIAN_POINT('',(15.,9.,0.8));
#28 = VECTOR('',#29,1.);
#29 = DIRECTION('',(-0.,-0.,-1.));
#30 = ORIENTED_EDGE('',*,*,#31,.T.);
#31 = EDGE_CURVE('',#24,#32,#34,.T.);
#32 = VERTEX_POINT('',#33);
#33 = CARTESIAN_POINT('',(-15.,9.,-0.8));
#34 = LINE('',#35,#36);
#35 = CARTESIAN_POINT('',(15.,9.,-0.8));
#36 = VECTOR('',#37,1.);
#37 = DIRECTION('',(-1.,0.,0.));
#38 = ORIENTED_EDGE('',*,*,#39,.F.);
#39 = EDGE_CURVE('',#40,#32,#42,.T.);
#40 = VERTEX_POINT('',#41);
#41 = CARTESIAN_POINT('',(-15.,9.,0.8));
#42 = LINE('',#43,#44);
#43 = CARTESIAN_POINT('',(-15.,9.,0.8));
#44 = VECTOR('',#45,1.);
#45 = DIRECTION('',(-0.,-0.,-1.));
#46 = ORIENTED_EDGE('',*,*,#47,.F.);
#47 = EDGE_CURVE('',#22,#40,#48,.T.);
#48 = LINE('',#49,#50);
#49 = CARTESIAN_POINT('',(15.,9.,0.8));
#50 = VECTOR('',#51,1.);
#51 = DIRECTION('',(-1.,0.,0.));
#52 = PLANE('',#53);
#53 = AXIS2_PLACEMENT_3D('',#54,#55,#56);
#54 = CARTESIAN_POINT('',(15.,9.,0.8));
#55 = DIRECTION('',(0.,1.,0.));
#56 = DIRECTION('',(-1.,0.,0.));
#57 = ADVANCED_FACE('',(#58),#83,.T.);
#58 = FACE_BOUND('',#59,.T.);
#59 = EDGE_LOOP('',(#60,#68,#76,#82));
#60 = ORIENTED_EDGE('',*,*,#61,.F.);
#61 = EDGE_CURVE('',#62,#22,#64,.T.);
#62 = VERTEX_POINT('',#63);
#63 = CARTESIAN_POINT('',(15.,8.27,0.8));
#64 = LINE('',#65,#66);
#65 = CARTESIAN_POINT('',(15.,-9.,0.8));
#66 = VECTOR('',#67,1.);
#67 = DIRECTION('',(0.,1.,0.));
#68 = ORIENTED_EDGE('',*,*,#69,.F.);
#69 = EDGE_CURVE('',#70,#62,#72,.T.);
#70 = VERTEX_POINT('',#71);
#71 = CARTESIAN_POINT('',(15.,8.27,-0.8));
#72 = LINE('',#73,#74);
#73 = CARTESIAN_POINT('',(15.,8.27,-5.E-02));
#74 = VECTOR('',#75,1.);
#75 = DIRECTION('',(0.,0.,1.));
#76 = ORIENTED_EDGE('',*,*,#77,.T.);
#77 = EDGE_CURVE('',#70,#24,#78,.T.);
#78 = LINE('',#79,#80);
#79 = CARTESIAN_POINT('',(15.,-9.,-0.8));
#80 = VECTOR('',#81,1.);
#81 = DIRECTION('',(0.,1.,0.));
#82 = ORIENTED_EDGE('',*,*,#21,.F.);
#83 = PLANE('',#84);
#84 = AXIS2_PLACEMENT_3D('',#85,#86,#87);
#85 = CARTESIAN_POINT('',(15.,-9.,0.8));
#86 = DIRECTION('',(1.,0.,0.));
#87 = DIRECTION('',(0.,1.,0.));
#88 = ADVANCED_FACE('',(#89),#114,.T.);
#89 = FACE_BOUND('',#90,.T.);
#90 = EDGE_LOOP('',(#91,#99,#100,#108));
#91 = ORIENTED_EDGE('',*,*,#92,.F.);
#92 = EDGE_CURVE('',#40,#93,#95,.T.);
#93 = VERTEX_POINT('',#94);
#94 = CARTESIAN_POINT('',(-15.,8.27,0.8));
#95 = LINE('',#96,#97);
#96 = CARTESIAN_POINT('',(-15.,9.,0.8));
#97 = VECTOR('',#98,1.);
#98 = DIRECTION('',(0.,-1.,0.));
#99 = ORIENTED_EDGE('',*,*,#39,.T.);
#100 = ORIENTED_EDGE('',*,*,#101,.T.);
#101 = EDGE_CURVE('',#32,#102,#104,.T.);
#102 = VERTEX_POINT('',#103);
#103 = CARTESIAN_POINT('',(-15.,8.27,-0.8));
#104 = LINE('',#105,#106);
#105 = CARTESIAN_POINT('',(-15.,9.,-0.8));
#106 = VECTOR('',#107,1.);
#107 = DIRECTION('',(0.,-1.,0.));
#108 = ORIENTED_EDGE('',*,*,#109,.T.);
#109 = EDGE_CURVE('',#102,#93,#110,.T.);
#110 = LINE('',#111,#112);
#111 = CARTESIAN_POINT('',(-15.,8.27,-5.E-02));
#112 = VECTOR('',#113,1.);
#113 = DIRECTION('',(0.,0.,1.));
#114 = PLANE('',#115);
#115 = AXIS2_PLACEMENT_3D('',#116,#117,#118);
#116 = CARTESIAN_POINT('',(-15.,9.,0.8));
#117 = DIRECTION('',(-1.,0.,0.));
#118 = DIRECTION('',(0.,-1.,0.));
#119 = ADVANCED_FACE('',(#120,#299,#333,#367,#437,#471,#505,#539),#573,
  .T.);
#120 = FACE_BOUND('',#121,.T.);
#121 = EDGE_LOOP('',(#122,#130,#131,#132,#133,#141,#150,#159,#167,#175,
    #183,#192,#201,#209,#217,#225,#233,#241,#250,#259,#267,#275,#283,
    #292));
#122 = ORIENTED_EDGE('',*,*,#123,.F.);
#123 = EDGE_CURVE('',#62,#124,#126,.T.);
#124 = VERTEX_POINT('',#125);
#125 = CARTESIAN_POINT('',(13.,8.27,0.8));
#126 = LINE('',#127,#128);
#127 = CARTESIAN_POINT('',(6.5,8.27,0.8));
#128 = VECTOR('',#129,1.);
#129 = DIRECTION('',(-1.,0.,0.));
#130 = ORIENTED_EDGE('',*,*,#61,.T.);
#131 = ORIENTED_EDGE('',*,*,#47,.T.);
#132 = ORIENTED_EDGE('',*,*,#92,.T.);
#133 = ORIENTED_EDGE('',*,*,#134,.T.);
#134 = EDGE_CURVE('',#93,#135,#137,.T.);
#135 = VERTEX_POINT('',#136);
#136 = CARTESIAN_POINT('',(-13.,8.27,0.8));
#137 = LINE('',#138,#139);
#138 = CARTESIAN_POINT('',(-6.5,8.27,0.8));
#139 = VECTOR('',#140,1.);
#140 = DIRECTION('',(1.,0.,0.));
#141 = ORIENTED_EDGE('',*,*,#142,.F.);
#142 = EDGE_CURVE('',#143,#135,#145,.T.);
#143 = VERTEX_POINT('',#144);
#144 = CARTESIAN_POINT('',(-12.99999892856,5.73,0.8));
#145 = CIRCLE('',#146,1.27);
#146 = AXIS2_PLACEMENT_3D('',#147,#148,#149);
#147 = CARTESIAN_POINT('',(-13.,7.,0.8));
#148 = DIRECTION('',(0.,0.,1.));
#149 = DIRECTION('',(-1.,-0.,-0.));
#150 = ORIENTED_EDGE('',*,*,#151,.F.);
#151 = EDGE_CURVE('',#152,#143,#154,.T.);
#152 = VERTEX_POINT('',#153);
#153 = CARTESIAN_POINT('',(-13.,3.19,0.8));
#154 = CIRCLE('',#155,1.27);
#155 = AXIS2_PLACEMENT_3D('',#156,#157,#158);
#156 = CARTESIAN_POINT('',(-13.,4.46,0.8));
#157 = DIRECTION('',(0.,0.,1.));
#158 = DIRECTION('',(-1.,-0.,-0.));
#159 = ORIENTED_EDGE('',*,*,#160,.T.);
#160 = EDGE_CURVE('',#152,#161,#163,.T.);
#161 = VERTEX_POINT('',#162);
#162 = CARTESIAN_POINT('',(-15.,3.19,0.8));
#163 = LINE('',#164,#165);
#164 = CARTESIAN_POINT('',(-7.55,3.19,0.8));
#165 = VECTOR('',#166,1.);
#166 = DIRECTION('',(-1.,-0.,-0.));
#167 = ORIENTED_EDGE('',*,*,#168,.T.);
#168 = EDGE_CURVE('',#161,#169,#171,.T.);
#169 = VERTEX_POINT('',#170);
#170 = CARTESIAN_POINT('',(-15.,-3.19,0.8));
#171 = LINE('',#172,#173);
#172 = CARTESIAN_POINT('',(-15.,9.,0.8));
#173 = VECTOR('',#174,1.);
#174 = DIRECTION('',(0.,-1.,0.));
#175 = ORIENTED_EDGE('',*,*,#176,.F.);
#176 = EDGE_CURVE('',#177,#169,#179,.T.);
#177 = VERTEX_POINT('',#178);
#178 = CARTESIAN_POINT('',(-13.,-3.19,0.8));
#179 = LINE('',#180,#181);
#180 = CARTESIAN_POINT('',(-7.55,-3.19,0.8));
#181 = VECTOR('',#182,1.);
#182 = DIRECTION('',(-1.,0.,0.));
#183 = ORIENTED_EDGE('',*,*,#184,.T.);
#184 = EDGE_CURVE('',#177,#185,#187,.T.);
#185 = VERTEX_POINT('',#186);
#186 = CARTESIAN_POINT('',(-12.99999892856,-5.73,0.8));
#187 = CIRCLE('',#188,1.27);
#188 = AXIS2_PLACEMENT_3D('',#189,#190,#191);
#189 = CARTESIAN_POINT('',(-13.,-4.46,0.8));
#190 = DIRECTION('',(0.,0.,-1.));
#191 = DIRECTION('',(-1.,0.,0.));
#192 = ORIENTED_EDGE('',*,*,#193,.T.);
#193 = EDGE_CURVE('',#185,#194,#196,.T.);
#194 = VERTEX_POINT('',#195);
#195 = CARTESIAN_POINT('',(-13.,-8.27,0.8));
#196 = CIRCLE('',#197,1.27);
#197 = AXIS2_PLACEMENT_3D('',#198,#199,#200);
#198 = CARTESIAN_POINT('',(-13.,-7.,0.8));
#199 = DIRECTION('',(0.,0.,-1.));
#200 = DIRECTION('',(-1.,0.,0.));
#201 = ORIENTED_EDGE('',*,*,#202,.F.);
#202 = EDGE_CURVE('',#203,#194,#205,.T.);
#203 = VERTEX_POINT('',#204);
#204 = CARTESIAN_POINT('',(-15.,-8.27,0.8));
#205 = LINE('',#206,#207);
#206 = CARTESIAN_POINT('',(-6.5,-8.27,0.8));
#207 = VECTOR('',#208,1.);
#208 = DIRECTION('',(1.,0.,0.));
#209 = ORIENTED_EDGE('',*,*,#210,.T.);
#210 = EDGE_CURVE('',#203,#211,#213,.T.);
#211 = VERTEX_POINT('',#212);
#212 = CARTESIAN_POINT('',(-15.,-9.,0.8));
#213 = LINE('',#214,#215);
#214 = CARTESIAN_POINT('',(-15.,9.,0.8));
#215 = VECTOR('',#216,1.);
#216 = DIRECTION('',(0.,-1.,0.));
#217 = ORIENTED_EDGE('',*,*,#218,.T.);
#218 = EDGE_CURVE('',#211,#219,#221,.T.);
#219 = VERTEX_POINT('',#220);
#220 = CARTESIAN_POINT('',(15.,-9.,0.8));
#221 = LINE('',#222,#223);
#222 = CARTESIAN_POINT('',(-15.,-9.,0.8));
#223 = VECTOR('',#224,1.);
#224 = DIRECTION('',(1.,0.,0.));
#225 = ORIENTED_EDGE('',*,*,#226,.T.);
#226 = EDGE_CURVE('',#219,#227,#229,.T.);
#227 = VERTEX_POINT('',#228);
#228 = CARTESIAN_POINT('',(15.,-8.27,0.8));
#229 = LINE('',#230,#231);
#230 = CARTESIAN_POINT('',(15.,-9.,0.8));
#231 = VECTOR('',#232,1.);
#232 = DIRECTION('',(0.,1.,0.));
#233 = ORIENTED_EDGE('',*,*,#234,.T.);
#234 = EDGE_CURVE('',#227,#235,#237,.T.);
#235 = VERTEX_POINT('',#236);
#236 = CARTESIAN_POINT('',(13.,-8.27,0.8));
#237 = LINE('',#238,#239);
#238 = CARTESIAN_POINT('',(6.5,-8.27,0.8));
#239 = VECTOR('',#240,1.);
#240 = DIRECTION('',(-1.,-0.,-0.));
#241 = ORIENTED_EDGE('',*,*,#242,.F.);
#242 = EDGE_CURVE('',#243,#235,#245,.T.);
#243 = VERTEX_POINT('',#244);
#244 = CARTESIAN_POINT('',(12.999998928562,-5.73,0.8));
#245 = CIRCLE('',#246,1.27);
#246 = AXIS2_PLACEMENT_3D('',#247,#248,#249);
#247 = CARTESIAN_POINT('',(13.,-7.,0.8));
#248 = DIRECTION('',(0.,0.,1.));
#249 = DIRECTION('',(1.,0.,0.));
#250 = ORIENTED_EDGE('',*,*,#251,.F.);
#251 = EDGE_CURVE('',#252,#243,#254,.T.);
#252 = VERTEX_POINT('',#253);
#253 = CARTESIAN_POINT('',(13.,-3.19,0.8));
#254 = CIRCLE('',#255,1.27);
#255 = AXIS2_PLACEMENT_3D('',#256,#257,#258);
#256 = CARTESIAN_POINT('',(13.,-4.46,0.8));
#257 = DIRECTION('',(0.,0.,1.));
#258 = DIRECTION('',(1.,0.,0.));
#259 = ORIENTED_EDGE('',*,*,#260,.T.);
#260 = EDGE_CURVE('',#252,#261,#263,.T.);
#261 = VERTEX_POINT('',#262);
#262 = CARTESIAN_POINT('',(15.,-3.19,0.8));
#263 = LINE('',#264,#265);
#264 = CARTESIAN_POINT('',(7.55,-3.19,0.8));
#265 = VECTOR('',#266,1.);
#266 = DIRECTION('',(1.,0.,0.));
#267 = ORIENTED_EDGE('',*,*,#268,.T.);
#268 = EDGE_CURVE('',#261,#269,#271,.T.);
#269 = VERTEX_POINT('',#270);
#270 = CARTESIAN_POINT('',(15.,3.19,0.8));
#271 = LINE('',#272,#273);
#272 = CARTESIAN_POINT('',(15.,-9.,0.8));
#273 = VECTOR('',#274,1.);
#274 = DIRECTION('',(0.,1.,0.));
#275 = ORIENTED_EDGE('',*,*,#276,.F.);
#276 = EDGE_CURVE('',#277,#269,#279,.T.);
#277 = VERTEX_POINT('',#278);
#278 = CARTESIAN_POINT('',(13.,3.19,0.8));
#279 = LINE('',#280,#281);
#280 = CARTESIAN_POINT('',(7.55,3.19,0.8));
#281 = VECTOR('',#282,1.);
#282 = DIRECTION('',(1.,0.,0.));
#283 = ORIENTED_EDGE('',*,*,#284,.T.);
#284 = EDGE_CURVE('',#277,#285,#287,.T.);
#285 = VERTEX_POINT('',#286);
#286 = CARTESIAN_POINT('',(12.999998928562,5.73,0.8));
#287 = CIRCLE('',#288,1.27);
#288 = AXIS2_PLACEMENT_3D('',#289,#290,#291);
#289 = CARTESIAN_POINT('',(13.,4.46,0.8));
#290 = DIRECTION('',(0.,0.,-1.));
#291 = DIRECTION('',(1.,0.,0.));
#292 = ORIENTED_EDGE('',*,*,#293,.T.);
#293 = EDGE_CURVE('',#285,#124,#294,.T.);
#294 = CIRCLE('',#295,1.27);
#295 = AXIS2_PLACEMENT_3D('',#296,#297,#298);
#296 = CARTESIAN_POINT('',(13.,7.,0.8));
#297 = DIRECTION('',(0.,0.,-1.));
#298 = DIRECTION('',(1.,0.,0.));
#299 = FACE_BOUND('',#300,.T.);
#300 = EDGE_LOOP('',(#301,#311,#319,#327));
#301 = ORIENTED_EDGE('',*,*,#302,.F.);
#302 = EDGE_CURVE('',#303,#305,#307,.T.);
#303 = VERTEX_POINT('',#304);
#304 = CARTESIAN_POINT('',(-10.68866160634,-8.085054747989,0.8));
#305 = VERTEX_POINT('',#306);
#306 = CARTESIAN_POINT('',(-8.939458406344,-8.085054747989,0.8));
#307 = LINE('',#308,#309);
#308 = CARTESIAN_POINT('',(-10.68866160634,-8.085054747989,0.8));
#309 = VECTOR('',#310,1.);
#310 = DIRECTION('',(1.,0.,0.));
#311 = ORIENTED_EDGE('',*,*,#312,.F.);
#312 = EDGE_CURVE('',#313,#303,#315,.T.);
#313 = VERTEX_POINT('',#314);
#314 = CARTESIAN_POINT('',(-10.68866160634,-4.49790236031,0.8));
#315 = LINE('',#316,#317);
#316 = CARTESIAN_POINT('',(-10.68866160634,-4.49790236031,0.8));
#317 = VECTOR('',#318,1.);
#318 = DIRECTION('',(0.,-1.,0.));
#319 = ORIENTED_EDGE('',*,*,#320,.F.);
#320 = EDGE_CURVE('',#321,#313,#323,.T.);
#321 = VERTEX_POINT('',#322);
#322 = CARTESIAN_POINT('',(-8.939458406344,-4.49790236031,0.8));
#323 = LINE('',#324,#325);
#324 = CARTESIAN_POINT('',(-8.939458406344,-4.49790236031,0.8));
#325 = VECTOR('',#326,1.);
#326 = DIRECTION('',(-1.,0.,0.));
#327 = ORIENTED_EDGE('',*,*,#328,.F.);
#328 = EDGE_CURVE('',#305,#321,#329,.T.);
#329 = LINE('',#330,#331);
#330 = CARTESIAN_POINT('',(-8.939458406344,-8.085054747989,0.8));
#331 = VECTOR('',#332,1.);
#332 = DIRECTION('',(0.,1.,0.));
#333 = FACE_BOUND('',#334,.T.);
#334 = EDGE_LOOP('',(#335,#345,#353,#361));
#335 = ORIENTED_EDGE('',*,*,#336,.F.);
#336 = EDGE_CURVE('',#337,#339,#341,.T.);
#337 = VERTEX_POINT('',#338);
#338 = CARTESIAN_POINT('',(-7.9138532,-8.085054747989,0.8));
#339 = VERTEX_POINT('',#340);
#340 = CARTESIAN_POINT('',(-6.16465,-8.085054747989,0.8));
#341 = LINE('',#342,#343);
#342 = CARTESIAN_POINT('',(-7.9138532,-8.085054747989,0.8));
#343 = VECTOR('',#344,1.);
#344 = DIRECTION('',(1.,0.,0.));
#345 = ORIENTED_EDGE('',*,*,#346,.F.);
#346 = EDGE_CURVE('',#347,#337,#349,.T.);
#347 = VERTEX_POINT('',#348);
#348 = CARTESIAN_POINT('',(-7.9138532,-4.49790236031,0.8));
#349 = LINE('',#350,#351);
#350 = CARTESIAN_POINT('',(-7.9138532,-4.49790236031,0.8));
#351 = VECTOR('',#352,1.);
#352 = DIRECTION('',(0.,-1.,0.));
#353 = ORIENTED_EDGE('',*,*,#354,.F.);
#354 = EDGE_CURVE('',#355,#347,#357,.T.);
#355 = VERTEX_POINT('',#356);
#356 = CARTESIAN_POINT('',(-6.16465,-4.49790236031,0.8));
#357 = LINE('',#358,#359);
#358 = CARTESIAN_POINT('',(-6.16465,-4.49790236031,0.8));
#359 = VECTOR('',#360,1.);
#360 = DIRECTION('',(-1.,0.,0.));
#361 = ORIENTED_EDGE('',*,*,#362,.F.);
#362 = EDGE_CURVE('',#339,#355,#363,.T.);
#363 = LINE('',#364,#365);
#364 = CARTESIAN_POINT('',(-6.16465,-8.085054747989,0.8));
#365 = VECTOR('',#366,1.);
#366 = DIRECTION('',(0.,1.,0.));
#367 = FACE_BOUND('',#368,.T.);
#368 = EDGE_LOOP('',(#369,#379,#388,#396,#405,#413,#422,#430));
#369 = ORIENTED_EDGE('',*,*,#370,.F.);
#370 = EDGE_CURVE('',#371,#373,#375,.T.);
#371 = VERTEX_POINT('',#372);
#372 = CARTESIAN_POINT('',(-3.009260069433,-8.768249930567,0.8));
#373 = VERTEX_POINT('',#374);
#374 = CARTESIAN_POINT('',(5.780158888951,-8.768249930567,0.8));
#375 = LINE('',#376,#377);
#376 = CARTESIAN_POINT('',(-3.009260069433,-8.768249930567,0.8));
#377 = VECTOR('',#378,1.);
#378 = DIRECTION('',(1.,0.,0.));
#379 = ORIENTED_EDGE('',*,*,#380,.F.);
#380 = EDGE_CURVE('',#381,#371,#383,.T.);
#381 = VERTEX_POINT('',#382);
#382 = CARTESIAN_POINT('',(-3.93241,-7.8451,0.8));
#383 = CIRCLE('',#384,0.923149930567);
#384 = AXIS2_PLACEMENT_3D('',#385,#386,#387);
#385 = CARTESIAN_POINT('',(-3.009260069433,-7.8451,0.8));
#386 = DIRECTION('',(0.,0.,1.));
#387 = DIRECTION('',(1.,0.,0.));
#388 = ORIENTED_EDGE('',*,*,#389,.F.);
#389 = EDGE_CURVE('',#390,#381,#392,.T.);
#390 = VERTEX_POINT('',#391);
#391 = CARTESIAN_POINT('',(-3.93241,0.620673516739,0.8));
#392 = LINE('',#393,#394);
#393 = CARTESIAN_POINT('',(-3.93241,0.620673516739,0.8));
#394 = VECTOR('',#395,1.);
#395 = DIRECTION('',(0.,-1.,0.));
#396 = ORIENTED_EDGE('',*,*,#397,.F.);
#397 = EDGE_CURVE('',#398,#390,#400,.T.);
#398 = VERTEX_POINT('',#399);
#399 = CARTESIAN_POINT('',(-3.009260069433,1.543823447305,0.8));
#400 = CIRCLE('',#401,0.923149930567);
#401 = AXIS2_PLACEMENT_3D('',#402,#403,#404);
#402 = CARTESIAN_POINT('',(-3.009260069433,0.620673516739,0.8));
#403 = DIRECTION('',(0.,0.,1.));
#404 = DIRECTION('',(1.,0.,0.));
#405 = ORIENTED_EDGE('',*,*,#406,.F.);
#406 = EDGE_CURVE('',#407,#398,#409,.T.);
#407 = VERTEX_POINT('',#408);
#408 = CARTESIAN_POINT('',(5.780158888951,1.543823447305,0.8));
#409 = LINE('',#410,#411);
#410 = CARTESIAN_POINT('',(5.780158888951,1.543823447305,0.8));
#411 = VECTOR('',#412,1.);
#412 = DIRECTION('',(-1.,0.,0.));
#413 = ORIENTED_EDGE('',*,*,#414,.F.);
#414 = EDGE_CURVE('',#415,#407,#417,.T.);
#415 = VERTEX_POINT('',#416);
#416 = CARTESIAN_POINT('',(6.703308819517,0.620673516739,0.8));
#417 = CIRCLE('',#418,0.923149930567);
#418 = AXIS2_PLACEMENT_3D('',#419,#420,#421);
#419 = CARTESIAN_POINT('',(5.780158888951,0.620673516739,0.8));
#420 = DIRECTION('',(0.,0.,1.));
#421 = DIRECTION('',(1.,0.,0.));
#422 = ORIENTED_EDGE('',*,*,#423,.F.);
#423 = EDGE_CURVE('',#424,#415,#426,.T.);
#424 = VERTEX_POINT('',#425);
#425 = CARTESIAN_POINT('',(6.703308819517,-7.8451,0.8));
#426 = LINE('',#427,#428);
#427 = CARTESIAN_POINT('',(6.703308819517,-7.8451,0.8));
#428 = VECTOR('',#429,1.);
#429 = DIRECTION('',(0.,1.,0.));
#430 = ORIENTED_EDGE('',*,*,#431,.F.);
#431 = EDGE_CURVE('',#373,#424,#432,.T.);
#432 = CIRCLE('',#433,0.923149930567);
#433 = AXIS2_PLACEMENT_3D('',#434,#435,#436);
#434 = CARTESIAN_POINT('',(5.780158888951,-7.8451,0.8));
#435 = DIRECTION('',(0.,0.,1.));
#436 = DIRECTION('',(1.,0.,0.));
#437 = FACE_BOUND('',#438,.T.);
#438 = EDGE_LOOP('',(#439,#449,#457,#465));
#439 = ORIENTED_EDGE('',*,*,#440,.F.);
#440 = EDGE_CURVE('',#441,#443,#445,.T.);
#441 = VERTEX_POINT('',#442);
#442 = CARTESIAN_POINT('',(-10.68866160634,-2.45114,0.8));
#443 = VERTEX_POINT('',#444);
#444 = CARTESIAN_POINT('',(-8.939458406344,-2.45114,0.8));
#445 = LINE('',#446,#447);
#446 = CARTESIAN_POINT('',(-10.68866160634,-2.45114,0.8));
#447 = VECTOR('',#448,1.);
#448 = DIRECTION('',(1.,0.,0.));
#449 = ORIENTED_EDGE('',*,*,#450,.F.);
#450 = EDGE_CURVE('',#451,#441,#453,.T.);
#451 = VERTEX_POINT('',#452);
#452 = CARTESIAN_POINT('',(-10.68866160634,1.136012387679,0.8));
#453 = LINE('',#454,#455);
#454 = CARTESIAN_POINT('',(-10.68866160634,1.136012387679,0.8));
#455 = VECTOR('',#456,1.);
#456 = DIRECTION('',(0.,-1.,0.));
#457 = ORIENTED_EDGE('',*,*,#458,.F.);
#458 = EDGE_CURVE('',#459,#451,#461,.T.);
#459 = VERTEX_POINT('',#460);
#460 = CARTESIAN_POINT('',(-8.939458406344,1.136012387679,0.8));
#461 = LINE('',#462,#463);
#462 = CARTESIAN_POINT('',(-8.939458406344,1.136012387679,0.8));
#463 = VECTOR('',#464,1.);
#464 = DIRECTION('',(-1.,0.,0.));
#465 = ORIENTED_EDGE('',*,*,#466,.F.);
#466 = EDGE_CURVE('',#443,#459,#467,.T.);
#467 = LINE('',#468,#469);
#468 = CARTESIAN_POINT('',(-8.939458406344,-2.45114,0.8));
#469 = VECTOR('',#470,1.);
#470 = DIRECTION('',(0.,1.,0.));
#471 = FACE_BOUND('',#472,.T.);
#472 = EDGE_LOOP('',(#473,#483,#491,#499));
#473 = ORIENTED_EDGE('',*,*,#474,.F.);
#474 = EDGE_CURVE('',#475,#477,#479,.T.);
#475 = VERTEX_POINT('',#476);
#476 = CARTESIAN_POINT('',(-7.9138532,-2.45114,0.8));
#477 = VERTEX_POINT('',#478);
#478 = CARTESIAN_POINT('',(-6.16465,-2.45114,0.8));
#479 = LINE('',#480,#481);
#480 = CARTESIAN_POINT('',(-7.9138532,-2.45114,0.8));
#481 = VECTOR('',#482,1.);
#482 = DIRECTION('',(1.,0.,0.));
#483 = ORIENTED_EDGE('',*,*,#484,.F.);
#484 = EDGE_CURVE('',#485,#475,#487,.T.);
#485 = VERTEX_POINT('',#486);
#486 = CARTESIAN_POINT('',(-7.9138532,1.136012387679,0.8));
#487 = LINE('',#488,#489);
#488 = CARTESIAN_POINT('',(-7.9138532,1.136012387679,0.8));
#489 = VECTOR('',#490,1.);
#490 = DIRECTION('',(0.,-1.,0.));
#491 = ORIENTED_EDGE('',*,*,#492,.F.);
#492 = EDGE_CURVE('',#493,#485,#495,.T.);
#493 = VERTEX_POINT('',#494);
#494 = CARTESIAN_POINT('',(-6.16465,1.136012387679,0.8));
#495 = LINE('',#496,#497);
#496 = CARTESIAN_POINT('',(-6.16465,1.136012387679,0.8));
#497 = VECTOR('',#498,1.);
#498 = DIRECTION('',(-1.,0.,0.));
#499 = ORIENTED_EDGE('',*,*,#500,.F.);
#500 = EDGE_CURVE('',#477,#493,#501,.T.);
#501 = LINE('',#502,#503);
#502 = CARTESIAN_POINT('',(-6.16465,-2.45114,0.8));
#503 = VECTOR('',#504,1.);
#504 = DIRECTION('',(0.,1.,0.));
#505 = FACE_BOUND('',#506,.T.);
#506 = EDGE_LOOP('',(#507,#517,#525,#533));
#507 = ORIENTED_EDGE('',*,*,#508,.F.);
#508 = EDGE_CURVE('',#509,#511,#513,.T.);
#509 = VERTEX_POINT('',#510);
#510 = CARTESIAN_POINT('',(10.43122380616,-0.471108393656,0.8));
#511 = VERTEX_POINT('',#512);
#512 = CARTESIAN_POINT('',(10.43122380616,-2.220311593656,0.8));
#513 = LINE('',#514,#515);
#514 = CARTESIAN_POINT('',(10.43122380616,-0.471108393656,0.8));
#515 = VECTOR('',#516,1.);
#516 = DIRECTION('',(0.,-1.,0.));
#517 = ORIENTED_EDGE('',*,*,#518,.F.);
#518 = EDGE_CURVE('',#519,#509,#521,.T.);
#519 = VERTEX_POINT('',#520);
#520 = CARTESIAN_POINT('',(14.018376193839,-0.471108393656,0.8));
#521 = LINE('',#522,#523);
#522 = CARTESIAN_POINT('',(14.018376193839,-0.471108393656,0.8));
#523 = VECTOR('',#524,1.);
#524 = DIRECTION('',(-1.,0.,0.));
#525 = ORIENTED_EDGE('',*,*,#526,.F.);
#526 = EDGE_CURVE('',#527,#519,#529,.T.);
#527 = VERTEX_POINT('',#528);
#528 = CARTESIAN_POINT('',(14.018376193839,-2.220311593656,0.8));
#529 = LINE('',#530,#531);
#530 = CARTESIAN_POINT('',(14.018376193839,-2.220311593656,0.8));
#531 = VECTOR('',#532,1.);
#532 = DIRECTION('',(0.,1.,0.));
#533 = ORIENTED_EDGE('',*,*,#534,.F.);
#534 = EDGE_CURVE('',#511,#527,#535,.T.);
#535 = LINE('',#536,#537);
#536 = CARTESIAN_POINT('',(10.43122380616,-2.220311593656,0.8));
#537 = VECTOR('',#538,1.);
#538 = DIRECTION('',(1.,0.,0.));
#539 = FACE_BOUND('',#540,.T.);
#540 = EDGE_LOOP('',(#541,#551,#559,#567));
#541 = ORIENTED_EDGE('',*,*,#542,.F.);
#542 = EDGE_CURVE('',#543,#545,#547,.T.);
#543 = VERTEX_POINT('',#544);
#544 = CARTESIAN_POINT('',(10.47182380616,2.368951606344,0.8));
#545 = VERTEX_POINT('',#546);
#546 = CARTESIAN_POINT('',(10.47182380616,0.619748406344,0.8));
#547 = LINE('',#548,#549);
#548 = CARTESIAN_POINT('',(10.47182380616,2.368951606344,0.8));
#549 = VECTOR('',#550,1.);
#550 = DIRECTION('',(0.,-1.,0.));
#551 = ORIENTED_EDGE('',*,*,#552,.F.);
#552 = EDGE_CURVE('',#553,#543,#555,.T.);
#553 = VERTEX_POINT('',#554);
#554 = CARTESIAN_POINT('',(14.058976193839,2.368951606344,0.8));
#555 = LINE('',#556,#557);
#556 = CARTESIAN_POINT('',(14.058976193839,2.368951606344,0.8));
#557 = VECTOR('',#558,1.);
#558 = DIRECTION('',(-1.,0.,0.));
#559 = ORIENTED_EDGE('',*,*,#560,.F.);
#560 = EDGE_CURVE('',#561,#553,#563,.T.);
#561 = VERTEX_POINT('',#562);
#562 = CARTESIAN_POINT('',(14.058976193839,0.619748406344,0.8));
#563 = LINE('',#564,#565);
#564 = CARTESIAN_POINT('',(14.058976193839,0.619748406344,0.8));
#565 = VECTOR('',#566,1.);
#566 = DIRECTION('',(0.,1.,0.));
#567 = ORIENTED_EDGE('',*,*,#568,.F.);
#568 = EDGE_CURVE('',#545,#561,#569,.T.);
#569 = LINE('',#570,#571);
#570 = CARTESIAN_POINT('',(10.47182380616,0.619748406344,0.8));
#571 = VECTOR('',#572,1.);
#572 = DIRECTION('',(1.,0.,0.));
#573 = PLANE('',#574);
#574 = AXIS2_PLACEMENT_3D('',#575,#576,#577);
#575 = CARTESIAN_POINT('',(0.,0.,0.8));
#576 = DIRECTION('',(0.,0.,1.));
#577 = DIRECTION('',(1.,0.,0.));
#578 = ADVANCED_FACE('',(#579),#758,.F.);
#579 = FACE_BOUND('',#580,.F.);
#580 = EDGE_LOOP('',(#581,#589,#590,#591,#592,#600,#609,#618,#626,#634,
    #642,#651,#660,#668,#676,#684,#692,#700,#709,#718,#726,#734,#742,
    #751));
#581 = ORIENTED_EDGE('',*,*,#582,.F.);
#582 = EDGE_CURVE('',#70,#583,#585,.T.);
#583 = VERTEX_POINT('',#584);
#584 = CARTESIAN_POINT('',(13.,8.27,-0.8));
#585 = LINE('',#586,#587);
#586 = CARTESIAN_POINT('',(6.5,8.27,-0.8));
#587 = VECTOR('',#588,1.);
#588 = DIRECTION('',(-1.,0.,0.));
#589 = ORIENTED_EDGE('',*,*,#77,.T.);
#590 = ORIENTED_EDGE('',*,*,#31,.T.);
#591 = ORIENTED_EDGE('',*,*,#101,.T.);
#592 = ORIENTED_EDGE('',*,*,#593,.T.);
#593 = EDGE_CURVE('',#102,#594,#596,.T.);
#594 = VERTEX_POINT('',#595);
#595 = CARTESIAN_POINT('',(-13.,8.27,-0.8));
#596 = LINE('',#597,#598);
#597 = CARTESIAN_POINT('',(-6.5,8.27,-0.8));
#598 = VECTOR('',#599,1.);
#599 = DIRECTION('',(1.,0.,0.));
#600 = ORIENTED_EDGE('',*,*,#601,.F.);
#601 = EDGE_CURVE('',#602,#594,#604,.T.);
#602 = VERTEX_POINT('',#603);
#603 = CARTESIAN_POINT('',(-12.99999892856,5.73,-0.8));
#604 = CIRCLE('',#605,1.27);
#605 = AXIS2_PLACEMENT_3D('',#606,#607,#608);
#606 = CARTESIAN_POINT('',(-13.,7.,-0.8));
#607 = DIRECTION('',(0.,0.,1.));
#608 = DIRECTION('',(-1.,-0.,-0.));
#609 = ORIENTED_EDGE('',*,*,#610,.F.);
#610 = EDGE_CURVE('',#611,#602,#613,.T.);
#611 = VERTEX_POINT('',#612);
#612 = CARTESIAN_POINT('',(-13.,3.19,-0.8));
#613 = CIRCLE('',#614,1.27);
#614 = AXIS2_PLACEMENT_3D('',#615,#616,#617);
#615 = CARTESIAN_POINT('',(-13.,4.46,-0.8));
#616 = DIRECTION('',(0.,0.,1.));
#617 = DIRECTION('',(-1.,-0.,-0.));
#618 = ORIENTED_EDGE('',*,*,#619,.T.);
#619 = EDGE_CURVE('',#611,#620,#622,.T.);
#620 = VERTEX_POINT('',#621);
#621 = CARTESIAN_POINT('',(-15.,3.19,-0.8));
#622 = LINE('',#623,#624);
#623 = CARTESIAN_POINT('',(-7.55,3.19,-0.8));
#624 = VECTOR('',#625,1.);
#625 = DIRECTION('',(-1.,-0.,-0.));
#626 = ORIENTED_EDGE('',*,*,#627,.T.);
#627 = EDGE_CURVE('',#620,#628,#630,.T.);
#628 = VERTEX_POINT('',#629);
#629 = CARTESIAN_POINT('',(-15.,-3.19,-0.8));
#630 = LINE('',#631,#632);
#631 = CARTESIAN_POINT('',(-15.,9.,-0.8));
#632 = VECTOR('',#633,1.);
#633 = DIRECTION('',(0.,-1.,0.));
#634 = ORIENTED_EDGE('',*,*,#635,.F.);
#635 = EDGE_CURVE('',#636,#628,#638,.T.);
#636 = VERTEX_POINT('',#637);
#637 = CARTESIAN_POINT('',(-13.,-3.19,-0.8));
#638 = LINE('',#639,#640);
#639 = CARTESIAN_POINT('',(-7.55,-3.19,-0.8));
#640 = VECTOR('',#641,1.);
#641 = DIRECTION('',(-1.,0.,0.));
#642 = ORIENTED_EDGE('',*,*,#643,.T.);
#643 = EDGE_CURVE('',#636,#644,#646,.T.);
#644 = VERTEX_POINT('',#645);
#645 = CARTESIAN_POINT('',(-12.99999892856,-5.73,-0.8));
#646 = CIRCLE('',#647,1.27);
#647 = AXIS2_PLACEMENT_3D('',#648,#649,#650);
#648 = CARTESIAN_POINT('',(-13.,-4.46,-0.8));
#649 = DIRECTION('',(0.,0.,-1.));
#650 = DIRECTION('',(-1.,0.,0.));
#651 = ORIENTED_EDGE('',*,*,#652,.T.);
#652 = EDGE_CURVE('',#644,#653,#655,.T.);
#653 = VERTEX_POINT('',#654);
#654 = CARTESIAN_POINT('',(-13.,-8.27,-0.8));
#655 = CIRCLE('',#656,1.27);
#656 = AXIS2_PLACEMENT_3D('',#657,#658,#659);
#657 = CARTESIAN_POINT('',(-13.,-7.,-0.8));
#658 = DIRECTION('',(0.,0.,-1.));
#659 = DIRECTION('',(-1.,0.,0.));
#660 = ORIENTED_EDGE('',*,*,#661,.F.);
#661 = EDGE_CURVE('',#662,#653,#664,.T.);
#662 = VERTEX_POINT('',#663);
#663 = CARTESIAN_POINT('',(-15.,-8.27,-0.8));
#664 = LINE('',#665,#666);
#665 = CARTESIAN_POINT('',(-6.5,-8.27,-0.8));
#666 = VECTOR('',#667,1.);
#667 = DIRECTION('',(1.,0.,0.));
#668 = ORIENTED_EDGE('',*,*,#669,.T.);
#669 = EDGE_CURVE('',#662,#670,#672,.T.);
#670 = VERTEX_POINT('',#671);
#671 = CARTESIAN_POINT('',(-15.,-9.,-0.8));
#672 = LINE('',#673,#674);
#673 = CARTESIAN_POINT('',(-15.,9.,-0.8));
#674 = VECTOR('',#675,1.);
#675 = DIRECTION('',(0.,-1.,0.));
#676 = ORIENTED_EDGE('',*,*,#677,.T.);
#677 = EDGE_CURVE('',#670,#678,#680,.T.);
#678 = VERTEX_POINT('',#679);
#679 = CARTESIAN_POINT('',(15.,-9.,-0.8));
#680 = LINE('',#681,#682);
#681 = CARTESIAN_POINT('',(-15.,-9.,-0.8));
#682 = VECTOR('',#683,1.);
#683 = DIRECTION('',(1.,0.,0.));
#684 = ORIENTED_EDGE('',*,*,#685,.T.);
#685 = EDGE_CURVE('',#678,#686,#688,.T.);
#686 = VERTEX_POINT('',#687);
#687 = CARTESIAN_POINT('',(15.,-8.27,-0.8));
#688 = LINE('',#689,#690);
#689 = CARTESIAN_POINT('',(15.,-9.,-0.8));
#690 = VECTOR('',#691,1.);
#691 = DIRECTION('',(0.,1.,0.));
#692 = ORIENTED_EDGE('',*,*,#693,.T.);
#693 = EDGE_CURVE('',#686,#694,#696,.T.);
#694 = VERTEX_POINT('',#695);
#695 = CARTESIAN_POINT('',(13.,-8.27,-0.8));
#696 = LINE('',#697,#698);
#697 = CARTESIAN_POINT('',(6.5,-8.27,-0.8));
#698 = VECTOR('',#699,1.);
#699 = DIRECTION('',(-1.,-0.,-0.));
#700 = ORIENTED_EDGE('',*,*,#701,.F.);
#701 = EDGE_CURVE('',#702,#694,#704,.T.);
#702 = VERTEX_POINT('',#703);
#703 = CARTESIAN_POINT('',(12.999998928562,-5.73,-0.8));
#704 = CIRCLE('',#705,1.27);
#705 = AXIS2_PLACEMENT_3D('',#706,#707,#708);
#706 = CARTESIAN_POINT('',(13.,-7.,-0.8));
#707 = DIRECTION('',(0.,0.,1.));
#708 = DIRECTION('',(1.,0.,0.));
#709 = ORIENTED_EDGE('',*,*,#710,.F.);
#710 = EDGE_CURVE('',#711,#702,#713,.T.);
#711 = VERTEX_POINT('',#712);
#712 = CARTESIAN_POINT('',(13.,-3.19,-0.8));
#713 = CIRCLE('',#714,1.27);
#714 = AXIS2_PLACEMENT_3D('',#715,#716,#717);
#715 = CARTESIAN_POINT('',(13.,-4.46,-0.8));
#716 = DIRECTION('',(0.,0.,1.));
#717 = DIRECTION('',(1.,0.,0.));
#718 = ORIENTED_EDGE('',*,*,#719,.T.);
#719 = EDGE_CURVE('',#711,#720,#722,.T.);
#720 = VERTEX_POINT('',#721);
#721 = CARTESIAN_POINT('',(15.,-3.19,-0.8));
#722 = LINE('',#723,#724);
#723 = CARTESIAN_POINT('',(7.55,-3.19,-0.8));
#724 = VECTOR('',#725,1.);
#725 = DIRECTION('',(1.,0.,0.));
#726 = ORIENTED_EDGE('',*,*,#727,.T.);
#727 = EDGE_CURVE('',#720,#728,#730,.T.);
#728 = VERTEX_POINT('',#729);
#729 = CARTESIAN_POINT('',(15.,3.19,-0.8));
#730 = LINE('',#731,#732);
#731 = CARTESIAN_POINT('',(15.,-9.,-0.8));
#732 = VECTOR('',#733,1.);
#733 = DIRECTION('',(0.,1.,0.));
#734 = ORIENTED_EDGE('',*,*,#735,.F.);
#735 = EDGE_CURVE('',#736,#728,#738,.T.);
#736 = VERTEX_POINT('',#737);
#737 = CARTESIAN_POINT('',(13.,3.19,-0.8));
#738 = LINE('',#739,#740);
#739 = CARTESIAN_POINT('',(7.55,3.19,-0.8));
#740 = VECTOR('',#741,1.);
#741 = DIRECTION('',(1.,0.,0.));
#742 = ORIENTED_EDGE('',*,*,#743,.T.);
#743 = EDGE_CURVE('',#736,#744,#746,.T.);
#744 = VERTEX_POINT('',#745);
#745 = CARTESIAN_POINT('',(12.999998928562,5.73,-0.8));
#746 = CIRCLE('',#747,1.27);
#747 = AXIS2_PLACEMENT_3D('',#748,#749,#750);
#748 = CARTESIAN_POINT('',(13.,4.46,-0.8));
#749 = DIRECTION('',(0.,0.,-1.));
#750 = DIRECTION('',(1.,0.,0.));
#751 = ORIENTED_EDGE('',*,*,#752,.T.);
#752 = EDGE_CURVE('',#744,#583,#753,.T.);
#753 = CIRCLE('',#754,1.27);
#754 = AXIS2_PLACEMENT_3D('',#755,#756,#757);
#755 = CARTESIAN_POINT('',(13.,7.,-0.8));
#756 = DIRECTION('',(0.,0.,-1.));
#757 = DIRECTION('',(1.,0.,0.));
#758 = PLANE('',#759);
#759 = AXIS2_PLACEMENT_3D('',#760,#761,#762);
#760 = CARTESIAN_POINT('',(0.,0.,-0.8));
#761 = DIRECTION('',(0.,0.,1.));
#762 = DIRECTION('',(1.,0.,0.));
#763 = ADVANCED_FACE('',(#764),#807,.T.);
#764 = FACE_BOUND('',#765,.T.);
#765 = EDGE_LOOP('',(#766,#776,#782,#783,#784,#785,#793,#801));
#766 = ORIENTED_EDGE('',*,*,#767,.F.);
#767 = EDGE_CURVE('',#768,#770,#772,.T.);
#768 = VERTEX_POINT('',#769);
#769 = CARTESIAN_POINT('',(13.,8.27,-0.9));
#770 = VERTEX_POINT('',#771);
#771 = CARTESIAN_POINT('',(15.1,8.27,-0.9));
#772 = LINE('',#773,#774);
#773 = CARTESIAN_POINT('',(13.,8.27,-0.9));
#774 = VECTOR('',#775,1.);
#775 = DIRECTION('',(1.,0.,0.));
#776 = ORIENTED_EDGE('',*,*,#777,.T.);
#777 = EDGE_CURVE('',#768,#583,#778,.T.);
#778 = LINE('',#779,#780);
#779 = CARTESIAN_POINT('',(13.,8.27,-0.9));
#780 = VECTOR('',#781,1.);
#781 = DIRECTION('',(0.,0.,1.));
#782 = ORIENTED_EDGE('',*,*,#582,.F.);
#783 = ORIENTED_EDGE('',*,*,#69,.T.);
#784 = ORIENTED_EDGE('',*,*,#123,.T.);
#785 = ORIENTED_EDGE('',*,*,#786,.T.);
#786 = EDGE_CURVE('',#124,#787,#789,.T.);
#787 = VERTEX_POINT('',#788);
#788 = CARTESIAN_POINT('',(13.,8.27,0.9));
#789 = LINE('',#790,#791);
#790 = CARTESIAN_POINT('',(13.,8.27,-0.9));
#791 = VECTOR('',#792,1.);
#792 = DIRECTION('',(0.,0.,1.));
#793 = ORIENTED_EDGE('',*,*,#794,.T.);
#794 = EDGE_CURVE('',#787,#795,#797,.T.);
#795 = VERTEX_POINT('',#796);
#796 = CARTESIAN_POINT('',(15.1,8.27,0.9));
#797 = LINE('',#798,#799);
#798 = CARTESIAN_POINT('',(13.,8.27,0.9));
#799 = VECTOR('',#800,1.);
#800 = DIRECTION('',(1.,0.,0.));
#801 = ORIENTED_EDGE('',*,*,#802,.F.);
#802 = EDGE_CURVE('',#770,#795,#803,.T.);
#803 = LINE('',#804,#805);
#804 = CARTESIAN_POINT('',(15.1,8.27,-0.9));
#805 = VECTOR('',#806,1.);
#806 = DIRECTION('',(0.,0.,1.));
#807 = PLANE('',#808);
#808 = AXIS2_PLACEMENT_3D('',#809,#810,#811);
#809 = CARTESIAN_POINT('',(13.,8.27,-0.9));
#810 = DIRECTION('',(0.,1.,0.));
#811 = DIRECTION('',(1.,0.,0.));
#812 = ADVANCED_FACE('',(#813),#856,.T.);
#813 = FACE_BOUND('',#814,.F.);
#814 = EDGE_LOOP('',(#815,#825,#831,#832,#833,#834,#842,#850));
#815 = ORIENTED_EDGE('',*,*,#816,.F.);
#816 = EDGE_CURVE('',#817,#819,#821,.T.);
#817 = VERTEX_POINT('',#818);
#818 = CARTESIAN_POINT('',(-13.,8.27,-0.9));
#819 = VERTEX_POINT('',#820);
#820 = CARTESIAN_POINT('',(-15.1,8.27,-0.9));
#821 = LINE('',#822,#823);
#822 = CARTESIAN_POINT('',(-13.,8.27,-0.9));
#823 = VECTOR('',#824,1.);
#824 = DIRECTION('',(-1.,-0.,-0.));
#825 = ORIENTED_EDGE('',*,*,#826,.T.);
#826 = EDGE_CURVE('',#817,#594,#827,.T.);
#827 = LINE('',#828,#829);
#828 = CARTESIAN_POINT('',(-13.,8.27,-0.9));
#829 = VECTOR('',#830,1.);
#830 = DIRECTION('',(0.,0.,1.));
#831 = ORIENTED_EDGE('',*,*,#593,.F.);
#832 = ORIENTED_EDGE('',*,*,#109,.T.);
#833 = ORIENTED_EDGE('',*,*,#134,.T.);
#834 = ORIENTED_EDGE('',*,*,#835,.T.);
#835 = EDGE_CURVE('',#135,#836,#838,.T.);
#836 = VERTEX_POINT('',#837);
#837 = CARTESIAN_POINT('',(-13.,8.27,0.9));
#838 = LINE('',#839,#840);
#839 = CARTESIAN_POINT('',(-13.,8.27,-0.9));
#840 = VECTOR('',#841,1.);
#841 = DIRECTION('',(0.,0.,1.));
#842 = ORIENTED_EDGE('',*,*,#843,.T.);
#843 = EDGE_CURVE('',#836,#844,#846,.T.);
#844 = VERTEX_POINT('',#845);
#845 = CARTESIAN_POINT('',(-15.1,8.27,0.9));
#846 = LINE('',#847,#848);
#847 = CARTESIAN_POINT('',(-13.,8.27,0.9));
#848 = VECTOR('',#849,1.);
#849 = DIRECTION('',(-1.,-0.,-0.));
#850 = ORIENTED_EDGE('',*,*,#851,.F.);
#851 = EDGE_CURVE('',#819,#844,#852,.T.);
#852 = LINE('',#853,#854);
#853 = CARTESIAN_POINT('',(-15.1,8.27,-0.9));
#854 = VECTOR('',#855,1.);
#855 = DIRECTION('',(0.,0.,1.));
#856 = PLANE('',#857);
#857 = AXIS2_PLACEMENT_3D('',#858,#859,#860);
#858 = CARTESIAN_POINT('',(-13.,8.27,-0.9));
#859 = DIRECTION('',(0.,1.,0.));
#860 = DIRECTION('',(1.,0.,0.));
#861 = ADVANCED_FACE('',(#862),#881,.T.);
#862 = FACE_BOUND('',#863,.F.);
#863 = EDGE_LOOP('',(#864,#865,#866,#875));
#864 = ORIENTED_EDGE('',*,*,#293,.T.);
#865 = ORIENTED_EDGE('',*,*,#786,.T.);
#866 = ORIENTED_EDGE('',*,*,#867,.T.);
#867 = EDGE_CURVE('',#787,#868,#870,.T.);
#868 = VERTEX_POINT('',#869);
#869 = CARTESIAN_POINT('',(12.999998928562,5.73,0.9));
#870 = CIRCLE('',#871,1.27);
#871 = AXIS2_PLACEMENT_3D('',#872,#873,#874);
#872 = CARTESIAN_POINT('',(13.,7.,0.9));
#873 = DIRECTION('',(0.,0.,1.));
#874 = DIRECTION('',(1.,0.,0.));
#875 = ORIENTED_EDGE('',*,*,#876,.F.);
#876 = EDGE_CURVE('',#285,#868,#877,.T.);
#877 = LINE('',#878,#879);
#878 = CARTESIAN_POINT('',(12.999998928562,5.73,-0.9));
#879 = VECTOR('',#880,1.);
#880 = DIRECTION('',(0.,0.,1.));
#881 = CYLINDRICAL_SURFACE('',#882,1.27);
#882 = AXIS2_PLACEMENT_3D('',#883,#884,#885);
#883 = CARTESIAN_POINT('',(13.,7.,-0.9));
#884 = DIRECTION('',(-0.,-0.,-1.));
#885 = DIRECTION('',(1.,0.,0.));
#886 = ADVANCED_FACE('',(#887),#906,.T.);
#887 = FACE_BOUND('',#888,.F.);
#888 = EDGE_LOOP('',(#889,#890,#891,#900));
#889 = ORIENTED_EDGE('',*,*,#284,.T.);
#890 = ORIENTED_EDGE('',*,*,#876,.T.);
#891 = ORIENTED_EDGE('',*,*,#892,.T.);
#892 = EDGE_CURVE('',#868,#893,#895,.T.);
#893 = VERTEX_POINT('',#894);
#894 = CARTESIAN_POINT('',(13.,3.19,0.9));
#895 = CIRCLE('',#896,1.27);
#896 = AXIS2_PLACEMENT_3D('',#897,#898,#899);
#897 = CARTESIAN_POINT('',(13.,4.46,0.9));
#898 = DIRECTION('',(0.,0.,1.));
#899 = DIRECTION('',(1.,0.,0.));
#900 = ORIENTED_EDGE('',*,*,#901,.F.);
#901 = EDGE_CURVE('',#277,#893,#902,.T.);
#902 = LINE('',#903,#904);
#903 = CARTESIAN_POINT('',(13.,3.19,-0.9));
#904 = VECTOR('',#905,1.);
#905 = DIRECTION('',(0.,0.,1.));
#906 = CYLINDRICAL_SURFACE('',#907,1.27);
#907 = AXIS2_PLACEMENT_3D('',#908,#909,#910);
#908 = CARTESIAN_POINT('',(13.,4.46,-0.9));
#909 = DIRECTION('',(-0.,-0.,-1.));
#910 = DIRECTION('',(1.,0.,0.));
#911 = ADVANCED_FACE('',(#912),#953,.T.);
#912 = FACE_BOUND('',#913,.T.);
#913 = EDGE_LOOP('',(#914,#924,#932,#938,#939,#940,#946,#947));
#914 = ORIENTED_EDGE('',*,*,#915,.F.);
#915 = EDGE_CURVE('',#916,#918,#920,.T.);
#916 = VERTEX_POINT('',#917);
#917 = CARTESIAN_POINT('',(15.1,3.19,-0.9));
#918 = VERTEX_POINT('',#919);
#919 = CARTESIAN_POINT('',(13.,3.19,-0.9));
#920 = LINE('',#921,#922);
#921 = CARTESIAN_POINT('',(15.1,3.19,-0.9));
#922 = VECTOR('',#923,1.);
#923 = DIRECTION('',(-1.,0.,0.));
#924 = ORIENTED_EDGE('',*,*,#925,.T.);
#925 = EDGE_CURVE('',#916,#926,#928,.T.);
#926 = VERTEX_POINT('',#927);
#927 = CARTESIAN_POINT('',(15.1,3.19,0.9));
#928 = LINE('',#929,#930);
#929 = CARTESIAN_POINT('',(15.1,3.19,-0.9));
#930 = VECTOR('',#931,1.);
#931 = DIRECTION('',(0.,0.,1.));
#932 = ORIENTED_EDGE('',*,*,#933,.T.);
#933 = EDGE_CURVE('',#926,#893,#934,.T.);
#934 = LINE('',#935,#936);
#935 = CARTESIAN_POINT('',(15.1,3.19,0.9));
#936 = VECTOR('',#937,1.);
#937 = DIRECTION('',(-1.,0.,0.));
#938 = ORIENTED_EDGE('',*,*,#901,.F.);
#939 = ORIENTED_EDGE('',*,*,#276,.T.);
#940 = ORIENTED_EDGE('',*,*,#941,.T.);
#941 = EDGE_CURVE('',#269,#728,#942,.T.);
#942 = LINE('',#943,#944);
#943 = CARTESIAN_POINT('',(15.,3.19,-5.E-02));
#944 = VECTOR('',#945,1.);
#945 = DIRECTION('',(0.,0.,-1.));
#946 = ORIENTED_EDGE('',*,*,#735,.F.);
#947 = ORIENTED_EDGE('',*,*,#948,.F.);
#948 = EDGE_CURVE('',#918,#736,#949,.T.);
#949 = LINE('',#950,#951);
#950 = CARTESIAN_POINT('',(13.,3.19,-0.9));
#951 = VECTOR('',#952,1.);
#952 = DIRECTION('',(0.,0.,1.));
#953 = PLANE('',#954);
#954 = AXIS2_PLACEMENT_3D('',#955,#956,#957);
#955 = CARTESIAN_POINT('',(15.1,3.19,-0.9));
#956 = DIRECTION('',(0.,-1.,0.));
#957 = DIRECTION('',(-1.,0.,0.));
#958 = ADVANCED_FACE('',(#959),#970,.T.);
#959 = FACE_BOUND('',#960,.T.);
#960 = EDGE_LOOP('',(#961,#962,#968,#969));
#961 = ORIENTED_EDGE('',*,*,#268,.F.);
#962 = ORIENTED_EDGE('',*,*,#963,.T.);
#963 = EDGE_CURVE('',#261,#720,#964,.T.);
#964 = LINE('',#965,#966);
#965 = CARTESIAN_POINT('',(15.,-3.19,-5.E-02));
#966 = VECTOR('',#967,1.);
#967 = DIRECTION('',(-0.,-0.,-1.));
#968 = ORIENTED_EDGE('',*,*,#727,.T.);
#969 = ORIENTED_EDGE('',*,*,#941,.F.);
#970 = PLANE('',#971);
#971 = AXIS2_PLACEMENT_3D('',#972,#973,#974);
#972 = CARTESIAN_POINT('',(15.,-9.,0.8));
#973 = DIRECTION('',(1.,0.,0.));
#974 = DIRECTION('',(0.,1.,0.));
#975 = ADVANCED_FACE('',(#976),#995,.T.);
#976 = FACE_BOUND('',#977,.T.);
#977 = EDGE_LOOP('',(#978,#979,#980,#989));
#978 = ORIENTED_EDGE('',*,*,#142,.T.);
#979 = ORIENTED_EDGE('',*,*,#835,.T.);
#980 = ORIENTED_EDGE('',*,*,#981,.T.);
#981 = EDGE_CURVE('',#836,#982,#984,.T.);
#982 = VERTEX_POINT('',#983);
#983 = CARTESIAN_POINT('',(-12.99999892856,5.73,0.9));
#984 = CIRCLE('',#985,1.27);
#985 = AXIS2_PLACEMENT_3D('',#986,#987,#988);
#986 = CARTESIAN_POINT('',(-13.,7.,0.9));
#987 = DIRECTION('',(0.,0.,-1.));
#988 = DIRECTION('',(-1.,-0.,-0.));
#989 = ORIENTED_EDGE('',*,*,#990,.F.);
#990 = EDGE_CURVE('',#143,#982,#991,.T.);
#991 = LINE('',#992,#993);
#992 = CARTESIAN_POINT('',(-12.99999892856,5.73,-0.9));
#993 = VECTOR('',#994,1.);
#994 = DIRECTION('',(0.,0.,1.));
#995 = CYLINDRICAL_SURFACE('',#996,1.27);
#996 = AXIS2_PLACEMENT_3D('',#997,#998,#999);
#997 = CARTESIAN_POINT('',(-13.,7.,-0.9));
#998 = DIRECTION('',(0.,0.,-1.));
#999 = DIRECTION('',(-1.,-0.,-0.));
#1000 = ADVANCED_FACE('',(#1001),#1044,.T.);
#1001 = FACE_BOUND('',#1002,.F.);
#1002 = EDGE_LOOP('',(#1003,#1013,#1021,#1029,#1035,#1036,#1037,#1038));
#1003 = ORIENTED_EDGE('',*,*,#1004,.F.);
#1004 = EDGE_CURVE('',#1005,#1007,#1009,.T.);
#1005 = VERTEX_POINT('',#1006);
#1006 = CARTESIAN_POINT('',(15.1,-3.19,-0.9));
#1007 = VERTEX_POINT('',#1008);
#1008 = CARTESIAN_POINT('',(13.,-3.19,-0.9));
#1009 = LINE('',#1010,#1011);
#1010 = CARTESIAN_POINT('',(15.1,-3.19,-0.9));
#1011 = VECTOR('',#1012,1.);
#1012 = DIRECTION('',(-1.,-0.,-0.));
#1013 = ORIENTED_EDGE('',*,*,#1014,.T.);
#1014 = EDGE_CURVE('',#1005,#1015,#1017,.T.);
#1015 = VERTEX_POINT('',#1016);
#1016 = CARTESIAN_POINT('',(15.1,-3.19,0.9));
#1017 = LINE('',#1018,#1019);
#1018 = CARTESIAN_POINT('',(15.1,-3.19,-0.9));
#1019 = VECTOR('',#1020,1.);
#1020 = DIRECTION('',(0.,0.,1.));
#1021 = ORIENTED_EDGE('',*,*,#1022,.T.);
#1022 = EDGE_CURVE('',#1015,#1023,#1025,.T.);
#1023 = VERTEX_POINT('',#1024);
#1024 = CARTESIAN_POINT('',(13.,-3.19,0.9));
#1025 = LINE('',#1026,#1027);
#1026 = CARTESIAN_POINT('',(15.1,-3.19,0.9));
#1027 = VECTOR('',#1028,1.);
#1028 = DIRECTION('',(-1.,-0.,-0.));
#1029 = ORIENTED_EDGE('',*,*,#1030,.F.);
#1030 = EDGE_CURVE('',#252,#1023,#1031,.T.);
#1031 = LINE('',#1032,#1033);
#1032 = CARTESIAN_POINT('',(13.,-3.19,-0.9));
#1033 = VECTOR('',#1034,1.);
#1034 = DIRECTION('',(0.,0.,1.));
#1035 = ORIENTED_EDGE('',*,*,#260,.T.);
#1036 = ORIENTED_EDGE('',*,*,#963,.T.);
#1037 = ORIENTED_EDGE('',*,*,#719,.F.);
#1038 = ORIENTED_EDGE('',*,*,#1039,.F.);
#1039 = EDGE_CURVE('',#1007,#711,#1040,.T.);
#1040 = LINE('',#1041,#1042);
#1041 = CARTESIAN_POINT('',(13.,-3.19,-0.9));
#1042 = VECTOR('',#1043,1.);
#1043 = DIRECTION('',(0.,0.,1.));
#1044 = PLANE('',#1045);
#1045 = AXIS2_PLACEMENT_3D('',#1046,#1047,#1048);
#1046 = CARTESIAN_POINT('',(15.1,-3.19,-0.9));
#1047 = DIRECTION('',(0.,1.,0.));
#1048 = DIRECTION('',(1.,0.,0.));
#1049 = ADVANCED_FACE('',(#1050),#1069,.T.);
#1050 = FACE_BOUND('',#1051,.T.);
#1051 = EDGE_LOOP('',(#1052,#1053,#1054,#1063));
#1052 = ORIENTED_EDGE('',*,*,#151,.T.);
#1053 = ORIENTED_EDGE('',*,*,#990,.T.);
#1054 = ORIENTED_EDGE('',*,*,#1055,.T.);
#1055 = EDGE_CURVE('',#982,#1056,#1058,.T.);
#1056 = VERTEX_POINT('',#1057);
#1057 = CARTESIAN_POINT('',(-13.,3.19,0.9));
#1058 = CIRCLE('',#1059,1.27);
#1059 = AXIS2_PLACEMENT_3D('',#1060,#1061,#1062);
#1060 = CARTESIAN_POINT('',(-13.,4.46,0.9));
#1061 = DIRECTION('',(0.,0.,-1.));
#1062 = DIRECTION('',(-1.,-0.,-0.));
#1063 = ORIENTED_EDGE('',*,*,#1064,.F.);
#1064 = EDGE_CURVE('',#152,#1056,#1065,.T.);
#1065 = LINE('',#1066,#1067);
#1066 = CARTESIAN_POINT('',(-13.,3.19,-0.9));
#1067 = VECTOR('',#1068,1.);
#1068 = DIRECTION('',(0.,0.,1.));
#1069 = CYLINDRICAL_SURFACE('',#1070,1.27);
#1070 = AXIS2_PLACEMENT_3D('',#1071,#1072,#1073);
#1071 = CARTESIAN_POINT('',(-13.,4.46,-0.9));
#1072 = DIRECTION('',(0.,0.,-1.));
#1073 = DIRECTION('',(-1.,-0.,-0.));
#1074 = ADVANCED_FACE('',(#1075),#1094,.T.);
#1075 = FACE_BOUND('',#1076,.T.);
#1076 = EDGE_LOOP('',(#1077,#1078,#1086,#1093));
#1077 = ORIENTED_EDGE('',*,*,#251,.T.);
#1078 = ORIENTED_EDGE('',*,*,#1079,.T.);
#1079 = EDGE_CURVE('',#243,#1080,#1082,.T.);
#1080 = VERTEX_POINT('',#1081);
#1081 = CARTESIAN_POINT('',(12.999998928562,-5.73,0.9));
#1082 = LINE('',#1083,#1084);
#1083 = CARTESIAN_POINT('',(12.999998928562,-5.73,-0.9));
#1084 = VECTOR('',#1085,1.);
#1085 = DIRECTION('',(0.,0.,1.));
#1086 = ORIENTED_EDGE('',*,*,#1087,.T.);
#1087 = EDGE_CURVE('',#1080,#1023,#1088,.T.);
#1088 = CIRCLE('',#1089,1.27);
#1089 = AXIS2_PLACEMENT_3D('',#1090,#1091,#1092);
#1090 = CARTESIAN_POINT('',(13.,-4.46,0.9));
#1091 = DIRECTION('',(0.,0.,-1.));
#1092 = DIRECTION('',(1.,0.,0.));
#1093 = ORIENTED_EDGE('',*,*,#1030,.F.);
#1094 = CYLINDRICAL_SURFACE('',#1095,1.27);
#1095 = AXIS2_PLACEMENT_3D('',#1096,#1097,#1098);
#1096 = CARTESIAN_POINT('',(13.,-4.46,-0.9));
#1097 = DIRECTION('',(0.,0.,-1.));
#1098 = DIRECTION('',(1.,0.,0.));
#1099 = ADVANCED_FACE('',(#1100),#1141,.T.);
#1100 = FACE_BOUND('',#1101,.F.);
#1101 = EDGE_LOOP('',(#1102,#1112,#1120,#1126,#1127,#1128,#1134,#1135));
#1102 = ORIENTED_EDGE('',*,*,#1103,.F.);
#1103 = EDGE_CURVE('',#1104,#1106,#1108,.T.);
#1104 = VERTEX_POINT('',#1105);
#1105 = CARTESIAN_POINT('',(-15.1,3.19,-0.9));
#1106 = VERTEX_POINT('',#1107);
#1107 = CARTESIAN_POINT('',(-13.,3.19,-0.9));
#1108 = LINE('',#1109,#1110);
#1109 = CARTESIAN_POINT('',(-15.1,3.19,-0.9));
#1110 = VECTOR('',#1111,1.);
#1111 = DIRECTION('',(1.,0.,0.));
#1112 = ORIENTED_EDGE('',*,*,#1113,.T.);
#1113 = EDGE_CURVE('',#1104,#1114,#1116,.T.);
#1114 = VERTEX_POINT('',#1115);
#1115 = CARTESIAN_POINT('',(-15.1,3.19,0.9));
#1116 = LINE('',#1117,#1118);
#1117 = CARTESIAN_POINT('',(-15.1,3.19,-0.9));
#1118 = VECTOR('',#1119,1.);
#1119 = DIRECTION('',(0.,0.,1.));
#1120 = ORIENTED_EDGE('',*,*,#1121,.T.);
#1121 = EDGE_CURVE('',#1114,#1056,#1122,.T.);
#1122 = LINE('',#1123,#1124);
#1123 = CARTESIAN_POINT('',(-15.1,3.19,0.9));
#1124 = VECTOR('',#1125,1.);
#1125 = DIRECTION('',(1.,0.,0.));
#1126 = ORIENTED_EDGE('',*,*,#1064,.F.);
#1127 = ORIENTED_EDGE('',*,*,#160,.T.);
#1128 = ORIENTED_EDGE('',*,*,#1129,.T.);
#1129 = EDGE_CURVE('',#161,#620,#1130,.T.);
#1130 = LINE('',#1131,#1132);
#1131 = CARTESIAN_POINT('',(-15.,3.19,-5.E-02));
#1132 = VECTOR('',#1133,1.);
#1133 = DIRECTION('',(-0.,-0.,-1.));
#1134 = ORIENTED_EDGE('',*,*,#619,.F.);
#1135 = ORIENTED_EDGE('',*,*,#1136,.F.);
#1136 = EDGE_CURVE('',#1106,#611,#1137,.T.);
#1137 = LINE('',#1138,#1139);
#1138 = CARTESIAN_POINT('',(-13.,3.19,-0.9));
#1139 = VECTOR('',#1140,1.);
#1140 = DIRECTION('',(0.,0.,1.));
#1141 = PLANE('',#1142);
#1142 = AXIS2_PLACEMENT_3D('',#1143,#1144,#1145);
#1143 = CARTESIAN_POINT('',(-15.1,3.19,-0.9));
#1144 = DIRECTION('',(-0.,-1.,-0.));
#1145 = DIRECTION('',(-1.,0.,0.));
#1146 = ADVANCED_FACE('',(#1147),#1166,.T.);
#1147 = FACE_BOUND('',#1148,.T.);
#1148 = EDGE_LOOP('',(#1149,#1150,#1158,#1165));
#1149 = ORIENTED_EDGE('',*,*,#242,.T.);
#1150 = ORIENTED_EDGE('',*,*,#1151,.T.);
#1151 = EDGE_CURVE('',#235,#1152,#1154,.T.);
#1152 = VERTEX_POINT('',#1153);
#1153 = CARTESIAN_POINT('',(13.,-8.27,0.9));
#1154 = LINE('',#1155,#1156);
#1155 = CARTESIAN_POINT('',(13.,-8.27,-0.9));
#1156 = VECTOR('',#1157,1.);
#1157 = DIRECTION('',(0.,0.,1.));
#1158 = ORIENTED_EDGE('',*,*,#1159,.T.);
#1159 = EDGE_CURVE('',#1152,#1080,#1160,.T.);
#1160 = CIRCLE('',#1161,1.27);
#1161 = AXIS2_PLACEMENT_3D('',#1162,#1163,#1164);
#1162 = CARTESIAN_POINT('',(13.,-7.,0.9));
#1163 = DIRECTION('',(0.,0.,-1.));
#1164 = DIRECTION('',(1.,0.,0.));
#1165 = ORIENTED_EDGE('',*,*,#1079,.F.);
#1166 = CYLINDRICAL_SURFACE('',#1167,1.27);
#1167 = AXIS2_PLACEMENT_3D('',#1168,#1169,#1170);
#1168 = CARTESIAN_POINT('',(13.,-7.,-0.9));
#1169 = DIRECTION('',(0.,0.,-1.));
#1170 = DIRECTION('',(1.,0.,0.));
#1171 = ADVANCED_FACE('',(#1172),#1183,.T.);
#1172 = FACE_BOUND('',#1173,.T.);
#1173 = EDGE_LOOP('',(#1174,#1175,#1176,#1177));
#1174 = ORIENTED_EDGE('',*,*,#168,.F.);
#1175 = ORIENTED_EDGE('',*,*,#1129,.T.);
#1176 = ORIENTED_EDGE('',*,*,#627,.T.);
#1177 = ORIENTED_EDGE('',*,*,#1178,.F.);
#1178 = EDGE_CURVE('',#169,#628,#1179,.T.);
#1179 = LINE('',#1180,#1181);
#1180 = CARTESIAN_POINT('',(-15.,-3.19,-5.E-02));
#1181 = VECTOR('',#1182,1.);
#1182 = DIRECTION('',(0.,0.,-1.));
#1183 = PLANE('',#1184);
#1184 = AXIS2_PLACEMENT_3D('',#1185,#1186,#1187);
#1185 = CARTESIAN_POINT('',(-15.,9.,0.8));
#1186 = DIRECTION('',(-1.,0.,0.));
#1187 = DIRECTION('',(0.,-1.,0.));
#1188 = ADVANCED_FACE('',(#1189),#1230,.T.);
#1189 = FACE_BOUND('',#1190,.F.);
#1190 = EDGE_LOOP('',(#1191,#1201,#1207,#1208,#1214,#1215,#1216,#1224));
#1191 = ORIENTED_EDGE('',*,*,#1192,.F.);
#1192 = EDGE_CURVE('',#1193,#1195,#1197,.T.);
#1193 = VERTEX_POINT('',#1194);
#1194 = CARTESIAN_POINT('',(13.,-8.27,-0.9));
#1195 = VERTEX_POINT('',#1196);
#1196 = CARTESIAN_POINT('',(15.1,-8.27,-0.9));
#1197 = LINE('',#1198,#1199);
#1198 = CARTESIAN_POINT('',(13.,-8.27,-0.9));
#1199 = VECTOR('',#1200,1.);
#1200 = DIRECTION('',(1.,0.,0.));
#1201 = ORIENTED_EDGE('',*,*,#1202,.T.);
#1202 = EDGE_CURVE('',#1193,#694,#1203,.T.);
#1203 = LINE('',#1204,#1205);
#1204 = CARTESIAN_POINT('',(13.,-8.27,-0.9));
#1205 = VECTOR('',#1206,1.);
#1206 = DIRECTION('',(0.,0.,1.));
#1207 = ORIENTED_EDGE('',*,*,#693,.F.);
#1208 = ORIENTED_EDGE('',*,*,#1209,.T.);
#1209 = EDGE_CURVE('',#686,#227,#1210,.T.);
#1210 = LINE('',#1211,#1212);
#1211 = CARTESIAN_POINT('',(15.,-8.27,-5.E-02));
#1212 = VECTOR('',#1213,1.);
#1213 = DIRECTION('',(0.,0.,1.));
#1214 = ORIENTED_EDGE('',*,*,#234,.T.);
#1215 = ORIENTED_EDGE('',*,*,#1151,.T.);
#1216 = ORIENTED_EDGE('',*,*,#1217,.T.);
#1217 = EDGE_CURVE('',#1152,#1218,#1220,.T.);
#1218 = VERTEX_POINT('',#1219);
#1219 = CARTESIAN_POINT('',(15.1,-8.27,0.9));
#1220 = LINE('',#1221,#1222);
#1221 = CARTESIAN_POINT('',(13.,-8.27,0.9));
#1222 = VECTOR('',#1223,1.);
#1223 = DIRECTION('',(1.,0.,0.));
#1224 = ORIENTED_EDGE('',*,*,#1225,.F.);
#1225 = EDGE_CURVE('',#1195,#1218,#1226,.T.);
#1226 = LINE('',#1227,#1228);
#1227 = CARTESIAN_POINT('',(15.1,-8.27,-0.9));
#1228 = VECTOR('',#1229,1.);
#1229 = DIRECTION('',(0.,0.,1.));
#1230 = PLANE('',#1231);
#1231 = AXIS2_PLACEMENT_3D('',#1232,#1233,#1234);
#1232 = CARTESIAN_POINT('',(13.,-8.27,-0.9));
#1233 = DIRECTION('',(-0.,-1.,-0.));
#1234 = DIRECTION('',(-1.,0.,0.));
#1235 = ADVANCED_FACE('',(#1236),#1279,.T.);
#1236 = FACE_BOUND('',#1237,.T.);
#1237 = EDGE_LOOP('',(#1238,#1248,#1256,#1264,#1270,#1271,#1272,#1273));
#1238 = ORIENTED_EDGE('',*,*,#1239,.F.);
#1239 = EDGE_CURVE('',#1240,#1242,#1244,.T.);
#1240 = VERTEX_POINT('',#1241);
#1241 = CARTESIAN_POINT('',(-15.1,-3.19,-0.9));
#1242 = VERTEX_POINT('',#1243);
#1243 = CARTESIAN_POINT('',(-13.,-3.19,-0.9));
#1244 = LINE('',#1245,#1246);
#1245 = CARTESIAN_POINT('',(-15.1,-3.19,-0.9));
#1246 = VECTOR('',#1247,1.);
#1247 = DIRECTION('',(1.,0.,0.));
#1248 = ORIENTED_EDGE('',*,*,#1249,.T.);
#1249 = EDGE_CURVE('',#1240,#1250,#1252,.T.);
#1250 = VERTEX_POINT('',#1251);
#1251 = CARTESIAN_POINT('',(-15.1,-3.19,0.9));
#1252 = LINE('',#1253,#1254);
#1253 = CARTESIAN_POINT('',(-15.1,-3.19,-0.9));
#1254 = VECTOR('',#1255,1.);
#1255 = DIRECTION('',(0.,0.,1.));
#1256 = ORIENTED_EDGE('',*,*,#1257,.T.);
#1257 = EDGE_CURVE('',#1250,#1258,#1260,.T.);
#1258 = VERTEX_POINT('',#1259);
#1259 = CARTESIAN_POINT('',(-13.,-3.19,0.9));
#1260 = LINE('',#1261,#1262);
#1261 = CARTESIAN_POINT('',(-15.1,-3.19,0.9));
#1262 = VECTOR('',#1263,1.);
#1263 = DIRECTION('',(1.,0.,0.));
#1264 = ORIENTED_EDGE('',*,*,#1265,.F.);
#1265 = EDGE_CURVE('',#177,#1258,#1266,.T.);
#1266 = LINE('',#1267,#1268);
#1267 = CARTESIAN_POINT('',(-13.,-3.19,-0.9));
#1268 = VECTOR('',#1269,1.);
#1269 = DIRECTION('',(0.,0.,1.));
#1270 = ORIENTED_EDGE('',*,*,#176,.T.);
#1271 = ORIENTED_EDGE('',*,*,#1178,.T.);
#1272 = ORIENTED_EDGE('',*,*,#635,.F.);
#1273 = ORIENTED_EDGE('',*,*,#1274,.F.);
#1274 = EDGE_CURVE('',#1242,#636,#1275,.T.);
#1275 = LINE('',#1276,#1277);
#1276 = CARTESIAN_POINT('',(-13.,-3.19,-0.9));
#1277 = VECTOR('',#1278,1.);
#1278 = DIRECTION('',(0.,0.,1.));
#1279 = PLANE('',#1280);
#1280 = AXIS2_PLACEMENT_3D('',#1281,#1282,#1283);
#1281 = CARTESIAN_POINT('',(-15.1,-3.19,-0.9));
#1282 = DIRECTION('',(0.,1.,0.));
#1283 = DIRECTION('',(1.,0.,0.));
#1284 = ADVANCED_FACE('',(#1285),#1296,.T.);
#1285 = FACE_BOUND('',#1286,.T.);
#1286 = EDGE_LOOP('',(#1287,#1288,#1294,#1295));
#1287 = ORIENTED_EDGE('',*,*,#226,.F.);
#1288 = ORIENTED_EDGE('',*,*,#1289,.T.);
#1289 = EDGE_CURVE('',#219,#678,#1290,.T.);
#1290 = LINE('',#1291,#1292);
#1291 = CARTESIAN_POINT('',(15.,-9.,0.8));
#1292 = VECTOR('',#1293,1.);
#1293 = DIRECTION('',(-0.,-0.,-1.));
#1294 = ORIENTED_EDGE('',*,*,#685,.T.);
#1295 = ORIENTED_EDGE('',*,*,#1209,.T.);
#1296 = PLANE('',#1297);
#1297 = AXIS2_PLACEMENT_3D('',#1298,#1299,#1300);
#1298 = CARTESIAN_POINT('',(15.,-9.,0.8));
#1299 = DIRECTION('',(1.,0.,0.));
#1300 = DIRECTION('',(0.,1.,0.));
#1301 = ADVANCED_FACE('',(#1302),#1321,.T.);
#1302 = FACE_BOUND('',#1303,.F.);
#1303 = EDGE_LOOP('',(#1304,#1305,#1313,#1320));
#1304 = ORIENTED_EDGE('',*,*,#184,.T.);
#1305 = ORIENTED_EDGE('',*,*,#1306,.T.);
#1306 = EDGE_CURVE('',#185,#1307,#1309,.T.);
#1307 = VERTEX_POINT('',#1308);
#1308 = CARTESIAN_POINT('',(-12.99999892856,-5.73,0.9));
#1309 = LINE('',#1310,#1311);
#1310 = CARTESIAN_POINT('',(-12.99999892856,-5.73,-0.9));
#1311 = VECTOR('',#1312,1.);
#1312 = DIRECTION('',(0.,0.,1.));
#1313 = ORIENTED_EDGE('',*,*,#1314,.T.);
#1314 = EDGE_CURVE('',#1307,#1258,#1315,.T.);
#1315 = CIRCLE('',#1316,1.27);
#1316 = AXIS2_PLACEMENT_3D('',#1317,#1318,#1319);
#1317 = CARTESIAN_POINT('',(-13.,-4.46,0.9));
#1318 = DIRECTION('',(0.,-0.,1.));
#1319 = DIRECTION('',(-1.,0.,0.));
#1320 = ORIENTED_EDGE('',*,*,#1265,.F.);
#1321 = CYLINDRICAL_SURFACE('',#1322,1.27);
#1322 = AXIS2_PLACEMENT_3D('',#1323,#1324,#1325);
#1323 = CARTESIAN_POINT('',(-13.,-4.46,-0.9));
#1324 = DIRECTION('',(0.,0.,-1.));
#1325 = DIRECTION('',(-1.,0.,0.));
#1326 = ADVANCED_FACE('',(#1327),#1338,.T.);
#1327 = FACE_BOUND('',#1328,.T.);
#1328 = EDGE_LOOP('',(#1329,#1335,#1336,#1337));
#1329 = ORIENTED_EDGE('',*,*,#1330,.T.);
#1330 = EDGE_CURVE('',#211,#670,#1331,.T.);
#1331 = LINE('',#1332,#1333);
#1332 = CARTESIAN_POINT('',(-15.,-9.,0.8));
#1333 = VECTOR('',#1334,1.);
#1334 = DIRECTION('',(-0.,-0.,-1.));
#1335 = ORIENTED_EDGE('',*,*,#677,.T.);
#1336 = ORIENTED_EDGE('',*,*,#1289,.F.);
#1337 = ORIENTED_EDGE('',*,*,#218,.F.);
#1338 = PLANE('',#1339);
#1339 = AXIS2_PLACEMENT_3D('',#1340,#1341,#1342);
#1340 = CARTESIAN_POINT('',(-15.,-9.,0.8));
#1341 = DIRECTION('',(0.,-1.,0.));
#1342 = DIRECTION('',(1.,0.,0.));
#1343 = ADVANCED_FACE('',(#1344),#1363,.T.);
#1344 = FACE_BOUND('',#1345,.F.);
#1345 = EDGE_LOOP('',(#1346,#1347,#1355,#1362));
#1346 = ORIENTED_EDGE('',*,*,#193,.T.);
#1347 = ORIENTED_EDGE('',*,*,#1348,.T.);
#1348 = EDGE_CURVE('',#194,#1349,#1351,.T.);
#1349 = VERTEX_POINT('',#1350);
#1350 = CARTESIAN_POINT('',(-13.,-8.27,0.9));
#1351 = LINE('',#1352,#1353);
#1352 = CARTESIAN_POINT('',(-13.,-8.27,-0.9));
#1353 = VECTOR('',#1354,1.);
#1354 = DIRECTION('',(0.,0.,1.));
#1355 = ORIENTED_EDGE('',*,*,#1356,.T.);
#1356 = EDGE_CURVE('',#1349,#1307,#1357,.T.);
#1357 = CIRCLE('',#1358,1.27);
#1358 = AXIS2_PLACEMENT_3D('',#1359,#1360,#1361);
#1359 = CARTESIAN_POINT('',(-13.,-7.,0.9));
#1360 = DIRECTION('',(0.,-0.,1.));
#1361 = DIRECTION('',(-1.,0.,0.));
#1362 = ORIENTED_EDGE('',*,*,#1306,.F.);
#1363 = CYLINDRICAL_SURFACE('',#1364,1.27);
#1364 = AXIS2_PLACEMENT_3D('',#1365,#1366,#1367);
#1365 = CARTESIAN_POINT('',(-13.,-7.,-0.9));
#1366 = DIRECTION('',(0.,0.,-1.));
#1367 = DIRECTION('',(-1.,0.,0.));
#1368 = ADVANCED_FACE('',(#1369),#1380,.T.);
#1369 = FACE_BOUND('',#1370,.T.);
#1370 = EDGE_LOOP('',(#1371,#1372,#1378,#1379));
#1371 = ORIENTED_EDGE('',*,*,#210,.F.);
#1372 = ORIENTED_EDGE('',*,*,#1373,.F.);
#1373 = EDGE_CURVE('',#662,#203,#1374,.T.);
#1374 = LINE('',#1375,#1376);
#1375 = CARTESIAN_POINT('',(-15.,-8.27,-5.E-02));
#1376 = VECTOR('',#1377,1.);
#1377 = DIRECTION('',(0.,0.,1.));
#1378 = ORIENTED_EDGE('',*,*,#669,.T.);
#1379 = ORIENTED_EDGE('',*,*,#1330,.F.);
#1380 = PLANE('',#1381);
#1381 = AXIS2_PLACEMENT_3D('',#1382,#1383,#1384);
#1382 = CARTESIAN_POINT('',(-15.,9.,0.8));
#1383 = DIRECTION('',(-1.,0.,0.));
#1384 = DIRECTION('',(0.,-1.,0.));
#1385 = ADVANCED_FACE('',(#1386),#1422,.T.);
#1386 = FACE_BOUND('',#1387,.T.);
#1387 = EDGE_LOOP('',(#1388,#1398,#1404,#1405,#1406,#1407,#1408,#1416));
#1388 = ORIENTED_EDGE('',*,*,#1389,.F.);
#1389 = EDGE_CURVE('',#1390,#1392,#1394,.T.);
#1390 = VERTEX_POINT('',#1391);
#1391 = CARTESIAN_POINT('',(-13.,-8.27,-0.9));
#1392 = VERTEX_POINT('',#1393);
#1393 = CARTESIAN_POINT('',(-15.1,-8.27,-0.9));
#1394 = LINE('',#1395,#1396);
#1395 = CARTESIAN_POINT('',(-13.,-8.27,-0.9));
#1396 = VECTOR('',#1397,1.);
#1397 = DIRECTION('',(-1.,0.,0.));
#1398 = ORIENTED_EDGE('',*,*,#1399,.T.);
#1399 = EDGE_CURVE('',#1390,#653,#1400,.T.);
#1400 = LINE('',#1401,#1402);
#1401 = CARTESIAN_POINT('',(-13.,-8.27,-0.9));
#1402 = VECTOR('',#1403,1.);
#1403 = DIRECTION('',(0.,0.,1.));
#1404 = ORIENTED_EDGE('',*,*,#661,.F.);
#1405 = ORIENTED_EDGE('',*,*,#1373,.T.);
#1406 = ORIENTED_EDGE('',*,*,#202,.T.);
#1407 = ORIENTED_EDGE('',*,*,#1348,.T.);
#1408 = ORIENTED_EDGE('',*,*,#1409,.T.);
#1409 = EDGE_CURVE('',#1349,#1410,#1412,.T.);
#1410 = VERTEX_POINT('',#1411);
#1411 = CARTESIAN_POINT('',(-15.1,-8.27,0.9));
#1412 = LINE('',#1413,#1414);
#1413 = CARTESIAN_POINT('',(-13.,-8.27,0.9));
#1414 = VECTOR('',#1415,1.);
#1415 = DIRECTION('',(-1.,0.,0.));
#1416 = ORIENTED_EDGE('',*,*,#1417,.F.);
#1417 = EDGE_CURVE('',#1392,#1410,#1418,.T.);
#1418 = LINE('',#1419,#1420);
#1419 = CARTESIAN_POINT('',(-15.1,-8.27,-0.9));
#1420 = VECTOR('',#1421,1.);
#1421 = DIRECTION('',(0.,0.,1.));
#1422 = PLANE('',#1423);
#1423 = AXIS2_PLACEMENT_3D('',#1424,#1425,#1426);
#1424 = CARTESIAN_POINT('',(-13.,-8.27,-0.9));
#1425 = DIRECTION('',(-0.,-1.,-0.));
#1426 = DIRECTION('',(-1.,0.,0.));
#1427 = ADVANCED_FACE('',(#1428),#1453,.F.);
#1428 = FACE_BOUND('',#1429,.F.);
#1429 = EDGE_LOOP('',(#1430,#1438,#1446,#1452));
#1430 = ORIENTED_EDGE('',*,*,#1431,.T.);
#1431 = EDGE_CURVE('',#303,#1432,#1434,.T.);
#1432 = VERTEX_POINT('',#1433);
#1433 = CARTESIAN_POINT('',(-10.68866160634,-8.085054747989,2.8));
#1434 = LINE('',#1435,#1436);
#1435 = CARTESIAN_POINT('',(-10.68866160634,-8.085054747989,0.8));
#1436 = VECTOR('',#1437,1.);
#1437 = DIRECTION('',(0.,0.,1.));
#1438 = ORIENTED_EDGE('',*,*,#1439,.T.);
#1439 = EDGE_CURVE('',#1432,#1440,#1442,.T.);
#1440 = VERTEX_POINT('',#1441);
#1441 = CARTESIAN_POINT('',(-8.939458406344,-8.085054747989,2.8));
#1442 = LINE('',#1443,#1444);
#1443 = CARTESIAN_POINT('',(-10.68866160634,-8.085054747989,2.8));
#1444 = VECTOR('',#1445,1.);
#1445 = DIRECTION('',(1.,0.,0.));
#1446 = ORIENTED_EDGE('',*,*,#1447,.F.);
#1447 = EDGE_CURVE('',#305,#1440,#1448,.T.);
#1448 = LINE('',#1449,#1450);
#1449 = CARTESIAN_POINT('',(-8.939458406344,-8.085054747989,0.8));
#1450 = VECTOR('',#1451,1.);
#1451 = DIRECTION('',(0.,0.,1.));
#1452 = ORIENTED_EDGE('',*,*,#302,.F.);
#1453 = PLANE('',#1454);
#1454 = AXIS2_PLACEMENT_3D('',#1455,#1456,#1457);
#1455 = CARTESIAN_POINT('',(-10.68866160634,-8.085054747989,0.8));
#1456 = DIRECTION('',(0.,1.,0.));
#1457 = DIRECTION('',(1.,0.,0.));
#1458 = ADVANCED_FACE('',(#1459),#1477,.F.);
#1459 = FACE_BOUND('',#1460,.F.);
#1460 = EDGE_LOOP('',(#1461,#1462,#1470,#1476));
#1461 = ORIENTED_EDGE('',*,*,#1447,.T.);
#1462 = ORIENTED_EDGE('',*,*,#1463,.T.);
#1463 = EDGE_CURVE('',#1440,#1464,#1466,.T.);
#1464 = VERTEX_POINT('',#1465);
#1465 = CARTESIAN_POINT('',(-8.939458406344,-4.49790236031,2.8));
#1466 = LINE('',#1467,#1468);
#1467 = CARTESIAN_POINT('',(-8.939458406344,-8.085054747989,2.8));
#1468 = VECTOR('',#1469,1.);
#1469 = DIRECTION('',(0.,1.,0.));
#1470 = ORIENTED_EDGE('',*,*,#1471,.F.);
#1471 = EDGE_CURVE('',#321,#1464,#1472,.T.);
#1472 = LINE('',#1473,#1474);
#1473 = CARTESIAN_POINT('',(-8.939458406344,-4.49790236031,0.8));
#1474 = VECTOR('',#1475,1.);
#1475 = DIRECTION('',(0.,0.,1.));
#1476 = ORIENTED_EDGE('',*,*,#328,.F.);
#1477 = PLANE('',#1478);
#1478 = AXIS2_PLACEMENT_3D('',#1479,#1480,#1481);
#1479 = CARTESIAN_POINT('',(-8.939458406344,-8.085054747989,0.8));
#1480 = DIRECTION('',(-1.,0.,0.));
#1481 = DIRECTION('',(0.,1.,0.));
#1482 = ADVANCED_FACE('',(#1483),#1501,.F.);
#1483 = FACE_BOUND('',#1484,.F.);
#1484 = EDGE_LOOP('',(#1485,#1486,#1494,#1500));
#1485 = ORIENTED_EDGE('',*,*,#1471,.T.);
#1486 = ORIENTED_EDGE('',*,*,#1487,.T.);
#1487 = EDGE_CURVE('',#1464,#1488,#1490,.T.);
#1488 = VERTEX_POINT('',#1489);
#1489 = CARTESIAN_POINT('',(-10.68866160634,-4.49790236031,2.8));
#1490 = LINE('',#1491,#1492);
#1491 = CARTESIAN_POINT('',(-8.939458406344,-4.49790236031,2.8));
#1492 = VECTOR('',#1493,1.);
#1493 = DIRECTION('',(-1.,0.,0.));
#1494 = ORIENTED_EDGE('',*,*,#1495,.F.);
#1495 = EDGE_CURVE('',#313,#1488,#1496,.T.);
#1496 = LINE('',#1497,#1498);
#1497 = CARTESIAN_POINT('',(-10.68866160634,-4.49790236031,0.8));
#1498 = VECTOR('',#1499,1.);
#1499 = DIRECTION('',(0.,0.,1.));
#1500 = ORIENTED_EDGE('',*,*,#320,.F.);
#1501 = PLANE('',#1502);
#1502 = AXIS2_PLACEMENT_3D('',#1503,#1504,#1505);
#1503 = CARTESIAN_POINT('',(-8.939458406344,-4.49790236031,0.8));
#1504 = DIRECTION('',(0.,-1.,0.));
#1505 = DIRECTION('',(-1.,0.,0.));
#1506 = ADVANCED_FACE('',(#1507),#1518,.F.);
#1507 = FACE_BOUND('',#1508,.F.);
#1508 = EDGE_LOOP('',(#1509,#1510,#1516,#1517));
#1509 = ORIENTED_EDGE('',*,*,#1495,.T.);
#1510 = ORIENTED_EDGE('',*,*,#1511,.T.);
#1511 = EDGE_CURVE('',#1488,#1432,#1512,.T.);
#1512 = LINE('',#1513,#1514);
#1513 = CARTESIAN_POINT('',(-10.68866160634,-4.49790236031,2.8));
#1514 = VECTOR('',#1515,1.);
#1515 = DIRECTION('',(0.,-1.,0.));
#1516 = ORIENTED_EDGE('',*,*,#1431,.F.);
#1517 = ORIENTED_EDGE('',*,*,#312,.F.);
#1518 = PLANE('',#1519);
#1519 = AXIS2_PLACEMENT_3D('',#1520,#1521,#1522);
#1520 = CARTESIAN_POINT('',(-10.68866160634,-4.49790236031,0.8));
#1521 = DIRECTION('',(1.,0.,-0.));
#1522 = DIRECTION('',(0.,-1.,0.));
#1523 = ADVANCED_FACE('',(#1524),#1549,.F.);
#1524 = FACE_BOUND('',#1525,.F.);
#1525 = EDGE_LOOP('',(#1526,#1534,#1542,#1548));
#1526 = ORIENTED_EDGE('',*,*,#1527,.T.);
#1527 = EDGE_CURVE('',#337,#1528,#1530,.T.);
#1528 = VERTEX_POINT('',#1529);
#1529 = CARTESIAN_POINT('',(-7.9138532,-8.085054747989,2.8));
#1530 = LINE('',#1531,#1532);
#1531 = CARTESIAN_POINT('',(-7.9138532,-8.085054747989,0.8));
#1532 = VECTOR('',#1533,1.);
#1533 = DIRECTION('',(0.,0.,1.));
#1534 = ORIENTED_EDGE('',*,*,#1535,.T.);
#1535 = EDGE_CURVE('',#1528,#1536,#1538,.T.);
#1536 = VERTEX_POINT('',#1537);
#1537 = CARTESIAN_POINT('',(-6.16465,-8.085054747989,2.8));
#1538 = LINE('',#1539,#1540);
#1539 = CARTESIAN_POINT('',(-7.9138532,-8.085054747989,2.8));
#1540 = VECTOR('',#1541,1.);
#1541 = DIRECTION('',(1.,0.,0.));
#1542 = ORIENTED_EDGE('',*,*,#1543,.F.);
#1543 = EDGE_CURVE('',#339,#1536,#1544,.T.);
#1544 = LINE('',#1545,#1546);
#1545 = CARTESIAN_POINT('',(-6.16465,-8.085054747989,0.8));
#1546 = VECTOR('',#1547,1.);
#1547 = DIRECTION('',(0.,0.,1.));
#1548 = ORIENTED_EDGE('',*,*,#336,.F.);
#1549 = PLANE('',#1550);
#1550 = AXIS2_PLACEMENT_3D('',#1551,#1552,#1553);
#1551 = CARTESIAN_POINT('',(-7.9138532,-8.085054747989,0.8));
#1552 = DIRECTION('',(0.,1.,0.));
#1553 = DIRECTION('',(1.,0.,0.));
#1554 = ADVANCED_FACE('',(#1555),#1573,.F.);
#1555 = FACE_BOUND('',#1556,.F.);
#1556 = EDGE_LOOP('',(#1557,#1558,#1566,#1572));
#1557 = ORIENTED_EDGE('',*,*,#1543,.T.);
#1558 = ORIENTED_EDGE('',*,*,#1559,.T.);
#1559 = EDGE_CURVE('',#1536,#1560,#1562,.T.);
#1560 = VERTEX_POINT('',#1561);
#1561 = CARTESIAN_POINT('',(-6.16465,-4.49790236031,2.8));
#1562 = LINE('',#1563,#1564);
#1563 = CARTESIAN_POINT('',(-6.16465,-8.085054747989,2.8));
#1564 = VECTOR('',#1565,1.);
#1565 = DIRECTION('',(0.,1.,0.));
#1566 = ORIENTED_EDGE('',*,*,#1567,.F.);
#1567 = EDGE_CURVE('',#355,#1560,#1568,.T.);
#1568 = LINE('',#1569,#1570);
#1569 = CARTESIAN_POINT('',(-6.16465,-4.49790236031,0.8));
#1570 = VECTOR('',#1571,1.);
#1571 = DIRECTION('',(0.,0.,1.));
#1572 = ORIENTED_EDGE('',*,*,#362,.F.);
#1573 = PLANE('',#1574);
#1574 = AXIS2_PLACEMENT_3D('',#1575,#1576,#1577);
#1575 = CARTESIAN_POINT('',(-6.16465,-8.085054747989,0.8));
#1576 = DIRECTION('',(-1.,0.,0.));
#1577 = DIRECTION('',(0.,1.,0.));
#1578 = ADVANCED_FACE('',(#1579),#1597,.F.);
#1579 = FACE_BOUND('',#1580,.F.);
#1580 = EDGE_LOOP('',(#1581,#1582,#1590,#1596));
#1581 = ORIENTED_EDGE('',*,*,#1567,.T.);
#1582 = ORIENTED_EDGE('',*,*,#1583,.T.);
#1583 = EDGE_CURVE('',#1560,#1584,#1586,.T.);
#1584 = VERTEX_POINT('',#1585);
#1585 = CARTESIAN_POINT('',(-7.9138532,-4.49790236031,2.8));
#1586 = LINE('',#1587,#1588);
#1587 = CARTESIAN_POINT('',(-6.16465,-4.49790236031,2.8));
#1588 = VECTOR('',#1589,1.);
#1589 = DIRECTION('',(-1.,0.,0.));
#1590 = ORIENTED_EDGE('',*,*,#1591,.F.);
#1591 = EDGE_CURVE('',#347,#1584,#1592,.T.);
#1592 = LINE('',#1593,#1594);
#1593 = CARTESIAN_POINT('',(-7.9138532,-4.49790236031,0.8));
#1594 = VECTOR('',#1595,1.);
#1595 = DIRECTION('',(0.,0.,1.));
#1596 = ORIENTED_EDGE('',*,*,#354,.F.);
#1597 = PLANE('',#1598);
#1598 = AXIS2_PLACEMENT_3D('',#1599,#1600,#1601);
#1599 = CARTESIAN_POINT('',(-6.16465,-4.49790236031,0.8));
#1600 = DIRECTION('',(0.,-1.,0.));
#1601 = DIRECTION('',(-1.,0.,0.));
#1602 = ADVANCED_FACE('',(#1603),#1614,.F.);
#1603 = FACE_BOUND('',#1604,.F.);
#1604 = EDGE_LOOP('',(#1605,#1606,#1612,#1613));
#1605 = ORIENTED_EDGE('',*,*,#1591,.T.);
#1606 = ORIENTED_EDGE('',*,*,#1607,.T.);
#1607 = EDGE_CURVE('',#1584,#1528,#1608,.T.);
#1608 = LINE('',#1609,#1610);
#1609 = CARTESIAN_POINT('',(-7.9138532,-4.49790236031,2.8));
#1610 = VECTOR('',#1611,1.);
#1611 = DIRECTION('',(0.,-1.,0.));
#1612 = ORIENTED_EDGE('',*,*,#1527,.F.);
#1613 = ORIENTED_EDGE('',*,*,#346,.F.);
#1614 = PLANE('',#1615);
#1615 = AXIS2_PLACEMENT_3D('',#1616,#1617,#1618);
#1616 = CARTESIAN_POINT('',(-7.9138532,-4.49790236031,0.8));
#1617 = DIRECTION('',(1.,0.,-0.));
#1618 = DIRECTION('',(0.,-1.,0.));
#1619 = ADVANCED_FACE('',(#1620),#1645,.F.);
#1620 = FACE_BOUND('',#1621,.F.);
#1621 = EDGE_LOOP('',(#1622,#1630,#1638,#1644));
#1622 = ORIENTED_EDGE('',*,*,#1623,.T.);
#1623 = EDGE_CURVE('',#371,#1624,#1626,.T.);
#1624 = VERTEX_POINT('',#1625);
#1625 = CARTESIAN_POINT('',(-3.009260069433,-8.768249930567,4.3));
#1626 = LINE('',#1627,#1628);
#1627 = CARTESIAN_POINT('',(-3.009260069433,-8.768249930567,0.8));
#1628 = VECTOR('',#1629,1.);
#1629 = DIRECTION('',(0.,0.,1.));
#1630 = ORIENTED_EDGE('',*,*,#1631,.T.);
#1631 = EDGE_CURVE('',#1624,#1632,#1634,.T.);
#1632 = VERTEX_POINT('',#1633);
#1633 = CARTESIAN_POINT('',(5.780158888951,-8.768249930567,4.3));
#1634 = LINE('',#1635,#1636);
#1635 = CARTESIAN_POINT('',(-3.009260069433,-8.768249930567,4.3));
#1636 = VECTOR('',#1637,1.);
#1637 = DIRECTION('',(1.,0.,0.));
#1638 = ORIENTED_EDGE('',*,*,#1639,.F.);
#1639 = EDGE_CURVE('',#373,#1632,#1640,.T.);
#1640 = LINE('',#1641,#1642);
#1641 = CARTESIAN_POINT('',(5.780158888951,-8.768249930567,0.8));
#1642 = VECTOR('',#1643,1.);
#1643 = DIRECTION('',(0.,0.,1.));
#1644 = ORIENTED_EDGE('',*,*,#370,.F.);
#1645 = PLANE('',#1646);
#1646 = AXIS2_PLACEMENT_3D('',#1647,#1648,#1649);
#1647 = CARTESIAN_POINT('',(-3.009260069433,-8.768249930567,0.8));
#1648 = DIRECTION('',(0.,1.,0.));
#1649 = DIRECTION('',(1.,0.,0.));
#1650 = ADVANCED_FACE('',(#1651),#1670,.T.);
#1651 = FACE_BOUND('',#1652,.F.);
#1652 = EDGE_LOOP('',(#1653,#1661,#1668,#1669));
#1653 = ORIENTED_EDGE('',*,*,#1654,.T.);
#1654 = EDGE_CURVE('',#381,#1655,#1657,.T.);
#1655 = VERTEX_POINT('',#1656);
#1656 = CARTESIAN_POINT('',(-3.93241,-7.8451,4.3));
#1657 = LINE('',#1658,#1659);
#1658 = CARTESIAN_POINT('',(-3.93241,-7.8451,0.8));
#1659 = VECTOR('',#1660,1.);
#1660 = DIRECTION('',(0.,0.,1.));
#1661 = ORIENTED_EDGE('',*,*,#1662,.T.);
#1662 = EDGE_CURVE('',#1655,#1624,#1663,.T.);
#1663 = CIRCLE('',#1664,0.923149930567);
#1664 = AXIS2_PLACEMENT_3D('',#1665,#1666,#1667);
#1665 = CARTESIAN_POINT('',(-3.009260069433,-7.8451,4.3));
#1666 = DIRECTION('',(0.,0.,1.));
#1667 = DIRECTION('',(1.,0.,0.));
#1668 = ORIENTED_EDGE('',*,*,#1623,.F.);
#1669 = ORIENTED_EDGE('',*,*,#380,.F.);
#1670 = CYLINDRICAL_SURFACE('',#1671,0.923149930567);
#1671 = AXIS2_PLACEMENT_3D('',#1672,#1673,#1674);
#1672 = CARTESIAN_POINT('',(-3.009260069433,-7.8451,0.8));
#1673 = DIRECTION('',(-0.,-0.,-1.));
#1674 = DIRECTION('',(1.,0.,0.));
#1675 = ADVANCED_FACE('',(#1676),#1695,.T.);
#1676 = FACE_BOUND('',#1677,.F.);
#1677 = EDGE_LOOP('',(#1678,#1679,#1688,#1694));
#1678 = ORIENTED_EDGE('',*,*,#1639,.T.);
#1679 = ORIENTED_EDGE('',*,*,#1680,.T.);
#1680 = EDGE_CURVE('',#1632,#1681,#1683,.T.);
#1681 = VERTEX_POINT('',#1682);
#1682 = CARTESIAN_POINT('',(6.703308819517,-7.8451,4.3));
#1683 = CIRCLE('',#1684,0.923149930567);
#1684 = AXIS2_PLACEMENT_3D('',#1685,#1686,#1687);
#1685 = CARTESIAN_POINT('',(5.780158888951,-7.8451,4.3));
#1686 = DIRECTION('',(0.,0.,1.));
#1687 = DIRECTION('',(1.,0.,0.));
#1688 = ORIENTED_EDGE('',*,*,#1689,.F.);
#1689 = EDGE_CURVE('',#424,#1681,#1690,.T.);
#1690 = LINE('',#1691,#1692);
#1691 = CARTESIAN_POINT('',(6.703308819517,-7.8451,0.8));
#1692 = VECTOR('',#1693,1.);
#1693 = DIRECTION('',(0.,0.,1.));
#1694 = ORIENTED_EDGE('',*,*,#431,.F.);
#1695 = CYLINDRICAL_SURFACE('',#1696,0.923149930567);
#1696 = AXIS2_PLACEMENT_3D('',#1697,#1698,#1699);
#1697 = CARTESIAN_POINT('',(5.780158888951,-7.8451,0.8));
#1698 = DIRECTION('',(-0.,-0.,-1.));
#1699 = DIRECTION('',(1.,0.,0.));
#1700 = ADVANCED_FACE('',(#1701),#1719,.F.);
#1701 = FACE_BOUND('',#1702,.F.);
#1702 = EDGE_LOOP('',(#1703,#1711,#1717,#1718));
#1703 = ORIENTED_EDGE('',*,*,#1704,.T.);
#1704 = EDGE_CURVE('',#390,#1705,#1707,.T.);
#1705 = VERTEX_POINT('',#1706);
#1706 = CARTESIAN_POINT('',(-3.93241,0.620673516739,4.3));
#1707 = LINE('',#1708,#1709);
#1708 = CARTESIAN_POINT('',(-3.93241,0.620673516739,0.8));
#1709 = VECTOR('',#1710,1.);
#1710 = DIRECTION('',(0.,0.,1.));
#1711 = ORIENTED_EDGE('',*,*,#1712,.T.);
#1712 = EDGE_CURVE('',#1705,#1655,#1713,.T.);
#1713 = LINE('',#1714,#1715);
#1714 = CARTESIAN_POINT('',(-3.93241,0.620673516739,4.3));
#1715 = VECTOR('',#1716,1.);
#1716 = DIRECTION('',(0.,-1.,0.));
#1717 = ORIENTED_EDGE('',*,*,#1654,.F.);
#1718 = ORIENTED_EDGE('',*,*,#389,.F.);
#1719 = PLANE('',#1720);
#1720 = AXIS2_PLACEMENT_3D('',#1721,#1722,#1723);
#1721 = CARTESIAN_POINT('',(-3.93241,0.620673516739,0.8));
#1722 = DIRECTION('',(1.,0.,0.));
#1723 = DIRECTION('',(0.,-1.,0.));
#1724 = ADVANCED_FACE('',(#1725),#1743,.F.);
#1725 = FACE_BOUND('',#1726,.F.);
#1726 = EDGE_LOOP('',(#1727,#1728,#1736,#1742));
#1727 = ORIENTED_EDGE('',*,*,#1689,.T.);
#1728 = ORIENTED_EDGE('',*,*,#1729,.T.);
#1729 = EDGE_CURVE('',#1681,#1730,#1732,.T.);
#1730 = VERTEX_POINT('',#1731);
#1731 = CARTESIAN_POINT('',(6.703308819517,0.620673516739,4.3));
#1732 = LINE('',#1733,#1734);
#1733 = CARTESIAN_POINT('',(6.703308819517,-7.8451,4.3));
#1734 = VECTOR('',#1735,1.);
#1735 = DIRECTION('',(0.,1.,0.));
#1736 = ORIENTED_EDGE('',*,*,#1737,.F.);
#1737 = EDGE_CURVE('',#415,#1730,#1738,.T.);
#1738 = LINE('',#1739,#1740);
#1739 = CARTESIAN_POINT('',(6.703308819517,0.620673516739,0.8));
#1740 = VECTOR('',#1741,1.);
#1741 = DIRECTION('',(0.,0.,1.));
#1742 = ORIENTED_EDGE('',*,*,#423,.F.);
#1743 = PLANE('',#1744);
#1744 = AXIS2_PLACEMENT_3D('',#1745,#1746,#1747);
#1745 = CARTESIAN_POINT('',(6.703308819517,-7.8451,0.8));
#1746 = DIRECTION('',(-1.,0.,0.));
#1747 = DIRECTION('',(0.,1.,0.));
#1748 = ADVANCED_FACE('',(#1749),#1768,.T.);
#1749 = FACE_BOUND('',#1750,.F.);
#1750 = EDGE_LOOP('',(#1751,#1759,#1766,#1767));
#1751 = ORIENTED_EDGE('',*,*,#1752,.T.);
#1752 = EDGE_CURVE('',#398,#1753,#1755,.T.);
#1753 = VERTEX_POINT('',#1754);
#1754 = CARTESIAN_POINT('',(-3.009260069433,1.543823447305,4.3));
#1755 = LINE('',#1756,#1757);
#1756 = CARTESIAN_POINT('',(-3.009260069433,1.543823447305,0.8));
#1757 = VECTOR('',#1758,1.);
#1758 = DIRECTION('',(0.,0.,1.));
#1759 = ORIENTED_EDGE('',*,*,#1760,.T.);
#1760 = EDGE_CURVE('',#1753,#1705,#1761,.T.);
#1761 = CIRCLE('',#1762,0.923149930567);
#1762 = AXIS2_PLACEMENT_3D('',#1763,#1764,#1765);
#1763 = CARTESIAN_POINT('',(-3.009260069433,0.620673516739,4.3));
#1764 = DIRECTION('',(0.,0.,1.));
#1765 = DIRECTION('',(1.,0.,0.));
#1766 = ORIENTED_EDGE('',*,*,#1704,.F.);
#1767 = ORIENTED_EDGE('',*,*,#397,.F.);
#1768 = CYLINDRICAL_SURFACE('',#1769,0.923149930567);
#1769 = AXIS2_PLACEMENT_3D('',#1770,#1771,#1772);
#1770 = CARTESIAN_POINT('',(-3.009260069433,0.620673516739,0.8));
#1771 = DIRECTION('',(-0.,-0.,-1.));
#1772 = DIRECTION('',(1.,0.,0.));
#1773 = ADVANCED_FACE('',(#1774),#1793,.T.);
#1774 = FACE_BOUND('',#1775,.F.);
#1775 = EDGE_LOOP('',(#1776,#1777,#1786,#1792));
#1776 = ORIENTED_EDGE('',*,*,#1737,.T.);
#1777 = ORIENTED_EDGE('',*,*,#1778,.T.);
#1778 = EDGE_CURVE('',#1730,#1779,#1781,.T.);
#1779 = VERTEX_POINT('',#1780);
#1780 = CARTESIAN_POINT('',(5.780158888951,1.543823447305,4.3));
#1781 = CIRCLE('',#1782,0.923149930567);
#1782 = AXIS2_PLACEMENT_3D('',#1783,#1784,#1785);
#1783 = CARTESIAN_POINT('',(5.780158888951,0.620673516739,4.3));
#1784 = DIRECTION('',(0.,0.,1.));
#1785 = DIRECTION('',(1.,0.,0.));
#1786 = ORIENTED_EDGE('',*,*,#1787,.F.);
#1787 = EDGE_CURVE('',#407,#1779,#1788,.T.);
#1788 = LINE('',#1789,#1790);
#1789 = CARTESIAN_POINT('',(5.780158888951,1.543823447305,0.8));
#1790 = VECTOR('',#1791,1.);
#1791 = DIRECTION('',(0.,0.,1.));
#1792 = ORIENTED_EDGE('',*,*,#414,.F.);
#1793 = CYLINDRICAL_SURFACE('',#1794,0.923149930567);
#1794 = AXIS2_PLACEMENT_3D('',#1795,#1796,#1797);
#1795 = CARTESIAN_POINT('',(5.780158888951,0.620673516739,0.8));
#1796 = DIRECTION('',(-0.,-0.,-1.));
#1797 = DIRECTION('',(1.,0.,0.));
#1798 = ADVANCED_FACE('',(#1799),#1810,.F.);
#1799 = FACE_BOUND('',#1800,.F.);
#1800 = EDGE_LOOP('',(#1801,#1802,#1808,#1809));
#1801 = ORIENTED_EDGE('',*,*,#1787,.T.);
#1802 = ORIENTED_EDGE('',*,*,#1803,.T.);
#1803 = EDGE_CURVE('',#1779,#1753,#1804,.T.);
#1804 = LINE('',#1805,#1806);
#1805 = CARTESIAN_POINT('',(5.780158888951,1.543823447305,4.3));
#1806 = VECTOR('',#1807,1.);
#1807 = DIRECTION('',(-1.,0.,0.));
#1808 = ORIENTED_EDGE('',*,*,#1752,.F.);
#1809 = ORIENTED_EDGE('',*,*,#406,.F.);
#1810 = PLANE('',#1811);
#1811 = AXIS2_PLACEMENT_3D('',#1812,#1813,#1814);
#1812 = CARTESIAN_POINT('',(5.780158888951,1.543823447305,0.8));
#1813 = DIRECTION('',(0.,-1.,0.));
#1814 = DIRECTION('',(-1.,0.,0.));
#1815 = ADVANCED_FACE('',(#1816),#1841,.F.);
#1816 = FACE_BOUND('',#1817,.F.);
#1817 = EDGE_LOOP('',(#1818,#1826,#1834,#1840));
#1818 = ORIENTED_EDGE('',*,*,#1819,.T.);
#1819 = EDGE_CURVE('',#441,#1820,#1822,.T.);
#1820 = VERTEX_POINT('',#1821);
#1821 = CARTESIAN_POINT('',(-10.68866160634,-2.45114,2.8));
#1822 = LINE('',#1823,#1824);
#1823 = CARTESIAN_POINT('',(-10.68866160634,-2.45114,0.8));
#1824 = VECTOR('',#1825,1.);
#1825 = DIRECTION('',(0.,0.,1.));
#1826 = ORIENTED_EDGE('',*,*,#1827,.T.);
#1827 = EDGE_CURVE('',#1820,#1828,#1830,.T.);
#1828 = VERTEX_POINT('',#1829);
#1829 = CARTESIAN_POINT('',(-8.939458406344,-2.45114,2.8));
#1830 = LINE('',#1831,#1832);
#1831 = CARTESIAN_POINT('',(-10.68866160634,-2.45114,2.8));
#1832 = VECTOR('',#1833,1.);
#1833 = DIRECTION('',(1.,0.,0.));
#1834 = ORIENTED_EDGE('',*,*,#1835,.F.);
#1835 = EDGE_CURVE('',#443,#1828,#1836,.T.);
#1836 = LINE('',#1837,#1838);
#1837 = CARTESIAN_POINT('',(-8.939458406344,-2.45114,0.8));
#1838 = VECTOR('',#1839,1.);
#1839 = DIRECTION('',(0.,0.,1.));
#1840 = ORIENTED_EDGE('',*,*,#440,.F.);
#1841 = PLANE('',#1842);
#1842 = AXIS2_PLACEMENT_3D('',#1843,#1844,#1845);
#1843 = CARTESIAN_POINT('',(-10.68866160634,-2.45114,0.8));
#1844 = DIRECTION('',(0.,1.,0.));
#1845 = DIRECTION('',(1.,0.,0.));
#1846 = ADVANCED_FACE('',(#1847),#1865,.F.);
#1847 = FACE_BOUND('',#1848,.F.);
#1848 = EDGE_LOOP('',(#1849,#1850,#1858,#1864));
#1849 = ORIENTED_EDGE('',*,*,#1835,.T.);
#1850 = ORIENTED_EDGE('',*,*,#1851,.T.);
#1851 = EDGE_CURVE('',#1828,#1852,#1854,.T.);
#1852 = VERTEX_POINT('',#1853);
#1853 = CARTESIAN_POINT('',(-8.939458406344,1.136012387679,2.8));
#1854 = LINE('',#1855,#1856);
#1855 = CARTESIAN_POINT('',(-8.939458406344,-2.45114,2.8));
#1856 = VECTOR('',#1857,1.);
#1857 = DIRECTION('',(0.,1.,0.));
#1858 = ORIENTED_EDGE('',*,*,#1859,.F.);
#1859 = EDGE_CURVE('',#459,#1852,#1860,.T.);
#1860 = LINE('',#1861,#1862);
#1861 = CARTESIAN_POINT('',(-8.939458406344,1.136012387679,0.8));
#1862 = VECTOR('',#1863,1.);
#1863 = DIRECTION('',(0.,0.,1.));
#1864 = ORIENTED_EDGE('',*,*,#466,.F.);
#1865 = PLANE('',#1866);
#1866 = AXIS2_PLACEMENT_3D('',#1867,#1868,#1869);
#1867 = CARTESIAN_POINT('',(-8.939458406344,-2.45114,0.8));
#1868 = DIRECTION('',(-1.,0.,0.));
#1869 = DIRECTION('',(0.,1.,0.));
#1870 = ADVANCED_FACE('',(#1871),#1889,.F.);
#1871 = FACE_BOUND('',#1872,.F.);
#1872 = EDGE_LOOP('',(#1873,#1874,#1882,#1888));
#1873 = ORIENTED_EDGE('',*,*,#1859,.T.);
#1874 = ORIENTED_EDGE('',*,*,#1875,.T.);
#1875 = EDGE_CURVE('',#1852,#1876,#1878,.T.);
#1876 = VERTEX_POINT('',#1877);
#1877 = CARTESIAN_POINT('',(-10.68866160634,1.136012387679,2.8));
#1878 = LINE('',#1879,#1880);
#1879 = CARTESIAN_POINT('',(-8.939458406344,1.136012387679,2.8));
#1880 = VECTOR('',#1881,1.);
#1881 = DIRECTION('',(-1.,0.,0.));
#1882 = ORIENTED_EDGE('',*,*,#1883,.F.);
#1883 = EDGE_CURVE('',#451,#1876,#1884,.T.);
#1884 = LINE('',#1885,#1886);
#1885 = CARTESIAN_POINT('',(-10.68866160634,1.136012387679,0.8));
#1886 = VECTOR('',#1887,1.);
#1887 = DIRECTION('',(0.,0.,1.));
#1888 = ORIENTED_EDGE('',*,*,#458,.F.);
#1889 = PLANE('',#1890);
#1890 = AXIS2_PLACEMENT_3D('',#1891,#1892,#1893);
#1891 = CARTESIAN_POINT('',(-8.939458406344,1.136012387679,0.8));
#1892 = DIRECTION('',(0.,-1.,0.));
#1893 = DIRECTION('',(-1.,0.,0.));
#1894 = ADVANCED_FACE('',(#1895),#1906,.F.);
#1895 = FACE_BOUND('',#1896,.F.);
#1896 = EDGE_LOOP('',(#1897,#1898,#1904,#1905));
#1897 = ORIENTED_EDGE('',*,*,#1883,.T.);
#1898 = ORIENTED_EDGE('',*,*,#1899,.T.);
#1899 = EDGE_CURVE('',#1876,#1820,#1900,.T.);
#1900 = LINE('',#1901,#1902);
#1901 = CARTESIAN_POINT('',(-10.68866160634,1.136012387679,2.8));
#1902 = VECTOR('',#1903,1.);
#1903 = DIRECTION('',(0.,-1.,0.));
#1904 = ORIENTED_EDGE('',*,*,#1819,.F.);
#1905 = ORIENTED_EDGE('',*,*,#450,.F.);
#1906 = PLANE('',#1907);
#1907 = AXIS2_PLACEMENT_3D('',#1908,#1909,#1910);
#1908 = CARTESIAN_POINT('',(-10.68866160634,1.136012387679,0.8));
#1909 = DIRECTION('',(1.,0.,-0.));
#1910 = DIRECTION('',(0.,-1.,0.));
#1911 = ADVANCED_FACE('',(#1912),#1937,.F.);
#1912 = FACE_BOUND('',#1913,.F.);
#1913 = EDGE_LOOP('',(#1914,#1922,#1930,#1936));
#1914 = ORIENTED_EDGE('',*,*,#1915,.T.);
#1915 = EDGE_CURVE('',#475,#1916,#1918,.T.);
#1916 = VERTEX_POINT('',#1917);
#1917 = CARTESIAN_POINT('',(-7.9138532,-2.45114,2.8));
#1918 = LINE('',#1919,#1920);
#1919 = CARTESIAN_POINT('',(-7.9138532,-2.45114,0.8));
#1920 = VECTOR('',#1921,1.);
#1921 = DIRECTION('',(0.,0.,1.));
#1922 = ORIENTED_EDGE('',*,*,#1923,.T.);
#1923 = EDGE_CURVE('',#1916,#1924,#1926,.T.);
#1924 = VERTEX_POINT('',#1925);
#1925 = CARTESIAN_POINT('',(-6.16465,-2.45114,2.8));
#1926 = LINE('',#1927,#1928);
#1927 = CARTESIAN_POINT('',(-7.9138532,-2.45114,2.8));
#1928 = VECTOR('',#1929,1.);
#1929 = DIRECTION('',(1.,0.,0.));
#1930 = ORIENTED_EDGE('',*,*,#1931,.F.);
#1931 = EDGE_CURVE('',#477,#1924,#1932,.T.);
#1932 = LINE('',#1933,#1934);
#1933 = CARTESIAN_POINT('',(-6.16465,-2.45114,0.8));
#1934 = VECTOR('',#1935,1.);
#1935 = DIRECTION('',(0.,0.,1.));
#1936 = ORIENTED_EDGE('',*,*,#474,.F.);
#1937 = PLANE('',#1938);
#1938 = AXIS2_PLACEMENT_3D('',#1939,#1940,#1941);
#1939 = CARTESIAN_POINT('',(-7.9138532,-2.45114,0.8));
#1940 = DIRECTION('',(0.,1.,0.));
#1941 = DIRECTION('',(1.,0.,0.));
#1942 = ADVANCED_FACE('',(#1943),#1961,.F.);
#1943 = FACE_BOUND('',#1944,.F.);
#1944 = EDGE_LOOP('',(#1945,#1946,#1954,#1960));
#1945 = ORIENTED_EDGE('',*,*,#1931,.T.);
#1946 = ORIENTED_EDGE('',*,*,#1947,.T.);
#1947 = EDGE_CURVE('',#1924,#1948,#1950,.T.);
#1948 = VERTEX_POINT('',#1949);
#1949 = CARTESIAN_POINT('',(-6.16465,1.136012387679,2.8));
#1950 = LINE('',#1951,#1952);
#1951 = CARTESIAN_POINT('',(-6.16465,-2.45114,2.8));
#1952 = VECTOR('',#1953,1.);
#1953 = DIRECTION('',(0.,1.,0.));
#1954 = ORIENTED_EDGE('',*,*,#1955,.F.);
#1955 = EDGE_CURVE('',#493,#1948,#1956,.T.);
#1956 = LINE('',#1957,#1958);
#1957 = CARTESIAN_POINT('',(-6.16465,1.136012387679,0.8));
#1958 = VECTOR('',#1959,1.);
#1959 = DIRECTION('',(0.,0.,1.));
#1960 = ORIENTED_EDGE('',*,*,#500,.F.);
#1961 = PLANE('',#1962);
#1962 = AXIS2_PLACEMENT_3D('',#1963,#1964,#1965);
#1963 = CARTESIAN_POINT('',(-6.16465,-2.45114,0.8));
#1964 = DIRECTION('',(-1.,0.,0.));
#1965 = DIRECTION('',(0.,1.,0.));
#1966 = ADVANCED_FACE('',(#1967),#1985,.F.);
#1967 = FACE_BOUND('',#1968,.F.);
#1968 = EDGE_LOOP('',(#1969,#1970,#1978,#1984));
#1969 = ORIENTED_EDGE('',*,*,#1955,.T.);
#1970 = ORIENTED_EDGE('',*,*,#1971,.T.);
#1971 = EDGE_CURVE('',#1948,#1972,#1974,.T.);
#1972 = VERTEX_POINT('',#1973);
#1973 = CARTESIAN_POINT('',(-7.9138532,1.136012387679,2.8));
#1974 = LINE('',#1975,#1976);
#1975 = CARTESIAN_POINT('',(-6.16465,1.136012387679,2.8));
#1976 = VECTOR('',#1977,1.);
#1977 = DIRECTION('',(-1.,0.,0.));
#1978 = ORIENTED_EDGE('',*,*,#1979,.F.);
#1979 = EDGE_CURVE('',#485,#1972,#1980,.T.);
#1980 = LINE('',#1981,#1982);
#1981 = CARTESIAN_POINT('',(-7.9138532,1.136012387679,0.8));
#1982 = VECTOR('',#1983,1.);
#1983 = DIRECTION('',(0.,0.,1.));
#1984 = ORIENTED_EDGE('',*,*,#492,.F.);
#1985 = PLANE('',#1986);
#1986 = AXIS2_PLACEMENT_3D('',#1987,#1988,#1989);
#1987 = CARTESIAN_POINT('',(-6.16465,1.136012387679,0.8));
#1988 = DIRECTION('',(0.,-1.,0.));
#1989 = DIRECTION('',(-1.,0.,0.));
#1990 = ADVANCED_FACE('',(#1991),#2002,.F.);
#1991 = FACE_BOUND('',#1992,.F.);
#1992 = EDGE_LOOP('',(#1993,#1994,#2000,#2001));
#1993 = ORIENTED_EDGE('',*,*,#1979,.T.);
#1994 = ORIENTED_EDGE('',*,*,#1995,.T.);
#1995 = EDGE_CURVE('',#1972,#1916,#1996,.T.);
#1996 = LINE('',#1997,#1998);
#1997 = CARTESIAN_POINT('',(-7.9138532,1.136012387679,2.8));
#1998 = VECTOR('',#1999,1.);
#1999 = DIRECTION('',(0.,-1.,0.));
#2000 = ORIENTED_EDGE('',*,*,#1915,.F.);
#2001 = ORIENTED_EDGE('',*,*,#484,.F.);
#2002 = PLANE('',#2003);
#2003 = AXIS2_PLACEMENT_3D('',#2004,#2005,#2006);
#2004 = CARTESIAN_POINT('',(-7.9138532,1.136012387679,0.8));
#2005 = DIRECTION('',(1.,0.,-0.));
#2006 = DIRECTION('',(0.,-1.,0.));
#2007 = ADVANCED_FACE('',(#2008),#2033,.F.);
#2008 = FACE_BOUND('',#2009,.F.);
#2009 = EDGE_LOOP('',(#2010,#2018,#2026,#2032));
#2010 = ORIENTED_EDGE('',*,*,#2011,.T.);
#2011 = EDGE_CURVE('',#509,#2012,#2014,.T.);
#2012 = VERTEX_POINT('',#2013);
#2013 = CARTESIAN_POINT('',(10.43122380616,-0.471108393656,2.8));
#2014 = LINE('',#2015,#2016);
#2015 = CARTESIAN_POINT('',(10.43122380616,-0.471108393656,0.8));
#2016 = VECTOR('',#2017,1.);
#2017 = DIRECTION('',(0.,0.,1.));
#2018 = ORIENTED_EDGE('',*,*,#2019,.T.);
#2019 = EDGE_CURVE('',#2012,#2020,#2022,.T.);
#2020 = VERTEX_POINT('',#2021);
#2021 = CARTESIAN_POINT('',(10.43122380616,-2.220311593656,2.8));
#2022 = LINE('',#2023,#2024);
#2023 = CARTESIAN_POINT('',(10.43122380616,-0.471108393656,2.8));
#2024 = VECTOR('',#2025,1.);
#2025 = DIRECTION('',(0.,-1.,0.));
#2026 = ORIENTED_EDGE('',*,*,#2027,.F.);
#2027 = EDGE_CURVE('',#511,#2020,#2028,.T.);
#2028 = LINE('',#2029,#2030);
#2029 = CARTESIAN_POINT('',(10.43122380616,-2.220311593656,0.8));
#2030 = VECTOR('',#2031,1.);
#2031 = DIRECTION('',(0.,0.,1.));
#2032 = ORIENTED_EDGE('',*,*,#508,.F.);
#2033 = PLANE('',#2034);
#2034 = AXIS2_PLACEMENT_3D('',#2035,#2036,#2037);
#2035 = CARTESIAN_POINT('',(10.43122380616,-0.471108393656,0.8));
#2036 = DIRECTION('',(1.,0.,-0.));
#2037 = DIRECTION('',(0.,-1.,0.));
#2038 = ADVANCED_FACE('',(#2039),#2057,.F.);
#2039 = FACE_BOUND('',#2040,.F.);
#2040 = EDGE_LOOP('',(#2041,#2042,#2050,#2056));
#2041 = ORIENTED_EDGE('',*,*,#2027,.T.);
#2042 = ORIENTED_EDGE('',*,*,#2043,.T.);
#2043 = EDGE_CURVE('',#2020,#2044,#2046,.T.);
#2044 = VERTEX_POINT('',#2045);
#2045 = CARTESIAN_POINT('',(14.018376193839,-2.220311593656,2.8));
#2046 = LINE('',#2047,#2048);
#2047 = CARTESIAN_POINT('',(10.43122380616,-2.220311593656,2.8));
#2048 = VECTOR('',#2049,1.);
#2049 = DIRECTION('',(1.,0.,0.));
#2050 = ORIENTED_EDGE('',*,*,#2051,.F.);
#2051 = EDGE_CURVE('',#527,#2044,#2052,.T.);
#2052 = LINE('',#2053,#2054);
#2053 = CARTESIAN_POINT('',(14.018376193839,-2.220311593656,0.8));
#2054 = VECTOR('',#2055,1.);
#2055 = DIRECTION('',(0.,0.,1.));
#2056 = ORIENTED_EDGE('',*,*,#534,.F.);
#2057 = PLANE('',#2058);
#2058 = AXIS2_PLACEMENT_3D('',#2059,#2060,#2061);
#2059 = CARTESIAN_POINT('',(10.43122380616,-2.220311593656,0.8));
#2060 = DIRECTION('',(0.,1.,0.));
#2061 = DIRECTION('',(1.,0.,0.));
#2062 = ADVANCED_FACE('',(#2063),#2081,.F.);
#2063 = FACE_BOUND('',#2064,.F.);
#2064 = EDGE_LOOP('',(#2065,#2066,#2074,#2080));
#2065 = ORIENTED_EDGE('',*,*,#2051,.T.);
#2066 = ORIENTED_EDGE('',*,*,#2067,.T.);
#2067 = EDGE_CURVE('',#2044,#2068,#2070,.T.);
#2068 = VERTEX_POINT('',#2069);
#2069 = CARTESIAN_POINT('',(14.018376193839,-0.471108393656,2.8));
#2070 = LINE('',#2071,#2072);
#2071 = CARTESIAN_POINT('',(14.018376193839,-2.220311593656,2.8));
#2072 = VECTOR('',#2073,1.);
#2073 = DIRECTION('',(0.,1.,0.));
#2074 = ORIENTED_EDGE('',*,*,#2075,.F.);
#2075 = EDGE_CURVE('',#519,#2068,#2076,.T.);
#2076 = LINE('',#2077,#2078);
#2077 = CARTESIAN_POINT('',(14.018376193839,-0.471108393656,0.8));
#2078 = VECTOR('',#2079,1.);
#2079 = DIRECTION('',(0.,0.,1.));
#2080 = ORIENTED_EDGE('',*,*,#526,.F.);
#2081 = PLANE('',#2082);
#2082 = AXIS2_PLACEMENT_3D('',#2083,#2084,#2085);
#2083 = CARTESIAN_POINT('',(14.018376193839,-2.220311593656,0.8));
#2084 = DIRECTION('',(-1.,0.,0.));
#2085 = DIRECTION('',(0.,1.,0.));
#2086 = ADVANCED_FACE('',(#2087),#2098,.F.);
#2087 = FACE_BOUND('',#2088,.F.);
#2088 = EDGE_LOOP('',(#2089,#2090,#2096,#2097));
#2089 = ORIENTED_EDGE('',*,*,#2075,.T.);
#2090 = ORIENTED_EDGE('',*,*,#2091,.T.);
#2091 = EDGE_CURVE('',#2068,#2012,#2092,.T.);
#2092 = LINE('',#2093,#2094);
#2093 = CARTESIAN_POINT('',(14.018376193839,-0.471108393656,2.8));
#2094 = VECTOR('',#2095,1.);
#2095 = DIRECTION('',(-1.,0.,0.));
#2096 = ORIENTED_EDGE('',*,*,#2011,.F.);
#2097 = ORIENTED_EDGE('',*,*,#518,.F.);
#2098 = PLANE('',#2099);
#2099 = AXIS2_PLACEMENT_3D('',#2100,#2101,#2102);
#2100 = CARTESIAN_POINT('',(14.018376193839,-0.471108393656,0.8));
#2101 = DIRECTION('',(0.,-1.,0.));
#2102 = DIRECTION('',(-1.,0.,0.));
#2103 = ADVANCED_FACE('',(#2104),#2129,.F.);
#2104 = FACE_BOUND('',#2105,.F.);
#2105 = EDGE_LOOP('',(#2106,#2114,#2122,#2128));
#2106 = ORIENTED_EDGE('',*,*,#2107,.T.);
#2107 = EDGE_CURVE('',#543,#2108,#2110,.T.);
#2108 = VERTEX_POINT('',#2109);
#2109 = CARTESIAN_POINT('',(10.47182380616,2.368951606344,2.8));
#2110 = LINE('',#2111,#2112);
#2111 = CARTESIAN_POINT('',(10.47182380616,2.368951606344,0.8));
#2112 = VECTOR('',#2113,1.);
#2113 = DIRECTION('',(0.,0.,1.));
#2114 = ORIENTED_EDGE('',*,*,#2115,.T.);
#2115 = EDGE_CURVE('',#2108,#2116,#2118,.T.);
#2116 = VERTEX_POINT('',#2117);
#2117 = CARTESIAN_POINT('',(10.47182380616,0.619748406344,2.8));
#2118 = LINE('',#2119,#2120);
#2119 = CARTESIAN_POINT('',(10.47182380616,2.368951606344,2.8));
#2120 = VECTOR('',#2121,1.);
#2121 = DIRECTION('',(0.,-1.,0.));
#2122 = ORIENTED_EDGE('',*,*,#2123,.F.);
#2123 = EDGE_CURVE('',#545,#2116,#2124,.T.);
#2124 = LINE('',#2125,#2126);
#2125 = CARTESIAN_POINT('',(10.47182380616,0.619748406344,0.8));
#2126 = VECTOR('',#2127,1.);
#2127 = DIRECTION('',(0.,0.,1.));
#2128 = ORIENTED_EDGE('',*,*,#542,.F.);
#2129 = PLANE('',#2130);
#2130 = AXIS2_PLACEMENT_3D('',#2131,#2132,#2133);
#2131 = CARTESIAN_POINT('',(10.47182380616,2.368951606344,0.8));
#2132 = DIRECTION('',(1.,0.,-0.));
#2133 = DIRECTION('',(0.,-1.,0.));
#2134 = ADVANCED_FACE('',(#2135),#2153,.F.);
#2135 = FACE_BOUND('',#2136,.F.);
#2136 = EDGE_LOOP('',(#2137,#2138,#2146,#2152));
#2137 = ORIENTED_EDGE('',*,*,#2123,.T.);
#2138 = ORIENTED_EDGE('',*,*,#2139,.T.);
#2139 = EDGE_CURVE('',#2116,#2140,#2142,.T.);
#2140 = VERTEX_POINT('',#2141);
#2141 = CARTESIAN_POINT('',(14.058976193839,0.619748406344,2.8));
#2142 = LINE('',#2143,#2144);
#2143 = CARTESIAN_POINT('',(10.47182380616,0.619748406344,2.8));
#2144 = VECTOR('',#2145,1.);
#2145 = DIRECTION('',(1.,0.,0.));
#2146 = ORIENTED_EDGE('',*,*,#2147,.F.);
#2147 = EDGE_CURVE('',#561,#2140,#2148,.T.);
#2148 = LINE('',#2149,#2150);
#2149 = CARTESIAN_POINT('',(14.058976193839,0.619748406344,0.8));
#2150 = VECTOR('',#2151,1.);
#2151 = DIRECTION('',(0.,0.,1.));
#2152 = ORIENTED_EDGE('',*,*,#568,.F.);
#2153 = PLANE('',#2154);
#2154 = AXIS2_PLACEMENT_3D('',#2155,#2156,#2157);
#2155 = CARTESIAN_POINT('',(10.47182380616,0.619748406344,0.8));
#2156 = DIRECTION('',(0.,1.,0.));
#2157 = DIRECTION('',(1.,0.,0.));
#2158 = ADVANCED_FACE('',(#2159),#2177,.F.);
#2159 = FACE_BOUND('',#2160,.F.);
#2160 = EDGE_LOOP('',(#2161,#2162,#2170,#2176));
#2161 = ORIENTED_EDGE('',*,*,#2147,.T.);
#2162 = ORIENTED_EDGE('',*,*,#2163,.T.);
#2163 = EDGE_CURVE('',#2140,#2164,#2166,.T.);
#2164 = VERTEX_POINT('',#2165);
#2165 = CARTESIAN_POINT('',(14.058976193839,2.368951606344,2.8));
#2166 = LINE('',#2167,#2168);
#2167 = CARTESIAN_POINT('',(14.058976193839,0.619748406344,2.8));
#2168 = VECTOR('',#2169,1.);
#2169 = DIRECTION('',(0.,1.,0.));
#2170 = ORIENTED_EDGE('',*,*,#2171,.F.);
#2171 = EDGE_CURVE('',#553,#2164,#2172,.T.);
#2172 = LINE('',#2173,#2174);
#2173 = CARTESIAN_POINT('',(14.058976193839,2.368951606344,0.8));
#2174 = VECTOR('',#2175,1.);
#2175 = DIRECTION('',(0.,0.,1.));
#2176 = ORIENTED_EDGE('',*,*,#560,.F.);
#2177 = PLANE('',#2178);
#2178 = AXIS2_PLACEMENT_3D('',#2179,#2180,#2181);
#2179 = CARTESIAN_POINT('',(14.058976193839,0.619748406344,0.8));
#2180 = DIRECTION('',(-1.,0.,0.));
#2181 = DIRECTION('',(0.,1.,0.));
#2182 = ADVANCED_FACE('',(#2183),#2194,.F.);
#2183 = FACE_BOUND('',#2184,.F.);
#2184 = EDGE_LOOP('',(#2185,#2186,#2192,#2193));
#2185 = ORIENTED_EDGE('',*,*,#2171,.T.);
#2186 = ORIENTED_EDGE('',*,*,#2187,.T.);
#2187 = EDGE_CURVE('',#2164,#2108,#2188,.T.);
#2188 = LINE('',#2189,#2190);
#2189 = CARTESIAN_POINT('',(14.058976193839,2.368951606344,2.8));
#2190 = VECTOR('',#2191,1.);
#2191 = DIRECTION('',(-1.,0.,0.));
#2192 = ORIENTED_EDGE('',*,*,#2107,.F.);
#2193 = ORIENTED_EDGE('',*,*,#552,.F.);
#2194 = PLANE('',#2195);
#2195 = AXIS2_PLACEMENT_3D('',#2196,#2197,#2198);
#2196 = CARTESIAN_POINT('',(14.058976193839,2.368951606344,0.8));
#2197 = DIRECTION('',(0.,-1.,0.));
#2198 = DIRECTION('',(-1.,0.,0.));
#2199 = ADVANCED_FACE('',(#2200),#2219,.T.);
#2200 = FACE_BOUND('',#2201,.F.);
#2201 = EDGE_LOOP('',(#2202,#2211,#2212,#2213));
#2202 = ORIENTED_EDGE('',*,*,#2203,.F.);
#2203 = EDGE_CURVE('',#768,#2204,#2206,.T.);
#2204 = VERTEX_POINT('',#2205);
#2205 = CARTESIAN_POINT('',(12.999998928562,5.73,-0.9));
#2206 = CIRCLE('',#2207,1.27);
#2207 = AXIS2_PLACEMENT_3D('',#2208,#2209,#2210);
#2208 = CARTESIAN_POINT('',(13.,7.,-0.9));
#2209 = DIRECTION('',(0.,0.,1.));
#2210 = DIRECTION('',(1.,0.,0.));
#2211 = ORIENTED_EDGE('',*,*,#777,.T.);
#2212 = ORIENTED_EDGE('',*,*,#752,.F.);
#2213 = ORIENTED_EDGE('',*,*,#2214,.F.);
#2214 = EDGE_CURVE('',#2204,#744,#2215,.T.);
#2215 = LINE('',#2216,#2217);
#2216 = CARTESIAN_POINT('',(12.999998928562,5.73,-0.9));
#2217 = VECTOR('',#2218,1.);
#2218 = DIRECTION('',(0.,0.,1.));
#2219 = CYLINDRICAL_SURFACE('',#2220,1.27);
#2220 = AXIS2_PLACEMENT_3D('',#2221,#2222,#2223);
#2221 = CARTESIAN_POINT('',(13.,7.,-0.9));
#2222 = DIRECTION('',(-0.,-0.,-1.));
#2223 = DIRECTION('',(1.,0.,0.));
#2224 = ADVANCED_FACE('',(#2225),#2237,.T.);
#2225 = FACE_BOUND('',#2226,.F.);
#2226 = EDGE_LOOP('',(#2227,#2234,#2235,#2236));
#2227 = ORIENTED_EDGE('',*,*,#2228,.F.);
#2228 = EDGE_CURVE('',#2204,#918,#2229,.T.);
#2229 = CIRCLE('',#2230,1.27);
#2230 = AXIS2_PLACEMENT_3D('',#2231,#2232,#2233);
#2231 = CARTESIAN_POINT('',(13.,4.46,-0.9));
#2232 = DIRECTION('',(0.,0.,1.));
#2233 = DIRECTION('',(1.,0.,0.));
#2234 = ORIENTED_EDGE('',*,*,#2214,.T.);
#2235 = ORIENTED_EDGE('',*,*,#743,.F.);
#2236 = ORIENTED_EDGE('',*,*,#948,.F.);
#2237 = CYLINDRICAL_SURFACE('',#2238,1.27);
#2238 = AXIS2_PLACEMENT_3D('',#2239,#2240,#2241);
#2239 = CARTESIAN_POINT('',(13.,4.46,-0.9));
#2240 = DIRECTION('',(-0.,-0.,-1.));
#2241 = DIRECTION('',(1.,0.,0.));
#2242 = ADVANCED_FACE('',(#2243),#2262,.T.);
#2243 = FACE_BOUND('',#2244,.T.);
#2244 = EDGE_LOOP('',(#2245,#2254,#2260,#2261));
#2245 = ORIENTED_EDGE('',*,*,#2246,.F.);
#2246 = EDGE_CURVE('',#2247,#1007,#2249,.T.);
#2247 = VERTEX_POINT('',#2248);
#2248 = CARTESIAN_POINT('',(12.999998928562,-5.73,-0.9));
#2249 = CIRCLE('',#2250,1.27);
#2250 = AXIS2_PLACEMENT_3D('',#2251,#2252,#2253);
#2251 = CARTESIAN_POINT('',(13.,-4.46,-0.9));
#2252 = DIRECTION('',(0.,0.,-1.));
#2253 = DIRECTION('',(1.,0.,0.));
#2254 = ORIENTED_EDGE('',*,*,#2255,.T.);
#2255 = EDGE_CURVE('',#2247,#702,#2256,.T.);
#2256 = LINE('',#2257,#2258);
#2257 = CARTESIAN_POINT('',(12.999998928562,-5.73,-0.9));
#2258 = VECTOR('',#2259,1.);
#2259 = DIRECTION('',(0.,0.,1.));
#2260 = ORIENTED_EDGE('',*,*,#710,.F.);
#2261 = ORIENTED_EDGE('',*,*,#1039,.F.);
#2262 = CYLINDRICAL_SURFACE('',#2263,1.27);
#2263 = AXIS2_PLACEMENT_3D('',#2264,#2265,#2266);
#2264 = CARTESIAN_POINT('',(13.,-4.46,-0.9));
#2265 = DIRECTION('',(0.,0.,-1.));
#2266 = DIRECTION('',(1.,0.,0.));
#2267 = ADVANCED_FACE('',(#2268),#2280,.T.);
#2268 = FACE_BOUND('',#2269,.T.);
#2269 = EDGE_LOOP('',(#2270,#2277,#2278,#2279));
#2270 = ORIENTED_EDGE('',*,*,#2271,.F.);
#2271 = EDGE_CURVE('',#1193,#2247,#2272,.T.);
#2272 = CIRCLE('',#2273,1.27);
#2273 = AXIS2_PLACEMENT_3D('',#2274,#2275,#2276);
#2274 = CARTESIAN_POINT('',(13.,-7.,-0.9));
#2275 = DIRECTION('',(0.,0.,-1.));
#2276 = DIRECTION('',(1.,0.,0.));
#2277 = ORIENTED_EDGE('',*,*,#1202,.T.);
#2278 = ORIENTED_EDGE('',*,*,#701,.F.);
#2279 = ORIENTED_EDGE('',*,*,#2255,.F.);
#2280 = CYLINDRICAL_SURFACE('',#2281,1.27);
#2281 = AXIS2_PLACEMENT_3D('',#2282,#2283,#2284);
#2282 = CARTESIAN_POINT('',(13.,-7.,-0.9));
#2283 = DIRECTION('',(0.,0.,-1.));
#2284 = DIRECTION('',(1.,0.,0.));
#2285 = ADVANCED_FACE('',(#2286),#2305,.T.);
#2286 = FACE_BOUND('',#2287,.F.);
#2287 = EDGE_LOOP('',(#2288,#2297,#2298,#2299));
#2288 = ORIENTED_EDGE('',*,*,#2289,.F.);
#2289 = EDGE_CURVE('',#1390,#2290,#2292,.T.);
#2290 = VERTEX_POINT('',#2291);
#2291 = CARTESIAN_POINT('',(-12.99999892856,-5.73,-0.9));
#2292 = CIRCLE('',#2293,1.27);
#2293 = AXIS2_PLACEMENT_3D('',#2294,#2295,#2296);
#2294 = CARTESIAN_POINT('',(-13.,-7.,-0.9));
#2295 = DIRECTION('',(0.,-0.,1.));
#2296 = DIRECTION('',(-1.,0.,0.));
#2297 = ORIENTED_EDGE('',*,*,#1399,.T.);
#2298 = ORIENTED_EDGE('',*,*,#652,.F.);
#2299 = ORIENTED_EDGE('',*,*,#2300,.F.);
#2300 = EDGE_CURVE('',#2290,#644,#2301,.T.);
#2301 = LINE('',#2302,#2303);
#2302 = CARTESIAN_POINT('',(-12.99999892856,-5.73,-0.9));
#2303 = VECTOR('',#2304,1.);
#2304 = DIRECTION('',(0.,0.,1.));
#2305 = CYLINDRICAL_SURFACE('',#2306,1.27);
#2306 = AXIS2_PLACEMENT_3D('',#2307,#2308,#2309);
#2307 = CARTESIAN_POINT('',(-13.,-7.,-0.9));
#2308 = DIRECTION('',(0.,0.,-1.));
#2309 = DIRECTION('',(-1.,0.,0.));
#2310 = ADVANCED_FACE('',(#2311),#2323,.T.);
#2311 = FACE_BOUND('',#2312,.F.);
#2312 = EDGE_LOOP('',(#2313,#2320,#2321,#2322));
#2313 = ORIENTED_EDGE('',*,*,#2314,.F.);
#2314 = EDGE_CURVE('',#2290,#1242,#2315,.T.);
#2315 = CIRCLE('',#2316,1.27);
#2316 = AXIS2_PLACEMENT_3D('',#2317,#2318,#2319);
#2317 = CARTESIAN_POINT('',(-13.,-4.46,-0.9));
#2318 = DIRECTION('',(0.,-0.,1.));
#2319 = DIRECTION('',(-1.,0.,0.));
#2320 = ORIENTED_EDGE('',*,*,#2300,.T.);
#2321 = ORIENTED_EDGE('',*,*,#643,.F.);
#2322 = ORIENTED_EDGE('',*,*,#1274,.F.);
#2323 = CYLINDRICAL_SURFACE('',#2324,1.27);
#2324 = AXIS2_PLACEMENT_3D('',#2325,#2326,#2327);
#2325 = CARTESIAN_POINT('',(-13.,-4.46,-0.9));
#2326 = DIRECTION('',(0.,0.,-1.));
#2327 = DIRECTION('',(-1.,0.,0.));
#2328 = ADVANCED_FACE('',(#2329),#2348,.T.);
#2329 = FACE_BOUND('',#2330,.T.);
#2330 = EDGE_LOOP('',(#2331,#2340,#2346,#2347));
#2331 = ORIENTED_EDGE('',*,*,#2332,.F.);
#2332 = EDGE_CURVE('',#2333,#1106,#2335,.T.);
#2333 = VERTEX_POINT('',#2334);
#2334 = CARTESIAN_POINT('',(-12.99999892856,5.73,-0.9));
#2335 = CIRCLE('',#2336,1.27);
#2336 = AXIS2_PLACEMENT_3D('',#2337,#2338,#2339);
#2337 = CARTESIAN_POINT('',(-13.,4.46,-0.9));
#2338 = DIRECTION('',(0.,0.,-1.));
#2339 = DIRECTION('',(-1.,-0.,-0.));
#2340 = ORIENTED_EDGE('',*,*,#2341,.T.);
#2341 = EDGE_CURVE('',#2333,#602,#2342,.T.);
#2342 = LINE('',#2343,#2344);
#2343 = CARTESIAN_POINT('',(-12.99999892856,5.73,-0.9));
#2344 = VECTOR('',#2345,1.);
#2345 = DIRECTION('',(0.,0.,1.));
#2346 = ORIENTED_EDGE('',*,*,#610,.F.);
#2347 = ORIENTED_EDGE('',*,*,#1136,.F.);
#2348 = CYLINDRICAL_SURFACE('',#2349,1.27);
#2349 = AXIS2_PLACEMENT_3D('',#2350,#2351,#2352);
#2350 = CARTESIAN_POINT('',(-13.,4.46,-0.9));
#2351 = DIRECTION('',(0.,0.,-1.));
#2352 = DIRECTION('',(-1.,-0.,-0.));
#2353 = ADVANCED_FACE('',(#2354),#2366,.T.);
#2354 = FACE_BOUND('',#2355,.T.);
#2355 = EDGE_LOOP('',(#2356,#2363,#2364,#2365));
#2356 = ORIENTED_EDGE('',*,*,#2357,.F.);
#2357 = EDGE_CURVE('',#817,#2333,#2358,.T.);
#2358 = CIRCLE('',#2359,1.27);
#2359 = AXIS2_PLACEMENT_3D('',#2360,#2361,#2362);
#2360 = CARTESIAN_POINT('',(-13.,7.,-0.9));
#2361 = DIRECTION('',(0.,0.,-1.));
#2362 = DIRECTION('',(-1.,-0.,-0.));
#2363 = ORIENTED_EDGE('',*,*,#826,.T.);
#2364 = ORIENTED_EDGE('',*,*,#601,.F.);
#2365 = ORIENTED_EDGE('',*,*,#2341,.F.);
#2366 = CYLINDRICAL_SURFACE('',#2367,1.27);
#2367 = AXIS2_PLACEMENT_3D('',#2368,#2369,#2370);
#2368 = CARTESIAN_POINT('',(-13.,7.,-0.9));
#2369 = DIRECTION('',(0.,0.,-1.));
#2370 = DIRECTION('',(-1.,-0.,-0.));
#2371 = ADVANCED_FACE('',(#2372,#2418,#2429),#2440,.F.);
#2372 = FACE_BOUND('',#2373,.F.);
#2373 = EDGE_LOOP('',(#2374,#2375,#2376,#2377,#2385,#2394,#2402,#2411,
    #2417));
#2374 = ORIENTED_EDGE('',*,*,#2203,.T.);
#2375 = ORIENTED_EDGE('',*,*,#2228,.T.);
#2376 = ORIENTED_EDGE('',*,*,#915,.F.);
#2377 = ORIENTED_EDGE('',*,*,#2378,.F.);
#2378 = EDGE_CURVE('',#2379,#916,#2381,.T.);
#2379 = VERTEX_POINT('',#2380);
#2380 = CARTESIAN_POINT('',(15.1,3.970102051443,-0.9));
#2381 = LINE('',#2382,#2383);
#2382 = CARTESIAN_POINT('',(15.1,8.27,-0.9));
#2383 = VECTOR('',#2384,1.);
#2384 = DIRECTION('',(0.,-1.,0.));
#2385 = ORIENTED_EDGE('',*,*,#2386,.F.);
#2386 = EDGE_CURVE('',#2387,#2379,#2389,.T.);
#2387 = VERTEX_POINT('',#2388);
#2388 = CARTESIAN_POINT('',(15.1,4.949897948557,-0.9));
#2389 = CIRCLE('',#2390,0.5);
#2390 = AXIS2_PLACEMENT_3D('',#2391,#2392,#2393);
#2391 = CARTESIAN_POINT('',(15.,4.46,-0.9));
#2392 = DIRECTION('',(0.,0.,1.));
#2393 = DIRECTION('',(1.,0.,0.));
#2394 = ORIENTED_EDGE('',*,*,#2395,.F.);
#2395 = EDGE_CURVE('',#2396,#2387,#2398,.T.);
#2396 = VERTEX_POINT('',#2397);
#2397 = CARTESIAN_POINT('',(15.1,6.510102051443,-0.9));
#2398 = LINE('',#2399,#2400);
#2399 = CARTESIAN_POINT('',(15.1,8.27,-0.9));
#2400 = VECTOR('',#2401,1.);
#2401 = DIRECTION('',(0.,-1.,0.));
#2402 = ORIENTED_EDGE('',*,*,#2403,.F.);
#2403 = EDGE_CURVE('',#2404,#2396,#2406,.T.);
#2404 = VERTEX_POINT('',#2405);
#2405 = CARTESIAN_POINT('',(15.1,7.489897948557,-0.9));
#2406 = CIRCLE('',#2407,0.5);
#2407 = AXIS2_PLACEMENT_3D('',#2408,#2409,#2410);
#2408 = CARTESIAN_POINT('',(15.,7.,-0.9));
#2409 = DIRECTION('',(0.,0.,1.));
#2410 = DIRECTION('',(1.,0.,0.));
#2411 = ORIENTED_EDGE('',*,*,#2412,.F.);
#2412 = EDGE_CURVE('',#770,#2404,#2413,.T.);
#2413 = LINE('',#2414,#2415);
#2414 = CARTESIAN_POINT('',(15.1,8.27,-0.9));
#2415 = VECTOR('',#2416,1.);
#2416 = DIRECTION('',(0.,-1.,0.));
#2417 = ORIENTED_EDGE('',*,*,#767,.F.);
#2418 = FACE_BOUND('',#2419,.F.);
#2419 = EDGE_LOOP('',(#2420));
#2420 = ORIENTED_EDGE('',*,*,#2421,.F.);
#2421 = EDGE_CURVE('',#2422,#2422,#2424,.T.);
#2422 = VERTEX_POINT('',#2423);
#2423 = CARTESIAN_POINT('',(13.5,4.46,-0.9));
#2424 = CIRCLE('',#2425,0.5);
#2425 = AXIS2_PLACEMENT_3D('',#2426,#2427,#2428);
#2426 = CARTESIAN_POINT('',(13.,4.46,-0.9));
#2427 = DIRECTION('',(0.,0.,1.));
#2428 = DIRECTION('',(1.,0.,0.));
#2429 = FACE_BOUND('',#2430,.F.);
#2430 = EDGE_LOOP('',(#2431));
#2431 = ORIENTED_EDGE('',*,*,#2432,.F.);
#2432 = EDGE_CURVE('',#2433,#2433,#2435,.T.);
#2433 = VERTEX_POINT('',#2434);
#2434 = CARTESIAN_POINT('',(13.5,7.,-0.9));
#2435 = CIRCLE('',#2436,0.5);
#2436 = AXIS2_PLACEMENT_3D('',#2437,#2438,#2439);
#2437 = CARTESIAN_POINT('',(13.,7.,-0.9));
#2438 = DIRECTION('',(0.,0.,1.));
#2439 = DIRECTION('',(1.,0.,0.));
#2440 = PLANE('',#2441);
#2441 = AXIS2_PLACEMENT_3D('',#2442,#2443,#2444);
#2442 = CARTESIAN_POINT('',(13.561582904944,5.73,-0.9));
#2443 = DIRECTION('',(0.,0.,1.));
#2444 = DIRECTION('',(1.,0.,0.));
#2445 = ADVANCED_FACE('',(#2446),#2464,.T.);
#2446 = FACE_BOUND('',#2447,.T.);
#2447 = EDGE_LOOP('',(#2448,#2449,#2450,#2458));
#2448 = ORIENTED_EDGE('',*,*,#2412,.F.);
#2449 = ORIENTED_EDGE('',*,*,#802,.T.);
#2450 = ORIENTED_EDGE('',*,*,#2451,.T.);
#2451 = EDGE_CURVE('',#795,#2452,#2454,.T.);
#2452 = VERTEX_POINT('',#2453);
#2453 = CARTESIAN_POINT('',(15.1,7.489897948557,0.9));
#2454 = LINE('',#2455,#2456);
#2455 = CARTESIAN_POINT('',(15.1,8.27,0.9));
#2456 = VECTOR('',#2457,1.);
#2457 = DIRECTION('',(0.,-1.,0.));
#2458 = ORIENTED_EDGE('',*,*,#2459,.F.);
#2459 = EDGE_CURVE('',#2404,#2452,#2460,.T.);
#2460 = LINE('',#2461,#2462);
#2461 = CARTESIAN_POINT('',(15.1,7.489897948557,0.));
#2462 = VECTOR('',#2463,1.);
#2463 = DIRECTION('',(0.,0.,1.));
#2464 = PLANE('',#2465);
#2465 = AXIS2_PLACEMENT_3D('',#2466,#2467,#2468);
#2466 = CARTESIAN_POINT('',(15.1,8.27,-0.9));
#2467 = DIRECTION('',(1.,0.,0.));
#2468 = DIRECTION('',(0.,-1.,0.));
#2469 = ADVANCED_FACE('',(#2470,#2509,#2520),#2531,.T.);
#2470 = FACE_BOUND('',#2471,.T.);
#2471 = EDGE_LOOP('',(#2472,#2473,#2474,#2475,#2483,#2492,#2500,#2507,
    #2508));
#2472 = ORIENTED_EDGE('',*,*,#867,.T.);
#2473 = ORIENTED_EDGE('',*,*,#892,.T.);
#2474 = ORIENTED_EDGE('',*,*,#933,.F.);
#2475 = ORIENTED_EDGE('',*,*,#2476,.F.);
#2476 = EDGE_CURVE('',#2477,#926,#2479,.T.);
#2477 = VERTEX_POINT('',#2478);
#2478 = CARTESIAN_POINT('',(15.1,3.970102051443,0.9));
#2479 = LINE('',#2480,#2481);
#2480 = CARTESIAN_POINT('',(15.1,8.27,0.9));
#2481 = VECTOR('',#2482,1.);
#2482 = DIRECTION('',(0.,-1.,0.));
#2483 = ORIENTED_EDGE('',*,*,#2484,.F.);
#2484 = EDGE_CURVE('',#2485,#2477,#2487,.T.);
#2485 = VERTEX_POINT('',#2486);
#2486 = CARTESIAN_POINT('',(15.1,4.949897948557,0.9));
#2487 = CIRCLE('',#2488,0.5);
#2488 = AXIS2_PLACEMENT_3D('',#2489,#2490,#2491);
#2489 = CARTESIAN_POINT('',(15.,4.46,0.9));
#2490 = DIRECTION('',(0.,0.,1.));
#2491 = DIRECTION('',(1.,0.,0.));
#2492 = ORIENTED_EDGE('',*,*,#2493,.F.);
#2493 = EDGE_CURVE('',#2494,#2485,#2496,.T.);
#2494 = VERTEX_POINT('',#2495);
#2495 = CARTESIAN_POINT('',(15.1,6.510102051443,0.9));
#2496 = LINE('',#2497,#2498);
#2497 = CARTESIAN_POINT('',(15.1,8.27,0.9));
#2498 = VECTOR('',#2499,1.);
#2499 = DIRECTION('',(0.,-1.,0.));
#2500 = ORIENTED_EDGE('',*,*,#2501,.F.);
#2501 = EDGE_CURVE('',#2452,#2494,#2502,.T.);
#2502 = CIRCLE('',#2503,0.5);
#2503 = AXIS2_PLACEMENT_3D('',#2504,#2505,#2506);
#2504 = CARTESIAN_POINT('',(15.,7.,0.9));
#2505 = DIRECTION('',(0.,0.,1.));
#2506 = DIRECTION('',(1.,0.,0.));
#2507 = ORIENTED_EDGE('',*,*,#2451,.F.);
#2508 = ORIENTED_EDGE('',*,*,#794,.F.);
#2509 = FACE_BOUND('',#2510,.T.);
#2510 = EDGE_LOOP('',(#2511));
#2511 = ORIENTED_EDGE('',*,*,#2512,.F.);
#2512 = EDGE_CURVE('',#2513,#2513,#2515,.T.);
#2513 = VERTEX_POINT('',#2514);
#2514 = CARTESIAN_POINT('',(13.5,4.46,0.9));
#2515 = CIRCLE('',#2516,0.5);
#2516 = AXIS2_PLACEMENT_3D('',#2517,#2518,#2519);
#2517 = CARTESIAN_POINT('',(13.,4.46,0.9));
#2518 = DIRECTION('',(0.,0.,1.));
#2519 = DIRECTION('',(1.,0.,0.));
#2520 = FACE_BOUND('',#2521,.T.);
#2521 = EDGE_LOOP('',(#2522));
#2522 = ORIENTED_EDGE('',*,*,#2523,.F.);
#2523 = EDGE_CURVE('',#2524,#2524,#2526,.T.);
#2524 = VERTEX_POINT('',#2525);
#2525 = CARTESIAN_POINT('',(13.5,7.,0.9));
#2526 = CIRCLE('',#2527,0.5);
#2527 = AXIS2_PLACEMENT_3D('',#2528,#2529,#2530);
#2528 = CARTESIAN_POINT('',(13.,7.,0.9));
#2529 = DIRECTION('',(0.,0.,1.));
#2530 = DIRECTION('',(1.,0.,0.));
#2531 = PLANE('',#2532);
#2532 = AXIS2_PLACEMENT_3D('',#2533,#2534,#2535);
#2533 = CARTESIAN_POINT('',(13.561582904944,5.73,0.9));
#2534 = DIRECTION('',(0.,0.,1.));
#2535 = DIRECTION('',(1.,0.,0.));
#2536 = ADVANCED_FACE('',(#2537,#2601,#2612),#2623,.F.);
#2537 = FACE_BOUND('',#2538,.T.);
#2538 = EDGE_LOOP('',(#2539,#2540,#2541,#2542,#2550,#2559,#2568,#2576,
    #2585,#2594,#2600));
#2539 = ORIENTED_EDGE('',*,*,#2357,.T.);
#2540 = ORIENTED_EDGE('',*,*,#2332,.T.);
#2541 = ORIENTED_EDGE('',*,*,#1103,.F.);
#2542 = ORIENTED_EDGE('',*,*,#2543,.F.);
#2543 = EDGE_CURVE('',#2544,#1104,#2546,.T.);
#2544 = VERTEX_POINT('',#2545);
#2545 = CARTESIAN_POINT('',(-15.1,3.970102051443,-0.9));
#2546 = LINE('',#2547,#2548);
#2547 = CARTESIAN_POINT('',(-15.1,8.27,-0.9));
#2548 = VECTOR('',#2549,1.);
#2549 = DIRECTION('',(-0.,-1.,-0.));
#2550 = ORIENTED_EDGE('',*,*,#2551,.T.);
#2551 = EDGE_CURVE('',#2544,#2552,#2554,.T.);
#2552 = VERTEX_POINT('',#2553);
#2553 = CARTESIAN_POINT('',(-14.5,4.46,-0.9));
#2554 = CIRCLE('',#2555,0.5);
#2555 = AXIS2_PLACEMENT_3D('',#2556,#2557,#2558);
#2556 = CARTESIAN_POINT('',(-15.,4.46,-0.9));
#2557 = DIRECTION('',(0.,0.,1.));
#2558 = DIRECTION('',(1.,0.,0.));
#2559 = ORIENTED_EDGE('',*,*,#2560,.T.);
#2560 = EDGE_CURVE('',#2552,#2561,#2563,.T.);
#2561 = VERTEX_POINT('',#2562);
#2562 = CARTESIAN_POINT('',(-15.1,4.949897948557,-0.9));
#2563 = CIRCLE('',#2564,0.5);
#2564 = AXIS2_PLACEMENT_3D('',#2565,#2566,#2567);
#2565 = CARTESIAN_POINT('',(-15.,4.46,-0.9));
#2566 = DIRECTION('',(0.,0.,1.));
#2567 = DIRECTION('',(1.,0.,0.));
#2568 = ORIENTED_EDGE('',*,*,#2569,.F.);
#2569 = EDGE_CURVE('',#2570,#2561,#2572,.T.);
#2570 = VERTEX_POINT('',#2571);
#2571 = CARTESIAN_POINT('',(-15.1,6.510102051443,-0.9));
#2572 = LINE('',#2573,#2574);
#2573 = CARTESIAN_POINT('',(-15.1,8.27,-0.9));
#2574 = VECTOR('',#2575,1.);
#2575 = DIRECTION('',(-0.,-1.,-0.));
#2576 = ORIENTED_EDGE('',*,*,#2577,.T.);
#2577 = EDGE_CURVE('',#2570,#2578,#2580,.T.);
#2578 = VERTEX_POINT('',#2579);
#2579 = CARTESIAN_POINT('',(-14.5,7.,-0.9));
#2580 = CIRCLE('',#2581,0.5);
#2581 = AXIS2_PLACEMENT_3D('',#2582,#2583,#2584);
#2582 = CARTESIAN_POINT('',(-15.,7.,-0.9));
#2583 = DIRECTION('',(0.,0.,1.));
#2584 = DIRECTION('',(1.,0.,0.));
#2585 = ORIENTED_EDGE('',*,*,#2586,.T.);
#2586 = EDGE_CURVE('',#2578,#2587,#2589,.T.);
#2587 = VERTEX_POINT('',#2588);
#2588 = CARTESIAN_POINT('',(-15.1,7.489897948557,-0.9));
#2589 = CIRCLE('',#2590,0.5);
#2590 = AXIS2_PLACEMENT_3D('',#2591,#2592,#2593);
#2591 = CARTESIAN_POINT('',(-15.,7.,-0.9));
#2592 = DIRECTION('',(0.,0.,1.));
#2593 = DIRECTION('',(1.,0.,0.));
#2594 = ORIENTED_EDGE('',*,*,#2595,.F.);
#2595 = EDGE_CURVE('',#819,#2587,#2596,.T.);
#2596 = LINE('',#2597,#2598);
#2597 = CARTESIAN_POINT('',(-15.1,8.27,-0.9));
#2598 = VECTOR('',#2599,1.);
#2599 = DIRECTION('',(-0.,-1.,-0.));
#2600 = ORIENTED_EDGE('',*,*,#816,.F.);
#2601 = FACE_BOUND('',#2602,.T.);
#2602 = EDGE_LOOP('',(#2603));
#2603 = ORIENTED_EDGE('',*,*,#2604,.T.);
#2604 = EDGE_CURVE('',#2605,#2605,#2607,.T.);
#2605 = VERTEX_POINT('',#2606);
#2606 = CARTESIAN_POINT('',(-12.5,4.46,-0.9));
#2607 = CIRCLE('',#2608,0.5);
#2608 = AXIS2_PLACEMENT_3D('',#2609,#2610,#2611);
#2609 = CARTESIAN_POINT('',(-13.,4.46,-0.9));
#2610 = DIRECTION('',(0.,0.,1.));
#2611 = DIRECTION('',(1.,0.,0.));
#2612 = FACE_BOUND('',#2613,.T.);
#2613 = EDGE_LOOP('',(#2614));
#2614 = ORIENTED_EDGE('',*,*,#2615,.T.);
#2615 = EDGE_CURVE('',#2616,#2616,#2618,.T.);
#2616 = VERTEX_POINT('',#2617);
#2617 = CARTESIAN_POINT('',(-12.5,7.,-0.9));
#2618 = CIRCLE('',#2619,0.5);
#2619 = AXIS2_PLACEMENT_3D('',#2620,#2621,#2622);
#2620 = CARTESIAN_POINT('',(-13.,7.,-0.9));
#2621 = DIRECTION('',(0.,0.,1.));
#2622 = DIRECTION('',(1.,0.,0.));
#2623 = PLANE('',#2624);
#2624 = AXIS2_PLACEMENT_3D('',#2625,#2626,#2627);
#2625 = CARTESIAN_POINT('',(-13.56158290494,5.73,-0.9));
#2626 = DIRECTION('',(0.,0.,1.));
#2627 = DIRECTION('',(1.,0.,0.));
#2628 = ADVANCED_FACE('',(#2629),#2647,.T.);
#2629 = FACE_BOUND('',#2630,.F.);
#2630 = EDGE_LOOP('',(#2631,#2632,#2633,#2641));
#2631 = ORIENTED_EDGE('',*,*,#2595,.F.);
#2632 = ORIENTED_EDGE('',*,*,#851,.T.);
#2633 = ORIENTED_EDGE('',*,*,#2634,.T.);
#2634 = EDGE_CURVE('',#844,#2635,#2637,.T.);
#2635 = VERTEX_POINT('',#2636);
#2636 = CARTESIAN_POINT('',(-15.1,7.489897948557,0.9));
#2637 = LINE('',#2638,#2639);
#2638 = CARTESIAN_POINT('',(-15.1,8.27,0.9));
#2639 = VECTOR('',#2640,1.);
#2640 = DIRECTION('',(-0.,-1.,-0.));
#2641 = ORIENTED_EDGE('',*,*,#2642,.F.);
#2642 = EDGE_CURVE('',#2587,#2635,#2643,.T.);
#2643 = LINE('',#2644,#2645);
#2644 = CARTESIAN_POINT('',(-15.1,7.489897948557,0.));
#2645 = VECTOR('',#2646,1.);
#2646 = DIRECTION('',(0.,0.,1.));
#2647 = PLANE('',#2648);
#2648 = AXIS2_PLACEMENT_3D('',#2649,#2650,#2651);
#2649 = CARTESIAN_POINT('',(-15.1,8.27,-0.9));
#2650 = DIRECTION('',(-1.,-0.,-0.));
#2651 = DIRECTION('',(0.,1.,0.));
#2652 = ADVANCED_FACE('',(#2653,#2710,#2721),#2732,.T.);
#2653 = FACE_BOUND('',#2654,.F.);
#2654 = EDGE_LOOP('',(#2655,#2656,#2657,#2658,#2666,#2675,#2684,#2692,
    #2701,#2708,#2709));
#2655 = ORIENTED_EDGE('',*,*,#981,.T.);
#2656 = ORIENTED_EDGE('',*,*,#1055,.T.);
#2657 = ORIENTED_EDGE('',*,*,#1121,.F.);
#2658 = ORIENTED_EDGE('',*,*,#2659,.F.);
#2659 = EDGE_CURVE('',#2660,#1114,#2662,.T.);
#2660 = VERTEX_POINT('',#2661);
#2661 = CARTESIAN_POINT('',(-15.1,3.970102051443,0.9));
#2662 = LINE('',#2663,#2664);
#2663 = CARTESIAN_POINT('',(-15.1,8.27,0.9));
#2664 = VECTOR('',#2665,1.);
#2665 = DIRECTION('',(-0.,-1.,-0.));
#2666 = ORIENTED_EDGE('',*,*,#2667,.T.);
#2667 = EDGE_CURVE('',#2660,#2668,#2670,.T.);
#2668 = VERTEX_POINT('',#2669);
#2669 = CARTESIAN_POINT('',(-14.5,4.46,0.9));
#2670 = CIRCLE('',#2671,0.5);
#2671 = AXIS2_PLACEMENT_3D('',#2672,#2673,#2674);
#2672 = CARTESIAN_POINT('',(-15.,4.46,0.9));
#2673 = DIRECTION('',(0.,0.,1.));
#2674 = DIRECTION('',(1.,0.,0.));
#2675 = ORIENTED_EDGE('',*,*,#2676,.T.);
#2676 = EDGE_CURVE('',#2668,#2677,#2679,.T.);
#2677 = VERTEX_POINT('',#2678);
#2678 = CARTESIAN_POINT('',(-15.1,4.949897948557,0.9));
#2679 = CIRCLE('',#2680,0.5);
#2680 = AXIS2_PLACEMENT_3D('',#2681,#2682,#2683);
#2681 = CARTESIAN_POINT('',(-15.,4.46,0.9));
#2682 = DIRECTION('',(0.,0.,1.));
#2683 = DIRECTION('',(1.,0.,0.));
#2684 = ORIENTED_EDGE('',*,*,#2685,.F.);
#2685 = EDGE_CURVE('',#2686,#2677,#2688,.T.);
#2686 = VERTEX_POINT('',#2687);
#2687 = CARTESIAN_POINT('',(-15.1,6.510102051443,0.9));
#2688 = LINE('',#2689,#2690);
#2689 = CARTESIAN_POINT('',(-15.1,8.27,0.9));
#2690 = VECTOR('',#2691,1.);
#2691 = DIRECTION('',(-0.,-1.,-0.));
#2692 = ORIENTED_EDGE('',*,*,#2693,.T.);
#2693 = EDGE_CURVE('',#2686,#2694,#2696,.T.);
#2694 = VERTEX_POINT('',#2695);
#2695 = CARTESIAN_POINT('',(-14.5,7.,0.9));
#2696 = CIRCLE('',#2697,0.5);
#2697 = AXIS2_PLACEMENT_3D('',#2698,#2699,#2700);
#2698 = CARTESIAN_POINT('',(-15.,7.,0.9));
#2699 = DIRECTION('',(0.,0.,1.));
#2700 = DIRECTION('',(1.,0.,0.));
#2701 = ORIENTED_EDGE('',*,*,#2702,.T.);
#2702 = EDGE_CURVE('',#2694,#2635,#2703,.T.);
#2703 = CIRCLE('',#2704,0.5);
#2704 = AXIS2_PLACEMENT_3D('',#2705,#2706,#2707);
#2705 = CARTESIAN_POINT('',(-15.,7.,0.9));
#2706 = DIRECTION('',(0.,0.,1.));
#2707 = DIRECTION('',(1.,0.,0.));
#2708 = ORIENTED_EDGE('',*,*,#2634,.F.);
#2709 = ORIENTED_EDGE('',*,*,#843,.F.);
#2710 = FACE_BOUND('',#2711,.F.);
#2711 = EDGE_LOOP('',(#2712));
#2712 = ORIENTED_EDGE('',*,*,#2713,.T.);
#2713 = EDGE_CURVE('',#2714,#2714,#2716,.T.);
#2714 = VERTEX_POINT('',#2715);
#2715 = CARTESIAN_POINT('',(-12.5,4.46,0.9));
#2716 = CIRCLE('',#2717,0.5);
#2717 = AXIS2_PLACEMENT_3D('',#2718,#2719,#2720);
#2718 = CARTESIAN_POINT('',(-13.,4.46,0.9));
#2719 = DIRECTION('',(0.,0.,1.));
#2720 = DIRECTION('',(1.,0.,0.));
#2721 = FACE_BOUND('',#2722,.F.);
#2722 = EDGE_LOOP('',(#2723));
#2723 = ORIENTED_EDGE('',*,*,#2724,.T.);
#2724 = EDGE_CURVE('',#2725,#2725,#2727,.T.);
#2725 = VERTEX_POINT('',#2726);
#2726 = CARTESIAN_POINT('',(-12.5,7.,0.9));
#2727 = CIRCLE('',#2728,0.5);
#2728 = AXIS2_PLACEMENT_3D('',#2729,#2730,#2731);
#2729 = CARTESIAN_POINT('',(-13.,7.,0.9));
#2730 = DIRECTION('',(0.,0.,1.));
#2731 = DIRECTION('',(1.,0.,0.));
#2732 = PLANE('',#2733);
#2733 = AXIS2_PLACEMENT_3D('',#2734,#2735,#2736);
#2734 = CARTESIAN_POINT('',(-13.56158290494,5.73,0.9));
#2735 = DIRECTION('',(0.,0.,1.));
#2736 = DIRECTION('',(1.,0.,0.));
#2737 = ADVANCED_FACE('',(#2738),#2749,.T.);
#2738 = FACE_BOUND('',#2739,.T.);
#2739 = EDGE_LOOP('',(#2740,#2741,#2747,#2748));
#2740 = ORIENTED_EDGE('',*,*,#2378,.F.);
#2741 = ORIENTED_EDGE('',*,*,#2742,.T.);
#2742 = EDGE_CURVE('',#2379,#2477,#2743,.T.);
#2743 = LINE('',#2744,#2745);
#2744 = CARTESIAN_POINT('',(15.1,3.970102051443,0.));
#2745 = VECTOR('',#2746,1.);
#2746 = DIRECTION('',(0.,0.,1.));
#2747 = ORIENTED_EDGE('',*,*,#2476,.T.);
#2748 = ORIENTED_EDGE('',*,*,#925,.F.);
#2749 = PLANE('',#2750);
#2750 = AXIS2_PLACEMENT_3D('',#2751,#2752,#2753);
#2751 = CARTESIAN_POINT('',(15.1,8.27,-0.9));
#2752 = DIRECTION('',(1.,0.,0.));
#2753 = DIRECTION('',(0.,-1.,0.));
#2754 = ADVANCED_FACE('',(#2755,#2801,#2812),#2823,.F.);
#2755 = FACE_BOUND('',#2756,.T.);
#2756 = EDGE_LOOP('',(#2757,#2758,#2759,#2760,#2768,#2777,#2785,#2794,
    #2800));
#2757 = ORIENTED_EDGE('',*,*,#2271,.T.);
#2758 = ORIENTED_EDGE('',*,*,#2246,.T.);
#2759 = ORIENTED_EDGE('',*,*,#1004,.F.);
#2760 = ORIENTED_EDGE('',*,*,#2761,.F.);
#2761 = EDGE_CURVE('',#2762,#1005,#2764,.T.);
#2762 = VERTEX_POINT('',#2763);
#2763 = CARTESIAN_POINT('',(15.1,-3.970102051443,-0.9));
#2764 = LINE('',#2765,#2766);
#2765 = CARTESIAN_POINT('',(15.1,-8.27,-0.9));
#2766 = VECTOR('',#2767,1.);
#2767 = DIRECTION('',(0.,1.,0.));
#2768 = ORIENTED_EDGE('',*,*,#2769,.T.);
#2769 = EDGE_CURVE('',#2762,#2770,#2772,.T.);
#2770 = VERTEX_POINT('',#2771);
#2771 = CARTESIAN_POINT('',(15.1,-4.949897948557,-0.9));
#2772 = CIRCLE('',#2773,0.5);
#2773 = AXIS2_PLACEMENT_3D('',#2774,#2775,#2776);
#2774 = CARTESIAN_POINT('',(15.,-4.46,-0.9));
#2775 = DIRECTION('',(0.,0.,1.));
#2776 = DIRECTION('',(1.,0.,0.));
#2777 = ORIENTED_EDGE('',*,*,#2778,.F.);
#2778 = EDGE_CURVE('',#2779,#2770,#2781,.T.);
#2779 = VERTEX_POINT('',#2780);
#2780 = CARTESIAN_POINT('',(15.1,-6.510102051443,-0.9));
#2781 = LINE('',#2782,#2783);
#2782 = CARTESIAN_POINT('',(15.1,-8.27,-0.9));
#2783 = VECTOR('',#2784,1.);
#2784 = DIRECTION('',(0.,1.,0.));
#2785 = ORIENTED_EDGE('',*,*,#2786,.T.);
#2786 = EDGE_CURVE('',#2779,#2787,#2789,.T.);
#2787 = VERTEX_POINT('',#2788);
#2788 = CARTESIAN_POINT('',(15.1,-7.489897948557,-0.9));
#2789 = CIRCLE('',#2790,0.5);
#2790 = AXIS2_PLACEMENT_3D('',#2791,#2792,#2793);
#2791 = CARTESIAN_POINT('',(15.,-7.,-0.9));
#2792 = DIRECTION('',(0.,0.,1.));
#2793 = DIRECTION('',(1.,0.,0.));
#2794 = ORIENTED_EDGE('',*,*,#2795,.F.);
#2795 = EDGE_CURVE('',#1195,#2787,#2796,.T.);
#2796 = LINE('',#2797,#2798);
#2797 = CARTESIAN_POINT('',(15.1,-8.27,-0.9));
#2798 = VECTOR('',#2799,1.);
#2799 = DIRECTION('',(0.,1.,0.));
#2800 = ORIENTED_EDGE('',*,*,#1192,.F.);
#2801 = FACE_BOUND('',#2802,.T.);
#2802 = EDGE_LOOP('',(#2803));
#2803 = ORIENTED_EDGE('',*,*,#2804,.T.);
#2804 = EDGE_CURVE('',#2805,#2805,#2807,.T.);
#2805 = VERTEX_POINT('',#2806);
#2806 = CARTESIAN_POINT('',(13.5,-4.46,-0.9));
#2807 = CIRCLE('',#2808,0.5);
#2808 = AXIS2_PLACEMENT_3D('',#2809,#2810,#2811);
#2809 = CARTESIAN_POINT('',(13.,-4.46,-0.9));
#2810 = DIRECTION('',(0.,0.,1.));
#2811 = DIRECTION('',(1.,0.,0.));
#2812 = FACE_BOUND('',#2813,.T.);
#2813 = EDGE_LOOP('',(#2814));
#2814 = ORIENTED_EDGE('',*,*,#2815,.T.);
#2815 = EDGE_CURVE('',#2816,#2816,#2818,.T.);
#2816 = VERTEX_POINT('',#2817);
#2817 = CARTESIAN_POINT('',(13.5,-7.,-0.9));
#2818 = CIRCLE('',#2819,0.5);
#2819 = AXIS2_PLACEMENT_3D('',#2820,#2821,#2822);
#2820 = CARTESIAN_POINT('',(13.,-7.,-0.9));
#2821 = DIRECTION('',(0.,0.,1.));
#2822 = DIRECTION('',(1.,0.,0.));
#2823 = PLANE('',#2824);
#2824 = AXIS2_PLACEMENT_3D('',#2825,#2826,#2827);
#2825 = CARTESIAN_POINT('',(13.561582904944,-5.73,-0.9));
#2826 = DIRECTION('',(0.,0.,1.));
#2827 = DIRECTION('',(-1.,0.,0.));
#2828 = ADVANCED_FACE('',(#2829,#2875,#2886),#2897,.T.);
#2829 = FACE_BOUND('',#2830,.F.);
#2830 = EDGE_LOOP('',(#2831,#2832,#2833,#2834,#2842,#2851,#2859,#2868,
    #2874));
#2831 = ORIENTED_EDGE('',*,*,#1159,.T.);
#2832 = ORIENTED_EDGE('',*,*,#1087,.T.);
#2833 = ORIENTED_EDGE('',*,*,#1022,.F.);
#2834 = ORIENTED_EDGE('',*,*,#2835,.F.);
#2835 = EDGE_CURVE('',#2836,#1015,#2838,.T.);
#2836 = VERTEX_POINT('',#2837);
#2837 = CARTESIAN_POINT('',(15.1,-3.970102051443,0.9));
#2838 = LINE('',#2839,#2840);
#2839 = CARTESIAN_POINT('',(15.1,-8.27,0.9));
#2840 = VECTOR('',#2841,1.);
#2841 = DIRECTION('',(0.,1.,0.));
#2842 = ORIENTED_EDGE('',*,*,#2843,.T.);
#2843 = EDGE_CURVE('',#2836,#2844,#2846,.T.);
#2844 = VERTEX_POINT('',#2845);
#2845 = CARTESIAN_POINT('',(15.1,-4.949897948557,0.9));
#2846 = CIRCLE('',#2847,0.5);
#2847 = AXIS2_PLACEMENT_3D('',#2848,#2849,#2850);
#2848 = CARTESIAN_POINT('',(15.,-4.46,0.9));
#2849 = DIRECTION('',(0.,0.,1.));
#2850 = DIRECTION('',(1.,0.,0.));
#2851 = ORIENTED_EDGE('',*,*,#2852,.F.);
#2852 = EDGE_CURVE('',#2853,#2844,#2855,.T.);
#2853 = VERTEX_POINT('',#2854);
#2854 = CARTESIAN_POINT('',(15.1,-6.510102051443,0.9));
#2855 = LINE('',#2856,#2857);
#2856 = CARTESIAN_POINT('',(15.1,-8.27,0.9));
#2857 = VECTOR('',#2858,1.);
#2858 = DIRECTION('',(0.,1.,0.));
#2859 = ORIENTED_EDGE('',*,*,#2860,.T.);
#2860 = EDGE_CURVE('',#2853,#2861,#2863,.T.);
#2861 = VERTEX_POINT('',#2862);
#2862 = CARTESIAN_POINT('',(15.1,-7.489897948557,0.9));
#2863 = CIRCLE('',#2864,0.5);
#2864 = AXIS2_PLACEMENT_3D('',#2865,#2866,#2867);
#2865 = CARTESIAN_POINT('',(15.,-7.,0.9));
#2866 = DIRECTION('',(0.,0.,1.));
#2867 = DIRECTION('',(1.,0.,0.));
#2868 = ORIENTED_EDGE('',*,*,#2869,.F.);
#2869 = EDGE_CURVE('',#1218,#2861,#2870,.T.);
#2870 = LINE('',#2871,#2872);
#2871 = CARTESIAN_POINT('',(15.1,-8.27,0.9));
#2872 = VECTOR('',#2873,1.);
#2873 = DIRECTION('',(0.,1.,0.));
#2874 = ORIENTED_EDGE('',*,*,#1217,.F.);
#2875 = FACE_BOUND('',#2876,.F.);
#2876 = EDGE_LOOP('',(#2877));
#2877 = ORIENTED_EDGE('',*,*,#2878,.T.);
#2878 = EDGE_CURVE('',#2879,#2879,#2881,.T.);
#2879 = VERTEX_POINT('',#2880);
#2880 = CARTESIAN_POINT('',(13.5,-4.46,0.9));
#2881 = CIRCLE('',#2882,0.5);
#2882 = AXIS2_PLACEMENT_3D('',#2883,#2884,#2885);
#2883 = CARTESIAN_POINT('',(13.,-4.46,0.9));
#2884 = DIRECTION('',(0.,0.,1.));
#2885 = DIRECTION('',(1.,0.,0.));
#2886 = FACE_BOUND('',#2887,.F.);
#2887 = EDGE_LOOP('',(#2888));
#2888 = ORIENTED_EDGE('',*,*,#2889,.T.);
#2889 = EDGE_CURVE('',#2890,#2890,#2892,.T.);
#2890 = VERTEX_POINT('',#2891);
#2891 = CARTESIAN_POINT('',(13.5,-7.,0.9));
#2892 = CIRCLE('',#2893,0.5);
#2893 = AXIS2_PLACEMENT_3D('',#2894,#2895,#2896);
#2894 = CARTESIAN_POINT('',(13.,-7.,0.9));
#2895 = DIRECTION('',(0.,0.,1.));
#2896 = DIRECTION('',(1.,0.,0.));
#2897 = PLANE('',#2898);
#2898 = AXIS2_PLACEMENT_3D('',#2899,#2900,#2901);
#2899 = CARTESIAN_POINT('',(13.561582904944,-5.73,0.9));
#2900 = DIRECTION('',(0.,0.,1.));
#2901 = DIRECTION('',(-1.,0.,0.));
#2902 = ADVANCED_FACE('',(#2903),#2914,.T.);
#2903 = FACE_BOUND('',#2904,.F.);
#2904 = EDGE_LOOP('',(#2905,#2906,#2912,#2913));
#2905 = ORIENTED_EDGE('',*,*,#2761,.F.);
#2906 = ORIENTED_EDGE('',*,*,#2907,.T.);
#2907 = EDGE_CURVE('',#2762,#2836,#2908,.T.);
#2908 = LINE('',#2909,#2910);
#2909 = CARTESIAN_POINT('',(15.1,-3.970102051443,0.));
#2910 = VECTOR('',#2911,1.);
#2911 = DIRECTION('',(0.,0.,1.));
#2912 = ORIENTED_EDGE('',*,*,#2835,.T.);
#2913 = ORIENTED_EDGE('',*,*,#1014,.F.);
#2914 = PLANE('',#2915);
#2915 = AXIS2_PLACEMENT_3D('',#2916,#2917,#2918);
#2916 = CARTESIAN_POINT('',(15.1,-8.27,-0.9));
#2917 = DIRECTION('',(1.,0.,0.));
#2918 = DIRECTION('',(0.,-1.,0.));
#2919 = ADVANCED_FACE('',(#2920),#2931,.T.);
#2920 = FACE_BOUND('',#2921,.F.);
#2921 = EDGE_LOOP('',(#2922,#2923,#2929,#2930));
#2922 = ORIENTED_EDGE('',*,*,#2543,.F.);
#2923 = ORIENTED_EDGE('',*,*,#2924,.T.);
#2924 = EDGE_CURVE('',#2544,#2660,#2925,.T.);
#2925 = LINE('',#2926,#2927);
#2926 = CARTESIAN_POINT('',(-15.1,3.970102051443,0.));
#2927 = VECTOR('',#2928,1.);
#2928 = DIRECTION('',(0.,0.,1.));
#2929 = ORIENTED_EDGE('',*,*,#2659,.T.);
#2930 = ORIENTED_EDGE('',*,*,#1113,.F.);
#2931 = PLANE('',#2932);
#2932 = AXIS2_PLACEMENT_3D('',#2933,#2934,#2935);
#2933 = CARTESIAN_POINT('',(-15.1,8.27,-0.9));
#2934 = DIRECTION('',(-1.,-0.,-0.));
#2935 = DIRECTION('',(0.,1.,0.));
#2936 = ADVANCED_FACE('',(#2937),#2948,.T.);
#2937 = FACE_BOUND('',#2938,.F.);
#2938 = EDGE_LOOP('',(#2939,#2940,#2941,#2942));
#2939 = ORIENTED_EDGE('',*,*,#2795,.F.);
#2940 = ORIENTED_EDGE('',*,*,#1225,.T.);
#2941 = ORIENTED_EDGE('',*,*,#2869,.T.);
#2942 = ORIENTED_EDGE('',*,*,#2943,.F.);
#2943 = EDGE_CURVE('',#2787,#2861,#2944,.T.);
#2944 = LINE('',#2945,#2946);
#2945 = CARTESIAN_POINT('',(15.1,-7.489897948557,0.));
#2946 = VECTOR('',#2947,1.);
#2947 = DIRECTION('',(0.,0.,1.));
#2948 = PLANE('',#2949);
#2949 = AXIS2_PLACEMENT_3D('',#2950,#2951,#2952);
#2950 = CARTESIAN_POINT('',(15.1,-8.27,-0.9));
#2951 = DIRECTION('',(1.,0.,0.));
#2952 = DIRECTION('',(0.,-1.,0.));
#2953 = ADVANCED_FACE('',(#2954,#3018,#3029),#3040,.F.);
#2954 = FACE_BOUND('',#2955,.F.);
#2955 = EDGE_LOOP('',(#2956,#2957,#2958,#2959,#2967,#2976,#2985,#2993,
    #3002,#3011,#3017));
#2956 = ORIENTED_EDGE('',*,*,#2289,.T.);
#2957 = ORIENTED_EDGE('',*,*,#2314,.T.);
#2958 = ORIENTED_EDGE('',*,*,#1239,.F.);
#2959 = ORIENTED_EDGE('',*,*,#2960,.F.);
#2960 = EDGE_CURVE('',#2961,#1240,#2963,.T.);
#2961 = VERTEX_POINT('',#2962);
#2962 = CARTESIAN_POINT('',(-15.1,-3.970102051443,-0.9));
#2963 = LINE('',#2964,#2965);
#2964 = CARTESIAN_POINT('',(-15.1,-8.27,-0.9));
#2965 = VECTOR('',#2966,1.);
#2966 = DIRECTION('',(0.,1.,0.));
#2967 = ORIENTED_EDGE('',*,*,#2968,.F.);
#2968 = EDGE_CURVE('',#2969,#2961,#2971,.T.);
#2969 = VERTEX_POINT('',#2970);
#2970 = CARTESIAN_POINT('',(-14.5,-4.46,-0.9));
#2971 = CIRCLE('',#2972,0.5);
#2972 = AXIS2_PLACEMENT_3D('',#2973,#2974,#2975);
#2973 = CARTESIAN_POINT('',(-15.,-4.46,-0.9));
#2974 = DIRECTION('',(0.,0.,1.));
#2975 = DIRECTION('',(1.,0.,0.));
#2976 = ORIENTED_EDGE('',*,*,#2977,.F.);
#2977 = EDGE_CURVE('',#2978,#2969,#2980,.T.);
#2978 = VERTEX_POINT('',#2979);
#2979 = CARTESIAN_POINT('',(-15.1,-4.949897948557,-0.9));
#2980 = CIRCLE('',#2981,0.5);
#2981 = AXIS2_PLACEMENT_3D('',#2982,#2983,#2984);
#2982 = CARTESIAN_POINT('',(-15.,-4.46,-0.9));
#2983 = DIRECTION('',(0.,0.,1.));
#2984 = DIRECTION('',(1.,0.,0.));
#2985 = ORIENTED_EDGE('',*,*,#2986,.F.);
#2986 = EDGE_CURVE('',#2987,#2978,#2989,.T.);
#2987 = VERTEX_POINT('',#2988);
#2988 = CARTESIAN_POINT('',(-15.1,-6.510102051443,-0.9));
#2989 = LINE('',#2990,#2991);
#2990 = CARTESIAN_POINT('',(-15.1,-8.27,-0.9));
#2991 = VECTOR('',#2992,1.);
#2992 = DIRECTION('',(0.,1.,0.));
#2993 = ORIENTED_EDGE('',*,*,#2994,.F.);
#2994 = EDGE_CURVE('',#2995,#2987,#2997,.T.);
#2995 = VERTEX_POINT('',#2996);
#2996 = CARTESIAN_POINT('',(-14.5,-7.,-0.9));
#2997 = CIRCLE('',#2998,0.5);
#2998 = AXIS2_PLACEMENT_3D('',#2999,#3000,#3001);
#2999 = CARTESIAN_POINT('',(-15.,-7.,-0.9));
#3000 = DIRECTION('',(0.,0.,1.));
#3001 = DIRECTION('',(1.,0.,0.));
#3002 = ORIENTED_EDGE('',*,*,#3003,.F.);
#3003 = EDGE_CURVE('',#3004,#2995,#3006,.T.);
#3004 = VERTEX_POINT('',#3005);
#3005 = CARTESIAN_POINT('',(-15.1,-7.489897948557,-0.9));
#3006 = CIRCLE('',#3007,0.5);
#3007 = AXIS2_PLACEMENT_3D('',#3008,#3009,#3010);
#3008 = CARTESIAN_POINT('',(-15.,-7.,-0.9));
#3009 = DIRECTION('',(0.,0.,1.));
#3010 = DIRECTION('',(1.,0.,0.));
#3011 = ORIENTED_EDGE('',*,*,#3012,.F.);
#3012 = EDGE_CURVE('',#1392,#3004,#3013,.T.);
#3013 = LINE('',#3014,#3015);
#3014 = CARTESIAN_POINT('',(-15.1,-8.27,-0.9));
#3015 = VECTOR('',#3016,1.);
#3016 = DIRECTION('',(0.,1.,0.));
#3017 = ORIENTED_EDGE('',*,*,#1389,.F.);
#3018 = FACE_BOUND('',#3019,.F.);
#3019 = EDGE_LOOP('',(#3020));
#3020 = ORIENTED_EDGE('',*,*,#3021,.F.);
#3021 = EDGE_CURVE('',#3022,#3022,#3024,.T.);
#3022 = VERTEX_POINT('',#3023);
#3023 = CARTESIAN_POINT('',(-12.5,-4.46,-0.9));
#3024 = CIRCLE('',#3025,0.5);
#3025 = AXIS2_PLACEMENT_3D('',#3026,#3027,#3028);
#3026 = CARTESIAN_POINT('',(-13.,-4.46,-0.9));
#3027 = DIRECTION('',(0.,0.,1.));
#3028 = DIRECTION('',(1.,0.,0.));
#3029 = FACE_BOUND('',#3030,.F.);
#3030 = EDGE_LOOP('',(#3031));
#3031 = ORIENTED_EDGE('',*,*,#3032,.F.);
#3032 = EDGE_CURVE('',#3033,#3033,#3035,.T.);
#3033 = VERTEX_POINT('',#3034);
#3034 = CARTESIAN_POINT('',(-12.5,-7.,-0.9));
#3035 = CIRCLE('',#3036,0.5);
#3036 = AXIS2_PLACEMENT_3D('',#3037,#3038,#3039);
#3037 = CARTESIAN_POINT('',(-13.,-7.,-0.9));
#3038 = DIRECTION('',(0.,0.,1.));
#3039 = DIRECTION('',(1.,0.,0.));
#3040 = PLANE('',#3041);
#3041 = AXIS2_PLACEMENT_3D('',#3042,#3043,#3044);
#3042 = CARTESIAN_POINT('',(-13.56158290494,-5.73,-0.9));
#3043 = DIRECTION('',(0.,0.,1.));
#3044 = DIRECTION('',(-1.,0.,0.));
#3045 = ADVANCED_FACE('',(#3046,#3110,#3121),#3132,.T.);
#3046 = FACE_BOUND('',#3047,.T.);
#3047 = EDGE_LOOP('',(#3048,#3049,#3050,#3051,#3059,#3068,#3077,#3085,
    #3094,#3103,#3109));
#3048 = ORIENTED_EDGE('',*,*,#1356,.T.);
#3049 = ORIENTED_EDGE('',*,*,#1314,.T.);
#3050 = ORIENTED_EDGE('',*,*,#1257,.F.);
#3051 = ORIENTED_EDGE('',*,*,#3052,.F.);
#3052 = EDGE_CURVE('',#3053,#1250,#3055,.T.);
#3053 = VERTEX_POINT('',#3054);
#3054 = CARTESIAN_POINT('',(-15.1,-3.970102051443,0.9));
#3055 = LINE('',#3056,#3057);
#3056 = CARTESIAN_POINT('',(-15.1,-8.27,0.9));
#3057 = VECTOR('',#3058,1.);
#3058 = DIRECTION('',(0.,1.,0.));
#3059 = ORIENTED_EDGE('',*,*,#3060,.F.);
#3060 = EDGE_CURVE('',#3061,#3053,#3063,.T.);
#3061 = VERTEX_POINT('',#3062);
#3062 = CARTESIAN_POINT('',(-14.5,-4.46,0.9));
#3063 = CIRCLE('',#3064,0.5);
#3064 = AXIS2_PLACEMENT_3D('',#3065,#3066,#3067);
#3065 = CARTESIAN_POINT('',(-15.,-4.46,0.9));
#3066 = DIRECTION('',(0.,0.,1.));
#3067 = DIRECTION('',(1.,0.,0.));
#3068 = ORIENTED_EDGE('',*,*,#3069,.F.);
#3069 = EDGE_CURVE('',#3070,#3061,#3072,.T.);
#3070 = VERTEX_POINT('',#3071);
#3071 = CARTESIAN_POINT('',(-15.1,-4.949897948557,0.9));
#3072 = CIRCLE('',#3073,0.5);
#3073 = AXIS2_PLACEMENT_3D('',#3074,#3075,#3076);
#3074 = CARTESIAN_POINT('',(-15.,-4.46,0.9));
#3075 = DIRECTION('',(0.,0.,1.));
#3076 = DIRECTION('',(1.,0.,0.));
#3077 = ORIENTED_EDGE('',*,*,#3078,.F.);
#3078 = EDGE_CURVE('',#3079,#3070,#3081,.T.);
#3079 = VERTEX_POINT('',#3080);
#3080 = CARTESIAN_POINT('',(-15.1,-6.510102051443,0.9));
#3081 = LINE('',#3082,#3083);
#3082 = CARTESIAN_POINT('',(-15.1,-8.27,0.9));
#3083 = VECTOR('',#3084,1.);
#3084 = DIRECTION('',(0.,1.,0.));
#3085 = ORIENTED_EDGE('',*,*,#3086,.F.);
#3086 = EDGE_CURVE('',#3087,#3079,#3089,.T.);
#3087 = VERTEX_POINT('',#3088);
#3088 = CARTESIAN_POINT('',(-14.5,-7.,0.9));
#3089 = CIRCLE('',#3090,0.5);
#3090 = AXIS2_PLACEMENT_3D('',#3091,#3092,#3093);
#3091 = CARTESIAN_POINT('',(-15.,-7.,0.9));
#3092 = DIRECTION('',(0.,0.,1.));
#3093 = DIRECTION('',(1.,0.,0.));
#3094 = ORIENTED_EDGE('',*,*,#3095,.F.);
#3095 = EDGE_CURVE('',#3096,#3087,#3098,.T.);
#3096 = VERTEX_POINT('',#3097);
#3097 = CARTESIAN_POINT('',(-15.1,-7.489897948557,0.9));
#3098 = CIRCLE('',#3099,0.5);
#3099 = AXIS2_PLACEMENT_3D('',#3100,#3101,#3102);
#3100 = CARTESIAN_POINT('',(-15.,-7.,0.9));
#3101 = DIRECTION('',(0.,0.,1.));
#3102 = DIRECTION('',(1.,0.,0.));
#3103 = ORIENTED_EDGE('',*,*,#3104,.F.);
#3104 = EDGE_CURVE('',#1410,#3096,#3105,.T.);
#3105 = LINE('',#3106,#3107);
#3106 = CARTESIAN_POINT('',(-15.1,-8.27,0.9));
#3107 = VECTOR('',#3108,1.);
#3108 = DIRECTION('',(0.,1.,0.));
#3109 = ORIENTED_EDGE('',*,*,#1409,.F.);
#3110 = FACE_BOUND('',#3111,.T.);
#3111 = EDGE_LOOP('',(#3112));
#3112 = ORIENTED_EDGE('',*,*,#3113,.F.);
#3113 = EDGE_CURVE('',#3114,#3114,#3116,.T.);
#3114 = VERTEX_POINT('',#3115);
#3115 = CARTESIAN_POINT('',(-12.5,-4.46,0.9));
#3116 = CIRCLE('',#3117,0.5);
#3117 = AXIS2_PLACEMENT_3D('',#3118,#3119,#3120);
#3118 = CARTESIAN_POINT('',(-13.,-4.46,0.9));
#3119 = DIRECTION('',(0.,0.,1.));
#3120 = DIRECTION('',(1.,0.,0.));
#3121 = FACE_BOUND('',#3122,.T.);
#3122 = EDGE_LOOP('',(#3123));
#3123 = ORIENTED_EDGE('',*,*,#3124,.F.);
#3124 = EDGE_CURVE('',#3125,#3125,#3127,.T.);
#3125 = VERTEX_POINT('',#3126);
#3126 = CARTESIAN_POINT('',(-12.5,-7.,0.9));
#3127 = CIRCLE('',#3128,0.5);
#3128 = AXIS2_PLACEMENT_3D('',#3129,#3130,#3131);
#3129 = CARTESIAN_POINT('',(-13.,-7.,0.9));
#3130 = DIRECTION('',(0.,0.,1.));
#3131 = DIRECTION('',(1.,0.,0.));
#3132 = PLANE('',#3133);
#3133 = AXIS2_PLACEMENT_3D('',#3134,#3135,#3136);
#3134 = CARTESIAN_POINT('',(-13.56158290494,-5.73,0.9));
#3135 = DIRECTION('',(0.,0.,1.));
#3136 = DIRECTION('',(-1.,0.,0.));
#3137 = ADVANCED_FACE('',(#3138),#3149,.T.);
#3138 = FACE_BOUND('',#3139,.T.);
#3139 = EDGE_LOOP('',(#3140,#3141,#3147,#3148));
#3140 = ORIENTED_EDGE('',*,*,#2960,.F.);
#3141 = ORIENTED_EDGE('',*,*,#3142,.T.);
#3142 = EDGE_CURVE('',#2961,#3053,#3143,.T.);
#3143 = LINE('',#3144,#3145);
#3144 = CARTESIAN_POINT('',(-15.1,-3.970102051443,0.));
#3145 = VECTOR('',#3146,1.);
#3146 = DIRECTION('',(0.,0.,1.));
#3147 = ORIENTED_EDGE('',*,*,#3052,.T.);
#3148 = ORIENTED_EDGE('',*,*,#1249,.F.);
#3149 = PLANE('',#3150);
#3150 = AXIS2_PLACEMENT_3D('',#3151,#3152,#3153);
#3151 = CARTESIAN_POINT('',(-15.1,-8.27,-0.9));
#3152 = DIRECTION('',(-1.,0.,0.));
#3153 = DIRECTION('',(0.,1.,0.));
#3154 = ADVANCED_FACE('',(#3155),#3166,.T.);
#3155 = FACE_BOUND('',#3156,.T.);
#3156 = EDGE_LOOP('',(#3157,#3158,#3159,#3160));
#3157 = ORIENTED_EDGE('',*,*,#3012,.F.);
#3158 = ORIENTED_EDGE('',*,*,#1417,.T.);
#3159 = ORIENTED_EDGE('',*,*,#3104,.T.);
#3160 = ORIENTED_EDGE('',*,*,#3161,.F.);
#3161 = EDGE_CURVE('',#3004,#3096,#3162,.T.);
#3162 = LINE('',#3163,#3164);
#3163 = CARTESIAN_POINT('',(-15.1,-7.489897948557,0.));
#3164 = VECTOR('',#3165,1.);
#3165 = DIRECTION('',(0.,0.,1.));
#3166 = PLANE('',#3167);
#3167 = AXIS2_PLACEMENT_3D('',#3168,#3169,#3170);
#3168 = CARTESIAN_POINT('',(-15.1,-8.27,-0.9));
#3169 = DIRECTION('',(-1.,0.,0.));
#3170 = DIRECTION('',(0.,1.,0.));
#3171 = ADVANCED_FACE('',(#3172),#3178,.T.);
#3172 = FACE_BOUND('',#3173,.T.);
#3173 = EDGE_LOOP('',(#3174,#3175,#3176,#3177));
#3174 = ORIENTED_EDGE('',*,*,#1439,.T.);
#3175 = ORIENTED_EDGE('',*,*,#1463,.T.);
#3176 = ORIENTED_EDGE('',*,*,#1487,.T.);
#3177 = ORIENTED_EDGE('',*,*,#1511,.T.);
#3178 = PLANE('',#3179);
#3179 = AXIS2_PLACEMENT_3D('',#3180,#3181,#3182);
#3180 = CARTESIAN_POINT('',(-1.536070535448,-2.291574117989,2.8));
#3181 = DIRECTION('',(0.,0.,1.));
#3182 = DIRECTION('',(1.,0.,0.));
#3183 = ADVANCED_FACE('',(#3184),#3190,.T.);
#3184 = FACE_BOUND('',#3185,.T.);
#3185 = EDGE_LOOP('',(#3186,#3187,#3188,#3189));
#3186 = ORIENTED_EDGE('',*,*,#1535,.T.);
#3187 = ORIENTED_EDGE('',*,*,#1559,.T.);
#3188 = ORIENTED_EDGE('',*,*,#1583,.T.);
#3189 = ORIENTED_EDGE('',*,*,#1607,.T.);
#3190 = PLANE('',#3191);
#3191 = AXIS2_PLACEMENT_3D('',#3192,#3193,#3194);
#3192 = CARTESIAN_POINT('',(-1.536070535448,-2.291574117989,2.8));
#3193 = DIRECTION('',(0.,0.,1.));
#3194 = DIRECTION('',(1.,0.,0.));
#3195 = ADVANCED_FACE('',(#3196),#3206,.T.);
#3196 = FACE_BOUND('',#3197,.T.);
#3197 = EDGE_LOOP('',(#3198,#3199,#3200,#3201,#3202,#3203,#3204,#3205));
#3198 = ORIENTED_EDGE('',*,*,#1631,.T.);
#3199 = ORIENTED_EDGE('',*,*,#1680,.T.);
#3200 = ORIENTED_EDGE('',*,*,#1729,.T.);
#3201 = ORIENTED_EDGE('',*,*,#1778,.T.);
#3202 = ORIENTED_EDGE('',*,*,#1803,.T.);
#3203 = ORIENTED_EDGE('',*,*,#1760,.T.);
#3204 = ORIENTED_EDGE('',*,*,#1712,.T.);
#3205 = ORIENTED_EDGE('',*,*,#1662,.T.);
#3206 = PLANE('',#3207);
#3207 = AXIS2_PLACEMENT_3D('',#3208,#3209,#3210);
#3208 = CARTESIAN_POINT('',(1.385449409759,-3.612213241631,4.3));
#3209 = DIRECTION('',(0.,0.,1.));
#3210 = DIRECTION('',(1.,0.,0.));
#3211 = ADVANCED_FACE('',(#3212),#3218,.T.);
#3212 = FACE_BOUND('',#3213,.T.);
#3213 = EDGE_LOOP('',(#3214,#3215,#3216,#3217));
#3214 = ORIENTED_EDGE('',*,*,#1827,.T.);
#3215 = ORIENTED_EDGE('',*,*,#1851,.T.);
#3216 = ORIENTED_EDGE('',*,*,#1875,.T.);
#3217 = ORIENTED_EDGE('',*,*,#1899,.T.);
#3218 = PLANE('',#3219);
#3219 = AXIS2_PLACEMENT_3D('',#3220,#3221,#3222);
#3220 = CARTESIAN_POINT('',(-1.536070535448,-2.291574117989,2.8));
#3221 = DIRECTION('',(0.,0.,1.));
#3222 = DIRECTION('',(1.,0.,0.));
#3223 = ADVANCED_FACE('',(#3224),#3230,.T.);
#3224 = FACE_BOUND('',#3225,.T.);
#3225 = EDGE_LOOP('',(#3226,#3227,#3228,#3229));
#3226 = ORIENTED_EDGE('',*,*,#1923,.T.);
#3227 = ORIENTED_EDGE('',*,*,#1947,.T.);
#3228 = ORIENTED_EDGE('',*,*,#1971,.T.);
#3229 = ORIENTED_EDGE('',*,*,#1995,.T.);
#3230 = PLANE('',#3231);
#3231 = AXIS2_PLACEMENT_3D('',#3232,#3233,#3234);
#3232 = CARTESIAN_POINT('',(-1.536070535448,-2.291574117989,2.8));
#3233 = DIRECTION('',(0.,0.,1.));
#3234 = DIRECTION('',(1.,0.,0.));
#3235 = ADVANCED_FACE('',(#3236),#3242,.T.);
#3236 = FACE_BOUND('',#3237,.T.);
#3237 = EDGE_LOOP('',(#3238,#3239,#3240,#3241));
#3238 = ORIENTED_EDGE('',*,*,#2019,.T.);
#3239 = ORIENTED_EDGE('',*,*,#2043,.T.);
#3240 = ORIENTED_EDGE('',*,*,#2067,.T.);
#3241 = ORIENTED_EDGE('',*,*,#2091,.T.);
#3242 = PLANE('',#3243);
#3243 = AXIS2_PLACEMENT_3D('',#3244,#3245,#3246);
#3244 = CARTESIAN_POINT('',(-1.536070535448,-2.291574117989,2.8));
#3245 = DIRECTION('',(0.,0.,1.));
#3246 = DIRECTION('',(1.,0.,0.));
#3247 = ADVANCED_FACE('',(#3248),#3254,.T.);
#3248 = FACE_BOUND('',#3249,.T.);
#3249 = EDGE_LOOP('',(#3250,#3251,#3252,#3253));
#3250 = ORIENTED_EDGE('',*,*,#2115,.T.);
#3251 = ORIENTED_EDGE('',*,*,#2139,.T.);
#3252 = ORIENTED_EDGE('',*,*,#2163,.T.);
#3253 = ORIENTED_EDGE('',*,*,#2187,.T.);
#3254 = PLANE('',#3255);
#3255 = AXIS2_PLACEMENT_3D('',#3256,#3257,#3258);
#3256 = CARTESIAN_POINT('',(-1.536070535448,-2.291574117989,2.8));
#3257 = DIRECTION('',(0.,0.,1.));
#3258 = DIRECTION('',(1.,0.,0.));
#3259 = ADVANCED_FACE('',(#3260),#3271,.F.);
#3260 = FACE_BOUND('',#3261,.F.);
#3261 = EDGE_LOOP('',(#3262,#3263,#3264,#3270));
#3262 = ORIENTED_EDGE('',*,*,#2459,.F.);
#3263 = ORIENTED_EDGE('',*,*,#2403,.T.);
#3264 = ORIENTED_EDGE('',*,*,#3265,.T.);
#3265 = EDGE_CURVE('',#2396,#2494,#3266,.T.);
#3266 = LINE('',#3267,#3268);
#3267 = CARTESIAN_POINT('',(15.1,6.510102051443,0.));
#3268 = VECTOR('',#3269,1.);
#3269 = DIRECTION('',(0.,0.,1.));
#3270 = ORIENTED_EDGE('',*,*,#2501,.F.);
#3271 = CYLINDRICAL_SURFACE('',#3272,0.5);
#3272 = AXIS2_PLACEMENT_3D('',#3273,#3274,#3275);
#3273 = CARTESIAN_POINT('',(15.,7.,0.));
#3274 = DIRECTION('',(0.,0.,1.));
#3275 = DIRECTION('',(1.,0.,0.));
#3276 = ADVANCED_FACE('',(#3277),#3288,.T.);
#3277 = FACE_BOUND('',#3278,.T.);
#3278 = EDGE_LOOP('',(#3279,#3280,#3281,#3282));
#3279 = ORIENTED_EDGE('',*,*,#2395,.F.);
#3280 = ORIENTED_EDGE('',*,*,#3265,.T.);
#3281 = ORIENTED_EDGE('',*,*,#2493,.T.);
#3282 = ORIENTED_EDGE('',*,*,#3283,.F.);
#3283 = EDGE_CURVE('',#2387,#2485,#3284,.T.);
#3284 = LINE('',#3285,#3286);
#3285 = CARTESIAN_POINT('',(15.1,4.949897948557,0.));
#3286 = VECTOR('',#3287,1.);
#3287 = DIRECTION('',(0.,0.,1.));
#3288 = PLANE('',#3289);
#3289 = AXIS2_PLACEMENT_3D('',#3290,#3291,#3292);
#3290 = CARTESIAN_POINT('',(15.1,8.27,-0.9));
#3291 = DIRECTION('',(1.,0.,0.));
#3292 = DIRECTION('',(0.,-1.,0.));
#3293 = ADVANCED_FACE('',(#3294),#3300,.F.);
#3294 = FACE_BOUND('',#3295,.F.);
#3295 = EDGE_LOOP('',(#3296,#3297,#3298,#3299));
#3296 = ORIENTED_EDGE('',*,*,#3283,.F.);
#3297 = ORIENTED_EDGE('',*,*,#2386,.T.);
#3298 = ORIENTED_EDGE('',*,*,#2742,.T.);
#3299 = ORIENTED_EDGE('',*,*,#2484,.F.);
#3300 = CYLINDRICAL_SURFACE('',#3301,0.5);
#3301 = AXIS2_PLACEMENT_3D('',#3302,#3303,#3304);
#3302 = CARTESIAN_POINT('',(15.,4.46,0.));
#3303 = DIRECTION('',(0.,0.,1.));
#3304 = DIRECTION('',(1.,0.,0.));
#3305 = ADVANCED_FACE('',(#3306),#3316,.F.);
#3306 = FACE_BOUND('',#3307,.F.);
#3307 = EDGE_LOOP('',(#3308,#3309,#3314,#3315));
#3308 = ORIENTED_EDGE('',*,*,#2512,.F.);
#3309 = ORIENTED_EDGE('',*,*,#3310,.F.);
#3310 = EDGE_CURVE('',#2422,#2513,#3311,.T.);
#3311 = B_SPLINE_CURVE_WITH_KNOTS('',1,(#3312,#3313),.UNSPECIFIED.,.F.,
  .F.,(2,2),(-72.50196201483,72.501962014831),.PIECEWISE_BEZIER_KNOTS.);
#3312 = CARTESIAN_POINT('',(13.5,4.46,-72.50196201483));
#3313 = CARTESIAN_POINT('',(13.5,4.46,72.501962014831));
#3314 = ORIENTED_EDGE('',*,*,#2421,.T.);
#3315 = ORIENTED_EDGE('',*,*,#3310,.T.);
#3316 = CYLINDRICAL_SURFACE('',#3317,0.5);
#3317 = AXIS2_PLACEMENT_3D('',#3318,#3319,#3320);
#3318 = CARTESIAN_POINT('',(13.,4.46,0.));
#3319 = DIRECTION('',(0.,0.,1.));
#3320 = DIRECTION('',(1.,0.,0.));
#3321 = ADVANCED_FACE('',(#3322),#3332,.F.);
#3322 = FACE_BOUND('',#3323,.F.);
#3323 = EDGE_LOOP('',(#3324,#3325,#3330,#3331));
#3324 = ORIENTED_EDGE('',*,*,#2523,.F.);
#3325 = ORIENTED_EDGE('',*,*,#3326,.F.);
#3326 = EDGE_CURVE('',#2433,#2524,#3327,.T.);
#3327 = B_SPLINE_CURVE_WITH_KNOTS('',1,(#3328,#3329),.UNSPECIFIED.,.F.,
  .F.,(2,2),(-72.50196201483,72.501962014831),.PIECEWISE_BEZIER_KNOTS.);
#3328 = CARTESIAN_POINT('',(13.5,7.,-72.50196201483));
#3329 = CARTESIAN_POINT('',(13.5,7.,72.501962014831));
#3330 = ORIENTED_EDGE('',*,*,#2432,.T.);
#3331 = ORIENTED_EDGE('',*,*,#3326,.T.);
#3332 = CYLINDRICAL_SURFACE('',#3333,0.5);
#3333 = AXIS2_PLACEMENT_3D('',#3334,#3335,#3336);
#3334 = CARTESIAN_POINT('',(13.,7.,0.));
#3335 = DIRECTION('',(0.,0.,1.));
#3336 = DIRECTION('',(1.,0.,0.));
#3337 = ADVANCED_FACE('',(#3338),#3351,.F.);
#3338 = FACE_BOUND('',#3339,.F.);
#3339 = EDGE_LOOP('',(#3340,#3346,#3347,#3348,#3349,#3350));
#3340 = ORIENTED_EDGE('',*,*,#3341,.F.);
#3341 = EDGE_CURVE('',#2570,#2686,#3342,.T.);
#3342 = LINE('',#3343,#3344);
#3343 = CARTESIAN_POINT('',(-15.1,6.510102051443,0.));
#3344 = VECTOR('',#3345,1.);
#3345 = DIRECTION('',(0.,0.,1.));
#3346 = ORIENTED_EDGE('',*,*,#2577,.T.);
#3347 = ORIENTED_EDGE('',*,*,#2586,.T.);
#3348 = ORIENTED_EDGE('',*,*,#2642,.T.);
#3349 = ORIENTED_EDGE('',*,*,#2702,.F.);
#3350 = ORIENTED_EDGE('',*,*,#2693,.F.);
#3351 = CYLINDRICAL_SURFACE('',#3352,0.5);
#3352 = AXIS2_PLACEMENT_3D('',#3353,#3354,#3355);
#3353 = CARTESIAN_POINT('',(-15.,7.,0.));
#3354 = DIRECTION('',(0.,0.,1.));
#3355 = DIRECTION('',(1.,0.,0.));
#3356 = ADVANCED_FACE('',(#3357),#3368,.T.);
#3357 = FACE_BOUND('',#3358,.F.);
#3358 = EDGE_LOOP('',(#3359,#3360,#3361,#3362));
#3359 = ORIENTED_EDGE('',*,*,#2569,.F.);
#3360 = ORIENTED_EDGE('',*,*,#3341,.T.);
#3361 = ORIENTED_EDGE('',*,*,#2685,.T.);
#3362 = ORIENTED_EDGE('',*,*,#3363,.F.);
#3363 = EDGE_CURVE('',#2561,#2677,#3364,.T.);
#3364 = LINE('',#3365,#3366);
#3365 = CARTESIAN_POINT('',(-15.1,4.949897948557,0.));
#3366 = VECTOR('',#3367,1.);
#3367 = DIRECTION('',(0.,0.,1.));
#3368 = PLANE('',#3369);
#3369 = AXIS2_PLACEMENT_3D('',#3370,#3371,#3372);
#3370 = CARTESIAN_POINT('',(-15.1,8.27,-0.9));
#3371 = DIRECTION('',(-1.,-0.,-0.));
#3372 = DIRECTION('',(0.,1.,0.));
#3373 = ADVANCED_FACE('',(#3374),#3382,.F.);
#3374 = FACE_BOUND('',#3375,.F.);
#3375 = EDGE_LOOP('',(#3376,#3377,#3378,#3379,#3380,#3381));
#3376 = ORIENTED_EDGE('',*,*,#2924,.F.);
#3377 = ORIENTED_EDGE('',*,*,#2551,.T.);
#3378 = ORIENTED_EDGE('',*,*,#2560,.T.);
#3379 = ORIENTED_EDGE('',*,*,#3363,.T.);
#3380 = ORIENTED_EDGE('',*,*,#2676,.F.);
#3381 = ORIENTED_EDGE('',*,*,#2667,.F.);
#3382 = CYLINDRICAL_SURFACE('',#3383,0.5);
#3383 = AXIS2_PLACEMENT_3D('',#3384,#3385,#3386);
#3384 = CARTESIAN_POINT('',(-15.,4.46,0.));
#3385 = DIRECTION('',(0.,0.,1.));
#3386 = DIRECTION('',(1.,0.,0.));
#3387 = ADVANCED_FACE('',(#3388),#3398,.F.);
#3388 = FACE_BOUND('',#3389,.F.);
#3389 = EDGE_LOOP('',(#3390,#3391,#3396,#3397));
#3390 = ORIENTED_EDGE('',*,*,#2713,.F.);
#3391 = ORIENTED_EDGE('',*,*,#3392,.F.);
#3392 = EDGE_CURVE('',#2605,#2714,#3393,.T.);
#3393 = B_SPLINE_CURVE_WITH_KNOTS('',1,(#3394,#3395),.UNSPECIFIED.,.F.,
  .F.,(2,2),(-72.50196201483,72.501962014831),.PIECEWISE_BEZIER_KNOTS.);
#3394 = CARTESIAN_POINT('',(-12.5,4.46,-72.50196201483));
#3395 = CARTESIAN_POINT('',(-12.5,4.46,72.501962014831));
#3396 = ORIENTED_EDGE('',*,*,#2604,.T.);
#3397 = ORIENTED_EDGE('',*,*,#3392,.T.);
#3398 = CYLINDRICAL_SURFACE('',#3399,0.5);
#3399 = AXIS2_PLACEMENT_3D('',#3400,#3401,#3402);
#3400 = CARTESIAN_POINT('',(-13.,4.46,0.));
#3401 = DIRECTION('',(0.,0.,1.));
#3402 = DIRECTION('',(1.,0.,0.));
#3403 = ADVANCED_FACE('',(#3404),#3414,.F.);
#3404 = FACE_BOUND('',#3405,.F.);
#3405 = EDGE_LOOP('',(#3406,#3407,#3412,#3413));
#3406 = ORIENTED_EDGE('',*,*,#2724,.F.);
#3407 = ORIENTED_EDGE('',*,*,#3408,.F.);
#3408 = EDGE_CURVE('',#2616,#2725,#3409,.T.);
#3409 = B_SPLINE_CURVE_WITH_KNOTS('',1,(#3410,#3411),.UNSPECIFIED.,.F.,
  .F.,(2,2),(-72.50196201483,72.501962014831),.PIECEWISE_BEZIER_KNOTS.);
#3410 = CARTESIAN_POINT('',(-12.5,7.,-72.50196201483));
#3411 = CARTESIAN_POINT('',(-12.5,7.,72.501962014831));
#3412 = ORIENTED_EDGE('',*,*,#2615,.T.);
#3413 = ORIENTED_EDGE('',*,*,#3408,.T.);
#3414 = CYLINDRICAL_SURFACE('',#3415,0.5);
#3415 = AXIS2_PLACEMENT_3D('',#3416,#3417,#3418);
#3416 = CARTESIAN_POINT('',(-13.,7.,0.));
#3417 = DIRECTION('',(0.,0.,1.));
#3418 = DIRECTION('',(1.,0.,0.));
#3419 = ADVANCED_FACE('',(#3420),#3431,.F.);
#3420 = FACE_BOUND('',#3421,.F.);
#3421 = EDGE_LOOP('',(#3422,#3428,#3429,#3430));
#3422 = ORIENTED_EDGE('',*,*,#3423,.F.);
#3423 = EDGE_CURVE('',#2779,#2853,#3424,.T.);
#3424 = LINE('',#3425,#3426);
#3425 = CARTESIAN_POINT('',(15.1,-6.510102051443,0.));
#3426 = VECTOR('',#3427,1.);
#3427 = DIRECTION('',(0.,0.,1.));
#3428 = ORIENTED_EDGE('',*,*,#2786,.T.);
#3429 = ORIENTED_EDGE('',*,*,#2943,.T.);
#3430 = ORIENTED_EDGE('',*,*,#2860,.F.);
#3431 = CYLINDRICAL_SURFACE('',#3432,0.5);
#3432 = AXIS2_PLACEMENT_3D('',#3433,#3434,#3435);
#3433 = CARTESIAN_POINT('',(15.,-7.,0.));
#3434 = DIRECTION('',(0.,0.,1.));
#3435 = DIRECTION('',(1.,0.,0.));
#3436 = ADVANCED_FACE('',(#3437),#3448,.T.);
#3437 = FACE_BOUND('',#3438,.F.);
#3438 = EDGE_LOOP('',(#3439,#3440,#3441,#3442));
#3439 = ORIENTED_EDGE('',*,*,#2778,.F.);
#3440 = ORIENTED_EDGE('',*,*,#3423,.T.);
#3441 = ORIENTED_EDGE('',*,*,#2852,.T.);
#3442 = ORIENTED_EDGE('',*,*,#3443,.F.);
#3443 = EDGE_CURVE('',#2770,#2844,#3444,.T.);
#3444 = LINE('',#3445,#3446);
#3445 = CARTESIAN_POINT('',(15.1,-4.949897948557,0.));
#3446 = VECTOR('',#3447,1.);
#3447 = DIRECTION('',(0.,0.,1.));
#3448 = PLANE('',#3449);
#3449 = AXIS2_PLACEMENT_3D('',#3450,#3451,#3452);
#3450 = CARTESIAN_POINT('',(15.1,-8.27,-0.9));
#3451 = DIRECTION('',(1.,0.,0.));
#3452 = DIRECTION('',(0.,-1.,0.));
#3453 = ADVANCED_FACE('',(#3454),#3460,.F.);
#3454 = FACE_BOUND('',#3455,.F.);
#3455 = EDGE_LOOP('',(#3456,#3457,#3458,#3459));
#3456 = ORIENTED_EDGE('',*,*,#2907,.F.);
#3457 = ORIENTED_EDGE('',*,*,#2769,.T.);
#3458 = ORIENTED_EDGE('',*,*,#3443,.T.);
#3459 = ORIENTED_EDGE('',*,*,#2843,.F.);
#3460 = CYLINDRICAL_SURFACE('',#3461,0.5);
#3461 = AXIS2_PLACEMENT_3D('',#3462,#3463,#3464);
#3462 = CARTESIAN_POINT('',(15.,-4.46,0.));
#3463 = DIRECTION('',(0.,0.,1.));
#3464 = DIRECTION('',(1.,0.,0.));
#3465 = ADVANCED_FACE('',(#3466),#3476,.F.);
#3466 = FACE_BOUND('',#3467,.F.);
#3467 = EDGE_LOOP('',(#3468,#3469,#3474,#3475));
#3468 = ORIENTED_EDGE('',*,*,#2878,.F.);
#3469 = ORIENTED_EDGE('',*,*,#3470,.F.);
#3470 = EDGE_CURVE('',#2805,#2879,#3471,.T.);
#3471 = B_SPLINE_CURVE_WITH_KNOTS('',1,(#3472,#3473),.UNSPECIFIED.,.F.,
  .F.,(2,2),(-72.50196201483,72.501962014831),.PIECEWISE_BEZIER_KNOTS.);
#3472 = CARTESIAN_POINT('',(13.5,-4.46,-72.50196201483));
#3473 = CARTESIAN_POINT('',(13.5,-4.46,72.501962014831));
#3474 = ORIENTED_EDGE('',*,*,#2804,.T.);
#3475 = ORIENTED_EDGE('',*,*,#3470,.T.);
#3476 = CYLINDRICAL_SURFACE('',#3477,0.5);
#3477 = AXIS2_PLACEMENT_3D('',#3478,#3479,#3480);
#3478 = CARTESIAN_POINT('',(13.,-4.46,0.));
#3479 = DIRECTION('',(0.,0.,1.));
#3480 = DIRECTION('',(1.,0.,0.));
#3481 = ADVANCED_FACE('',(#3482),#3492,.F.);
#3482 = FACE_BOUND('',#3483,.F.);
#3483 = EDGE_LOOP('',(#3484,#3485,#3490,#3491));
#3484 = ORIENTED_EDGE('',*,*,#2889,.F.);
#3485 = ORIENTED_EDGE('',*,*,#3486,.F.);
#3486 = EDGE_CURVE('',#2816,#2890,#3487,.T.);
#3487 = B_SPLINE_CURVE_WITH_KNOTS('',1,(#3488,#3489),.UNSPECIFIED.,.F.,
  .F.,(2,2),(-72.50196201483,72.501962014831),.PIECEWISE_BEZIER_KNOTS.);
#3488 = CARTESIAN_POINT('',(13.5,-7.,-72.50196201483));
#3489 = CARTESIAN_POINT('',(13.5,-7.,72.501962014831));
#3490 = ORIENTED_EDGE('',*,*,#2815,.T.);
#3491 = ORIENTED_EDGE('',*,*,#3486,.T.);
#3492 = CYLINDRICAL_SURFACE('',#3493,0.5);
#3493 = AXIS2_PLACEMENT_3D('',#3494,#3495,#3496);
#3494 = CARTESIAN_POINT('',(13.,-7.,0.));
#3495 = DIRECTION('',(0.,0.,1.));
#3496 = DIRECTION('',(1.,0.,0.));
#3497 = ADVANCED_FACE('',(#3498),#3511,.F.);
#3498 = FACE_BOUND('',#3499,.F.);
#3499 = EDGE_LOOP('',(#3500,#3506,#3507,#3508,#3509,#3510));
#3500 = ORIENTED_EDGE('',*,*,#3501,.T.);
#3501 = EDGE_CURVE('',#2987,#3079,#3502,.T.);
#3502 = LINE('',#3503,#3504);
#3503 = CARTESIAN_POINT('',(-15.1,-6.510102051443,0.));
#3504 = VECTOR('',#3505,1.);
#3505 = DIRECTION('',(0.,0.,1.));
#3506 = ORIENTED_EDGE('',*,*,#3086,.F.);
#3507 = ORIENTED_EDGE('',*,*,#3095,.F.);
#3508 = ORIENTED_EDGE('',*,*,#3161,.F.);
#3509 = ORIENTED_EDGE('',*,*,#3003,.T.);
#3510 = ORIENTED_EDGE('',*,*,#2994,.T.);
#3511 = CYLINDRICAL_SURFACE('',#3512,0.5);
#3512 = AXIS2_PLACEMENT_3D('',#3513,#3514,#3515);
#3513 = CARTESIAN_POINT('',(-15.,-7.,0.));
#3514 = DIRECTION('',(0.,0.,1.));
#3515 = DIRECTION('',(1.,0.,0.));
#3516 = ADVANCED_FACE('',(#3517),#3528,.T.);
#3517 = FACE_BOUND('',#3518,.T.);
#3518 = EDGE_LOOP('',(#3519,#3520,#3521,#3522));
#3519 = ORIENTED_EDGE('',*,*,#2986,.F.);
#3520 = ORIENTED_EDGE('',*,*,#3501,.T.);
#3521 = ORIENTED_EDGE('',*,*,#3078,.T.);
#3522 = ORIENTED_EDGE('',*,*,#3523,.F.);
#3523 = EDGE_CURVE('',#2978,#3070,#3524,.T.);
#3524 = LINE('',#3525,#3526);
#3525 = CARTESIAN_POINT('',(-15.1,-4.949897948557,0.));
#3526 = VECTOR('',#3527,1.);
#3527 = DIRECTION('',(0.,0.,1.));
#3528 = PLANE('',#3529);
#3529 = AXIS2_PLACEMENT_3D('',#3530,#3531,#3532);
#3530 = CARTESIAN_POINT('',(-15.1,-8.27,-0.9));
#3531 = DIRECTION('',(-1.,0.,0.));
#3532 = DIRECTION('',(0.,1.,0.));
#3533 = ADVANCED_FACE('',(#3534),#3542,.F.);
#3534 = FACE_BOUND('',#3535,.F.);
#3535 = EDGE_LOOP('',(#3536,#3537,#3538,#3539,#3540,#3541));
#3536 = ORIENTED_EDGE('',*,*,#3142,.T.);
#3537 = ORIENTED_EDGE('',*,*,#3060,.F.);
#3538 = ORIENTED_EDGE('',*,*,#3069,.F.);
#3539 = ORIENTED_EDGE('',*,*,#3523,.F.);
#3540 = ORIENTED_EDGE('',*,*,#2977,.T.);
#3541 = ORIENTED_EDGE('',*,*,#2968,.T.);
#3542 = CYLINDRICAL_SURFACE('',#3543,0.5);
#3543 = AXIS2_PLACEMENT_3D('',#3544,#3545,#3546);
#3544 = CARTESIAN_POINT('',(-15.,-4.46,0.));
#3545 = DIRECTION('',(0.,0.,1.));
#3546 = DIRECTION('',(1.,0.,0.));
#3547 = ADVANCED_FACE('',(#3548),#3558,.F.);
#3548 = FACE_BOUND('',#3549,.F.);
#3549 = EDGE_LOOP('',(#3550,#3551,#3556,#3557));
#3550 = ORIENTED_EDGE('',*,*,#3113,.F.);
#3551 = ORIENTED_EDGE('',*,*,#3552,.F.);
#3552 = EDGE_CURVE('',#3022,#3114,#3553,.T.);
#3553 = B_SPLINE_CURVE_WITH_KNOTS('',1,(#3554,#3555),.UNSPECIFIED.,.F.,
  .F.,(2,2),(-72.50196201483,72.501962014831),.PIECEWISE_BEZIER_KNOTS.);
#3554 = CARTESIAN_POINT('',(-12.5,-4.46,-72.50196201483));
#3555 = CARTESIAN_POINT('',(-12.5,-4.46,72.501962014831));
#3556 = ORIENTED_EDGE('',*,*,#3021,.T.);
#3557 = ORIENTED_EDGE('',*,*,#3552,.T.);
#3558 = CYLINDRICAL_SURFACE('',#3559,0.5);
#3559 = AXIS2_PLACEMENT_3D('',#3560,#3561,#3562);
#3560 = CARTESIAN_POINT('',(-13.,-4.46,0.));
#3561 = DIRECTION('',(0.,0.,1.));
#3562 = DIRECTION('',(1.,0.,0.));
#3563 = ADVANCED_FACE('',(#3564),#3574,.F.);
#3564 = FACE_BOUND('',#3565,.F.);
#3565 = EDGE_LOOP('',(#3566,#3567,#3572,#3573));
#3566 = ORIENTED_EDGE('',*,*,#3124,.F.);
#3567 = ORIENTED_EDGE('',*,*,#3568,.F.);
#3568 = EDGE_CURVE('',#3033,#3125,#3569,.T.);
#3569 = B_SPLINE_CURVE_WITH_KNOTS('',1,(#3570,#3571),.UNSPECIFIED.,.F.,
  .F.,(2,2),(-72.50196201483,72.501962014831),.PIECEWISE_BEZIER_KNOTS.);
#3570 = CARTESIAN_POINT('',(-12.5,-7.,-72.50196201483));
#3571 = CARTESIAN_POINT('',(-12.5,-7.,72.501962014831));
#3572 = ORIENTED_EDGE('',*,*,#3032,.T.);
#3573 = ORIENTED_EDGE('',*,*,#3568,.T.);
#3574 = CYLINDRICAL_SURFACE('',#3575,0.5);
#3575 = AXIS2_PLACEMENT_3D('',#3576,#3577,#3578);
#3576 = CARTESIAN_POINT('',(-13.,-7.,0.));
#3577 = DIRECTION('',(0.,0.,1.));
#3578 = DIRECTION('',(1.,0.,0.));
#3579 = ( GEOMETRIC_REPRESENTATION_CONTEXT(3) 
GLOBAL_UNCERTAINTY_ASSIGNED_CONTEXT((#3583)) 
GLOBAL_UNIT_ASSIGNED_CONTEXT((#3580,#3581,#3582)) REPRESENTATION_CONTEXT
('Context #1','3D Context with UNIT and UNCERTAINTY') );
#3580 = ( LENGTH_UNIT() NAMED_UNIT(*) SI_UNIT(.MILLI.,.METRE.) );
#3581 = ( NAMED_UNIT(*) PLANE_ANGLE_UNIT() SI_UNIT($,.RADIAN.) );
#3582 = ( NAMED_UNIT(*) SI_UNIT($,.STERADIAN.) SOLID_ANGLE_UNIT() );
#3583 = UNCERTAINTY_MEASURE_WITH_UNIT(LENGTH_MEASURE(1.E-06),#3580,
  'distance_accuracy_value','confusion accuracy');
#3584 = PRODUCT_RELATED_PRODUCT_CATEGORY('part',$,(#7));
#3585 = MECHANICAL_DESIGN_GEOMETRIC_PRESENTATION_REPRESENTATION('',(
    #3586),#3579);
#3586 = STYLED_ITEM('color',(#3587),#15);
#3587 = PRESENTATION_STYLE_ASSIGNMENT((#3588,#3594));
#3588 = SURFACE_STYLE_USAGE(.BOTH.,#3589);
#3589 = SURFACE_SIDE_STYLE('',(#3590));
#3590 = SURFACE_STYLE_FILL_AREA(#3591);
#3591 = FILL_AREA_STYLE('',(#3592));
#3592 = FILL_AREA_STYLE_COLOUR('',#3593);
#3593 = COLOUR_RGB('',0.764705913506,0.807843143701,0.788235302081);
#3594 = CURVE_STYLE('',#3595,POSITIVE_LENGTH_MEASURE(0.1),#3596);
#3595 = DRAUGHTING_PRE_DEFINED_CURVE_FONT('continuous');
#3596 = COLOUR_RGB('',0.427450993391,0.427450993391,0.427450993391);
ENDSEC;
END-ISO-10303-21;
