ISO-10303-21;
HEADER;
FILE_DESCRIPTION(('FreeCAD Model'),'2;1');
FILE_NAME('Open CASCADE Shape Model','2026-09-27T22:03:38',(''),(''),
  'Open CASCADE STEP processor 7.8','FreeCAD','Unknown');
FILE_SCHEMA(('AUTOMOTIVE_DESIGN { 1 0 10303 214 1 1 1 1 }'));
ENDSEC;
DATA;
#1 = APPLICATION_PROTOCOL_DEFINITION('international standard',
  'automotive_design',2000,#2);
#2 = APPLICATION_CONTEXT(
  'core data for automotive mechanical design processes');
#3 = SHAPE_DEFINITION_REPRESENTATION(#4,#10);
#4 = PRODUCT_DEFINITION_SHAPE('','',#5);
#5 = PRODUCT_DEFINITION('design','',#6,#9);
#6 = PRODUCT_DEFINITION_FORMATION('','',#7);
#7 = PRODUCT('KF2510_5_90','KF2510_5_90','',(#8));
#8 = PRODUCT_CONTEXT('',#2,'mechanical');
#9 = PRODUCT_DEFINITION_CONTEXT('part definition',#2,'design');
#10 = SHAPE_REPRESENTATION('',(#11,#15),#19);
#11 = AXIS2_PLACEMENT_3D('',#12,#13,#14);
#12 = CARTESIAN_POINT('',(0.,0.,0.));
#13 = DIRECTION('',(0.,0.,1.));
#14 = DIRECTION('',(1.,0.,-0.));
#15 = AXIS2_PLACEMENT_3D('',#16,#17,#18);
#16 = CARTESIAN_POINT('',(0.,0.,0.));
#17 = DIRECTION('',(0.,0.,1.));
#18 = DIRECTION('',(1.,0.,0.));
#19 = ( GEOMETRIC_REPRESENTATION_CONTEXT(3) 
GLOBAL_UNCERTAINTY_ASSIGNED_CONTEXT((#23)) GLOBAL_UNIT_ASSIGNED_CONTEXT(
(#20,#21,#22)) REPRESENTATION_CONTEXT('Context #1',
  '3D Context with UNIT and UNCERTAINTY') );
#20 = ( LENGTH_UNIT() NAMED_UNIT(*) SI_UNIT(.MILLI.,.METRE.) );
#21 = ( NAMED_UNIT(*) PLANE_ANGLE_UNIT() SI_UNIT($,.RADIAN.) );
#22 = ( NAMED_UNIT(*) SI_UNIT($,.STERADIAN.) SOLID_ANGLE_UNIT() );
#23 = UNCERTAINTY_MEASURE_WITH_UNIT(LENGTH_MEASURE(2.E-06),#20,
  'distance_accuracy_value','confusion accuracy');
#24 = PRODUCT_RELATED_PRODUCT_CATEGORY('part',$,(#7));
#25 = SHAPE_DEFINITION_REPRESENTATION(#26,#32);
#26 = PRODUCT_DEFINITION_SHAPE('','',#27);
#27 = PRODUCT_DEFINITION('design','',#28,#31);
#28 = PRODUCT_DEFINITION_FORMATION('','',#29);
#29 = PRODUCT('Body001','Body001','',(#30));
#30 = PRODUCT_CONTEXT('',#2,'mechanical');
#31 = PRODUCT_DEFINITION_CONTEXT('part definition',#2,'design');
#32 = ADVANCED_BREP_SHAPE_REPRESENTATION('',(#11,#33),#4010);
#33 = MANIFOLD_SOLID_BREP('',#34);
#34 = CLOSED_SHELL('',(#35,#110,#159,#184,#209,#234,#325,#350,#375,#425,
    #451,#468,#480,#740,#764,#965,#977,#1001,#1041,#1057,#1074,#1105,
    #1136,#1152,#1178,#1209,#1233,#1257,#1274,#1305,#1329,#1353,#1370,
    #1401,#1425,#1449,#1466,#1497,#1521,#1545,#1562,#1593,#1617,#1641,
    #1658,#1675,#1692,#1723,#1754,#1812,#1836,#1887,#1918,#1976,#2034,
    #2051,#2082,#2140,#2164,#2215,#2246,#2304,#2328,#2379,#2410,#2468,
    #2492,#2543,#2570,#2581,#2598,#2614,#2631,#2662,#2686,#2710,#2727,
    #2758,#2782,#2806,#2823,#2854,#2878,#2902,#2919,#2950,#2974,#2998,
    #3015,#3046,#3070,#3094,#3111,#3122,#3133,#3150,#3172,#3184,#3215,
    #3232,#3263,#3280,#3302,#3314,#3345,#3362,#3393,#3410,#3432,#3444,
    #3475,#3492,#3523,#3540,#3570,#3582,#3606,#3624,#3636,#3653,#3675,
    #3687,#3718,#3735,#3766,#3778,#3790,#3802,#3814,#3826,#3843,#3860,
    #3872,#3889,#3906,#3918,#3935,#3952,#3964,#3981,#3998));
#35 = ADVANCED_FACE('',(#36),#105,.F.);
#36 = FACE_BOUND('',#37,.F.);
#37 = EDGE_LOOP('',(#38,#48,#57,#66,#75,#83,#91,#99));
#38 = ORIENTED_EDGE('',*,*,#39,.F.);
#39 = EDGE_CURVE('',#40,#42,#44,.T.);
#40 = VERTEX_POINT('',#41);
#41 = CARTESIAN_POINT('',(-8.532455532034,-5.1,4.3));
#42 = VERTEX_POINT('',#43);
#43 = CARTESIAN_POINT('',(-12.6,-5.1,4.3));
#44 = LINE('',#45,#46);
#45 = CARTESIAN_POINT('',(-11.637732885,-5.1,4.3));
#46 = VECTOR('',#47,1.);
#47 = DIRECTION('',(-1.,0.,0.));
#48 = ORIENTED_EDGE('',*,*,#49,.T.);
#49 = EDGE_CURVE('',#40,#50,#52,.T.);
#50 = VERTEX_POINT('',#51);
#51 = CARTESIAN_POINT('',(-8.261403161162,-5.1,4.471428571429));
#52 = CIRCLE('',#53,0.3);
#53 = AXIS2_PLACEMENT_3D('',#54,#55,#56);
#54 = CARTESIAN_POINT('',(-8.532455532034,-5.1,4.6));
#55 = DIRECTION('',(0.,-1.,2.2E-16));
#56 = DIRECTION('',(0.,2.2E-16,1.));
#57 = ORIENTED_EDGE('',*,*,#58,.F.);
#58 = EDGE_CURVE('',#59,#50,#61,.T.);
#59 = VERTEX_POINT('',#60);
#60 = CARTESIAN_POINT('',(-7.538596838838,-5.1,4.471428571429));
#61 = CIRCLE('',#62,0.4);
#62 = AXIS2_PLACEMENT_3D('',#63,#64,#65);
#63 = CARTESIAN_POINT('',(-7.9,-5.1,4.3));
#64 = DIRECTION('',(0.,-1.,2.2E-16));
#65 = DIRECTION('',(1.,0.,0.));
#66 = ORIENTED_EDGE('',*,*,#67,.F.);
#67 = EDGE_CURVE('',#68,#59,#70,.T.);
#68 = VERTEX_POINT('',#69);
#69 = CARTESIAN_POINT('',(-7.267544467966,-5.1,4.3));
#70 = CIRCLE('',#71,0.3);
#71 = AXIS2_PLACEMENT_3D('',#72,#73,#74);
#72 = CARTESIAN_POINT('',(-7.267544467966,-5.1,4.6));
#73 = DIRECTION('',(0.,1.,-2.2E-16));
#74 = DIRECTION('',(0.,2.2E-16,1.));
#75 = ORIENTED_EDGE('',*,*,#76,.F.);
#76 = EDGE_CURVE('',#77,#68,#79,.T.);
#77 = VERTEX_POINT('',#78);
#78 = CARTESIAN_POINT('',(-5.6,-5.1,4.3));
#79 = LINE('',#80,#81);
#80 = CARTESIAN_POINT('',(-10.037732885,-5.1,4.3));
#81 = VECTOR('',#82,1.);
#82 = DIRECTION('',(-1.,0.,0.));
#83 = ORIENTED_EDGE('',*,*,#84,.F.);
#84 = EDGE_CURVE('',#85,#77,#87,.T.);
#85 = VERTEX_POINT('',#86);
#86 = CARTESIAN_POINT('',(-5.6,-5.1,3.5));
#87 = LINE('',#88,#89);
#88 = CARTESIAN_POINT('',(-5.6,-5.1,3.5));
#89 = VECTOR('',#90,1.);
#90 = DIRECTION('',(0.,0.,1.));
#91 = ORIENTED_EDGE('',*,*,#92,.F.);
#92 = EDGE_CURVE('',#93,#85,#95,.T.);
#93 = VERTEX_POINT('',#94);
#94 = CARTESIAN_POINT('',(-12.6,-5.1,3.5));
#95 = LINE('',#96,#97);
#96 = CARTESIAN_POINT('',(-14.97546577,-5.1,3.5));
#97 = VECTOR('',#98,1.);
#98 = DIRECTION('',(1.,0.,0.));
#99 = ORIENTED_EDGE('',*,*,#100,.F.);
#100 = EDGE_CURVE('',#42,#93,#101,.T.);
#101 = LINE('',#102,#103);
#102 = CARTESIAN_POINT('',(-12.6,-5.1,4.3));
#103 = VECTOR('',#104,1.);
#104 = DIRECTION('',(0.,0.,-1.));
#105 = PLANE('',#106);
#106 = AXIS2_PLACEMENT_3D('',#107,#108,#109);
#107 = CARTESIAN_POINT('',(-14.97546577,-5.1,3.5));
#108 = DIRECTION('',(0.,1.,0.));
#109 = DIRECTION('',(1.,0.,0.));
#110 = ADVANCED_FACE('',(#111),#154,.T.);
#111 = FACE_BOUND('',#112,.T.);
#112 = EDGE_LOOP('',(#113,#114,#122,#130,#139,#147));
#113 = ORIENTED_EDGE('',*,*,#39,.F.);
#114 = ORIENTED_EDGE('',*,*,#115,.T.);
#115 = EDGE_CURVE('',#40,#116,#118,.T.);
#116 = VERTEX_POINT('',#117);
#117 = CARTESIAN_POINT('',(-8.532455532034,5.1,4.3));
#118 = LINE('',#119,#120);
#119 = CARTESIAN_POINT('',(-8.532455532034,-5.1,4.3));
#120 = VECTOR('',#121,1.);
#121 = DIRECTION('',(0.,1.,-2.2E-16));
#122 = ORIENTED_EDGE('',*,*,#123,.F.);
#123 = EDGE_CURVE('',#124,#116,#126,.T.);
#124 = VERTEX_POINT('',#125);
#125 = CARTESIAN_POINT('',(-12.6,5.1,4.3));
#126 = LINE('',#127,#128);
#127 = CARTESIAN_POINT('',(-6.7,5.1,4.3));
#128 = VECTOR('',#129,1.);
#129 = DIRECTION('',(1.,0.,0.));
#130 = ORIENTED_EDGE('',*,*,#131,.T.);
#131 = EDGE_CURVE('',#124,#132,#134,.T.);
#132 = VERTEX_POINT('',#133);
#133 = CARTESIAN_POINT('',(-13.1,4.6,4.3));
#134 = CIRCLE('',#135,0.5);
#135 = AXIS2_PLACEMENT_3D('',#136,#137,#138);
#136 = CARTESIAN_POINT('',(-12.6,4.6,4.3));
#137 = DIRECTION('',(-0.,0.,1.));
#138 = DIRECTION('',(0.,-1.,0.));
#139 = ORIENTED_EDGE('',*,*,#140,.F.);
#140 = EDGE_CURVE('',#141,#132,#143,.T.);
#141 = VERTEX_POINT('',#142);
#142 = CARTESIAN_POINT('',(-13.1,-4.6,4.3));
#143 = LINE('',#144,#145);
#144 = CARTESIAN_POINT('',(-13.1,-6.35,4.3));
#145 = VECTOR('',#146,1.);
#146 = DIRECTION('',(0.,1.,0.));
#147 = ORIENTED_EDGE('',*,*,#148,.F.);
#148 = EDGE_CURVE('',#42,#141,#149,.T.);
#149 = CIRCLE('',#150,0.5);
#150 = AXIS2_PLACEMENT_3D('',#151,#152,#153);
#151 = CARTESIAN_POINT('',(-12.6,-4.6,4.3));
#152 = DIRECTION('',(0.,0.,-1.));
#153 = DIRECTION('',(0.,1.,0.));
#154 = PLANE('',#155);
#155 = AXIS2_PLACEMENT_3D('',#156,#157,#158);
#156 = CARTESIAN_POINT('',(-8.3,-6.35,4.3));
#157 = DIRECTION('',(0.,0.,1.));
#158 = DIRECTION('',(-1.,0.,0.));
#159 = ADVANCED_FACE('',(#160),#179,.F.);
#160 = FACE_BOUND('',#161,.T.);
#161 = EDGE_LOOP('',(#162,#163,#171,#178));
#162 = ORIENTED_EDGE('',*,*,#49,.T.);
#163 = ORIENTED_EDGE('',*,*,#164,.T.);
#164 = EDGE_CURVE('',#50,#165,#167,.T.);
#165 = VERTEX_POINT('',#166);
#166 = CARTESIAN_POINT('',(-8.261403161162,5.1,4.471428571429));
#167 = LINE('',#168,#169);
#168 = CARTESIAN_POINT('',(-8.261403161162,-5.1,4.471428571429));
#169 = VECTOR('',#170,1.);
#170 = DIRECTION('',(0.,1.,-2.2E-16));
#171 = ORIENTED_EDGE('',*,*,#172,.F.);
#172 = EDGE_CURVE('',#116,#165,#173,.T.);
#173 = CIRCLE('',#174,0.3);
#174 = AXIS2_PLACEMENT_3D('',#175,#176,#177);
#175 = CARTESIAN_POINT('',(-8.532455532034,5.1,4.6));
#176 = DIRECTION('',(0.,-1.,2.2E-16));
#177 = DIRECTION('',(0.,2.2E-16,1.));
#178 = ORIENTED_EDGE('',*,*,#115,.F.);
#179 = CYLINDRICAL_SURFACE('',#180,0.3);
#180 = AXIS2_PLACEMENT_3D('',#181,#182,#183);
#181 = CARTESIAN_POINT('',(-8.532455532034,-5.1,4.6));
#182 = DIRECTION('',(0.,1.,-2.2E-16));
#183 = DIRECTION('',(0.,-2.2E-16,-1.));
#184 = ADVANCED_FACE('',(#185),#204,.T.);
#185 = FACE_BOUND('',#186,.T.);
#186 = EDGE_LOOP('',(#187,#188,#196,#203));
#187 = ORIENTED_EDGE('',*,*,#148,.T.);
#188 = ORIENTED_EDGE('',*,*,#189,.T.);
#189 = EDGE_CURVE('',#141,#190,#192,.T.);
#190 = VERTEX_POINT('',#191);
#191 = CARTESIAN_POINT('',(-13.1,-4.6,3.5));
#192 = LINE('',#193,#194);
#193 = CARTESIAN_POINT('',(-13.1,-4.6,4.3));
#194 = VECTOR('',#195,1.);
#195 = DIRECTION('',(0.,0.,-1.));
#196 = ORIENTED_EDGE('',*,*,#197,.F.);
#197 = EDGE_CURVE('',#93,#190,#198,.T.);
#198 = CIRCLE('',#199,0.5);
#199 = AXIS2_PLACEMENT_3D('',#200,#201,#202);
#200 = CARTESIAN_POINT('',(-12.6,-4.6,3.5));
#201 = DIRECTION('',(0.,0.,-1.));
#202 = DIRECTION('',(0.,1.,0.));
#203 = ORIENTED_EDGE('',*,*,#100,.F.);
#204 = CYLINDRICAL_SURFACE('',#205,0.5);
#205 = AXIS2_PLACEMENT_3D('',#206,#207,#208);
#206 = CARTESIAN_POINT('',(-12.6,-4.6,4.3));
#207 = DIRECTION('',(0.,0.,-1.));
#208 = DIRECTION('',(0.,-1.,0.));
#209 = ADVANCED_FACE('',(#210),#229,.T.);
#210 = FACE_BOUND('',#211,.T.);
#211 = EDGE_LOOP('',(#212,#213,#221,#228));
#212 = ORIENTED_EDGE('',*,*,#58,.F.);
#213 = ORIENTED_EDGE('',*,*,#214,.T.);
#214 = EDGE_CURVE('',#59,#215,#217,.T.);
#215 = VERTEX_POINT('',#216);
#216 = CARTESIAN_POINT('',(-7.538596838838,5.1,4.471428571429));
#217 = LINE('',#218,#219);
#218 = CARTESIAN_POINT('',(-7.538596838838,-5.1,4.471428571429));
#219 = VECTOR('',#220,1.);
#220 = DIRECTION('',(0.,1.,-2.2E-16));
#221 = ORIENTED_EDGE('',*,*,#222,.T.);
#222 = EDGE_CURVE('',#215,#165,#223,.T.);
#223 = CIRCLE('',#224,0.4);
#224 = AXIS2_PLACEMENT_3D('',#225,#226,#227);
#225 = CARTESIAN_POINT('',(-7.9,5.1,4.3));
#226 = DIRECTION('',(0.,-1.,2.2E-16));
#227 = DIRECTION('',(1.,0.,0.));
#228 = ORIENTED_EDGE('',*,*,#164,.F.);
#229 = CYLINDRICAL_SURFACE('',#230,0.4);
#230 = AXIS2_PLACEMENT_3D('',#231,#232,#233);
#231 = CARTESIAN_POINT('',(-7.9,-6.35,4.3));
#232 = DIRECTION('',(0.,-1.,2.2E-16));
#233 = DIRECTION('',(1.,0.,0.));
#234 = ADVANCED_FACE('',(#235),#320,.T.);
#235 = FACE_BOUND('',#236,.T.);
#236 = EDGE_LOOP('',(#237,#238,#239,#247,#256,#264,#273,#281,#289,#297,
    #305,#313));
#237 = ORIENTED_EDGE('',*,*,#92,.F.);
#238 = ORIENTED_EDGE('',*,*,#197,.T.);
#239 = ORIENTED_EDGE('',*,*,#240,.T.);
#240 = EDGE_CURVE('',#190,#241,#243,.T.);
#241 = VERTEX_POINT('',#242);
#242 = CARTESIAN_POINT('',(-13.1,4.6,3.5));
#243 = LINE('',#244,#245);
#244 = CARTESIAN_POINT('',(-13.1,-6.35,3.5));
#245 = VECTOR('',#246,1.);
#246 = DIRECTION('',(0.,1.,0.));
#247 = ORIENTED_EDGE('',*,*,#248,.F.);
#248 = EDGE_CURVE('',#249,#241,#251,.T.);
#249 = VERTEX_POINT('',#250);
#250 = CARTESIAN_POINT('',(-12.6,5.1,3.5));
#251 = CIRCLE('',#252,0.5);
#252 = AXIS2_PLACEMENT_3D('',#253,#254,#255);
#253 = CARTESIAN_POINT('',(-12.6,4.6,3.5));
#254 = DIRECTION('',(-0.,0.,1.));
#255 = DIRECTION('',(0.,-1.,0.));
#256 = ORIENTED_EDGE('',*,*,#257,.F.);
#257 = EDGE_CURVE('',#258,#249,#260,.T.);
#258 = VERTEX_POINT('',#259);
#259 = CARTESIAN_POINT('',(-5.6,5.1,3.5));
#260 = LINE('',#261,#262);
#261 = CARTESIAN_POINT('',(-5.1,5.1,3.5));
#262 = VECTOR('',#263,1.);
#263 = DIRECTION('',(-1.,0.,0.));
#264 = ORIENTED_EDGE('',*,*,#265,.T.);
#265 = EDGE_CURVE('',#258,#266,#268,.T.);
#266 = VERTEX_POINT('',#267);
#267 = CARTESIAN_POINT('',(-5.1,5.6,3.5));
#268 = CIRCLE('',#269,0.5);
#269 = AXIS2_PLACEMENT_3D('',#270,#271,#272);
#270 = CARTESIAN_POINT('',(-5.6,5.6,3.5));
#271 = DIRECTION('',(-0.,0.,1.));
#272 = DIRECTION('',(0.,-1.,0.));
#273 = ORIENTED_EDGE('',*,*,#274,.F.);
#274 = EDGE_CURVE('',#275,#266,#277,.T.);
#275 = VERTEX_POINT('',#276);
#276 = CARTESIAN_POINT('',(-5.1,6.26,3.5));
#277 = LINE('',#278,#279);
#278 = CARTESIAN_POINT('',(-5.1,9.15837955,3.5));
#279 = VECTOR('',#280,1.);
#280 = DIRECTION('',(0.,-1.,0.));
#281 = ORIENTED_EDGE('',*,*,#282,.T.);
#282 = EDGE_CURVE('',#275,#283,#285,.T.);
#283 = VERTEX_POINT('',#284);
#284 = CARTESIAN_POINT('',(-1.9,6.26,3.5));
#285 = LINE('',#286,#287);
#286 = CARTESIAN_POINT('',(-13.1,6.26,3.5));
#287 = VECTOR('',#288,1.);
#288 = DIRECTION('',(1.,0.,0.));
#289 = ORIENTED_EDGE('',*,*,#290,.F.);
#290 = EDGE_CURVE('',#291,#283,#293,.T.);
#291 = VERTEX_POINT('',#292);
#292 = CARTESIAN_POINT('',(-1.9,-6.26,3.5));
#293 = LINE('',#294,#295);
#294 = CARTESIAN_POINT('',(-1.9,-6.35,3.5));
#295 = VECTOR('',#296,1.);
#296 = DIRECTION('',(0.,1.,0.));
#297 = ORIENTED_EDGE('',*,*,#298,.F.);
#298 = EDGE_CURVE('',#299,#291,#301,.T.);
#299 = VERTEX_POINT('',#300);
#300 = CARTESIAN_POINT('',(-5.1,-6.26,3.5));
#301 = LINE('',#302,#303);
#302 = CARTESIAN_POINT('',(-13.1,-6.26,3.5));
#303 = VECTOR('',#304,1.);
#304 = DIRECTION('',(1.,0.,0.));
#305 = ORIENTED_EDGE('',*,*,#306,.F.);
#306 = EDGE_CURVE('',#307,#299,#309,.T.);
#307 = VERTEX_POINT('',#308);
#308 = CARTESIAN_POINT('',(-5.1,-5.6,3.5));
#309 = LINE('',#310,#311);
#310 = CARTESIAN_POINT('',(-5.1,-5.1,3.5));
#311 = VECTOR('',#312,1.);
#312 = DIRECTION('',(0.,-1.,0.));
#313 = ORIENTED_EDGE('',*,*,#314,.F.);
#314 = EDGE_CURVE('',#85,#307,#315,.T.);
#315 = CIRCLE('',#316,0.5);
#316 = AXIS2_PLACEMENT_3D('',#317,#318,#319);
#317 = CARTESIAN_POINT('',(-5.6,-5.6,3.5));
#318 = DIRECTION('',(-0.,-0.,-1.));
#319 = DIRECTION('',(0.,-1.,0.));
#320 = PLANE('',#321);
#321 = AXIS2_PLACEMENT_3D('',#322,#323,#324);
#322 = CARTESIAN_POINT('',(-13.1,-6.35,3.5));
#323 = DIRECTION('',(0.,0.,-1.));
#324 = DIRECTION('',(1.,0.,0.));
#325 = ADVANCED_FACE('',(#326),#345,.F.);
#326 = FACE_BOUND('',#327,.F.);
#327 = EDGE_LOOP('',(#328,#329,#330,#339));
#328 = ORIENTED_EDGE('',*,*,#67,.T.);
#329 = ORIENTED_EDGE('',*,*,#214,.T.);
#330 = ORIENTED_EDGE('',*,*,#331,.F.);
#331 = EDGE_CURVE('',#332,#215,#334,.T.);
#332 = VERTEX_POINT('',#333);
#333 = CARTESIAN_POINT('',(-7.267544467966,5.1,4.3));
#334 = CIRCLE('',#335,0.3);
#335 = AXIS2_PLACEMENT_3D('',#336,#337,#338);
#336 = CARTESIAN_POINT('',(-7.267544467966,5.1,4.6));
#337 = DIRECTION('',(0.,1.,-2.2E-16));
#338 = DIRECTION('',(0.,2.2E-16,1.));
#339 = ORIENTED_EDGE('',*,*,#340,.F.);
#340 = EDGE_CURVE('',#68,#332,#341,.T.);
#341 = LINE('',#342,#343);
#342 = CARTESIAN_POINT('',(-7.267544467966,-5.1,4.3));
#343 = VECTOR('',#344,1.);
#344 = DIRECTION('',(0.,1.,-2.2E-16));
#345 = CYLINDRICAL_SURFACE('',#346,0.3);
#346 = AXIS2_PLACEMENT_3D('',#347,#348,#349);
#347 = CARTESIAN_POINT('',(-7.267544467966,-5.1,4.6));
#348 = DIRECTION('',(0.,1.,-2.2E-16));
#349 = DIRECTION('',(0.,-2.2E-16,-1.));
#350 = ADVANCED_FACE('',(#351),#370,.F.);
#351 = FACE_BOUND('',#352,.T.);
#352 = EDGE_LOOP('',(#353,#354,#362,#369));
#353 = ORIENTED_EDGE('',*,*,#314,.T.);
#354 = ORIENTED_EDGE('',*,*,#355,.T.);
#355 = EDGE_CURVE('',#307,#356,#358,.T.);
#356 = VERTEX_POINT('',#357);
#357 = CARTESIAN_POINT('',(-5.1,-5.6,4.3));
#358 = LINE('',#359,#360);
#359 = CARTESIAN_POINT('',(-5.1,-5.6,3.5));
#360 = VECTOR('',#361,1.);
#361 = DIRECTION('',(0.,0.,1.));
#362 = ORIENTED_EDGE('',*,*,#363,.F.);
#363 = EDGE_CURVE('',#77,#356,#364,.T.);
#364 = CIRCLE('',#365,0.5);
#365 = AXIS2_PLACEMENT_3D('',#366,#367,#368);
#366 = CARTESIAN_POINT('',(-5.6,-5.6,4.3));
#367 = DIRECTION('',(-0.,-0.,-1.));
#368 = DIRECTION('',(0.,-1.,0.));
#369 = ORIENTED_EDGE('',*,*,#84,.F.);
#370 = CYLINDRICAL_SURFACE('',#371,0.5);
#371 = AXIS2_PLACEMENT_3D('',#372,#373,#374);
#372 = CARTESIAN_POINT('',(-5.6,-5.6,3.5));
#373 = DIRECTION('',(0.,0.,1.));
#374 = DIRECTION('',(0.,1.,0.));
#375 = ADVANCED_FACE('',(#376),#420,.T.);
#376 = FACE_BOUND('',#377,.T.);
#377 = EDGE_LOOP('',(#378,#379,#380,#388,#396,#404,#413,#419));
#378 = ORIENTED_EDGE('',*,*,#76,.F.);
#379 = ORIENTED_EDGE('',*,*,#363,.T.);
#380 = ORIENTED_EDGE('',*,*,#381,.F.);
#381 = EDGE_CURVE('',#382,#356,#384,.T.);
#382 = VERTEX_POINT('',#383);
#383 = CARTESIAN_POINT('',(-5.1,-5.1,4.3));
#384 = LINE('',#385,#386);
#385 = CARTESIAN_POINT('',(-5.1,-3.175,4.3));
#386 = VECTOR('',#387,1.);
#387 = DIRECTION('',(-0.,-1.,-0.));
#388 = ORIENTED_EDGE('',*,*,#389,.T.);
#389 = EDGE_CURVE('',#382,#390,#392,.T.);
#390 = VERTEX_POINT('',#391);
#391 = CARTESIAN_POINT('',(-5.1,5.1,4.3));
#392 = LINE('',#393,#394);
#393 = CARTESIAN_POINT('',(-5.1,-6.35,4.3));
#394 = VECTOR('',#395,1.);
#395 = DIRECTION('',(0.,1.,0.));
#396 = ORIENTED_EDGE('',*,*,#397,.T.);
#397 = EDGE_CURVE('',#390,#398,#400,.T.);
#398 = VERTEX_POINT('',#399);
#399 = CARTESIAN_POINT('',(-5.1,5.6,4.3));
#400 = LINE('',#401,#402);
#401 = CARTESIAN_POINT('',(-5.1,-3.175,4.3));
#402 = VECTOR('',#403,1.);
#403 = DIRECTION('',(0.,1.,0.));
#404 = ORIENTED_EDGE('',*,*,#405,.F.);
#405 = EDGE_CURVE('',#406,#398,#408,.T.);
#406 = VERTEX_POINT('',#407);
#407 = CARTESIAN_POINT('',(-5.6,5.1,4.3));
#408 = CIRCLE('',#409,0.5);
#409 = AXIS2_PLACEMENT_3D('',#410,#411,#412);
#410 = CARTESIAN_POINT('',(-5.6,5.6,4.3));
#411 = DIRECTION('',(-0.,0.,1.));
#412 = DIRECTION('',(0.,-1.,0.));
#413 = ORIENTED_EDGE('',*,*,#414,.F.);
#414 = EDGE_CURVE('',#332,#406,#415,.T.);
#415 = LINE('',#416,#417);
#416 = CARTESIAN_POINT('',(-5.1,5.1,4.3));
#417 = VECTOR('',#418,1.);
#418 = DIRECTION('',(1.,0.,0.));
#419 = ORIENTED_EDGE('',*,*,#340,.F.);
#420 = PLANE('',#421);
#421 = AXIS2_PLACEMENT_3D('',#422,#423,#424);
#422 = CARTESIAN_POINT('',(-5.1,-6.35,4.3));
#423 = DIRECTION('',(0.,0.,1.));
#424 = DIRECTION('',(-1.,0.,0.));
#425 = ADVANCED_FACE('',(#426),#446,.F.);
#426 = FACE_BOUND('',#427,.F.);
#427 = EDGE_LOOP('',(#428,#429,#430,#431,#432,#433,#439,#440));
#428 = ORIENTED_EDGE('',*,*,#414,.F.);
#429 = ORIENTED_EDGE('',*,*,#331,.T.);
#430 = ORIENTED_EDGE('',*,*,#222,.T.);
#431 = ORIENTED_EDGE('',*,*,#172,.F.);
#432 = ORIENTED_EDGE('',*,*,#123,.F.);
#433 = ORIENTED_EDGE('',*,*,#434,.F.);
#434 = EDGE_CURVE('',#249,#124,#435,.T.);
#435 = LINE('',#436,#437);
#436 = CARTESIAN_POINT('',(-12.6,5.1,3.5));
#437 = VECTOR('',#438,1.);
#438 = DIRECTION('',(0.,0.,1.));
#439 = ORIENTED_EDGE('',*,*,#257,.F.);
#440 = ORIENTED_EDGE('',*,*,#441,.T.);
#441 = EDGE_CURVE('',#258,#406,#442,.T.);
#442 = LINE('',#443,#444);
#443 = CARTESIAN_POINT('',(-5.6,5.1,3.5));
#444 = VECTOR('',#445,1.);
#445 = DIRECTION('',(0.,0.,1.));
#446 = PLANE('',#447);
#447 = AXIS2_PLACEMENT_3D('',#448,#449,#450);
#448 = CARTESIAN_POINT('',(-5.1,5.1,3.5));
#449 = DIRECTION('',(0.,-1.,0.));
#450 = DIRECTION('',(-1.,0.,0.));
#451 = ADVANCED_FACE('',(#452),#463,.T.);
#452 = FACE_BOUND('',#453,.T.);
#453 = EDGE_LOOP('',(#454,#455,#456,#457));
#454 = ORIENTED_EDGE('',*,*,#240,.F.);
#455 = ORIENTED_EDGE('',*,*,#189,.F.);
#456 = ORIENTED_EDGE('',*,*,#140,.T.);
#457 = ORIENTED_EDGE('',*,*,#458,.F.);
#458 = EDGE_CURVE('',#241,#132,#459,.T.);
#459 = LINE('',#460,#461);
#460 = CARTESIAN_POINT('',(-13.1,4.6,3.5));
#461 = VECTOR('',#462,1.);
#462 = DIRECTION('',(0.,0.,1.));
#463 = PLANE('',#464);
#464 = AXIS2_PLACEMENT_3D('',#465,#466,#467);
#465 = CARTESIAN_POINT('',(-13.1,-6.35,4.3));
#466 = DIRECTION('',(-1.,0.,0.));
#467 = DIRECTION('',(-0.,-2.2E-16,-1.));
#468 = ADVANCED_FACE('',(#469),#475,.T.);
#469 = FACE_BOUND('',#470,.T.);
#470 = EDGE_LOOP('',(#471,#472,#473,#474));
#471 = ORIENTED_EDGE('',*,*,#248,.T.);
#472 = ORIENTED_EDGE('',*,*,#458,.T.);
#473 = ORIENTED_EDGE('',*,*,#131,.F.);
#474 = ORIENTED_EDGE('',*,*,#434,.F.);
#475 = CYLINDRICAL_SURFACE('',#476,0.5);
#476 = AXIS2_PLACEMENT_3D('',#477,#478,#479);
#477 = CARTESIAN_POINT('',(-12.6,4.6,3.5));
#478 = DIRECTION('',(0.,0.,1.));
#479 = DIRECTION('',(0.,1.,0.));
#480 = ADVANCED_FACE('',(#481,#565,#599,#633,#667,#701),#735,.T.);
#481 = FACE_BOUND('',#482,.T.);
#482 = EDGE_LOOP('',(#483,#484,#492,#500,#508,#516,#524,#532,#540,#548,
    #554,#555,#561,#562,#563,#564));
#483 = ORIENTED_EDGE('',*,*,#306,.T.);
#484 = ORIENTED_EDGE('',*,*,#485,.T.);
#485 = EDGE_CURVE('',#299,#486,#488,.T.);
#486 = VERTEX_POINT('',#487);
#487 = CARTESIAN_POINT('',(-5.1,-6.35,3.59));
#488 = LINE('',#489,#490);
#489 = CARTESIAN_POINT('',(-5.1,-5.9925,3.2325));
#490 = VECTOR('',#491,1.);
#491 = DIRECTION('',(0.,-0.707106781187,0.707106781187));
#492 = ORIENTED_EDGE('',*,*,#493,.F.);
#493 = EDGE_CURVE('',#494,#486,#496,.T.);
#494 = VERTEX_POINT('',#495);
#495 = CARTESIAN_POINT('',(-5.1,-6.35,4.21));
#496 = LINE('',#497,#498);
#497 = CARTESIAN_POINT('',(-5.1,-6.35,4.352181168064));
#498 = VECTOR('',#499,1.);
#499 = DIRECTION('',(0.,0.,-1.));
#500 = ORIENTED_EDGE('',*,*,#501,.F.);
#501 = EDGE_CURVE('',#502,#494,#504,.T.);
#502 = VERTEX_POINT('',#503);
#503 = CARTESIAN_POINT('',(-5.1,-6.26,4.3));
#504 = LINE('',#505,#506);
#505 = CARTESIAN_POINT('',(-5.1,-6.1925,4.3675));
#506 = VECTOR('',#507,1.);
#507 = DIRECTION('',(0.,-0.707106781187,-0.707106781187));
#508 = ORIENTED_EDGE('',*,*,#509,.F.);
#509 = EDGE_CURVE('',#510,#502,#512,.T.);
#510 = VERTEX_POINT('',#511);
#511 = CARTESIAN_POINT('',(-5.1,-6.26,9.16));
#512 = LINE('',#513,#514);
#513 = CARTESIAN_POINT('',(-5.1,-6.26,9.25));
#514 = VECTOR('',#515,1.);
#515 = DIRECTION('',(0.,-2.2E-16,-1.));
#516 = ORIENTED_EDGE('',*,*,#517,.T.);
#517 = EDGE_CURVE('',#510,#518,#520,.T.);
#518 = VERTEX_POINT('',#519);
#519 = CARTESIAN_POINT('',(-5.1,6.26,9.16));
#520 = LINE('',#521,#522);
#521 = CARTESIAN_POINT('',(-5.1,-6.35,9.16));
#522 = VECTOR('',#523,1.);
#523 = DIRECTION('',(0.,1.,0.));
#524 = ORIENTED_EDGE('',*,*,#525,.T.);
#525 = EDGE_CURVE('',#518,#526,#528,.T.);
#526 = VERTEX_POINT('',#527);
#527 = CARTESIAN_POINT('',(-5.1,6.26,4.3));
#528 = LINE('',#529,#530);
#529 = CARTESIAN_POINT('',(-5.1,6.26,9.25));
#530 = VECTOR('',#531,1.);
#531 = DIRECTION('',(0.,-2.2E-16,-1.));
#532 = ORIENTED_EDGE('',*,*,#533,.T.);
#533 = EDGE_CURVE('',#526,#534,#536,.T.);
#534 = VERTEX_POINT('',#535);
#535 = CARTESIAN_POINT('',(-5.1,6.35,4.21));
#536 = LINE('',#537,#538);
#537 = CARTESIAN_POINT('',(-5.1,7.2070948875,3.3529051125));
#538 = VECTOR('',#539,1.);
#539 = DIRECTION('',(0.,0.707106781187,-0.707106781187));
#540 = ORIENTED_EDGE('',*,*,#541,.T.);
#541 = EDGE_CURVE('',#534,#542,#544,.T.);
#542 = VERTEX_POINT('',#543);
#543 = CARTESIAN_POINT('',(-5.1,6.35,3.59));
#544 = LINE('',#545,#546);
#545 = CARTESIAN_POINT('',(-5.1,6.35,4.352181168064));
#546 = VECTOR('',#547,1.);
#547 = DIRECTION('',(0.,0.,-1.));
#548 = ORIENTED_EDGE('',*,*,#549,.F.);
#549 = EDGE_CURVE('',#275,#542,#550,.T.);
#550 = LINE('',#551,#552);
#551 = CARTESIAN_POINT('',(-5.1,7.0070948875,4.2470948875));
#552 = VECTOR('',#553,1.);
#553 = DIRECTION('',(0.,0.707106781187,0.707106781187));
#554 = ORIENTED_EDGE('',*,*,#274,.T.);
#555 = ORIENTED_EDGE('',*,*,#556,.T.);
#556 = EDGE_CURVE('',#266,#398,#557,.T.);
#557 = LINE('',#558,#559);
#558 = CARTESIAN_POINT('',(-5.1,5.6,3.5));
#559 = VECTOR('',#560,1.);
#560 = DIRECTION('',(0.,0.,1.));
#561 = ORIENTED_EDGE('',*,*,#397,.F.);
#562 = ORIENTED_EDGE('',*,*,#389,.F.);
#563 = ORIENTED_EDGE('',*,*,#381,.T.);
#564 = ORIENTED_EDGE('',*,*,#355,.F.);
#565 = FACE_BOUND('',#566,.T.);
#566 = EDGE_LOOP('',(#567,#577,#585,#593));
#567 = ORIENTED_EDGE('',*,*,#568,.F.);
#568 = EDGE_CURVE('',#569,#571,#573,.T.);
#569 = VERTEX_POINT('',#570);
#570 = CARTESIAN_POINT('',(-5.1,4.78,6.3));
#571 = VERTEX_POINT('',#572);
#572 = CARTESIAN_POINT('',(-5.1,5.38,6.3));
#573 = LINE('',#574,#575);
#574 = CARTESIAN_POINT('',(-5.1,-0.785,6.3));
#575 = VECTOR('',#576,1.);
#576 = DIRECTION('',(0.,1.,-2.2E-16));
#577 = ORIENTED_EDGE('',*,*,#578,.T.);
#578 = EDGE_CURVE('',#569,#579,#581,.T.);
#579 = VERTEX_POINT('',#580);
#580 = CARTESIAN_POINT('',(-5.1,4.78,5.7));
#581 = LINE('',#582,#583);
#582 = CARTESIAN_POINT('',(-5.1,4.78,7.112890625));
#583 = VECTOR('',#584,1.);
#584 = DIRECTION('',(-0.,-2.2E-16,-1.));
#585 = ORIENTED_EDGE('',*,*,#586,.F.);
#586 = EDGE_CURVE('',#587,#579,#589,.T.);
#587 = VERTEX_POINT('',#588);
#588 = CARTESIAN_POINT('',(-5.1,5.38,5.7));
#589 = LINE('',#590,#591);
#590 = CARTESIAN_POINT('',(-5.1,-0.785,5.7));
#591 = VECTOR('',#592,1.);
#592 = DIRECTION('',(0.,-1.,2.2E-16));
#593 = ORIENTED_EDGE('',*,*,#594,.F.);
#594 = EDGE_CURVE('',#571,#587,#595,.T.);
#595 = LINE('',#596,#597);
#596 = CARTESIAN_POINT('',(-5.1,5.38,7.112890625));
#597 = VECTOR('',#598,1.);
#598 = DIRECTION('',(-0.,-2.2E-16,-1.));
#599 = FACE_BOUND('',#600,.T.);
#600 = EDGE_LOOP('',(#601,#611,#619,#627));
#601 = ORIENTED_EDGE('',*,*,#602,.F.);
#602 = EDGE_CURVE('',#603,#605,#607,.T.);
#603 = VERTEX_POINT('',#604);
#604 = CARTESIAN_POINT('',(-5.1,-5.38,6.3));
#605 = VERTEX_POINT('',#606);
#606 = CARTESIAN_POINT('',(-5.1,-4.78,6.3));
#607 = LINE('',#608,#609);
#608 = CARTESIAN_POINT('',(-5.1,-5.865,6.3));
#609 = VECTOR('',#610,1.);
#610 = DIRECTION('',(0.,1.,-2.2E-16));
#611 = ORIENTED_EDGE('',*,*,#612,.T.);
#612 = EDGE_CURVE('',#603,#613,#615,.T.);
#613 = VERTEX_POINT('',#614);
#614 = CARTESIAN_POINT('',(-5.1,-5.38,5.7));
#615 = LINE('',#616,#617);
#616 = CARTESIAN_POINT('',(-5.1,-5.38,7.112890625));
#617 = VECTOR('',#618,1.);
#618 = DIRECTION('',(-0.,-2.2E-16,-1.));
#619 = ORIENTED_EDGE('',*,*,#620,.F.);
#620 = EDGE_CURVE('',#621,#613,#623,.T.);
#621 = VERTEX_POINT('',#622);
#622 = CARTESIAN_POINT('',(-5.1,-4.78,5.7));
#623 = LINE('',#624,#625);
#624 = CARTESIAN_POINT('',(-5.1,-5.865,5.7));
#625 = VECTOR('',#626,1.);
#626 = DIRECTION('',(0.,-1.,2.2E-16));
#627 = ORIENTED_EDGE('',*,*,#628,.F.);
#628 = EDGE_CURVE('',#605,#621,#629,.T.);
#629 = LINE('',#630,#631);
#630 = CARTESIAN_POINT('',(-5.1,-4.78,7.112890625));
#631 = VECTOR('',#632,1.);
#632 = DIRECTION('',(-0.,-2.2E-16,-1.));
#633 = FACE_BOUND('',#634,.T.);
#634 = EDGE_LOOP('',(#635,#645,#653,#661));
#635 = ORIENTED_EDGE('',*,*,#636,.F.);
#636 = EDGE_CURVE('',#637,#639,#641,.T.);
#637 = VERTEX_POINT('',#638);
#638 = CARTESIAN_POINT('',(-5.1,2.24,6.3));
#639 = VERTEX_POINT('',#640);
#640 = CARTESIAN_POINT('',(-5.1,2.84,6.3));
#641 = LINE('',#642,#643);
#642 = CARTESIAN_POINT('',(-5.1,-2.055,6.3));
#643 = VECTOR('',#644,1.);
#644 = DIRECTION('',(0.,1.,-2.2E-16));
#645 = ORIENTED_EDGE('',*,*,#646,.T.);
#646 = EDGE_CURVE('',#637,#647,#649,.T.);
#647 = VERTEX_POINT('',#648);
#648 = CARTESIAN_POINT('',(-5.1,2.24,5.7));
#649 = LINE('',#650,#651);
#650 = CARTESIAN_POINT('',(-5.1,2.24,7.112890625));
#651 = VECTOR('',#652,1.);
#652 = DIRECTION('',(-0.,-2.2E-16,-1.));
#653 = ORIENTED_EDGE('',*,*,#654,.F.);
#654 = EDGE_CURVE('',#655,#647,#657,.T.);
#655 = VERTEX_POINT('',#656);
#656 = CARTESIAN_POINT('',(-5.1,2.84,5.7));
#657 = LINE('',#658,#659);
#658 = CARTESIAN_POINT('',(-5.1,-2.055,5.7));
#659 = VECTOR('',#660,1.);
#660 = DIRECTION('',(0.,-1.,2.2E-16));
#661 = ORIENTED_EDGE('',*,*,#662,.F.);
#662 = EDGE_CURVE('',#639,#655,#663,.T.);
#663 = LINE('',#664,#665);
#664 = CARTESIAN_POINT('',(-5.1,2.84,7.112890625));
#665 = VECTOR('',#666,1.);
#666 = DIRECTION('',(-0.,-2.2E-16,-1.));
#667 = FACE_BOUND('',#668,.T.);
#668 = EDGE_LOOP('',(#669,#679,#687,#695));
#669 = ORIENTED_EDGE('',*,*,#670,.F.);
#670 = EDGE_CURVE('',#671,#673,#675,.T.);
#671 = VERTEX_POINT('',#672);
#672 = CARTESIAN_POINT('',(-5.1,-0.3,6.3));
#673 = VERTEX_POINT('',#674);
#674 = CARTESIAN_POINT('',(-5.1,0.3,6.3));
#675 = LINE('',#676,#677);
#676 = CARTESIAN_POINT('',(-5.1,-3.325,6.3));
#677 = VECTOR('',#678,1.);
#678 = DIRECTION('',(0.,1.,-2.2E-16));
#679 = ORIENTED_EDGE('',*,*,#680,.T.);
#680 = EDGE_CURVE('',#671,#681,#683,.T.);
#681 = VERTEX_POINT('',#682);
#682 = CARTESIAN_POINT('',(-5.1,-0.3,5.7));
#683 = LINE('',#684,#685);
#684 = CARTESIAN_POINT('',(-5.1,-0.3,7.112890625));
#685 = VECTOR('',#686,1.);
#686 = DIRECTION('',(-0.,-2.2E-16,-1.));
#687 = ORIENTED_EDGE('',*,*,#688,.F.);
#688 = EDGE_CURVE('',#689,#681,#691,.T.);
#689 = VERTEX_POINT('',#690);
#690 = CARTESIAN_POINT('',(-5.1,0.3,5.7));
#691 = LINE('',#692,#693);
#692 = CARTESIAN_POINT('',(-5.1,-3.325,5.7));
#693 = VECTOR('',#694,1.);
#694 = DIRECTION('',(0.,-1.,2.2E-16));
#695 = ORIENTED_EDGE('',*,*,#696,.F.);
#696 = EDGE_CURVE('',#673,#689,#697,.T.);
#697 = LINE('',#698,#699);
#698 = CARTESIAN_POINT('',(-5.1,0.3,7.112890625));
#699 = VECTOR('',#700,1.);
#700 = DIRECTION('',(-0.,-2.2E-16,-1.));
#701 = FACE_BOUND('',#702,.T.);
#702 = EDGE_LOOP('',(#703,#713,#721,#729));
#703 = ORIENTED_EDGE('',*,*,#704,.F.);
#704 = EDGE_CURVE('',#705,#707,#709,.T.);
#705 = VERTEX_POINT('',#706);
#706 = CARTESIAN_POINT('',(-5.1,-2.84,6.3));
#707 = VERTEX_POINT('',#708);
#708 = CARTESIAN_POINT('',(-5.1,-2.24,6.3));
#709 = LINE('',#710,#711);
#710 = CARTESIAN_POINT('',(-5.1,-4.595,6.3));
#711 = VECTOR('',#712,1.);
#712 = DIRECTION('',(0.,1.,-2.2E-16));
#713 = ORIENTED_EDGE('',*,*,#714,.T.);
#714 = EDGE_CURVE('',#705,#715,#717,.T.);
#715 = VERTEX_POINT('',#716);
#716 = CARTESIAN_POINT('',(-5.1,-2.84,5.7));
#717 = LINE('',#718,#719);
#718 = CARTESIAN_POINT('',(-5.1,-2.84,7.112890625));
#719 = VECTOR('',#720,1.);
#720 = DIRECTION('',(-0.,-2.2E-16,-1.));
#721 = ORIENTED_EDGE('',*,*,#722,.F.);
#722 = EDGE_CURVE('',#723,#715,#725,.T.);
#723 = VERTEX_POINT('',#724);
#724 = CARTESIAN_POINT('',(-5.1,-2.24,5.7));
#725 = LINE('',#726,#727);
#726 = CARTESIAN_POINT('',(-5.1,-4.595,5.7));
#727 = VECTOR('',#728,1.);
#728 = DIRECTION('',(0.,-1.,2.2E-16));
#729 = ORIENTED_EDGE('',*,*,#730,.F.);
#730 = EDGE_CURVE('',#707,#723,#731,.T.);
#731 = LINE('',#732,#733);
#732 = CARTESIAN_POINT('',(-5.1,-2.24,7.112890625));
#733 = VECTOR('',#734,1.);
#734 = DIRECTION('',(-0.,-2.2E-16,-1.));
#735 = PLANE('',#736);
#736 = AXIS2_PLACEMENT_3D('',#737,#738,#739);
#737 = CARTESIAN_POINT('',(-5.1,1.51E-15,6.432590831157));
#738 = DIRECTION('',(-1.,-0.,-0.));
#739 = DIRECTION('',(0.,0.,-1.));
#740 = ADVANCED_FACE('',(#741),#759,.F.);
#741 = FACE_BOUND('',#742,.T.);
#742 = EDGE_LOOP('',(#743,#744,#745,#753));
#743 = ORIENTED_EDGE('',*,*,#485,.F.);
#744 = ORIENTED_EDGE('',*,*,#298,.T.);
#745 = ORIENTED_EDGE('',*,*,#746,.T.);
#746 = EDGE_CURVE('',#291,#747,#749,.T.);
#747 = VERTEX_POINT('',#748);
#748 = CARTESIAN_POINT('',(-1.99,-6.35,3.59));
#749 = LINE('',#750,#751);
#750 = CARTESIAN_POINT('',(-3.796666666667,-8.156666666667,
    5.396666666667));
#751 = VECTOR('',#752,1.);
#752 = DIRECTION('',(-0.57735026919,-0.57735026919,0.57735026919));
#753 = ORIENTED_EDGE('',*,*,#754,.F.);
#754 = EDGE_CURVE('',#486,#747,#755,.T.);
#755 = LINE('',#756,#757);
#756 = CARTESIAN_POINT('',(-13.1,-6.35,3.59));
#757 = VECTOR('',#758,1.);
#758 = DIRECTION('',(1.,0.,0.));
#759 = PLANE('',#760);
#760 = AXIS2_PLACEMENT_3D('',#761,#762,#763);
#761 = CARTESIAN_POINT('',(-13.1,-6.305,3.545));
#762 = DIRECTION('',(0.,0.707106781187,0.707106781187));
#763 = DIRECTION('',(-1.,0.,0.));
#764 = ADVANCED_FACE('',(#765,#790,#824,#858,#892,#926),#960,.T.);
#765 = FACE_BOUND('',#766,.T.);
#766 = EDGE_LOOP('',(#767,#768,#776,#784));
#767 = ORIENTED_EDGE('',*,*,#290,.T.);
#768 = ORIENTED_EDGE('',*,*,#769,.T.);
#769 = EDGE_CURVE('',#283,#770,#772,.T.);
#770 = VERTEX_POINT('',#771);
#771 = CARTESIAN_POINT('',(-1.9,6.26,9.16));
#772 = LINE('',#773,#774);
#773 = CARTESIAN_POINT('',(-1.9,6.26,3.5));
#774 = VECTOR('',#775,1.);
#775 = DIRECTION('',(0.,2.2E-16,1.));
#776 = ORIENTED_EDGE('',*,*,#777,.F.);
#777 = EDGE_CURVE('',#778,#770,#780,.T.);
#778 = VERTEX_POINT('',#779);
#779 = CARTESIAN_POINT('',(-1.9,-6.26,9.16));
#780 = LINE('',#781,#782);
#781 = CARTESIAN_POINT('',(-1.9,-6.35,9.16));
#782 = VECTOR('',#783,1.);
#783 = DIRECTION('',(0.,1.,0.));
#784 = ORIENTED_EDGE('',*,*,#785,.F.);
#785 = EDGE_CURVE('',#291,#778,#786,.T.);
#786 = LINE('',#787,#788);
#787 = CARTESIAN_POINT('',(-1.9,-6.26,3.5));
#788 = VECTOR('',#789,1.);
#789 = DIRECTION('',(0.,2.2E-16,1.));
#790 = FACE_BOUND('',#791,.T.);
#791 = EDGE_LOOP('',(#792,#802,#810,#818));
#792 = ORIENTED_EDGE('',*,*,#793,.F.);
#793 = EDGE_CURVE('',#794,#796,#798,.T.);
#794 = VERTEX_POINT('',#795);
#795 = CARTESIAN_POINT('',(-1.9,2.84,6.3));
#796 = VERTEX_POINT('',#797);
#797 = CARTESIAN_POINT('',(-1.9,2.24,6.3));
#798 = LINE('',#799,#800);
#799 = CARTESIAN_POINT('',(-1.9,-2.055,6.3));
#800 = VECTOR('',#801,1.);
#801 = DIRECTION('',(0.,-1.,2.2E-16));
#802 = ORIENTED_EDGE('',*,*,#803,.F.);
#803 = EDGE_CURVE('',#804,#794,#806,.T.);
#804 = VERTEX_POINT('',#805);
#805 = CARTESIAN_POINT('',(-1.9,2.84,5.7));
#806 = LINE('',#807,#808);
#807 = CARTESIAN_POINT('',(-1.9,2.84,4.237890625));
#808 = VECTOR('',#809,1.);
#809 = DIRECTION('',(0.,2.2E-16,1.));
#810 = ORIENTED_EDGE('',*,*,#811,.F.);
#811 = EDGE_CURVE('',#812,#804,#814,.T.);
#812 = VERTEX_POINT('',#813);
#813 = CARTESIAN_POINT('',(-1.9,2.24,5.7));
#814 = LINE('',#815,#816);
#815 = CARTESIAN_POINT('',(-1.9,-2.055,5.7));
#816 = VECTOR('',#817,1.);
#817 = DIRECTION('',(0.,1.,-2.2E-16));
#818 = ORIENTED_EDGE('',*,*,#819,.T.);
#819 = EDGE_CURVE('',#812,#796,#820,.T.);
#820 = LINE('',#821,#822);
#821 = CARTESIAN_POINT('',(-1.9,2.24,4.237890625));
#822 = VECTOR('',#823,1.);
#823 = DIRECTION('',(0.,2.2E-16,1.));
#824 = FACE_BOUND('',#825,.T.);
#825 = EDGE_LOOP('',(#826,#836,#844,#852));
#826 = ORIENTED_EDGE('',*,*,#827,.F.);
#827 = EDGE_CURVE('',#828,#830,#832,.T.);
#828 = VERTEX_POINT('',#829);
#829 = CARTESIAN_POINT('',(-1.9,5.38,6.3));
#830 = VERTEX_POINT('',#831);
#831 = CARTESIAN_POINT('',(-1.9,4.78,6.3));
#832 = LINE('',#833,#834);
#833 = CARTESIAN_POINT('',(-1.9,-0.785,6.3));
#834 = VECTOR('',#835,1.);
#835 = DIRECTION('',(0.,-1.,2.2E-16));
#836 = ORIENTED_EDGE('',*,*,#837,.F.);
#837 = EDGE_CURVE('',#838,#828,#840,.T.);
#838 = VERTEX_POINT('',#839);
#839 = CARTESIAN_POINT('',(-1.9,5.38,5.7));
#840 = LINE('',#841,#842);
#841 = CARTESIAN_POINT('',(-1.9,5.38,4.237890625));
#842 = VECTOR('',#843,1.);
#843 = DIRECTION('',(0.,2.2E-16,1.));
#844 = ORIENTED_EDGE('',*,*,#845,.F.);
#845 = EDGE_CURVE('',#846,#838,#848,.T.);
#846 = VERTEX_POINT('',#847);
#847 = CARTESIAN_POINT('',(-1.9,4.78,5.7));
#848 = LINE('',#849,#850);
#849 = CARTESIAN_POINT('',(-1.9,-0.785,5.7));
#850 = VECTOR('',#851,1.);
#851 = DIRECTION('',(0.,1.,-2.2E-16));
#852 = ORIENTED_EDGE('',*,*,#853,.T.);
#853 = EDGE_CURVE('',#846,#830,#854,.T.);
#854 = LINE('',#855,#856);
#855 = CARTESIAN_POINT('',(-1.9,4.78,4.237890625));
#856 = VECTOR('',#857,1.);
#857 = DIRECTION('',(0.,2.2E-16,1.));
#858 = FACE_BOUND('',#859,.T.);
#859 = EDGE_LOOP('',(#860,#870,#878,#886));
#860 = ORIENTED_EDGE('',*,*,#861,.F.);
#861 = EDGE_CURVE('',#862,#864,#866,.T.);
#862 = VERTEX_POINT('',#863);
#863 = CARTESIAN_POINT('',(-1.9,0.3,6.3));
#864 = VERTEX_POINT('',#865);
#865 = CARTESIAN_POINT('',(-1.9,-0.3,6.3));
#866 = LINE('',#867,#868);
#867 = CARTESIAN_POINT('',(-1.9,-3.325,6.3));
#868 = VECTOR('',#869,1.);
#869 = DIRECTION('',(0.,-1.,2.2E-16));
#870 = ORIENTED_EDGE('',*,*,#871,.F.);
#871 = EDGE_CURVE('',#872,#862,#874,.T.);
#872 = VERTEX_POINT('',#873);
#873 = CARTESIAN_POINT('',(-1.9,0.3,5.7));
#874 = LINE('',#875,#876);
#875 = CARTESIAN_POINT('',(-1.9,0.3,4.237890625));
#876 = VECTOR('',#877,1.);
#877 = DIRECTION('',(0.,2.2E-16,1.));
#878 = ORIENTED_EDGE('',*,*,#879,.F.);
#879 = EDGE_CURVE('',#880,#872,#882,.T.);
#880 = VERTEX_POINT('',#881);
#881 = CARTESIAN_POINT('',(-1.9,-0.3,5.7));
#882 = LINE('',#883,#884);
#883 = CARTESIAN_POINT('',(-1.9,-3.325,5.7));
#884 = VECTOR('',#885,1.);
#885 = DIRECTION('',(0.,1.,-2.2E-16));
#886 = ORIENTED_EDGE('',*,*,#887,.T.);
#887 = EDGE_CURVE('',#880,#864,#888,.T.);
#888 = LINE('',#889,#890);
#889 = CARTESIAN_POINT('',(-1.9,-0.3,4.237890625));
#890 = VECTOR('',#891,1.);
#891 = DIRECTION('',(0.,2.2E-16,1.));
#892 = FACE_BOUND('',#893,.T.);
#893 = EDGE_LOOP('',(#894,#904,#912,#920));
#894 = ORIENTED_EDGE('',*,*,#895,.F.);
#895 = EDGE_CURVE('',#896,#898,#900,.T.);
#896 = VERTEX_POINT('',#897);
#897 = CARTESIAN_POINT('',(-1.9,-2.24,6.3));
#898 = VERTEX_POINT('',#899);
#899 = CARTESIAN_POINT('',(-1.9,-2.84,6.3));
#900 = LINE('',#901,#902);
#901 = CARTESIAN_POINT('',(-1.9,-4.595,6.3));
#902 = VECTOR('',#903,1.);
#903 = DIRECTION('',(0.,-1.,2.2E-16));
#904 = ORIENTED_EDGE('',*,*,#905,.F.);
#905 = EDGE_CURVE('',#906,#896,#908,.T.);
#906 = VERTEX_POINT('',#907);
#907 = CARTESIAN_POINT('',(-1.9,-2.24,5.7));
#908 = LINE('',#909,#910);
#909 = CARTESIAN_POINT('',(-1.9,-2.24,4.237890625));
#910 = VECTOR('',#911,1.);
#911 = DIRECTION('',(0.,2.2E-16,1.));
#912 = ORIENTED_EDGE('',*,*,#913,.F.);
#913 = EDGE_CURVE('',#914,#906,#916,.T.);
#914 = VERTEX_POINT('',#915);
#915 = CARTESIAN_POINT('',(-1.9,-2.84,5.7));
#916 = LINE('',#917,#918);
#917 = CARTESIAN_POINT('',(-1.9,-4.595,5.7));
#918 = VECTOR('',#919,1.);
#919 = DIRECTION('',(0.,1.,-2.2E-16));
#920 = ORIENTED_EDGE('',*,*,#921,.T.);
#921 = EDGE_CURVE('',#914,#898,#922,.T.);
#922 = LINE('',#923,#924);
#923 = CARTESIAN_POINT('',(-1.9,-2.84,4.237890625));
#924 = VECTOR('',#925,1.);
#925 = DIRECTION('',(0.,2.2E-16,1.));
#926 = FACE_BOUND('',#927,.T.);
#927 = EDGE_LOOP('',(#928,#938,#946,#954));
#928 = ORIENTED_EDGE('',*,*,#929,.F.);
#929 = EDGE_CURVE('',#930,#932,#934,.T.);
#930 = VERTEX_POINT('',#931);
#931 = CARTESIAN_POINT('',(-1.9,-4.78,6.3));
#932 = VERTEX_POINT('',#933);
#933 = CARTESIAN_POINT('',(-1.9,-5.38,6.3));
#934 = LINE('',#935,#936);
#935 = CARTESIAN_POINT('',(-1.9,-5.865,6.3));
#936 = VECTOR('',#937,1.);
#937 = DIRECTION('',(0.,-1.,2.2E-16));
#938 = ORIENTED_EDGE('',*,*,#939,.F.);
#939 = EDGE_CURVE('',#940,#930,#942,.T.);
#940 = VERTEX_POINT('',#941);
#941 = CARTESIAN_POINT('',(-1.9,-4.78,5.7));
#942 = LINE('',#943,#944);
#943 = CARTESIAN_POINT('',(-1.9,-4.78,4.237890625));
#944 = VECTOR('',#945,1.);
#945 = DIRECTION('',(0.,2.2E-16,1.));
#946 = ORIENTED_EDGE('',*,*,#947,.F.);
#947 = EDGE_CURVE('',#948,#940,#950,.T.);
#948 = VERTEX_POINT('',#949);
#949 = CARTESIAN_POINT('',(-1.9,-5.38,5.7));
#950 = LINE('',#951,#952);
#951 = CARTESIAN_POINT('',(-1.9,-5.865,5.7));
#952 = VECTOR('',#953,1.);
#953 = DIRECTION('',(0.,1.,-2.2E-16));
#954 = ORIENTED_EDGE('',*,*,#955,.T.);
#955 = EDGE_CURVE('',#948,#932,#956,.T.);
#956 = LINE('',#957,#958);
#957 = CARTESIAN_POINT('',(-1.9,-5.38,4.237890625));
#958 = VECTOR('',#959,1.);
#959 = DIRECTION('',(0.,2.2E-16,1.));
#960 = PLANE('',#961);
#961 = AXIS2_PLACEMENT_3D('',#962,#963,#964);
#962 = CARTESIAN_POINT('',(-1.9,-6.35,3.5));
#963 = DIRECTION('',(1.,0.,0.));
#964 = DIRECTION('',(0.,2.2E-16,1.));
#965 = ADVANCED_FACE('',(#966),#972,.F.);
#966 = FACE_BOUND('',#967,.F.);
#967 = EDGE_LOOP('',(#968,#969,#970,#971));
#968 = ORIENTED_EDGE('',*,*,#265,.T.);
#969 = ORIENTED_EDGE('',*,*,#556,.T.);
#970 = ORIENTED_EDGE('',*,*,#405,.F.);
#971 = ORIENTED_EDGE('',*,*,#441,.F.);
#972 = CYLINDRICAL_SURFACE('',#973,0.5);
#973 = AXIS2_PLACEMENT_3D('',#974,#975,#976);
#974 = CARTESIAN_POINT('',(-5.6,5.6,3.5));
#975 = DIRECTION('',(0.,0.,1.));
#976 = DIRECTION('',(0.,-1.,0.));
#977 = ADVANCED_FACE('',(#978),#996,.T.);
#978 = FACE_BOUND('',#979,.F.);
#979 = EDGE_LOOP('',(#980,#981,#982,#990));
#980 = ORIENTED_EDGE('',*,*,#549,.F.);
#981 = ORIENTED_EDGE('',*,*,#282,.T.);
#982 = ORIENTED_EDGE('',*,*,#983,.T.);
#983 = EDGE_CURVE('',#283,#984,#986,.T.);
#984 = VERTEX_POINT('',#985);
#985 = CARTESIAN_POINT('',(-1.99,6.35,3.59));
#986 = LINE('',#987,#988);
#987 = CARTESIAN_POINT('',(-3.796666666667,8.156666666667,5.396666666667
    ));
#988 = VECTOR('',#989,1.);
#989 = DIRECTION('',(-0.57735026919,0.57735026919,0.57735026919));
#990 = ORIENTED_EDGE('',*,*,#991,.F.);
#991 = EDGE_CURVE('',#542,#984,#992,.T.);
#992 = LINE('',#993,#994);
#993 = CARTESIAN_POINT('',(-13.1,6.35,3.59));
#994 = VECTOR('',#995,1.);
#995 = DIRECTION('',(1.,0.,0.));
#996 = PLANE('',#997);
#997 = AXIS2_PLACEMENT_3D('',#998,#999,#1000);
#998 = CARTESIAN_POINT('',(-13.1,6.305,3.545));
#999 = DIRECTION('',(0.,0.707106781187,-0.707106781187));
#1000 = DIRECTION('',(-1.,-0.,-0.));
#1001 = ADVANCED_FACE('',(#1002),#1036,.F.);
#1002 = FACE_BOUND('',#1003,.F.);
#1003 = EDGE_LOOP('',(#1004,#1014,#1020,#1021,#1022,#1030));
#1004 = ORIENTED_EDGE('',*,*,#1005,.F.);
#1005 = EDGE_CURVE('',#1006,#1008,#1010,.T.);
#1006 = VERTEX_POINT('',#1007);
#1007 = CARTESIAN_POINT('',(-1.99,-6.35,9.16));
#1008 = VERTEX_POINT('',#1009);
#1009 = CARTESIAN_POINT('',(-5.01,-6.35,9.16));
#1010 = LINE('',#1011,#1012);
#1011 = CARTESIAN_POINT('',(-1.9,-6.35,9.16));
#1012 = VECTOR('',#1013,1.);
#1013 = DIRECTION('',(-1.,0.,0.));
#1014 = ORIENTED_EDGE('',*,*,#1015,.F.);
#1015 = EDGE_CURVE('',#747,#1006,#1016,.T.);
#1016 = LINE('',#1017,#1018);
#1017 = CARTESIAN_POINT('',(-1.99,-6.35,3.5));
#1018 = VECTOR('',#1019,1.);
#1019 = DIRECTION('',(0.,2.2E-16,1.));
#1020 = ORIENTED_EDGE('',*,*,#754,.F.);
#1021 = ORIENTED_EDGE('',*,*,#493,.F.);
#1022 = ORIENTED_EDGE('',*,*,#1023,.F.);
#1023 = EDGE_CURVE('',#1024,#494,#1026,.T.);
#1024 = VERTEX_POINT('',#1025);
#1025 = CARTESIAN_POINT('',(-5.01,-6.35,4.21));
#1026 = LINE('',#1027,#1028);
#1027 = CARTESIAN_POINT('',(-5.1,-6.35,4.21));
#1028 = VECTOR('',#1029,1.);
#1029 = DIRECTION('',(-1.,0.,0.));
#1030 = ORIENTED_EDGE('',*,*,#1031,.F.);
#1031 = EDGE_CURVE('',#1008,#1024,#1032,.T.);
#1032 = LINE('',#1033,#1034);
#1033 = CARTESIAN_POINT('',(-5.01,-6.35,9.25));
#1034 = VECTOR('',#1035,1.);
#1035 = DIRECTION('',(0.,-2.2E-16,-1.));
#1036 = PLANE('',#1037);
#1037 = AXIS2_PLACEMENT_3D('',#1038,#1039,#1040);
#1038 = CARTESIAN_POINT('',(-6.350145772595,-6.35,5.204362336129));
#1039 = DIRECTION('',(0.,1.,0.));
#1040 = DIRECTION('',(0.,0.,1.));
#1041 = ADVANCED_FACE('',(#1042),#1052,.F.);
#1042 = FACE_BOUND('',#1043,.F.);
#1043 = EDGE_LOOP('',(#1044,#1050,#1051));
#1044 = ORIENTED_EDGE('',*,*,#1045,.F.);
#1045 = EDGE_CURVE('',#1024,#502,#1046,.T.);
#1046 = LINE('',#1047,#1048);
#1047 = CARTESIAN_POINT('',(-5.895,-5.465,5.095));
#1048 = VECTOR('',#1049,1.);
#1049 = DIRECTION('',(-0.57735026919,0.57735026919,0.57735026919));
#1050 = ORIENTED_EDGE('',*,*,#1023,.T.);
#1051 = ORIENTED_EDGE('',*,*,#501,.F.);
#1052 = PLANE('',#1053);
#1053 = AXIS2_PLACEMENT_3D('',#1054,#1055,#1056);
#1054 = CARTESIAN_POINT('',(-5.1,-6.305,4.255));
#1055 = DIRECTION('',(0.,0.707106781187,-0.707106781187));
#1056 = DIRECTION('',(-1.,0.,0.));
#1057 = ADVANCED_FACE('',(#1058),#1069,.F.);
#1058 = FACE_BOUND('',#1059,.F.);
#1059 = EDGE_LOOP('',(#1060,#1066,#1067,#1068));
#1060 = ORIENTED_EDGE('',*,*,#1061,.F.);
#1061 = EDGE_CURVE('',#1008,#510,#1062,.T.);
#1062 = LINE('',#1063,#1064);
#1063 = CARTESIAN_POINT('',(-5.0325,-6.3275,9.16));
#1064 = VECTOR('',#1065,1.);
#1065 = DIRECTION('',(-0.707106781187,0.707106781187,0.));
#1066 = ORIENTED_EDGE('',*,*,#1031,.T.);
#1067 = ORIENTED_EDGE('',*,*,#1045,.T.);
#1068 = ORIENTED_EDGE('',*,*,#509,.F.);
#1069 = PLANE('',#1070);
#1070 = AXIS2_PLACEMENT_3D('',#1071,#1072,#1073);
#1071 = CARTESIAN_POINT('',(-5.055,-6.305,9.25));
#1072 = DIRECTION('',(0.707106781187,0.707106781187,0.));
#1073 = DIRECTION('',(1.1E-16,-1.1E-16,-1.));
#1074 = ADVANCED_FACE('',(#1075),#1100,.T.);
#1075 = FACE_BOUND('',#1076,.T.);
#1076 = EDGE_LOOP('',(#1077,#1087,#1093,#1094));
#1077 = ORIENTED_EDGE('',*,*,#1078,.T.);
#1078 = EDGE_CURVE('',#1079,#1081,#1083,.T.);
#1079 = VERTEX_POINT('',#1080);
#1080 = CARTESIAN_POINT('',(-5.01,-6.26,9.25));
#1081 = VERTEX_POINT('',#1082);
#1082 = CARTESIAN_POINT('',(-5.01,6.26,9.25));
#1083 = LINE('',#1084,#1085);
#1084 = CARTESIAN_POINT('',(-5.01,-6.35,9.25));
#1085 = VECTOR('',#1086,1.);
#1086 = DIRECTION('',(0.,1.,0.));
#1087 = ORIENTED_EDGE('',*,*,#1088,.T.);
#1088 = EDGE_CURVE('',#1081,#518,#1089,.T.);
#1089 = LINE('',#1090,#1091);
#1090 = CARTESIAN_POINT('',(-5.055,6.26,9.205));
#1091 = VECTOR('',#1092,1.);
#1092 = DIRECTION('',(-0.707106781187,-7.11E-15,-0.707106781187));
#1093 = ORIENTED_EDGE('',*,*,#517,.F.);
#1094 = ORIENTED_EDGE('',*,*,#1095,.F.);
#1095 = EDGE_CURVE('',#1079,#510,#1096,.T.);
#1096 = LINE('',#1097,#1098);
#1097 = CARTESIAN_POINT('',(-5.055,-6.26,9.205));
#1098 = VECTOR('',#1099,1.);
#1099 = DIRECTION('',(-0.707106781187,0.,-0.707106781187));
#1100 = PLANE('',#1101);
#1101 = AXIS2_PLACEMENT_3D('',#1102,#1103,#1104);
#1102 = CARTESIAN_POINT('',(-5.055,-6.35,9.205));
#1103 = DIRECTION('',(-0.707106781187,0.,0.707106781187));
#1104 = DIRECTION('',(0.,1.,0.));
#1105 = ADVANCED_FACE('',(#1106),#1131,.T.);
#1106 = FACE_BOUND('',#1107,.T.);
#1107 = EDGE_LOOP('',(#1108,#1116,#1124,#1130));
#1108 = ORIENTED_EDGE('',*,*,#1109,.F.);
#1109 = EDGE_CURVE('',#1110,#518,#1112,.T.);
#1110 = VERTEX_POINT('',#1111);
#1111 = CARTESIAN_POINT('',(-5.01,6.35,9.16));
#1112 = LINE('',#1113,#1114);
#1113 = CARTESIAN_POINT('',(-5.0325,6.3275,9.16));
#1114 = VECTOR('',#1115,1.);
#1115 = DIRECTION('',(-0.707106781187,-0.707106781187,-7.11E-15));
#1116 = ORIENTED_EDGE('',*,*,#1117,.T.);
#1117 = EDGE_CURVE('',#1110,#1118,#1120,.T.);
#1118 = VERTEX_POINT('',#1119);
#1119 = CARTESIAN_POINT('',(-5.01,6.35,4.21));
#1120 = LINE('',#1121,#1122);
#1121 = CARTESIAN_POINT('',(-5.01,6.35,9.25));
#1122 = VECTOR('',#1123,1.);
#1123 = DIRECTION('',(0.,-2.2E-16,-1.));
#1124 = ORIENTED_EDGE('',*,*,#1125,.T.);
#1125 = EDGE_CURVE('',#1118,#526,#1126,.T.);
#1126 = LINE('',#1127,#1128);
#1127 = CARTESIAN_POINT('',(-5.895,5.465,5.095));
#1128 = VECTOR('',#1129,1.);
#1129 = DIRECTION('',(-0.57735026919,-0.57735026919,0.57735026919));
#1130 = ORIENTED_EDGE('',*,*,#525,.F.);
#1131 = PLANE('',#1132);
#1132 = AXIS2_PLACEMENT_3D('',#1133,#1134,#1135);
#1133 = CARTESIAN_POINT('',(-5.055,6.305,9.25));
#1134 = DIRECTION('',(-0.707106781187,0.707106781187,0.));
#1135 = DIRECTION('',(-1.1E-16,-1.1E-16,-1.));
#1136 = ADVANCED_FACE('',(#1137),#1147,.T.);
#1137 = FACE_BOUND('',#1138,.T.);
#1138 = EDGE_LOOP('',(#1139,#1140,#1146));
#1139 = ORIENTED_EDGE('',*,*,#1125,.F.);
#1140 = ORIENTED_EDGE('',*,*,#1141,.T.);
#1141 = EDGE_CURVE('',#1118,#534,#1142,.T.);
#1142 = LINE('',#1143,#1144);
#1143 = CARTESIAN_POINT('',(-5.1,6.35,4.21));
#1144 = VECTOR('',#1145,1.);
#1145 = DIRECTION('',(-1.,0.,0.));
#1146 = ORIENTED_EDGE('',*,*,#533,.F.);
#1147 = PLANE('',#1148);
#1148 = AXIS2_PLACEMENT_3D('',#1149,#1150,#1151);
#1149 = CARTESIAN_POINT('',(-5.1,6.305,4.255));
#1150 = DIRECTION('',(0.,0.707106781187,0.707106781187));
#1151 = DIRECTION('',(-1.,0.,0.));
#1152 = ADVANCED_FACE('',(#1153),#1173,.T.);
#1153 = FACE_BOUND('',#1154,.T.);
#1154 = EDGE_LOOP('',(#1155,#1163,#1169,#1170,#1171,#1172));
#1155 = ORIENTED_EDGE('',*,*,#1156,.F.);
#1156 = EDGE_CURVE('',#1157,#1110,#1159,.T.);
#1157 = VERTEX_POINT('',#1158);
#1158 = CARTESIAN_POINT('',(-1.99,6.35,9.16));
#1159 = LINE('',#1160,#1161);
#1160 = CARTESIAN_POINT('',(-1.9,6.35,9.16));
#1161 = VECTOR('',#1162,1.);
#1162 = DIRECTION('',(-1.,0.,0.));
#1163 = ORIENTED_EDGE('',*,*,#1164,.F.);
#1164 = EDGE_CURVE('',#984,#1157,#1165,.T.);
#1165 = LINE('',#1166,#1167);
#1166 = CARTESIAN_POINT('',(-1.99,6.35,3.5));
#1167 = VECTOR('',#1168,1.);
#1168 = DIRECTION('',(0.,2.2E-16,1.));
#1169 = ORIENTED_EDGE('',*,*,#991,.F.);
#1170 = ORIENTED_EDGE('',*,*,#541,.F.);
#1171 = ORIENTED_EDGE('',*,*,#1141,.F.);
#1172 = ORIENTED_EDGE('',*,*,#1117,.F.);
#1173 = PLANE('',#1174);
#1174 = AXIS2_PLACEMENT_3D('',#1175,#1176,#1177);
#1175 = CARTESIAN_POINT('',(-6.350145772595,6.35,5.204362336129));
#1176 = DIRECTION('',(0.,1.,0.));
#1177 = DIRECTION('',(0.,0.,1.));
#1178 = ADVANCED_FACE('',(#1179),#1204,.T.);
#1179 = FACE_BOUND('',#1180,.T.);
#1180 = EDGE_LOOP('',(#1181,#1189,#1190,#1198));
#1181 = ORIENTED_EDGE('',*,*,#1182,.F.);
#1182 = EDGE_CURVE('',#569,#1183,#1185,.T.);
#1183 = VERTEX_POINT('',#1184);
#1184 = CARTESIAN_POINT('',(-12.51,4.78,6.3));
#1185 = LINE('',#1186,#1187);
#1186 = CARTESIAN_POINT('',(0.3,4.78,6.3));
#1187 = VECTOR('',#1188,1.);
#1188 = DIRECTION('',(-1.,0.,0.));
#1189 = ORIENTED_EDGE('',*,*,#568,.T.);
#1190 = ORIENTED_EDGE('',*,*,#1191,.T.);
#1191 = EDGE_CURVE('',#571,#1192,#1194,.T.);
#1192 = VERTEX_POINT('',#1193);
#1193 = CARTESIAN_POINT('',(-12.51,5.38,6.3));
#1194 = LINE('',#1195,#1196);
#1195 = CARTESIAN_POINT('',(0.3,5.38,6.3));
#1196 = VECTOR('',#1197,1.);
#1197 = DIRECTION('',(-1.,0.,0.));
#1198 = ORIENTED_EDGE('',*,*,#1199,.F.);
#1199 = EDGE_CURVE('',#1183,#1192,#1200,.T.);
#1200 = LINE('',#1201,#1202);
#1201 = CARTESIAN_POINT('',(-12.51,4.78,6.3));
#1202 = VECTOR('',#1203,1.);
#1203 = DIRECTION('',(0.,1.,-2.2E-16));
#1204 = PLANE('',#1205);
#1205 = AXIS2_PLACEMENT_3D('',#1206,#1207,#1208);
#1206 = CARTESIAN_POINT('',(0.3,4.78,6.3));
#1207 = DIRECTION('',(0.,2.2E-16,1.));
#1208 = DIRECTION('',(-1.,0.,0.));
#1209 = ADVANCED_FACE('',(#1210),#1228,.F.);
#1210 = FACE_BOUND('',#1211,.F.);
#1211 = EDGE_LOOP('',(#1212,#1213,#1214,#1222));
#1212 = ORIENTED_EDGE('',*,*,#1182,.F.);
#1213 = ORIENTED_EDGE('',*,*,#578,.T.);
#1214 = ORIENTED_EDGE('',*,*,#1215,.F.);
#1215 = EDGE_CURVE('',#1216,#579,#1218,.T.);
#1216 = VERTEX_POINT('',#1217);
#1217 = CARTESIAN_POINT('',(-12.51,4.78,5.7));
#1218 = LINE('',#1219,#1220);
#1219 = CARTESIAN_POINT('',(-12.6,4.78,5.7));
#1220 = VECTOR('',#1221,1.);
#1221 = DIRECTION('',(1.,0.,0.));
#1222 = ORIENTED_EDGE('',*,*,#1223,.F.);
#1223 = EDGE_CURVE('',#1183,#1216,#1224,.T.);
#1224 = LINE('',#1225,#1226);
#1225 = CARTESIAN_POINT('',(-12.51,4.78,6.3));
#1226 = VECTOR('',#1227,1.);
#1227 = DIRECTION('',(0.,-2.2E-16,-1.));
#1228 = PLANE('',#1229);
#1229 = AXIS2_PLACEMENT_3D('',#1230,#1231,#1232);
#1230 = CARTESIAN_POINT('',(-4.32421875,4.78,4.97578125));
#1231 = DIRECTION('',(0.,1.,-2.2E-16));
#1232 = DIRECTION('',(0.,2.2E-16,1.));
#1233 = ADVANCED_FACE('',(#1234),#1252,.T.);
#1234 = FACE_BOUND('',#1235,.T.);
#1235 = EDGE_LOOP('',(#1236,#1237,#1245,#1251));
#1236 = ORIENTED_EDGE('',*,*,#1215,.F.);
#1237 = ORIENTED_EDGE('',*,*,#1238,.T.);
#1238 = EDGE_CURVE('',#1216,#1239,#1241,.T.);
#1239 = VERTEX_POINT('',#1240);
#1240 = CARTESIAN_POINT('',(-12.51,5.38,5.7));
#1241 = LINE('',#1242,#1243);
#1242 = CARTESIAN_POINT('',(-12.51,4.78,5.7));
#1243 = VECTOR('',#1244,1.);
#1244 = DIRECTION('',(0.,1.,-2.2E-16));
#1245 = ORIENTED_EDGE('',*,*,#1246,.T.);
#1246 = EDGE_CURVE('',#1239,#587,#1247,.T.);
#1247 = LINE('',#1248,#1249);
#1248 = CARTESIAN_POINT('',(-12.6,5.38,5.7));
#1249 = VECTOR('',#1250,1.);
#1250 = DIRECTION('',(1.,0.,0.));
#1251 = ORIENTED_EDGE('',*,*,#586,.T.);
#1252 = PLANE('',#1253);
#1253 = AXIS2_PLACEMENT_3D('',#1254,#1255,#1256);
#1254 = CARTESIAN_POINT('',(-12.6,4.78,5.7));
#1255 = DIRECTION('',(0.,-2.2E-16,-1.));
#1256 = DIRECTION('',(1.,0.,0.));
#1257 = ADVANCED_FACE('',(#1258),#1269,.T.);
#1258 = FACE_BOUND('',#1259,.T.);
#1259 = EDGE_LOOP('',(#1260,#1261,#1262,#1263));
#1260 = ORIENTED_EDGE('',*,*,#1191,.F.);
#1261 = ORIENTED_EDGE('',*,*,#594,.T.);
#1262 = ORIENTED_EDGE('',*,*,#1246,.F.);
#1263 = ORIENTED_EDGE('',*,*,#1264,.F.);
#1264 = EDGE_CURVE('',#1192,#1239,#1265,.T.);
#1265 = LINE('',#1266,#1267);
#1266 = CARTESIAN_POINT('',(-12.51,5.38,6.3));
#1267 = VECTOR('',#1268,1.);
#1268 = DIRECTION('',(0.,-2.2E-16,-1.));
#1269 = PLANE('',#1270);
#1270 = AXIS2_PLACEMENT_3D('',#1271,#1272,#1273);
#1271 = CARTESIAN_POINT('',(-4.32421875,5.38,4.97578125));
#1272 = DIRECTION('',(0.,1.,-2.2E-16));
#1273 = DIRECTION('',(0.,2.2E-16,1.));
#1274 = ADVANCED_FACE('',(#1275),#1300,.T.);
#1275 = FACE_BOUND('',#1276,.T.);
#1276 = EDGE_LOOP('',(#1277,#1285,#1286,#1294));
#1277 = ORIENTED_EDGE('',*,*,#1278,.F.);
#1278 = EDGE_CURVE('',#603,#1279,#1281,.T.);
#1279 = VERTEX_POINT('',#1280);
#1280 = CARTESIAN_POINT('',(-12.51,-5.38,6.3));
#1281 = LINE('',#1282,#1283);
#1282 = CARTESIAN_POINT('',(0.3,-5.38,6.3));
#1283 = VECTOR('',#1284,1.);
#1284 = DIRECTION('',(-1.,0.,0.));
#1285 = ORIENTED_EDGE('',*,*,#602,.T.);
#1286 = ORIENTED_EDGE('',*,*,#1287,.T.);
#1287 = EDGE_CURVE('',#605,#1288,#1290,.T.);
#1288 = VERTEX_POINT('',#1289);
#1289 = CARTESIAN_POINT('',(-12.51,-4.78,6.3));
#1290 = LINE('',#1291,#1292);
#1291 = CARTESIAN_POINT('',(0.3,-4.78,6.3));
#1292 = VECTOR('',#1293,1.);
#1293 = DIRECTION('',(-1.,0.,0.));
#1294 = ORIENTED_EDGE('',*,*,#1295,.F.);
#1295 = EDGE_CURVE('',#1279,#1288,#1296,.T.);
#1296 = LINE('',#1297,#1298);
#1297 = CARTESIAN_POINT('',(-12.51,-5.38,6.3));
#1298 = VECTOR('',#1299,1.);
#1299 = DIRECTION('',(0.,1.,-2.2E-16));
#1300 = PLANE('',#1301);
#1301 = AXIS2_PLACEMENT_3D('',#1302,#1303,#1304);
#1302 = CARTESIAN_POINT('',(0.3,-5.38,6.3));
#1303 = DIRECTION('',(0.,2.2E-16,1.));
#1304 = DIRECTION('',(-1.,0.,0.));
#1305 = ADVANCED_FACE('',(#1306),#1324,.F.);
#1306 = FACE_BOUND('',#1307,.F.);
#1307 = EDGE_LOOP('',(#1308,#1309,#1310,#1318));
#1308 = ORIENTED_EDGE('',*,*,#1278,.F.);
#1309 = ORIENTED_EDGE('',*,*,#612,.T.);
#1310 = ORIENTED_EDGE('',*,*,#1311,.F.);
#1311 = EDGE_CURVE('',#1312,#613,#1314,.T.);
#1312 = VERTEX_POINT('',#1313);
#1313 = CARTESIAN_POINT('',(-12.51,-5.38,5.7));
#1314 = LINE('',#1315,#1316);
#1315 = CARTESIAN_POINT('',(-12.6,-5.38,5.7));
#1316 = VECTOR('',#1317,1.);
#1317 = DIRECTION('',(1.,0.,0.));
#1318 = ORIENTED_EDGE('',*,*,#1319,.F.);
#1319 = EDGE_CURVE('',#1279,#1312,#1320,.T.);
#1320 = LINE('',#1321,#1322);
#1321 = CARTESIAN_POINT('',(-12.51,-5.38,6.3));
#1322 = VECTOR('',#1323,1.);
#1323 = DIRECTION('',(0.,-2.2E-16,-1.));
#1324 = PLANE('',#1325);
#1325 = AXIS2_PLACEMENT_3D('',#1326,#1327,#1328);
#1326 = CARTESIAN_POINT('',(-4.32421875,-5.38,4.97578125));
#1327 = DIRECTION('',(0.,1.,-2.2E-16));
#1328 = DIRECTION('',(0.,2.2E-16,1.));
#1329 = ADVANCED_FACE('',(#1330),#1348,.T.);
#1330 = FACE_BOUND('',#1331,.T.);
#1331 = EDGE_LOOP('',(#1332,#1333,#1341,#1347));
#1332 = ORIENTED_EDGE('',*,*,#1311,.F.);
#1333 = ORIENTED_EDGE('',*,*,#1334,.T.);
#1334 = EDGE_CURVE('',#1312,#1335,#1337,.T.);
#1335 = VERTEX_POINT('',#1336);
#1336 = CARTESIAN_POINT('',(-12.51,-4.78,5.7));
#1337 = LINE('',#1338,#1339);
#1338 = CARTESIAN_POINT('',(-12.51,-5.38,5.7));
#1339 = VECTOR('',#1340,1.);
#1340 = DIRECTION('',(0.,1.,-2.2E-16));
#1341 = ORIENTED_EDGE('',*,*,#1342,.T.);
#1342 = EDGE_CURVE('',#1335,#621,#1343,.T.);
#1343 = LINE('',#1344,#1345);
#1344 = CARTESIAN_POINT('',(-12.6,-4.78,5.7));
#1345 = VECTOR('',#1346,1.);
#1346 = DIRECTION('',(1.,0.,0.));
#1347 = ORIENTED_EDGE('',*,*,#620,.T.);
#1348 = PLANE('',#1349);
#1349 = AXIS2_PLACEMENT_3D('',#1350,#1351,#1352);
#1350 = CARTESIAN_POINT('',(-12.6,-5.38,5.7));
#1351 = DIRECTION('',(0.,-2.2E-16,-1.));
#1352 = DIRECTION('',(1.,0.,0.));
#1353 = ADVANCED_FACE('',(#1354),#1365,.T.);
#1354 = FACE_BOUND('',#1355,.T.);
#1355 = EDGE_LOOP('',(#1356,#1357,#1358,#1359));
#1356 = ORIENTED_EDGE('',*,*,#1287,.F.);
#1357 = ORIENTED_EDGE('',*,*,#628,.T.);
#1358 = ORIENTED_EDGE('',*,*,#1342,.F.);
#1359 = ORIENTED_EDGE('',*,*,#1360,.F.);
#1360 = EDGE_CURVE('',#1288,#1335,#1361,.T.);
#1361 = LINE('',#1362,#1363);
#1362 = CARTESIAN_POINT('',(-12.51,-4.78,6.3));
#1363 = VECTOR('',#1364,1.);
#1364 = DIRECTION('',(0.,-2.2E-16,-1.));
#1365 = PLANE('',#1366);
#1366 = AXIS2_PLACEMENT_3D('',#1367,#1368,#1369);
#1367 = CARTESIAN_POINT('',(-4.32421875,-4.78,4.97578125));
#1368 = DIRECTION('',(0.,1.,-2.2E-16));
#1369 = DIRECTION('',(0.,2.2E-16,1.));
#1370 = ADVANCED_FACE('',(#1371),#1396,.T.);
#1371 = FACE_BOUND('',#1372,.T.);
#1372 = EDGE_LOOP('',(#1373,#1381,#1382,#1390));
#1373 = ORIENTED_EDGE('',*,*,#1374,.F.);
#1374 = EDGE_CURVE('',#637,#1375,#1377,.T.);
#1375 = VERTEX_POINT('',#1376);
#1376 = CARTESIAN_POINT('',(-12.51,2.24,6.3));
#1377 = LINE('',#1378,#1379);
#1378 = CARTESIAN_POINT('',(0.3,2.24,6.3));
#1379 = VECTOR('',#1380,1.);
#1380 = DIRECTION('',(-1.,0.,0.));
#1381 = ORIENTED_EDGE('',*,*,#636,.T.);
#1382 = ORIENTED_EDGE('',*,*,#1383,.T.);
#1383 = EDGE_CURVE('',#639,#1384,#1386,.T.);
#1384 = VERTEX_POINT('',#1385);
#1385 = CARTESIAN_POINT('',(-12.51,2.84,6.3));
#1386 = LINE('',#1387,#1388);
#1387 = CARTESIAN_POINT('',(0.3,2.84,6.3));
#1388 = VECTOR('',#1389,1.);
#1389 = DIRECTION('',(-1.,0.,0.));
#1390 = ORIENTED_EDGE('',*,*,#1391,.F.);
#1391 = EDGE_CURVE('',#1375,#1384,#1392,.T.);
#1392 = LINE('',#1393,#1394);
#1393 = CARTESIAN_POINT('',(-12.51,2.24,6.3));
#1394 = VECTOR('',#1395,1.);
#1395 = DIRECTION('',(0.,1.,-2.2E-16));
#1396 = PLANE('',#1397);
#1397 = AXIS2_PLACEMENT_3D('',#1398,#1399,#1400);
#1398 = CARTESIAN_POINT('',(0.3,2.24,6.3));
#1399 = DIRECTION('',(0.,2.2E-16,1.));
#1400 = DIRECTION('',(-1.,0.,0.));
#1401 = ADVANCED_FACE('',(#1402),#1420,.F.);
#1402 = FACE_BOUND('',#1403,.F.);
#1403 = EDGE_LOOP('',(#1404,#1405,#1406,#1414));
#1404 = ORIENTED_EDGE('',*,*,#1374,.F.);
#1405 = ORIENTED_EDGE('',*,*,#646,.T.);
#1406 = ORIENTED_EDGE('',*,*,#1407,.F.);
#1407 = EDGE_CURVE('',#1408,#647,#1410,.T.);
#1408 = VERTEX_POINT('',#1409);
#1409 = CARTESIAN_POINT('',(-12.51,2.24,5.7));
#1410 = LINE('',#1411,#1412);
#1411 = CARTESIAN_POINT('',(-12.6,2.24,5.7));
#1412 = VECTOR('',#1413,1.);
#1413 = DIRECTION('',(1.,0.,0.));
#1414 = ORIENTED_EDGE('',*,*,#1415,.F.);
#1415 = EDGE_CURVE('',#1375,#1408,#1416,.T.);
#1416 = LINE('',#1417,#1418);
#1417 = CARTESIAN_POINT('',(-12.51,2.24,6.3));
#1418 = VECTOR('',#1419,1.);
#1419 = DIRECTION('',(0.,-2.2E-16,-1.));
#1420 = PLANE('',#1421);
#1421 = AXIS2_PLACEMENT_3D('',#1422,#1423,#1424);
#1422 = CARTESIAN_POINT('',(-4.32421875,2.24,4.97578125));
#1423 = DIRECTION('',(0.,1.,-2.2E-16));
#1424 = DIRECTION('',(0.,2.2E-16,1.));
#1425 = ADVANCED_FACE('',(#1426),#1444,.T.);
#1426 = FACE_BOUND('',#1427,.T.);
#1427 = EDGE_LOOP('',(#1428,#1429,#1437,#1443));
#1428 = ORIENTED_EDGE('',*,*,#1407,.F.);
#1429 = ORIENTED_EDGE('',*,*,#1430,.T.);
#1430 = EDGE_CURVE('',#1408,#1431,#1433,.T.);
#1431 = VERTEX_POINT('',#1432);
#1432 = CARTESIAN_POINT('',(-12.51,2.84,5.7));
#1433 = LINE('',#1434,#1435);
#1434 = CARTESIAN_POINT('',(-12.51,2.24,5.7));
#1435 = VECTOR('',#1436,1.);
#1436 = DIRECTION('',(0.,1.,-2.2E-16));
#1437 = ORIENTED_EDGE('',*,*,#1438,.T.);
#1438 = EDGE_CURVE('',#1431,#655,#1439,.T.);
#1439 = LINE('',#1440,#1441);
#1440 = CARTESIAN_POINT('',(-12.6,2.84,5.7));
#1441 = VECTOR('',#1442,1.);
#1442 = DIRECTION('',(1.,0.,0.));
#1443 = ORIENTED_EDGE('',*,*,#654,.T.);
#1444 = PLANE('',#1445);
#1445 = AXIS2_PLACEMENT_3D('',#1446,#1447,#1448);
#1446 = CARTESIAN_POINT('',(-12.6,2.24,5.7));
#1447 = DIRECTION('',(0.,-2.2E-16,-1.));
#1448 = DIRECTION('',(1.,0.,0.));
#1449 = ADVANCED_FACE('',(#1450),#1461,.T.);
#1450 = FACE_BOUND('',#1451,.T.);
#1451 = EDGE_LOOP('',(#1452,#1453,#1454,#1455));
#1452 = ORIENTED_EDGE('',*,*,#1383,.F.);
#1453 = ORIENTED_EDGE('',*,*,#662,.T.);
#1454 = ORIENTED_EDGE('',*,*,#1438,.F.);
#1455 = ORIENTED_EDGE('',*,*,#1456,.F.);
#1456 = EDGE_CURVE('',#1384,#1431,#1457,.T.);
#1457 = LINE('',#1458,#1459);
#1458 = CARTESIAN_POINT('',(-12.51,2.84,6.3));
#1459 = VECTOR('',#1460,1.);
#1460 = DIRECTION('',(0.,-2.2E-16,-1.));
#1461 = PLANE('',#1462);
#1462 = AXIS2_PLACEMENT_3D('',#1463,#1464,#1465);
#1463 = CARTESIAN_POINT('',(-4.32421875,2.84,4.97578125));
#1464 = DIRECTION('',(0.,1.,-2.2E-16));
#1465 = DIRECTION('',(0.,2.2E-16,1.));
#1466 = ADVANCED_FACE('',(#1467),#1492,.T.);
#1467 = FACE_BOUND('',#1468,.T.);
#1468 = EDGE_LOOP('',(#1469,#1477,#1478,#1486));
#1469 = ORIENTED_EDGE('',*,*,#1470,.F.);
#1470 = EDGE_CURVE('',#671,#1471,#1473,.T.);
#1471 = VERTEX_POINT('',#1472);
#1472 = CARTESIAN_POINT('',(-12.51,-0.3,6.3));
#1473 = LINE('',#1474,#1475);
#1474 = CARTESIAN_POINT('',(0.3,-0.3,6.3));
#1475 = VECTOR('',#1476,1.);
#1476 = DIRECTION('',(-1.,0.,0.));
#1477 = ORIENTED_EDGE('',*,*,#670,.T.);
#1478 = ORIENTED_EDGE('',*,*,#1479,.T.);
#1479 = EDGE_CURVE('',#673,#1480,#1482,.T.);
#1480 = VERTEX_POINT('',#1481);
#1481 = CARTESIAN_POINT('',(-12.51,0.3,6.3));
#1482 = LINE('',#1483,#1484);
#1483 = CARTESIAN_POINT('',(0.3,0.3,6.3));
#1484 = VECTOR('',#1485,1.);
#1485 = DIRECTION('',(-1.,0.,0.));
#1486 = ORIENTED_EDGE('',*,*,#1487,.F.);
#1487 = EDGE_CURVE('',#1471,#1480,#1488,.T.);
#1488 = LINE('',#1489,#1490);
#1489 = CARTESIAN_POINT('',(-12.51,-0.3,6.3));
#1490 = VECTOR('',#1491,1.);
#1491 = DIRECTION('',(0.,1.,-2.2E-16));
#1492 = PLANE('',#1493);
#1493 = AXIS2_PLACEMENT_3D('',#1494,#1495,#1496);
#1494 = CARTESIAN_POINT('',(0.3,-0.3,6.3));
#1495 = DIRECTION('',(0.,2.2E-16,1.));
#1496 = DIRECTION('',(-1.,0.,0.));
#1497 = ADVANCED_FACE('',(#1498),#1516,.F.);
#1498 = FACE_BOUND('',#1499,.F.);
#1499 = EDGE_LOOP('',(#1500,#1501,#1502,#1510));
#1500 = ORIENTED_EDGE('',*,*,#1470,.F.);
#1501 = ORIENTED_EDGE('',*,*,#680,.T.);
#1502 = ORIENTED_EDGE('',*,*,#1503,.F.);
#1503 = EDGE_CURVE('',#1504,#681,#1506,.T.);
#1504 = VERTEX_POINT('',#1505);
#1505 = CARTESIAN_POINT('',(-12.51,-0.3,5.7));
#1506 = LINE('',#1507,#1508);
#1507 = CARTESIAN_POINT('',(-12.6,-0.3,5.7));
#1508 = VECTOR('',#1509,1.);
#1509 = DIRECTION('',(1.,0.,0.));
#1510 = ORIENTED_EDGE('',*,*,#1511,.F.);
#1511 = EDGE_CURVE('',#1471,#1504,#1512,.T.);
#1512 = LINE('',#1513,#1514);
#1513 = CARTESIAN_POINT('',(-12.51,-0.3,6.3));
#1514 = VECTOR('',#1515,1.);
#1515 = DIRECTION('',(0.,-2.2E-16,-1.));
#1516 = PLANE('',#1517);
#1517 = AXIS2_PLACEMENT_3D('',#1518,#1519,#1520);
#1518 = CARTESIAN_POINT('',(-4.32421875,-0.3,4.97578125));
#1519 = DIRECTION('',(0.,1.,-2.2E-16));
#1520 = DIRECTION('',(0.,2.2E-16,1.));
#1521 = ADVANCED_FACE('',(#1522),#1540,.T.);
#1522 = FACE_BOUND('',#1523,.T.);
#1523 = EDGE_LOOP('',(#1524,#1525,#1533,#1539));
#1524 = ORIENTED_EDGE('',*,*,#1503,.F.);
#1525 = ORIENTED_EDGE('',*,*,#1526,.T.);
#1526 = EDGE_CURVE('',#1504,#1527,#1529,.T.);
#1527 = VERTEX_POINT('',#1528);
#1528 = CARTESIAN_POINT('',(-12.51,0.3,5.7));
#1529 = LINE('',#1530,#1531);
#1530 = CARTESIAN_POINT('',(-12.51,-0.3,5.7));
#1531 = VECTOR('',#1532,1.);
#1532 = DIRECTION('',(0.,1.,-2.2E-16));
#1533 = ORIENTED_EDGE('',*,*,#1534,.T.);
#1534 = EDGE_CURVE('',#1527,#689,#1535,.T.);
#1535 = LINE('',#1536,#1537);
#1536 = CARTESIAN_POINT('',(-12.6,0.3,5.7));
#1537 = VECTOR('',#1538,1.);
#1538 = DIRECTION('',(1.,0.,0.));
#1539 = ORIENTED_EDGE('',*,*,#688,.T.);
#1540 = PLANE('',#1541);
#1541 = AXIS2_PLACEMENT_3D('',#1542,#1543,#1544);
#1542 = CARTESIAN_POINT('',(-12.6,-0.3,5.7));
#1543 = DIRECTION('',(0.,-2.2E-16,-1.));
#1544 = DIRECTION('',(1.,0.,0.));
#1545 = ADVANCED_FACE('',(#1546),#1557,.T.);
#1546 = FACE_BOUND('',#1547,.T.);
#1547 = EDGE_LOOP('',(#1548,#1549,#1550,#1551));
#1548 = ORIENTED_EDGE('',*,*,#1479,.F.);
#1549 = ORIENTED_EDGE('',*,*,#696,.T.);
#1550 = ORIENTED_EDGE('',*,*,#1534,.F.);
#1551 = ORIENTED_EDGE('',*,*,#1552,.F.);
#1552 = EDGE_CURVE('',#1480,#1527,#1553,.T.);
#1553 = LINE('',#1554,#1555);
#1554 = CARTESIAN_POINT('',(-12.51,0.3,6.3));
#1555 = VECTOR('',#1556,1.);
#1556 = DIRECTION('',(0.,-2.2E-16,-1.));
#1557 = PLANE('',#1558);
#1558 = AXIS2_PLACEMENT_3D('',#1559,#1560,#1561);
#1559 = CARTESIAN_POINT('',(-4.32421875,0.3,4.97578125));
#1560 = DIRECTION('',(0.,1.,-2.2E-16));
#1561 = DIRECTION('',(0.,2.2E-16,1.));
#1562 = ADVANCED_FACE('',(#1563),#1588,.T.);
#1563 = FACE_BOUND('',#1564,.T.);
#1564 = EDGE_LOOP('',(#1565,#1573,#1574,#1582));
#1565 = ORIENTED_EDGE('',*,*,#1566,.F.);
#1566 = EDGE_CURVE('',#705,#1567,#1569,.T.);
#1567 = VERTEX_POINT('',#1568);
#1568 = CARTESIAN_POINT('',(-12.51,-2.84,6.3));
#1569 = LINE('',#1570,#1571);
#1570 = CARTESIAN_POINT('',(0.3,-2.84,6.3));
#1571 = VECTOR('',#1572,1.);
#1572 = DIRECTION('',(-1.,0.,0.));
#1573 = ORIENTED_EDGE('',*,*,#704,.T.);
#1574 = ORIENTED_EDGE('',*,*,#1575,.T.);
#1575 = EDGE_CURVE('',#707,#1576,#1578,.T.);
#1576 = VERTEX_POINT('',#1577);
#1577 = CARTESIAN_POINT('',(-12.51,-2.24,6.3));
#1578 = LINE('',#1579,#1580);
#1579 = CARTESIAN_POINT('',(0.3,-2.24,6.3));
#1580 = VECTOR('',#1581,1.);
#1581 = DIRECTION('',(-1.,0.,0.));
#1582 = ORIENTED_EDGE('',*,*,#1583,.F.);
#1583 = EDGE_CURVE('',#1567,#1576,#1584,.T.);
#1584 = LINE('',#1585,#1586);
#1585 = CARTESIAN_POINT('',(-12.51,-2.84,6.3));
#1586 = VECTOR('',#1587,1.);
#1587 = DIRECTION('',(0.,1.,-2.2E-16));
#1588 = PLANE('',#1589);
#1589 = AXIS2_PLACEMENT_3D('',#1590,#1591,#1592);
#1590 = CARTESIAN_POINT('',(0.3,-2.84,6.3));
#1591 = DIRECTION('',(0.,2.2E-16,1.));
#1592 = DIRECTION('',(-1.,0.,0.));
#1593 = ADVANCED_FACE('',(#1594),#1612,.F.);
#1594 = FACE_BOUND('',#1595,.F.);
#1595 = EDGE_LOOP('',(#1596,#1597,#1598,#1606));
#1596 = ORIENTED_EDGE('',*,*,#1566,.F.);
#1597 = ORIENTED_EDGE('',*,*,#714,.T.);
#1598 = ORIENTED_EDGE('',*,*,#1599,.F.);
#1599 = EDGE_CURVE('',#1600,#715,#1602,.T.);
#1600 = VERTEX_POINT('',#1601);
#1601 = CARTESIAN_POINT('',(-12.51,-2.84,5.7));
#1602 = LINE('',#1603,#1604);
#1603 = CARTESIAN_POINT('',(-12.6,-2.84,5.7));
#1604 = VECTOR('',#1605,1.);
#1605 = DIRECTION('',(1.,0.,0.));
#1606 = ORIENTED_EDGE('',*,*,#1607,.F.);
#1607 = EDGE_CURVE('',#1567,#1600,#1608,.T.);
#1608 = LINE('',#1609,#1610);
#1609 = CARTESIAN_POINT('',(-12.51,-2.84,6.3));
#1610 = VECTOR('',#1611,1.);
#1611 = DIRECTION('',(0.,-2.2E-16,-1.));
#1612 = PLANE('',#1613);
#1613 = AXIS2_PLACEMENT_3D('',#1614,#1615,#1616);
#1614 = CARTESIAN_POINT('',(-4.32421875,-2.84,4.97578125));
#1615 = DIRECTION('',(0.,1.,-2.2E-16));
#1616 = DIRECTION('',(0.,2.2E-16,1.));
#1617 = ADVANCED_FACE('',(#1618),#1636,.T.);
#1618 = FACE_BOUND('',#1619,.T.);
#1619 = EDGE_LOOP('',(#1620,#1621,#1629,#1635));
#1620 = ORIENTED_EDGE('',*,*,#1599,.F.);
#1621 = ORIENTED_EDGE('',*,*,#1622,.T.);
#1622 = EDGE_CURVE('',#1600,#1623,#1625,.T.);
#1623 = VERTEX_POINT('',#1624);
#1624 = CARTESIAN_POINT('',(-12.51,-2.24,5.7));
#1625 = LINE('',#1626,#1627);
#1626 = CARTESIAN_POINT('',(-12.51,-2.84,5.7));
#1627 = VECTOR('',#1628,1.);
#1628 = DIRECTION('',(0.,1.,-2.2E-16));
#1629 = ORIENTED_EDGE('',*,*,#1630,.T.);
#1630 = EDGE_CURVE('',#1623,#723,#1631,.T.);
#1631 = LINE('',#1632,#1633);
#1632 = CARTESIAN_POINT('',(-12.6,-2.24,5.7));
#1633 = VECTOR('',#1634,1.);
#1634 = DIRECTION('',(1.,0.,0.));
#1635 = ORIENTED_EDGE('',*,*,#722,.T.);
#1636 = PLANE('',#1637);
#1637 = AXIS2_PLACEMENT_3D('',#1638,#1639,#1640);
#1638 = CARTESIAN_POINT('',(-12.6,-2.84,5.7));
#1639 = DIRECTION('',(0.,-2.2E-16,-1.));
#1640 = DIRECTION('',(1.,0.,0.));
#1641 = ADVANCED_FACE('',(#1642),#1653,.T.);
#1642 = FACE_BOUND('',#1643,.T.);
#1643 = EDGE_LOOP('',(#1644,#1645,#1646,#1647));
#1644 = ORIENTED_EDGE('',*,*,#1575,.F.);
#1645 = ORIENTED_EDGE('',*,*,#730,.T.);
#1646 = ORIENTED_EDGE('',*,*,#1630,.F.);
#1647 = ORIENTED_EDGE('',*,*,#1648,.F.);
#1648 = EDGE_CURVE('',#1576,#1623,#1649,.T.);
#1649 = LINE('',#1650,#1651);
#1650 = CARTESIAN_POINT('',(-12.51,-2.24,6.3));
#1651 = VECTOR('',#1652,1.);
#1652 = DIRECTION('',(0.,-2.2E-16,-1.));
#1653 = PLANE('',#1654);
#1654 = AXIS2_PLACEMENT_3D('',#1655,#1656,#1657);
#1655 = CARTESIAN_POINT('',(-4.32421875,-2.24,4.97578125));
#1656 = DIRECTION('',(0.,1.,-2.2E-16));
#1657 = DIRECTION('',(0.,2.2E-16,1.));
#1658 = ADVANCED_FACE('',(#1659),#1670,.F.);
#1659 = FACE_BOUND('',#1660,.T.);
#1660 = EDGE_LOOP('',(#1661,#1662,#1663,#1669));
#1661 = ORIENTED_EDGE('',*,*,#746,.F.);
#1662 = ORIENTED_EDGE('',*,*,#785,.T.);
#1663 = ORIENTED_EDGE('',*,*,#1664,.F.);
#1664 = EDGE_CURVE('',#1006,#778,#1665,.T.);
#1665 = LINE('',#1666,#1667);
#1666 = CARTESIAN_POINT('',(-1.9675,-6.3275,9.16));
#1667 = VECTOR('',#1668,1.);
#1668 = DIRECTION('',(0.707106781187,0.707106781187,-3.65E-15));
#1669 = ORIENTED_EDGE('',*,*,#1015,.F.);
#1670 = PLANE('',#1671);
#1671 = AXIS2_PLACEMENT_3D('',#1672,#1673,#1674);
#1672 = CARTESIAN_POINT('',(-1.945,-6.305,3.5));
#1673 = DIRECTION('',(-0.707106781187,0.707106781187,0.));
#1674 = DIRECTION('',(-1.1E-16,-1.1E-16,-1.));
#1675 = ADVANCED_FACE('',(#1676),#1687,.T.);
#1676 = FACE_BOUND('',#1677,.F.);
#1677 = EDGE_LOOP('',(#1678,#1679,#1680,#1686));
#1678 = ORIENTED_EDGE('',*,*,#983,.F.);
#1679 = ORIENTED_EDGE('',*,*,#769,.T.);
#1680 = ORIENTED_EDGE('',*,*,#1681,.F.);
#1681 = EDGE_CURVE('',#1157,#770,#1682,.T.);
#1682 = LINE('',#1683,#1684);
#1683 = CARTESIAN_POINT('',(-1.9675,6.3275,9.16));
#1684 = VECTOR('',#1685,1.);
#1685 = DIRECTION('',(0.707106781187,-0.707106781187,6.92E-15));
#1686 = ORIENTED_EDGE('',*,*,#1164,.F.);
#1687 = PLANE('',#1688);
#1688 = AXIS2_PLACEMENT_3D('',#1689,#1690,#1691);
#1689 = CARTESIAN_POINT('',(-1.945,6.305,3.5));
#1690 = DIRECTION('',(0.707106781187,0.707106781187,0.));
#1691 = DIRECTION('',(1.1E-16,-1.1E-16,-1.));
#1692 = ADVANCED_FACE('',(#1693),#1718,.T.);
#1693 = FACE_BOUND('',#1694,.T.);
#1694 = EDGE_LOOP('',(#1695,#1696,#1704,#1712));
#1695 = ORIENTED_EDGE('',*,*,#777,.T.);
#1696 = ORIENTED_EDGE('',*,*,#1697,.F.);
#1697 = EDGE_CURVE('',#1698,#770,#1700,.T.);
#1698 = VERTEX_POINT('',#1699);
#1699 = CARTESIAN_POINT('',(-1.99,6.26,9.25));
#1700 = LINE('',#1701,#1702);
#1701 = CARTESIAN_POINT('',(-1.945,6.26,9.205));
#1702 = VECTOR('',#1703,1.);
#1703 = DIRECTION('',(0.707106781187,-5.29E-15,-0.707106781187));
#1704 = ORIENTED_EDGE('',*,*,#1705,.F.);
#1705 = EDGE_CURVE('',#1706,#1698,#1708,.T.);
#1706 = VERTEX_POINT('',#1707);
#1707 = CARTESIAN_POINT('',(-1.99,-6.26,9.25));
#1708 = LINE('',#1709,#1710);
#1709 = CARTESIAN_POINT('',(-1.99,-6.35,9.25));
#1710 = VECTOR('',#1711,1.);
#1711 = DIRECTION('',(0.,1.,0.));
#1712 = ORIENTED_EDGE('',*,*,#1713,.T.);
#1713 = EDGE_CURVE('',#1706,#778,#1714,.T.);
#1714 = LINE('',#1715,#1716);
#1715 = CARTESIAN_POINT('',(-1.945,-6.26,9.205));
#1716 = VECTOR('',#1717,1.);
#1717 = DIRECTION('',(0.707106781187,-1.63E-15,-0.707106781187));
#1718 = PLANE('',#1719);
#1719 = AXIS2_PLACEMENT_3D('',#1720,#1721,#1722);
#1720 = CARTESIAN_POINT('',(-1.945,-6.35,9.205));
#1721 = DIRECTION('',(0.707106781187,0.,0.707106781187));
#1722 = DIRECTION('',(0.,1.,0.));
#1723 = ADVANCED_FACE('',(#1724),#1749,.T.);
#1724 = FACE_BOUND('',#1725,.T.);
#1725 = EDGE_LOOP('',(#1726,#1734,#1742,#1748));
#1726 = ORIENTED_EDGE('',*,*,#1727,.F.);
#1727 = EDGE_CURVE('',#1728,#796,#1730,.T.);
#1728 = VERTEX_POINT('',#1729);
#1729 = CARTESIAN_POINT('',(0.208,2.24,6.3));
#1730 = LINE('',#1731,#1732);
#1731 = CARTESIAN_POINT('',(0.3,2.24,6.3));
#1732 = VECTOR('',#1733,1.);
#1733 = DIRECTION('',(-1.,0.,0.));
#1734 = ORIENTED_EDGE('',*,*,#1735,.T.);
#1735 = EDGE_CURVE('',#1728,#1736,#1738,.T.);
#1736 = VERTEX_POINT('',#1737);
#1737 = CARTESIAN_POINT('',(0.208,2.84,6.3));
#1738 = LINE('',#1739,#1740);
#1739 = CARTESIAN_POINT('',(0.208,2.24,6.3));
#1740 = VECTOR('',#1741,1.);
#1741 = DIRECTION('',(0.,1.,-2.2E-16));
#1742 = ORIENTED_EDGE('',*,*,#1743,.T.);
#1743 = EDGE_CURVE('',#1736,#794,#1744,.T.);
#1744 = LINE('',#1745,#1746);
#1745 = CARTESIAN_POINT('',(0.3,2.84,6.3));
#1746 = VECTOR('',#1747,1.);
#1747 = DIRECTION('',(-1.,0.,0.));
#1748 = ORIENTED_EDGE('',*,*,#793,.T.);
#1749 = PLANE('',#1750);
#1750 = AXIS2_PLACEMENT_3D('',#1751,#1752,#1753);
#1751 = CARTESIAN_POINT('',(0.3,2.24,6.3));
#1752 = DIRECTION('',(0.,2.2E-16,1.));
#1753 = DIRECTION('',(-1.,0.,0.));
#1754 = ADVANCED_FACE('',(#1755),#1807,.F.);
#1755 = FACE_BOUND('',#1756,.F.);
#1756 = EDGE_LOOP('',(#1757,#1767,#1776,#1782,#1783,#1784,#1793,#1801));
#1757 = ORIENTED_EDGE('',*,*,#1758,.F.);
#1758 = EDGE_CURVE('',#1759,#1761,#1763,.T.);
#1759 = VERTEX_POINT('',#1760);
#1760 = CARTESIAN_POINT('',(-0.3,2.24,5.608));
#1761 = VERTEX_POINT('',#1762);
#1762 = CARTESIAN_POINT('',(-0.3,2.24,9.E-02));
#1763 = LINE('',#1764,#1765);
#1764 = CARTESIAN_POINT('',(-0.3,2.24,5.7));
#1765 = VECTOR('',#1766,1.);
#1766 = DIRECTION('',(0.,0.,-1.));
#1767 = ORIENTED_EDGE('',*,*,#1768,.F.);
#1768 = EDGE_CURVE('',#1769,#1759,#1771,.T.);
#1769 = VERTEX_POINT('',#1770);
#1770 = CARTESIAN_POINT('',(-0.392,2.24,5.7));
#1771 = CIRCLE('',#1772,9.2E-02);
#1772 = AXIS2_PLACEMENT_3D('',#1773,#1774,#1775);
#1773 = CARTESIAN_POINT('',(-0.392,2.24,5.608));
#1774 = DIRECTION('',(0.,1.,-2.2E-16));
#1775 = DIRECTION('',(0.,2.2E-16,1.));
#1776 = ORIENTED_EDGE('',*,*,#1777,.F.);
#1777 = EDGE_CURVE('',#812,#1769,#1778,.T.);
#1778 = LINE('',#1779,#1780);
#1779 = CARTESIAN_POINT('',(-12.6,2.24,5.7));
#1780 = VECTOR('',#1781,1.);
#1781 = DIRECTION('',(1.,0.,0.));
#1782 = ORIENTED_EDGE('',*,*,#819,.T.);
#1783 = ORIENTED_EDGE('',*,*,#1727,.F.);
#1784 = ORIENTED_EDGE('',*,*,#1785,.T.);
#1785 = EDGE_CURVE('',#1728,#1786,#1788,.T.);
#1786 = VERTEX_POINT('',#1787);
#1787 = CARTESIAN_POINT('',(0.3,2.24,6.208));
#1788 = CIRCLE('',#1789,9.2E-02);
#1789 = AXIS2_PLACEMENT_3D('',#1790,#1791,#1792);
#1790 = CARTESIAN_POINT('',(0.208,2.24,6.208));
#1791 = DIRECTION('',(0.,1.,-2.2E-16));
#1792 = DIRECTION('',(0.,2.2E-16,1.));
#1793 = ORIENTED_EDGE('',*,*,#1794,.F.);
#1794 = EDGE_CURVE('',#1795,#1786,#1797,.T.);
#1795 = VERTEX_POINT('',#1796);
#1796 = CARTESIAN_POINT('',(0.3,2.24,9.E-02));
#1797 = LINE('',#1798,#1799);
#1798 = CARTESIAN_POINT('',(0.3,2.24,0.));
#1799 = VECTOR('',#1800,1.);
#1800 = DIRECTION('',(0.,0.,1.));
#1801 = ORIENTED_EDGE('',*,*,#1802,.F.);
#1802 = EDGE_CURVE('',#1761,#1795,#1803,.T.);
#1803 = LINE('',#1804,#1805);
#1804 = CARTESIAN_POINT('',(-0.3,2.24,9.E-02));
#1805 = VECTOR('',#1806,1.);
#1806 = DIRECTION('',(1.,0.,0.));
#1807 = PLANE('',#1808);
#1808 = AXIS2_PLACEMENT_3D('',#1809,#1810,#1811);
#1809 = CARTESIAN_POINT('',(-4.32421875,2.24,4.97578125));
#1810 = DIRECTION('',(0.,1.,-2.2E-16));
#1811 = DIRECTION('',(0.,2.2E-16,1.));
#1812 = ADVANCED_FACE('',(#1813),#1831,.T.);
#1813 = FACE_BOUND('',#1814,.T.);
#1814 = EDGE_LOOP('',(#1815,#1816,#1817,#1825));
#1815 = ORIENTED_EDGE('',*,*,#1777,.F.);
#1816 = ORIENTED_EDGE('',*,*,#811,.T.);
#1817 = ORIENTED_EDGE('',*,*,#1818,.T.);
#1818 = EDGE_CURVE('',#804,#1819,#1821,.T.);
#1819 = VERTEX_POINT('',#1820);
#1820 = CARTESIAN_POINT('',(-0.392,2.84,5.7));
#1821 = LINE('',#1822,#1823);
#1822 = CARTESIAN_POINT('',(-12.6,2.84,5.7));
#1823 = VECTOR('',#1824,1.);
#1824 = DIRECTION('',(1.,0.,0.));
#1825 = ORIENTED_EDGE('',*,*,#1826,.F.);
#1826 = EDGE_CURVE('',#1769,#1819,#1827,.T.);
#1827 = LINE('',#1828,#1829);
#1828 = CARTESIAN_POINT('',(-0.392,2.24,5.7));
#1829 = VECTOR('',#1830,1.);
#1830 = DIRECTION('',(0.,1.,-2.2E-16));
#1831 = PLANE('',#1832);
#1832 = AXIS2_PLACEMENT_3D('',#1833,#1834,#1835);
#1833 = CARTESIAN_POINT('',(-12.6,2.24,5.7));
#1834 = DIRECTION('',(0.,-2.2E-16,-1.));
#1835 = DIRECTION('',(1.,0.,0.));
#1836 = ADVANCED_FACE('',(#1837),#1882,.T.);
#1837 = FACE_BOUND('',#1838,.T.);
#1838 = EDGE_LOOP('',(#1839,#1849,#1856,#1857,#1858,#1859,#1868,#1876));
#1839 = ORIENTED_EDGE('',*,*,#1840,.F.);
#1840 = EDGE_CURVE('',#1841,#1843,#1845,.T.);
#1841 = VERTEX_POINT('',#1842);
#1842 = CARTESIAN_POINT('',(-0.3,2.84,5.608));
#1843 = VERTEX_POINT('',#1844);
#1844 = CARTESIAN_POINT('',(-0.3,2.84,9.E-02));
#1845 = LINE('',#1846,#1847);
#1846 = CARTESIAN_POINT('',(-0.3,2.84,5.7));
#1847 = VECTOR('',#1848,1.);
#1848 = DIRECTION('',(0.,0.,-1.));
#1849 = ORIENTED_EDGE('',*,*,#1850,.F.);
#1850 = EDGE_CURVE('',#1819,#1841,#1851,.T.);
#1851 = CIRCLE('',#1852,9.2E-02);
#1852 = AXIS2_PLACEMENT_3D('',#1853,#1854,#1855);
#1853 = CARTESIAN_POINT('',(-0.392,2.84,5.608));
#1854 = DIRECTION('',(0.,1.,-2.2E-16));
#1855 = DIRECTION('',(0.,2.2E-16,1.));
#1856 = ORIENTED_EDGE('',*,*,#1818,.F.);
#1857 = ORIENTED_EDGE('',*,*,#803,.T.);
#1858 = ORIENTED_EDGE('',*,*,#1743,.F.);
#1859 = ORIENTED_EDGE('',*,*,#1860,.T.);
#1860 = EDGE_CURVE('',#1736,#1861,#1863,.T.);
#1861 = VERTEX_POINT('',#1862);
#1862 = CARTESIAN_POINT('',(0.3,2.84,6.208));
#1863 = CIRCLE('',#1864,9.2E-02);
#1864 = AXIS2_PLACEMENT_3D('',#1865,#1866,#1867);
#1865 = CARTESIAN_POINT('',(0.208,2.84,6.208));
#1866 = DIRECTION('',(0.,1.,-2.2E-16));
#1867 = DIRECTION('',(0.,2.2E-16,1.));
#1868 = ORIENTED_EDGE('',*,*,#1869,.F.);
#1869 = EDGE_CURVE('',#1870,#1861,#1872,.T.);
#1870 = VERTEX_POINT('',#1871);
#1871 = CARTESIAN_POINT('',(0.3,2.84,9.E-02));
#1872 = LINE('',#1873,#1874);
#1873 = CARTESIAN_POINT('',(0.3,2.84,0.));
#1874 = VECTOR('',#1875,1.);
#1875 = DIRECTION('',(0.,0.,1.));
#1876 = ORIENTED_EDGE('',*,*,#1877,.F.);
#1877 = EDGE_CURVE('',#1843,#1870,#1878,.T.);
#1878 = LINE('',#1879,#1880);
#1879 = CARTESIAN_POINT('',(-0.3,2.84,9.E-02));
#1880 = VECTOR('',#1881,1.);
#1881 = DIRECTION('',(1.,0.,0.));
#1882 = PLANE('',#1883);
#1883 = AXIS2_PLACEMENT_3D('',#1884,#1885,#1886);
#1884 = CARTESIAN_POINT('',(-4.32421875,2.84,4.97578125));
#1885 = DIRECTION('',(0.,1.,-2.2E-16));
#1886 = DIRECTION('',(0.,2.2E-16,1.));
#1887 = ADVANCED_FACE('',(#1888),#1913,.T.);
#1888 = FACE_BOUND('',#1889,.T.);
#1889 = EDGE_LOOP('',(#1890,#1898,#1906,#1912));
#1890 = ORIENTED_EDGE('',*,*,#1891,.F.);
#1891 = EDGE_CURVE('',#1892,#830,#1894,.T.);
#1892 = VERTEX_POINT('',#1893);
#1893 = CARTESIAN_POINT('',(0.208,4.78,6.3));
#1894 = LINE('',#1895,#1896);
#1895 = CARTESIAN_POINT('',(0.3,4.78,6.3));
#1896 = VECTOR('',#1897,1.);
#1897 = DIRECTION('',(-1.,0.,0.));
#1898 = ORIENTED_EDGE('',*,*,#1899,.T.);
#1899 = EDGE_CURVE('',#1892,#1900,#1902,.T.);
#1900 = VERTEX_POINT('',#1901);
#1901 = CARTESIAN_POINT('',(0.208,5.38,6.3));
#1902 = LINE('',#1903,#1904);
#1903 = CARTESIAN_POINT('',(0.208,4.78,6.3));
#1904 = VECTOR('',#1905,1.);
#1905 = DIRECTION('',(0.,1.,-2.2E-16));
#1906 = ORIENTED_EDGE('',*,*,#1907,.T.);
#1907 = EDGE_CURVE('',#1900,#828,#1908,.T.);
#1908 = LINE('',#1909,#1910);
#1909 = CARTESIAN_POINT('',(0.3,5.38,6.3));
#1910 = VECTOR('',#1911,1.);
#1911 = DIRECTION('',(-1.,0.,0.));
#1912 = ORIENTED_EDGE('',*,*,#827,.T.);
#1913 = PLANE('',#1914);
#1914 = AXIS2_PLACEMENT_3D('',#1915,#1916,#1917);
#1915 = CARTESIAN_POINT('',(0.3,4.78,6.3));
#1916 = DIRECTION('',(0.,2.2E-16,1.));
#1917 = DIRECTION('',(-1.,0.,0.));
#1918 = ADVANCED_FACE('',(#1919),#1971,.T.);
#1919 = FACE_BOUND('',#1920,.T.);
#1920 = EDGE_LOOP('',(#1921,#1931,#1940,#1946,#1947,#1948,#1957,#1965));
#1921 = ORIENTED_EDGE('',*,*,#1922,.F.);
#1922 = EDGE_CURVE('',#1923,#1925,#1927,.T.);
#1923 = VERTEX_POINT('',#1924);
#1924 = CARTESIAN_POINT('',(-0.3,5.38,5.608));
#1925 = VERTEX_POINT('',#1926);
#1926 = CARTESIAN_POINT('',(-0.3,5.38,9.E-02));
#1927 = LINE('',#1928,#1929);
#1928 = CARTESIAN_POINT('',(-0.3,5.38,5.7));
#1929 = VECTOR('',#1930,1.);
#1930 = DIRECTION('',(0.,0.,-1.));
#1931 = ORIENTED_EDGE('',*,*,#1932,.F.);
#1932 = EDGE_CURVE('',#1933,#1923,#1935,.T.);
#1933 = VERTEX_POINT('',#1934);
#1934 = CARTESIAN_POINT('',(-0.392,5.38,5.7));
#1935 = CIRCLE('',#1936,9.2E-02);
#1936 = AXIS2_PLACEMENT_3D('',#1937,#1938,#1939);
#1937 = CARTESIAN_POINT('',(-0.392,5.38,5.608));
#1938 = DIRECTION('',(0.,1.,-2.2E-16));
#1939 = DIRECTION('',(0.,2.2E-16,1.));
#1940 = ORIENTED_EDGE('',*,*,#1941,.F.);
#1941 = EDGE_CURVE('',#838,#1933,#1942,.T.);
#1942 = LINE('',#1943,#1944);
#1943 = CARTESIAN_POINT('',(-12.6,5.38,5.7));
#1944 = VECTOR('',#1945,1.);
#1945 = DIRECTION('',(1.,0.,0.));
#1946 = ORIENTED_EDGE('',*,*,#837,.T.);
#1947 = ORIENTED_EDGE('',*,*,#1907,.F.);
#1948 = ORIENTED_EDGE('',*,*,#1949,.T.);
#1949 = EDGE_CURVE('',#1900,#1950,#1952,.T.);
#1950 = VERTEX_POINT('',#1951);
#1951 = CARTESIAN_POINT('',(0.3,5.38,6.208));
#1952 = CIRCLE('',#1953,9.2E-02);
#1953 = AXIS2_PLACEMENT_3D('',#1954,#1955,#1956);
#1954 = CARTESIAN_POINT('',(0.208,5.38,6.208));
#1955 = DIRECTION('',(0.,1.,-2.2E-16));
#1956 = DIRECTION('',(0.,2.2E-16,1.));
#1957 = ORIENTED_EDGE('',*,*,#1958,.F.);
#1958 = EDGE_CURVE('',#1959,#1950,#1961,.T.);
#1959 = VERTEX_POINT('',#1960);
#1960 = CARTESIAN_POINT('',(0.3,5.38,9.E-02));
#1961 = LINE('',#1962,#1963);
#1962 = CARTESIAN_POINT('',(0.3,5.38,0.));
#1963 = VECTOR('',#1964,1.);
#1964 = DIRECTION('',(0.,0.,1.));
#1965 = ORIENTED_EDGE('',*,*,#1966,.F.);
#1966 = EDGE_CURVE('',#1925,#1959,#1967,.T.);
#1967 = LINE('',#1968,#1969);
#1968 = CARTESIAN_POINT('',(-0.3,5.38,9.E-02));
#1969 = VECTOR('',#1970,1.);
#1970 = DIRECTION('',(1.,0.,0.));
#1971 = PLANE('',#1972);
#1972 = AXIS2_PLACEMENT_3D('',#1973,#1974,#1975);
#1973 = CARTESIAN_POINT('',(-4.32421875,5.38,4.97578125));
#1974 = DIRECTION('',(0.,1.,-2.2E-16));
#1975 = DIRECTION('',(0.,2.2E-16,1.));
#1976 = ADVANCED_FACE('',(#1977),#2029,.F.);
#1977 = FACE_BOUND('',#1978,.F.);
#1978 = EDGE_LOOP('',(#1979,#1989,#1998,#2004,#2005,#2006,#2015,#2023));
#1979 = ORIENTED_EDGE('',*,*,#1980,.F.);
#1980 = EDGE_CURVE('',#1981,#1983,#1985,.T.);
#1981 = VERTEX_POINT('',#1982);
#1982 = CARTESIAN_POINT('',(-0.3,4.78,5.608));
#1983 = VERTEX_POINT('',#1984);
#1984 = CARTESIAN_POINT('',(-0.3,4.78,9.E-02));
#1985 = LINE('',#1986,#1987);
#1986 = CARTESIAN_POINT('',(-0.3,4.78,5.7));
#1987 = VECTOR('',#1988,1.);
#1988 = DIRECTION('',(0.,0.,-1.));
#1989 = ORIENTED_EDGE('',*,*,#1990,.F.);
#1990 = EDGE_CURVE('',#1991,#1981,#1993,.T.);
#1991 = VERTEX_POINT('',#1992);
#1992 = CARTESIAN_POINT('',(-0.392,4.78,5.7));
#1993 = CIRCLE('',#1994,9.2E-02);
#1994 = AXIS2_PLACEMENT_3D('',#1995,#1996,#1997);
#1995 = CARTESIAN_POINT('',(-0.392,4.78,5.608));
#1996 = DIRECTION('',(0.,1.,-2.2E-16));
#1997 = DIRECTION('',(0.,2.2E-16,1.));
#1998 = ORIENTED_EDGE('',*,*,#1999,.F.);
#1999 = EDGE_CURVE('',#846,#1991,#2000,.T.);
#2000 = LINE('',#2001,#2002);
#2001 = CARTESIAN_POINT('',(-12.6,4.78,5.7));
#2002 = VECTOR('',#2003,1.);
#2003 = DIRECTION('',(1.,0.,0.));
#2004 = ORIENTED_EDGE('',*,*,#853,.T.);
#2005 = ORIENTED_EDGE('',*,*,#1891,.F.);
#2006 = ORIENTED_EDGE('',*,*,#2007,.T.);
#2007 = EDGE_CURVE('',#1892,#2008,#2010,.T.);
#2008 = VERTEX_POINT('',#2009);
#2009 = CARTESIAN_POINT('',(0.3,4.78,6.208));
#2010 = CIRCLE('',#2011,9.2E-02);
#2011 = AXIS2_PLACEMENT_3D('',#2012,#2013,#2014);
#2012 = CARTESIAN_POINT('',(0.208,4.78,6.208));
#2013 = DIRECTION('',(0.,1.,-2.2E-16));
#2014 = DIRECTION('',(0.,2.2E-16,1.));
#2015 = ORIENTED_EDGE('',*,*,#2016,.F.);
#2016 = EDGE_CURVE('',#2017,#2008,#2019,.T.);
#2017 = VERTEX_POINT('',#2018);
#2018 = CARTESIAN_POINT('',(0.3,4.78,9.E-02));
#2019 = LINE('',#2020,#2021);
#2020 = CARTESIAN_POINT('',(0.3,4.78,0.));
#2021 = VECTOR('',#2022,1.);
#2022 = DIRECTION('',(0.,0.,1.));
#2023 = ORIENTED_EDGE('',*,*,#2024,.F.);
#2024 = EDGE_CURVE('',#1983,#2017,#2025,.T.);
#2025 = LINE('',#2026,#2027);
#2026 = CARTESIAN_POINT('',(-0.3,4.78,9.E-02));
#2027 = VECTOR('',#2028,1.);
#2028 = DIRECTION('',(1.,0.,0.));
#2029 = PLANE('',#2030);
#2030 = AXIS2_PLACEMENT_3D('',#2031,#2032,#2033);
#2031 = CARTESIAN_POINT('',(-4.32421875,4.78,4.97578125));
#2032 = DIRECTION('',(0.,1.,-2.2E-16));
#2033 = DIRECTION('',(0.,2.2E-16,1.));
#2034 = ADVANCED_FACE('',(#2035),#2046,.T.);
#2035 = FACE_BOUND('',#2036,.T.);
#2036 = EDGE_LOOP('',(#2037,#2038,#2039,#2040));
#2037 = ORIENTED_EDGE('',*,*,#1999,.F.);
#2038 = ORIENTED_EDGE('',*,*,#845,.T.);
#2039 = ORIENTED_EDGE('',*,*,#1941,.T.);
#2040 = ORIENTED_EDGE('',*,*,#2041,.F.);
#2041 = EDGE_CURVE('',#1991,#1933,#2042,.T.);
#2042 = LINE('',#2043,#2044);
#2043 = CARTESIAN_POINT('',(-0.392,4.78,5.7));
#2044 = VECTOR('',#2045,1.);
#2045 = DIRECTION('',(0.,1.,-2.2E-16));
#2046 = PLANE('',#2047);
#2047 = AXIS2_PLACEMENT_3D('',#2048,#2049,#2050);
#2048 = CARTESIAN_POINT('',(-12.6,4.78,5.7));
#2049 = DIRECTION('',(0.,-2.2E-16,-1.));
#2050 = DIRECTION('',(1.,0.,0.));
#2051 = ADVANCED_FACE('',(#2052),#2077,.T.);
#2052 = FACE_BOUND('',#2053,.T.);
#2053 = EDGE_LOOP('',(#2054,#2062,#2070,#2076));
#2054 = ORIENTED_EDGE('',*,*,#2055,.F.);
#2055 = EDGE_CURVE('',#2056,#864,#2058,.T.);
#2056 = VERTEX_POINT('',#2057);
#2057 = CARTESIAN_POINT('',(0.208,-0.3,6.3));
#2058 = LINE('',#2059,#2060);
#2059 = CARTESIAN_POINT('',(0.3,-0.3,6.3));
#2060 = VECTOR('',#2061,1.);
#2061 = DIRECTION('',(-1.,0.,0.));
#2062 = ORIENTED_EDGE('',*,*,#2063,.T.);
#2063 = EDGE_CURVE('',#2056,#2064,#2066,.T.);
#2064 = VERTEX_POINT('',#2065);
#2065 = CARTESIAN_POINT('',(0.208,0.3,6.3));
#2066 = LINE('',#2067,#2068);
#2067 = CARTESIAN_POINT('',(0.208,-0.3,6.3));
#2068 = VECTOR('',#2069,1.);
#2069 = DIRECTION('',(0.,1.,-2.2E-16));
#2070 = ORIENTED_EDGE('',*,*,#2071,.T.);
#2071 = EDGE_CURVE('',#2064,#862,#2072,.T.);
#2072 = LINE('',#2073,#2074);
#2073 = CARTESIAN_POINT('',(0.3,0.3,6.3));
#2074 = VECTOR('',#2075,1.);
#2075 = DIRECTION('',(-1.,0.,0.));
#2076 = ORIENTED_EDGE('',*,*,#861,.T.);
#2077 = PLANE('',#2078);
#2078 = AXIS2_PLACEMENT_3D('',#2079,#2080,#2081);
#2079 = CARTESIAN_POINT('',(0.3,-0.3,6.3));
#2080 = DIRECTION('',(0.,2.2E-16,1.));
#2081 = DIRECTION('',(-1.,0.,0.));
#2082 = ADVANCED_FACE('',(#2083),#2135,.F.);
#2083 = FACE_BOUND('',#2084,.F.);
#2084 = EDGE_LOOP('',(#2085,#2095,#2104,#2110,#2111,#2112,#2121,#2129));
#2085 = ORIENTED_EDGE('',*,*,#2086,.F.);
#2086 = EDGE_CURVE('',#2087,#2089,#2091,.T.);
#2087 = VERTEX_POINT('',#2088);
#2088 = CARTESIAN_POINT('',(-0.3,-0.3,5.608));
#2089 = VERTEX_POINT('',#2090);
#2090 = CARTESIAN_POINT('',(-0.3,-0.3,9.E-02));
#2091 = LINE('',#2092,#2093);
#2092 = CARTESIAN_POINT('',(-0.3,-0.3,5.7));
#2093 = VECTOR('',#2094,1.);
#2094 = DIRECTION('',(0.,0.,-1.));
#2095 = ORIENTED_EDGE('',*,*,#2096,.F.);
#2096 = EDGE_CURVE('',#2097,#2087,#2099,.T.);
#2097 = VERTEX_POINT('',#2098);
#2098 = CARTESIAN_POINT('',(-0.392,-0.3,5.7));
#2099 = CIRCLE('',#2100,9.2E-02);
#2100 = AXIS2_PLACEMENT_3D('',#2101,#2102,#2103);
#2101 = CARTESIAN_POINT('',(-0.392,-0.3,5.608));
#2102 = DIRECTION('',(0.,1.,-2.2E-16));
#2103 = DIRECTION('',(0.,2.2E-16,1.));
#2104 = ORIENTED_EDGE('',*,*,#2105,.F.);
#2105 = EDGE_CURVE('',#880,#2097,#2106,.T.);
#2106 = LINE('',#2107,#2108);
#2107 = CARTESIAN_POINT('',(-12.6,-0.3,5.7));
#2108 = VECTOR('',#2109,1.);
#2109 = DIRECTION('',(1.,0.,0.));
#2110 = ORIENTED_EDGE('',*,*,#887,.T.);
#2111 = ORIENTED_EDGE('',*,*,#2055,.F.);
#2112 = ORIENTED_EDGE('',*,*,#2113,.T.);
#2113 = EDGE_CURVE('',#2056,#2114,#2116,.T.);
#2114 = VERTEX_POINT('',#2115);
#2115 = CARTESIAN_POINT('',(0.3,-0.3,6.208));
#2116 = CIRCLE('',#2117,9.2E-02);
#2117 = AXIS2_PLACEMENT_3D('',#2118,#2119,#2120);
#2118 = CARTESIAN_POINT('',(0.208,-0.3,6.208));
#2119 = DIRECTION('',(0.,1.,-2.2E-16));
#2120 = DIRECTION('',(0.,2.2E-16,1.));
#2121 = ORIENTED_EDGE('',*,*,#2122,.F.);
#2122 = EDGE_CURVE('',#2123,#2114,#2125,.T.);
#2123 = VERTEX_POINT('',#2124);
#2124 = CARTESIAN_POINT('',(0.3,-0.3,9.E-02));
#2125 = LINE('',#2126,#2127);
#2126 = CARTESIAN_POINT('',(0.3,-0.3,1.E-15));
#2127 = VECTOR('',#2128,1.);
#2128 = DIRECTION('',(0.,0.,1.));
#2129 = ORIENTED_EDGE('',*,*,#2130,.F.);
#2130 = EDGE_CURVE('',#2089,#2123,#2131,.T.);
#2131 = LINE('',#2132,#2133);
#2132 = CARTESIAN_POINT('',(-0.3,-0.3,9.E-02));
#2133 = VECTOR('',#2134,1.);
#2134 = DIRECTION('',(1.,0.,0.));
#2135 = PLANE('',#2136);
#2136 = AXIS2_PLACEMENT_3D('',#2137,#2138,#2139);
#2137 = CARTESIAN_POINT('',(-4.32421875,-0.3,4.97578125));
#2138 = DIRECTION('',(0.,1.,-2.2E-16));
#2139 = DIRECTION('',(0.,2.2E-16,1.));
#2140 = ADVANCED_FACE('',(#2141),#2159,.T.);
#2141 = FACE_BOUND('',#2142,.T.);
#2142 = EDGE_LOOP('',(#2143,#2144,#2145,#2153));
#2143 = ORIENTED_EDGE('',*,*,#2105,.F.);
#2144 = ORIENTED_EDGE('',*,*,#879,.T.);
#2145 = ORIENTED_EDGE('',*,*,#2146,.T.);
#2146 = EDGE_CURVE('',#872,#2147,#2149,.T.);
#2147 = VERTEX_POINT('',#2148);
#2148 = CARTESIAN_POINT('',(-0.392,0.3,5.7));
#2149 = LINE('',#2150,#2151);
#2150 = CARTESIAN_POINT('',(-12.6,0.3,5.7));
#2151 = VECTOR('',#2152,1.);
#2152 = DIRECTION('',(1.,0.,0.));
#2153 = ORIENTED_EDGE('',*,*,#2154,.F.);
#2154 = EDGE_CURVE('',#2097,#2147,#2155,.T.);
#2155 = LINE('',#2156,#2157);
#2156 = CARTESIAN_POINT('',(-0.392,-0.3,5.7));
#2157 = VECTOR('',#2158,1.);
#2158 = DIRECTION('',(0.,1.,-2.2E-16));
#2159 = PLANE('',#2160);
#2160 = AXIS2_PLACEMENT_3D('',#2161,#2162,#2163);
#2161 = CARTESIAN_POINT('',(-12.6,-0.3,5.7));
#2162 = DIRECTION('',(0.,-2.2E-16,-1.));
#2163 = DIRECTION('',(1.,0.,0.));
#2164 = ADVANCED_FACE('',(#2165),#2210,.T.);
#2165 = FACE_BOUND('',#2166,.T.);
#2166 = EDGE_LOOP('',(#2167,#2177,#2184,#2185,#2186,#2187,#2196,#2204));
#2167 = ORIENTED_EDGE('',*,*,#2168,.F.);
#2168 = EDGE_CURVE('',#2169,#2171,#2173,.T.);
#2169 = VERTEX_POINT('',#2170);
#2170 = CARTESIAN_POINT('',(-0.3,0.3,5.608));
#2171 = VERTEX_POINT('',#2172);
#2172 = CARTESIAN_POINT('',(-0.3,0.3,9.E-02));
#2173 = LINE('',#2174,#2175);
#2174 = CARTESIAN_POINT('',(-0.3,0.3,5.7));
#2175 = VECTOR('',#2176,1.);
#2176 = DIRECTION('',(0.,0.,-1.));
#2177 = ORIENTED_EDGE('',*,*,#2178,.F.);
#2178 = EDGE_CURVE('',#2147,#2169,#2179,.T.);
#2179 = CIRCLE('',#2180,9.2E-02);
#2180 = AXIS2_PLACEMENT_3D('',#2181,#2182,#2183);
#2181 = CARTESIAN_POINT('',(-0.392,0.3,5.608));
#2182 = DIRECTION('',(0.,1.,-2.2E-16));
#2183 = DIRECTION('',(0.,2.2E-16,1.));
#2184 = ORIENTED_EDGE('',*,*,#2146,.F.);
#2185 = ORIENTED_EDGE('',*,*,#871,.T.);
#2186 = ORIENTED_EDGE('',*,*,#2071,.F.);
#2187 = ORIENTED_EDGE('',*,*,#2188,.T.);
#2188 = EDGE_CURVE('',#2064,#2189,#2191,.T.);
#2189 = VERTEX_POINT('',#2190);
#2190 = CARTESIAN_POINT('',(0.3,0.3,6.208));
#2191 = CIRCLE('',#2192,9.2E-02);
#2192 = AXIS2_PLACEMENT_3D('',#2193,#2194,#2195);
#2193 = CARTESIAN_POINT('',(0.208,0.3,6.208));
#2194 = DIRECTION('',(0.,1.,-2.2E-16));
#2195 = DIRECTION('',(0.,2.2E-16,1.));
#2196 = ORIENTED_EDGE('',*,*,#2197,.F.);
#2197 = EDGE_CURVE('',#2198,#2189,#2200,.T.);
#2198 = VERTEX_POINT('',#2199);
#2199 = CARTESIAN_POINT('',(0.3,0.3,9.E-02));
#2200 = LINE('',#2201,#2202);
#2201 = CARTESIAN_POINT('',(0.3,0.3,1.E-15));
#2202 = VECTOR('',#2203,1.);
#2203 = DIRECTION('',(0.,0.,1.));
#2204 = ORIENTED_EDGE('',*,*,#2205,.F.);
#2205 = EDGE_CURVE('',#2171,#2198,#2206,.T.);
#2206 = LINE('',#2207,#2208);
#2207 = CARTESIAN_POINT('',(-0.3,0.3,9.E-02));
#2208 = VECTOR('',#2209,1.);
#2209 = DIRECTION('',(1.,0.,0.));
#2210 = PLANE('',#2211);
#2211 = AXIS2_PLACEMENT_3D('',#2212,#2213,#2214);
#2212 = CARTESIAN_POINT('',(-4.32421875,0.3,4.97578125));
#2213 = DIRECTION('',(0.,1.,-2.2E-16));
#2214 = DIRECTION('',(0.,2.2E-16,1.));
#2215 = ADVANCED_FACE('',(#2216),#2241,.T.);
#2216 = FACE_BOUND('',#2217,.T.);
#2217 = EDGE_LOOP('',(#2218,#2226,#2234,#2240));
#2218 = ORIENTED_EDGE('',*,*,#2219,.F.);
#2219 = EDGE_CURVE('',#2220,#898,#2222,.T.);
#2220 = VERTEX_POINT('',#2221);
#2221 = CARTESIAN_POINT('',(0.208,-2.84,6.3));
#2222 = LINE('',#2223,#2224);
#2223 = CARTESIAN_POINT('',(0.3,-2.84,6.3));
#2224 = VECTOR('',#2225,1.);
#2225 = DIRECTION('',(-1.,0.,0.));
#2226 = ORIENTED_EDGE('',*,*,#2227,.T.);
#2227 = EDGE_CURVE('',#2220,#2228,#2230,.T.);
#2228 = VERTEX_POINT('',#2229);
#2229 = CARTESIAN_POINT('',(0.208,-2.24,6.3));
#2230 = LINE('',#2231,#2232);
#2231 = CARTESIAN_POINT('',(0.208,-2.84,6.3));
#2232 = VECTOR('',#2233,1.);
#2233 = DIRECTION('',(0.,1.,-2.2E-16));
#2234 = ORIENTED_EDGE('',*,*,#2235,.T.);
#2235 = EDGE_CURVE('',#2228,#896,#2236,.T.);
#2236 = LINE('',#2237,#2238);
#2237 = CARTESIAN_POINT('',(0.3,-2.24,6.3));
#2238 = VECTOR('',#2239,1.);
#2239 = DIRECTION('',(-1.,0.,0.));
#2240 = ORIENTED_EDGE('',*,*,#895,.T.);
#2241 = PLANE('',#2242);
#2242 = AXIS2_PLACEMENT_3D('',#2243,#2244,#2245);
#2243 = CARTESIAN_POINT('',(0.3,-2.84,6.3));
#2244 = DIRECTION('',(0.,2.2E-16,1.));
#2245 = DIRECTION('',(-1.,0.,0.));
#2246 = ADVANCED_FACE('',(#2247),#2299,.F.);
#2247 = FACE_BOUND('',#2248,.F.);
#2248 = EDGE_LOOP('',(#2249,#2259,#2268,#2274,#2275,#2276,#2285,#2293));
#2249 = ORIENTED_EDGE('',*,*,#2250,.F.);
#2250 = EDGE_CURVE('',#2251,#2253,#2255,.T.);
#2251 = VERTEX_POINT('',#2252);
#2252 = CARTESIAN_POINT('',(-0.3,-2.84,5.608));
#2253 = VERTEX_POINT('',#2254);
#2254 = CARTESIAN_POINT('',(-0.3,-2.84,9.E-02));
#2255 = LINE('',#2256,#2257);
#2256 = CARTESIAN_POINT('',(-0.3,-2.84,5.7));
#2257 = VECTOR('',#2258,1.);
#2258 = DIRECTION('',(0.,0.,-1.));
#2259 = ORIENTED_EDGE('',*,*,#2260,.F.);
#2260 = EDGE_CURVE('',#2261,#2251,#2263,.T.);
#2261 = VERTEX_POINT('',#2262);
#2262 = CARTESIAN_POINT('',(-0.392,-2.84,5.7));
#2263 = CIRCLE('',#2264,9.2E-02);
#2264 = AXIS2_PLACEMENT_3D('',#2265,#2266,#2267);
#2265 = CARTESIAN_POINT('',(-0.392,-2.84,5.608));
#2266 = DIRECTION('',(0.,1.,-2.2E-16));
#2267 = DIRECTION('',(0.,2.2E-16,1.));
#2268 = ORIENTED_EDGE('',*,*,#2269,.F.);
#2269 = EDGE_CURVE('',#914,#2261,#2270,.T.);
#2270 = LINE('',#2271,#2272);
#2271 = CARTESIAN_POINT('',(-12.6,-2.84,5.7));
#2272 = VECTOR('',#2273,1.);
#2273 = DIRECTION('',(1.,0.,0.));
#2274 = ORIENTED_EDGE('',*,*,#921,.T.);
#2275 = ORIENTED_EDGE('',*,*,#2219,.F.);
#2276 = ORIENTED_EDGE('',*,*,#2277,.T.);
#2277 = EDGE_CURVE('',#2220,#2278,#2280,.T.);
#2278 = VERTEX_POINT('',#2279);
#2279 = CARTESIAN_POINT('',(0.3,-2.84,6.208));
#2280 = CIRCLE('',#2281,9.2E-02);
#2281 = AXIS2_PLACEMENT_3D('',#2282,#2283,#2284);
#2282 = CARTESIAN_POINT('',(0.208,-2.84,6.208));
#2283 = DIRECTION('',(0.,1.,-2.2E-16));
#2284 = DIRECTION('',(0.,2.2E-16,1.));
#2285 = ORIENTED_EDGE('',*,*,#2286,.F.);
#2286 = EDGE_CURVE('',#2287,#2278,#2289,.T.);
#2287 = VERTEX_POINT('',#2288);
#2288 = CARTESIAN_POINT('',(0.3,-2.84,9.E-02));
#2289 = LINE('',#2290,#2291);
#2290 = CARTESIAN_POINT('',(0.3,-2.84,1.E-15));
#2291 = VECTOR('',#2292,1.);
#2292 = DIRECTION('',(0.,0.,1.));
#2293 = ORIENTED_EDGE('',*,*,#2294,.F.);
#2294 = EDGE_CURVE('',#2253,#2287,#2295,.T.);
#2295 = LINE('',#2296,#2297);
#2296 = CARTESIAN_POINT('',(-0.3,-2.84,9.E-02));
#2297 = VECTOR('',#2298,1.);
#2298 = DIRECTION('',(1.,0.,0.));
#2299 = PLANE('',#2300);
#2300 = AXIS2_PLACEMENT_3D('',#2301,#2302,#2303);
#2301 = CARTESIAN_POINT('',(-4.32421875,-2.84,4.97578125));
#2302 = DIRECTION('',(0.,1.,-2.2E-16));
#2303 = DIRECTION('',(0.,2.2E-16,1.));
#2304 = ADVANCED_FACE('',(#2305),#2323,.T.);
#2305 = FACE_BOUND('',#2306,.T.);
#2306 = EDGE_LOOP('',(#2307,#2308,#2309,#2317));
#2307 = ORIENTED_EDGE('',*,*,#2269,.F.);
#2308 = ORIENTED_EDGE('',*,*,#913,.T.);
#2309 = ORIENTED_EDGE('',*,*,#2310,.T.);
#2310 = EDGE_CURVE('',#906,#2311,#2313,.T.);
#2311 = VERTEX_POINT('',#2312);
#2312 = CARTESIAN_POINT('',(-0.392,-2.24,5.7));
#2313 = LINE('',#2314,#2315);
#2314 = CARTESIAN_POINT('',(-12.6,-2.24,5.7));
#2315 = VECTOR('',#2316,1.);
#2316 = DIRECTION('',(1.,0.,0.));
#2317 = ORIENTED_EDGE('',*,*,#2318,.F.);
#2318 = EDGE_CURVE('',#2261,#2311,#2319,.T.);
#2319 = LINE('',#2320,#2321);
#2320 = CARTESIAN_POINT('',(-0.392,-2.84,5.7));
#2321 = VECTOR('',#2322,1.);
#2322 = DIRECTION('',(0.,1.,-2.2E-16));
#2323 = PLANE('',#2324);
#2324 = AXIS2_PLACEMENT_3D('',#2325,#2326,#2327);
#2325 = CARTESIAN_POINT('',(-12.6,-2.84,5.7));
#2326 = DIRECTION('',(0.,-2.2E-16,-1.));
#2327 = DIRECTION('',(1.,0.,0.));
#2328 = ADVANCED_FACE('',(#2329),#2374,.T.);
#2329 = FACE_BOUND('',#2330,.T.);
#2330 = EDGE_LOOP('',(#2331,#2332,#2341,#2349,#2357,#2365,#2372,#2373));
#2331 = ORIENTED_EDGE('',*,*,#2235,.F.);
#2332 = ORIENTED_EDGE('',*,*,#2333,.T.);
#2333 = EDGE_CURVE('',#2228,#2334,#2336,.T.);
#2334 = VERTEX_POINT('',#2335);
#2335 = CARTESIAN_POINT('',(0.3,-2.24,6.208));
#2336 = CIRCLE('',#2337,9.2E-02);
#2337 = AXIS2_PLACEMENT_3D('',#2338,#2339,#2340);
#2338 = CARTESIAN_POINT('',(0.208,-2.24,6.208));
#2339 = DIRECTION('',(0.,1.,-2.2E-16));
#2340 = DIRECTION('',(0.,2.2E-16,1.));
#2341 = ORIENTED_EDGE('',*,*,#2342,.F.);
#2342 = EDGE_CURVE('',#2343,#2334,#2345,.T.);
#2343 = VERTEX_POINT('',#2344);
#2344 = CARTESIAN_POINT('',(0.3,-2.24,1.E-15));
#2345 = LINE('',#2346,#2347);
#2346 = CARTESIAN_POINT('',(0.3,-2.24,1.E-15));
#2347 = VECTOR('',#2348,1.);
#2348 = DIRECTION('',(0.,0.,1.));
#2349 = ORIENTED_EDGE('',*,*,#2350,.F.);
#2350 = EDGE_CURVE('',#2351,#2343,#2353,.T.);
#2351 = VERTEX_POINT('',#2352);
#2352 = CARTESIAN_POINT('',(-0.3,-2.24,1.E-15));
#2353 = LINE('',#2354,#2355);
#2354 = CARTESIAN_POINT('',(-0.3,-2.24,1.E-15));
#2355 = VECTOR('',#2356,1.);
#2356 = DIRECTION('',(1.,0.,0.));
#2357 = ORIENTED_EDGE('',*,*,#2358,.F.);
#2358 = EDGE_CURVE('',#2359,#2351,#2361,.T.);
#2359 = VERTEX_POINT('',#2360);
#2360 = CARTESIAN_POINT('',(-0.3,-2.24,5.608));
#2361 = LINE('',#2362,#2363);
#2362 = CARTESIAN_POINT('',(-0.3,-2.24,5.7));
#2363 = VECTOR('',#2364,1.);
#2364 = DIRECTION('',(0.,0.,-1.));
#2365 = ORIENTED_EDGE('',*,*,#2366,.F.);
#2366 = EDGE_CURVE('',#2311,#2359,#2367,.T.);
#2367 = CIRCLE('',#2368,9.2E-02);
#2368 = AXIS2_PLACEMENT_3D('',#2369,#2370,#2371);
#2369 = CARTESIAN_POINT('',(-0.392,-2.24,5.608));
#2370 = DIRECTION('',(0.,1.,-2.2E-16));
#2371 = DIRECTION('',(0.,2.2E-16,1.));
#2372 = ORIENTED_EDGE('',*,*,#2310,.F.);
#2373 = ORIENTED_EDGE('',*,*,#905,.T.);
#2374 = PLANE('',#2375);
#2375 = AXIS2_PLACEMENT_3D('',#2376,#2377,#2378);
#2376 = CARTESIAN_POINT('',(-4.32421875,-2.24,4.97578125));
#2377 = DIRECTION('',(0.,1.,-2.2E-16));
#2378 = DIRECTION('',(0.,2.2E-16,1.));
#2379 = ADVANCED_FACE('',(#2380),#2405,.T.);
#2380 = FACE_BOUND('',#2381,.T.);
#2381 = EDGE_LOOP('',(#2382,#2390,#2398,#2404));
#2382 = ORIENTED_EDGE('',*,*,#2383,.F.);
#2383 = EDGE_CURVE('',#2384,#932,#2386,.T.);
#2384 = VERTEX_POINT('',#2385);
#2385 = CARTESIAN_POINT('',(0.208,-5.38,6.3));
#2386 = LINE('',#2387,#2388);
#2387 = CARTESIAN_POINT('',(0.3,-5.38,6.3));
#2388 = VECTOR('',#2389,1.);
#2389 = DIRECTION('',(-1.,0.,0.));
#2390 = ORIENTED_EDGE('',*,*,#2391,.T.);
#2391 = EDGE_CURVE('',#2384,#2392,#2394,.T.);
#2392 = VERTEX_POINT('',#2393);
#2393 = CARTESIAN_POINT('',(0.208,-4.78,6.3));
#2394 = LINE('',#2395,#2396);
#2395 = CARTESIAN_POINT('',(0.208,-5.38,6.3));
#2396 = VECTOR('',#2397,1.);
#2397 = DIRECTION('',(0.,1.,-2.2E-16));
#2398 = ORIENTED_EDGE('',*,*,#2399,.T.);
#2399 = EDGE_CURVE('',#2392,#930,#2400,.T.);
#2400 = LINE('',#2401,#2402);
#2401 = CARTESIAN_POINT('',(0.3,-4.78,6.3));
#2402 = VECTOR('',#2403,1.);
#2403 = DIRECTION('',(-1.,0.,0.));
#2404 = ORIENTED_EDGE('',*,*,#929,.T.);
#2405 = PLANE('',#2406);
#2406 = AXIS2_PLACEMENT_3D('',#2407,#2408,#2409);
#2407 = CARTESIAN_POINT('',(0.3,-5.38,6.3));
#2408 = DIRECTION('',(0.,2.2E-16,1.));
#2409 = DIRECTION('',(-1.,0.,0.));
#2410 = ADVANCED_FACE('',(#2411),#2463,.F.);
#2411 = FACE_BOUND('',#2412,.F.);
#2412 = EDGE_LOOP('',(#2413,#2423,#2432,#2438,#2439,#2440,#2449,#2457));
#2413 = ORIENTED_EDGE('',*,*,#2414,.F.);
#2414 = EDGE_CURVE('',#2415,#2417,#2419,.T.);
#2415 = VERTEX_POINT('',#2416);
#2416 = CARTESIAN_POINT('',(-0.3,-5.38,5.608));
#2417 = VERTEX_POINT('',#2418);
#2418 = CARTESIAN_POINT('',(-0.3,-5.38,9.E-02));
#2419 = LINE('',#2420,#2421);
#2420 = CARTESIAN_POINT('',(-0.3,-5.38,5.7));
#2421 = VECTOR('',#2422,1.);
#2422 = DIRECTION('',(0.,0.,-1.));
#2423 = ORIENTED_EDGE('',*,*,#2424,.F.);
#2424 = EDGE_CURVE('',#2425,#2415,#2427,.T.);
#2425 = VERTEX_POINT('',#2426);
#2426 = CARTESIAN_POINT('',(-0.392,-5.38,5.7));
#2427 = CIRCLE('',#2428,9.2E-02);
#2428 = AXIS2_PLACEMENT_3D('',#2429,#2430,#2431);
#2429 = CARTESIAN_POINT('',(-0.392,-5.38,5.608));
#2430 = DIRECTION('',(0.,1.,-2.2E-16));
#2431 = DIRECTION('',(0.,2.2E-16,1.));
#2432 = ORIENTED_EDGE('',*,*,#2433,.F.);
#2433 = EDGE_CURVE('',#948,#2425,#2434,.T.);
#2434 = LINE('',#2435,#2436);
#2435 = CARTESIAN_POINT('',(-12.6,-5.38,5.7));
#2436 = VECTOR('',#2437,1.);
#2437 = DIRECTION('',(1.,0.,0.));
#2438 = ORIENTED_EDGE('',*,*,#955,.T.);
#2439 = ORIENTED_EDGE('',*,*,#2383,.F.);
#2440 = ORIENTED_EDGE('',*,*,#2441,.T.);
#2441 = EDGE_CURVE('',#2384,#2442,#2444,.T.);
#2442 = VERTEX_POINT('',#2443);
#2443 = CARTESIAN_POINT('',(0.3,-5.38,6.208));
#2444 = CIRCLE('',#2445,9.2E-02);
#2445 = AXIS2_PLACEMENT_3D('',#2446,#2447,#2448);
#2446 = CARTESIAN_POINT('',(0.208,-5.38,6.208));
#2447 = DIRECTION('',(0.,1.,-2.2E-16));
#2448 = DIRECTION('',(0.,2.2E-16,1.));
#2449 = ORIENTED_EDGE('',*,*,#2450,.F.);
#2450 = EDGE_CURVE('',#2451,#2442,#2453,.T.);
#2451 = VERTEX_POINT('',#2452);
#2452 = CARTESIAN_POINT('',(0.3,-5.38,9.E-02));
#2453 = LINE('',#2454,#2455);
#2454 = CARTESIAN_POINT('',(0.3,-5.38,1.E-15));
#2455 = VECTOR('',#2456,1.);
#2456 = DIRECTION('',(0.,0.,1.));
#2457 = ORIENTED_EDGE('',*,*,#2458,.F.);
#2458 = EDGE_CURVE('',#2417,#2451,#2459,.T.);
#2459 = LINE('',#2460,#2461);
#2460 = CARTESIAN_POINT('',(-0.3,-5.38,9.E-02));
#2461 = VECTOR('',#2462,1.);
#2462 = DIRECTION('',(1.,0.,0.));
#2463 = PLANE('',#2464);
#2464 = AXIS2_PLACEMENT_3D('',#2465,#2466,#2467);
#2465 = CARTESIAN_POINT('',(-4.32421875,-5.38,4.97578125));
#2466 = DIRECTION('',(0.,1.,-2.2E-16));
#2467 = DIRECTION('',(0.,2.2E-16,1.));
#2468 = ADVANCED_FACE('',(#2469),#2487,.T.);
#2469 = FACE_BOUND('',#2470,.T.);
#2470 = EDGE_LOOP('',(#2471,#2472,#2473,#2481));
#2471 = ORIENTED_EDGE('',*,*,#2433,.F.);
#2472 = ORIENTED_EDGE('',*,*,#947,.T.);
#2473 = ORIENTED_EDGE('',*,*,#2474,.T.);
#2474 = EDGE_CURVE('',#940,#2475,#2477,.T.);
#2475 = VERTEX_POINT('',#2476);
#2476 = CARTESIAN_POINT('',(-0.392,-4.78,5.7));
#2477 = LINE('',#2478,#2479);
#2478 = CARTESIAN_POINT('',(-12.6,-4.78,5.7));
#2479 = VECTOR('',#2480,1.);
#2480 = DIRECTION('',(1.,0.,0.));
#2481 = ORIENTED_EDGE('',*,*,#2482,.F.);
#2482 = EDGE_CURVE('',#2425,#2475,#2483,.T.);
#2483 = LINE('',#2484,#2485);
#2484 = CARTESIAN_POINT('',(-0.392,-5.38,5.7));
#2485 = VECTOR('',#2486,1.);
#2486 = DIRECTION('',(0.,1.,-2.2E-16));
#2487 = PLANE('',#2488);
#2488 = AXIS2_PLACEMENT_3D('',#2489,#2490,#2491);
#2489 = CARTESIAN_POINT('',(-12.6,-5.38,5.7));
#2490 = DIRECTION('',(0.,-2.2E-16,-1.));
#2491 = DIRECTION('',(1.,0.,0.));
#2492 = ADVANCED_FACE('',(#2493),#2538,.T.);
#2493 = FACE_BOUND('',#2494,.T.);
#2494 = EDGE_LOOP('',(#2495,#2505,#2512,#2513,#2514,#2515,#2524,#2532));
#2495 = ORIENTED_EDGE('',*,*,#2496,.F.);
#2496 = EDGE_CURVE('',#2497,#2499,#2501,.T.);
#2497 = VERTEX_POINT('',#2498);
#2498 = CARTESIAN_POINT('',(-0.3,-4.78,5.608));
#2499 = VERTEX_POINT('',#2500);
#2500 = CARTESIAN_POINT('',(-0.3,-4.78,9.E-02));
#2501 = LINE('',#2502,#2503);
#2502 = CARTESIAN_POINT('',(-0.3,-4.78,5.7));
#2503 = VECTOR('',#2504,1.);
#2504 = DIRECTION('',(0.,0.,-1.));
#2505 = ORIENTED_EDGE('',*,*,#2506,.F.);
#2506 = EDGE_CURVE('',#2475,#2497,#2507,.T.);
#2507 = CIRCLE('',#2508,9.2E-02);
#2508 = AXIS2_PLACEMENT_3D('',#2509,#2510,#2511);
#2509 = CARTESIAN_POINT('',(-0.392,-4.78,5.608));
#2510 = DIRECTION('',(0.,1.,-2.2E-16));
#2511 = DIRECTION('',(0.,2.2E-16,1.));
#2512 = ORIENTED_EDGE('',*,*,#2474,.F.);
#2513 = ORIENTED_EDGE('',*,*,#939,.T.);
#2514 = ORIENTED_EDGE('',*,*,#2399,.F.);
#2515 = ORIENTED_EDGE('',*,*,#2516,.T.);
#2516 = EDGE_CURVE('',#2392,#2517,#2519,.T.);
#2517 = VERTEX_POINT('',#2518);
#2518 = CARTESIAN_POINT('',(0.3,-4.78,6.208));
#2519 = CIRCLE('',#2520,9.2E-02);
#2520 = AXIS2_PLACEMENT_3D('',#2521,#2522,#2523);
#2521 = CARTESIAN_POINT('',(0.208,-4.78,6.208));
#2522 = DIRECTION('',(0.,1.,-2.2E-16));
#2523 = DIRECTION('',(0.,2.2E-16,1.));
#2524 = ORIENTED_EDGE('',*,*,#2525,.F.);
#2525 = EDGE_CURVE('',#2526,#2517,#2528,.T.);
#2526 = VERTEX_POINT('',#2527);
#2527 = CARTESIAN_POINT('',(0.3,-4.78,9.E-02));
#2528 = LINE('',#2529,#2530);
#2529 = CARTESIAN_POINT('',(0.3,-4.78,1.E-15));
#2530 = VECTOR('',#2531,1.);
#2531 = DIRECTION('',(0.,0.,1.));
#2532 = ORIENTED_EDGE('',*,*,#2533,.F.);
#2533 = EDGE_CURVE('',#2499,#2526,#2534,.T.);
#2534 = LINE('',#2535,#2536);
#2535 = CARTESIAN_POINT('',(-0.3,-4.78,9.E-02));
#2536 = VECTOR('',#2537,1.);
#2537 = DIRECTION('',(1.,0.,0.));
#2538 = PLANE('',#2539);
#2539 = AXIS2_PLACEMENT_3D('',#2540,#2541,#2542);
#2540 = CARTESIAN_POINT('',(-4.32421875,-4.78,4.97578125));
#2541 = DIRECTION('',(0.,1.,-2.2E-16));
#2542 = DIRECTION('',(0.,2.2E-16,1.));
#2543 = ADVANCED_FACE('',(#2544),#2565,.F.);
#2544 = FACE_BOUND('',#2545,.F.);
#2545 = EDGE_LOOP('',(#2546,#2552,#2553,#2559));
#2546 = ORIENTED_EDGE('',*,*,#2547,.F.);
#2547 = EDGE_CURVE('',#1006,#1706,#2548,.T.);
#2548 = LINE('',#2549,#2550);
#2549 = CARTESIAN_POINT('',(-1.99,-6.3275,9.1825));
#2550 = VECTOR('',#2551,1.);
#2551 = DIRECTION('',(-5.29E-15,0.707106781187,0.707106781187));
#2552 = ORIENTED_EDGE('',*,*,#1005,.T.);
#2553 = ORIENTED_EDGE('',*,*,#2554,.T.);
#2554 = EDGE_CURVE('',#1008,#1079,#2555,.T.);
#2555 = LINE('',#2556,#2557);
#2556 = CARTESIAN_POINT('',(-5.01,-6.3275,9.1825));
#2557 = VECTOR('',#2558,1.);
#2558 = DIRECTION('',(0.,0.707106781187,0.707106781187));
#2559 = ORIENTED_EDGE('',*,*,#2560,.F.);
#2560 = EDGE_CURVE('',#1706,#1079,#2561,.T.);
#2561 = LINE('',#2562,#2563);
#2562 = CARTESIAN_POINT('',(-1.9,-6.26,9.25));
#2563 = VECTOR('',#2564,1.);
#2564 = DIRECTION('',(-1.,0.,0.));
#2565 = PLANE('',#2566);
#2566 = AXIS2_PLACEMENT_3D('',#2567,#2568,#2569);
#2567 = CARTESIAN_POINT('',(-1.9,-6.305,9.205));
#2568 = DIRECTION('',(0.,0.707106781187,-0.707106781187));
#2569 = DIRECTION('',(-1.,0.,0.));
#2570 = ADVANCED_FACE('',(#2571),#2576,.F.);
#2571 = FACE_BOUND('',#2572,.F.);
#2572 = EDGE_LOOP('',(#2573,#2574,#2575));
#2573 = ORIENTED_EDGE('',*,*,#2554,.F.);
#2574 = ORIENTED_EDGE('',*,*,#1061,.T.);
#2575 = ORIENTED_EDGE('',*,*,#1095,.F.);
#2576 = PLANE('',#2577);
#2577 = AXIS2_PLACEMENT_3D('',#2578,#2579,#2580);
#2578 = CARTESIAN_POINT('',(-5.01,-6.35,9.16));
#2579 = DIRECTION('',(0.57735026919,0.57735026919,-0.57735026919));
#2580 = DIRECTION('',(-0.707106781187,-6.994405055138E-15,
    -0.707106781187));
#2581 = ADVANCED_FACE('',(#2582),#2593,.T.);
#2582 = FACE_BOUND('',#2583,.T.);
#2583 = EDGE_LOOP('',(#2584,#2585,#2591,#2592));
#2584 = ORIENTED_EDGE('',*,*,#1705,.T.);
#2585 = ORIENTED_EDGE('',*,*,#2586,.T.);
#2586 = EDGE_CURVE('',#1698,#1081,#2587,.T.);
#2587 = LINE('',#2588,#2589);
#2588 = CARTESIAN_POINT('',(-1.9,6.26,9.25));
#2589 = VECTOR('',#2590,1.);
#2590 = DIRECTION('',(-1.,0.,0.));
#2591 = ORIENTED_EDGE('',*,*,#1078,.F.);
#2592 = ORIENTED_EDGE('',*,*,#2560,.F.);
#2593 = PLANE('',#2594);
#2594 = AXIS2_PLACEMENT_3D('',#2595,#2596,#2597);
#2595 = CARTESIAN_POINT('',(-1.9,-6.35,9.25));
#2596 = DIRECTION('',(0.,0.,1.));
#2597 = DIRECTION('',(-1.,0.,0.));
#2598 = ADVANCED_FACE('',(#2599),#2609,.T.);
#2599 = FACE_BOUND('',#2600,.T.);
#2600 = EDGE_LOOP('',(#2601,#2607,#2608));
#2601 = ORIENTED_EDGE('',*,*,#2602,.F.);
#2602 = EDGE_CURVE('',#1110,#1081,#2603,.T.);
#2603 = LINE('',#2604,#2605);
#2604 = CARTESIAN_POINT('',(-5.01,6.3275,9.1825));
#2605 = VECTOR('',#2606,1.);
#2606 = DIRECTION('',(0.,-0.707106781187,0.707106781187));
#2607 = ORIENTED_EDGE('',*,*,#1109,.T.);
#2608 = ORIENTED_EDGE('',*,*,#1088,.F.);
#2609 = PLANE('',#2610);
#2610 = AXIS2_PLACEMENT_3D('',#2611,#2612,#2613);
#2611 = CARTESIAN_POINT('',(-5.01,6.35,9.16));
#2612 = DIRECTION('',(-0.57735026919,0.57735026919,0.57735026919));
#2613 = DIRECTION('',(-0.707106781187,0.,-0.707106781187));
#2614 = ADVANCED_FACE('',(#2615),#2626,.T.);
#2615 = FACE_BOUND('',#2616,.T.);
#2616 = EDGE_LOOP('',(#2617,#2623,#2624,#2625));
#2617 = ORIENTED_EDGE('',*,*,#2618,.F.);
#2618 = EDGE_CURVE('',#1157,#1698,#2619,.T.);
#2619 = LINE('',#2620,#2621);
#2620 = CARTESIAN_POINT('',(-1.99,6.3275,9.1825));
#2621 = VECTOR('',#2622,1.);
#2622 = DIRECTION('',(1.231E-14,-0.707106781187,0.707106781187));
#2623 = ORIENTED_EDGE('',*,*,#1156,.T.);
#2624 = ORIENTED_EDGE('',*,*,#2602,.T.);
#2625 = ORIENTED_EDGE('',*,*,#2586,.F.);
#2626 = PLANE('',#2627);
#2627 = AXIS2_PLACEMENT_3D('',#2628,#2629,#2630);
#2628 = CARTESIAN_POINT('',(-1.9,6.305,9.205));
#2629 = DIRECTION('',(0.,0.707106781187,0.707106781187));
#2630 = DIRECTION('',(-1.,0.,0.));
#2631 = ADVANCED_FACE('',(#2632),#2657,.T.);
#2632 = FACE_BOUND('',#2633,.T.);
#2633 = EDGE_LOOP('',(#2634,#2642,#2643,#2651));
#2634 = ORIENTED_EDGE('',*,*,#2635,.F.);
#2635 = EDGE_CURVE('',#1183,#2636,#2638,.T.);
#2636 = VERTEX_POINT('',#2637);
#2637 = CARTESIAN_POINT('',(-12.6,4.87,6.21));
#2638 = LINE('',#2639,#2640);
#2639 = CARTESIAN_POINT('',(-12.54,4.81,6.27));
#2640 = VECTOR('',#2641,1.);
#2641 = DIRECTION('',(-0.57735026919,0.57735026919,-0.57735026919));
#2642 = ORIENTED_EDGE('',*,*,#1199,.T.);
#2643 = ORIENTED_EDGE('',*,*,#2644,.T.);
#2644 = EDGE_CURVE('',#1192,#2645,#2647,.T.);
#2645 = VERTEX_POINT('',#2646);
#2646 = CARTESIAN_POINT('',(-12.6,5.29,6.21));
#2647 = LINE('',#2648,#2649);
#2648 = CARTESIAN_POINT('',(-12.64,5.25,6.17));
#2649 = VECTOR('',#2650,1.);
#2650 = DIRECTION('',(-0.57735026919,-0.57735026919,-0.57735026919));
#2651 = ORIENTED_EDGE('',*,*,#2652,.F.);
#2652 = EDGE_CURVE('',#2636,#2645,#2653,.T.);
#2653 = LINE('',#2654,#2655);
#2654 = CARTESIAN_POINT('',(-12.6,4.78,6.21));
#2655 = VECTOR('',#2656,1.);
#2656 = DIRECTION('',(0.,1.,-2.2E-16));
#2657 = PLANE('',#2658);
#2658 = AXIS2_PLACEMENT_3D('',#2659,#2660,#2661);
#2659 = CARTESIAN_POINT('',(-12.555,4.78,6.255));
#2660 = DIRECTION('',(-0.707106781187,1.9E-16,0.707106781187));
#2661 = DIRECTION('',(2.435028842544E-17,1.,-2.443502884254E-16));
#2662 = ADVANCED_FACE('',(#2663),#2681,.F.);
#2663 = FACE_BOUND('',#2664,.F.);
#2664 = EDGE_LOOP('',(#2665,#2666,#2667,#2675));
#2665 = ORIENTED_EDGE('',*,*,#2635,.F.);
#2666 = ORIENTED_EDGE('',*,*,#1223,.T.);
#2667 = ORIENTED_EDGE('',*,*,#2668,.T.);
#2668 = EDGE_CURVE('',#1216,#2669,#2671,.T.);
#2669 = VERTEX_POINT('',#2670);
#2670 = CARTESIAN_POINT('',(-12.6,4.87,5.79));
#2671 = LINE('',#2672,#2673);
#2672 = CARTESIAN_POINT('',(-12.64,4.91,5.83));
#2673 = VECTOR('',#2674,1.);
#2674 = DIRECTION('',(-0.57735026919,0.57735026919,0.57735026919));
#2675 = ORIENTED_EDGE('',*,*,#2676,.F.);
#2676 = EDGE_CURVE('',#2636,#2669,#2677,.T.);
#2677 = LINE('',#2678,#2679);
#2678 = CARTESIAN_POINT('',(-12.6,4.87,6.3));
#2679 = VECTOR('',#2680,1.);
#2680 = DIRECTION('',(0.,-2.2E-16,-1.));
#2681 = PLANE('',#2682);
#2682 = AXIS2_PLACEMENT_3D('',#2683,#2684,#2685);
#2683 = CARTESIAN_POINT('',(-12.555,4.825,6.3));
#2684 = DIRECTION('',(0.707106781187,0.707106781187,-1.9E-16));
#2685 = DIRECTION('',(-2.435028842544E-17,-2.443502884254E-16,-1.));
#2686 = ADVANCED_FACE('',(#2687),#2705,.T.);
#2687 = FACE_BOUND('',#2688,.F.);
#2688 = EDGE_LOOP('',(#2689,#2690,#2691,#2699));
#2689 = ORIENTED_EDGE('',*,*,#2668,.F.);
#2690 = ORIENTED_EDGE('',*,*,#1238,.T.);
#2691 = ORIENTED_EDGE('',*,*,#2692,.T.);
#2692 = EDGE_CURVE('',#1239,#2693,#2695,.T.);
#2693 = VERTEX_POINT('',#2694);
#2694 = CARTESIAN_POINT('',(-12.6,5.29,5.79));
#2695 = LINE('',#2696,#2697);
#2696 = CARTESIAN_POINT('',(-12.74,5.15,5.93));
#2697 = VECTOR('',#2698,1.);
#2698 = DIRECTION('',(-0.57735026919,-0.57735026919,0.57735026919));
#2699 = ORIENTED_EDGE('',*,*,#2700,.F.);
#2700 = EDGE_CURVE('',#2669,#2693,#2701,.T.);
#2701 = LINE('',#2702,#2703);
#2702 = CARTESIAN_POINT('',(-12.6,4.78,5.79));
#2703 = VECTOR('',#2704,1.);
#2704 = DIRECTION('',(0.,1.,-2.2E-16));
#2705 = PLANE('',#2706);
#2706 = AXIS2_PLACEMENT_3D('',#2707,#2708,#2709);
#2707 = CARTESIAN_POINT('',(-12.555,4.78,5.745));
#2708 = DIRECTION('',(-0.707106781187,-1.9E-16,-0.707106781187));
#2709 = DIRECTION('',(2.435028842544E-17,-1.,2.443502884254E-16));
#2710 = ADVANCED_FACE('',(#2711),#2722,.T.);
#2711 = FACE_BOUND('',#2712,.T.);
#2712 = EDGE_LOOP('',(#2713,#2714,#2715,#2716));
#2713 = ORIENTED_EDGE('',*,*,#2644,.F.);
#2714 = ORIENTED_EDGE('',*,*,#1264,.T.);
#2715 = ORIENTED_EDGE('',*,*,#2692,.T.);
#2716 = ORIENTED_EDGE('',*,*,#2717,.F.);
#2717 = EDGE_CURVE('',#2645,#2693,#2718,.T.);
#2718 = LINE('',#2719,#2720);
#2719 = CARTESIAN_POINT('',(-12.6,5.29,6.3));
#2720 = VECTOR('',#2721,1.);
#2721 = DIRECTION('',(0.,-2.2E-16,-1.));
#2722 = PLANE('',#2723);
#2723 = AXIS2_PLACEMENT_3D('',#2724,#2725,#2726);
#2724 = CARTESIAN_POINT('',(-12.555,5.335,6.3));
#2725 = DIRECTION('',(-0.707106781187,0.707106781187,-1.9E-16));
#2726 = DIRECTION('',(2.435028842544E-17,-2.443502884254E-16,-1.));
#2727 = ADVANCED_FACE('',(#2728),#2753,.T.);
#2728 = FACE_BOUND('',#2729,.T.);
#2729 = EDGE_LOOP('',(#2730,#2738,#2739,#2747));
#2730 = ORIENTED_EDGE('',*,*,#2731,.F.);
#2731 = EDGE_CURVE('',#1279,#2732,#2734,.T.);
#2732 = VERTEX_POINT('',#2733);
#2733 = CARTESIAN_POINT('',(-12.6,-5.29,6.21));
#2734 = LINE('',#2735,#2736);
#2735 = CARTESIAN_POINT('',(-12.54,-5.35,6.27));
#2736 = VECTOR('',#2737,1.);
#2737 = DIRECTION('',(-0.57735026919,0.57735026919,-0.57735026919));
#2738 = ORIENTED_EDGE('',*,*,#1295,.T.);
#2739 = ORIENTED_EDGE('',*,*,#2740,.T.);
#2740 = EDGE_CURVE('',#1288,#2741,#2743,.T.);
#2741 = VERTEX_POINT('',#2742);
#2742 = CARTESIAN_POINT('',(-12.6,-4.87,6.21));
#2743 = LINE('',#2744,#2745);
#2744 = CARTESIAN_POINT('',(-12.64,-4.91,6.17));
#2745 = VECTOR('',#2746,1.);
#2746 = DIRECTION('',(-0.57735026919,-0.57735026919,-0.57735026919));
#2747 = ORIENTED_EDGE('',*,*,#2748,.F.);
#2748 = EDGE_CURVE('',#2732,#2741,#2749,.T.);
#2749 = LINE('',#2750,#2751);
#2750 = CARTESIAN_POINT('',(-12.6,-5.38,6.21));
#2751 = VECTOR('',#2752,1.);
#2752 = DIRECTION('',(0.,1.,-2.2E-16));
#2753 = PLANE('',#2754);
#2754 = AXIS2_PLACEMENT_3D('',#2755,#2756,#2757);
#2755 = CARTESIAN_POINT('',(-12.555,-5.38,6.255));
#2756 = DIRECTION('',(-0.707106781187,1.9E-16,0.707106781187));
#2757 = DIRECTION('',(2.435028842544E-17,1.,-2.443502884254E-16));
#2758 = ADVANCED_FACE('',(#2759),#2777,.F.);
#2759 = FACE_BOUND('',#2760,.F.);
#2760 = EDGE_LOOP('',(#2761,#2762,#2763,#2771));
#2761 = ORIENTED_EDGE('',*,*,#2731,.F.);
#2762 = ORIENTED_EDGE('',*,*,#1319,.T.);
#2763 = ORIENTED_EDGE('',*,*,#2764,.T.);
#2764 = EDGE_CURVE('',#1312,#2765,#2767,.T.);
#2765 = VERTEX_POINT('',#2766);
#2766 = CARTESIAN_POINT('',(-12.6,-5.29,5.79));
#2767 = LINE('',#2768,#2769);
#2768 = CARTESIAN_POINT('',(-12.64,-5.25,5.83));
#2769 = VECTOR('',#2770,1.);
#2770 = DIRECTION('',(-0.57735026919,0.57735026919,0.57735026919));
#2771 = ORIENTED_EDGE('',*,*,#2772,.F.);
#2772 = EDGE_CURVE('',#2732,#2765,#2773,.T.);
#2773 = LINE('',#2774,#2775);
#2774 = CARTESIAN_POINT('',(-12.6,-5.29,6.3));
#2775 = VECTOR('',#2776,1.);
#2776 = DIRECTION('',(0.,-2.2E-16,-1.));
#2777 = PLANE('',#2778);
#2778 = AXIS2_PLACEMENT_3D('',#2779,#2780,#2781);
#2779 = CARTESIAN_POINT('',(-12.555,-5.335,6.3));
#2780 = DIRECTION('',(0.707106781187,0.707106781187,-1.9E-16));
#2781 = DIRECTION('',(-2.435028842544E-17,-2.443502884254E-16,-1.));
#2782 = ADVANCED_FACE('',(#2783),#2801,.T.);
#2783 = FACE_BOUND('',#2784,.F.);
#2784 = EDGE_LOOP('',(#2785,#2786,#2787,#2795));
#2785 = ORIENTED_EDGE('',*,*,#2764,.F.);
#2786 = ORIENTED_EDGE('',*,*,#1334,.T.);
#2787 = ORIENTED_EDGE('',*,*,#2788,.T.);
#2788 = EDGE_CURVE('',#1335,#2789,#2791,.T.);
#2789 = VERTEX_POINT('',#2790);
#2790 = CARTESIAN_POINT('',(-12.6,-4.87,5.79));
#2791 = LINE('',#2792,#2793);
#2792 = CARTESIAN_POINT('',(-12.74,-5.01,5.93));
#2793 = VECTOR('',#2794,1.);
#2794 = DIRECTION('',(-0.57735026919,-0.57735026919,0.57735026919));
#2795 = ORIENTED_EDGE('',*,*,#2796,.F.);
#2796 = EDGE_CURVE('',#2765,#2789,#2797,.T.);
#2797 = LINE('',#2798,#2799);
#2798 = CARTESIAN_POINT('',(-12.6,-5.38,5.79));
#2799 = VECTOR('',#2800,1.);
#2800 = DIRECTION('',(0.,1.,-2.2E-16));
#2801 = PLANE('',#2802);
#2802 = AXIS2_PLACEMENT_3D('',#2803,#2804,#2805);
#2803 = CARTESIAN_POINT('',(-12.555,-5.38,5.745));
#2804 = DIRECTION('',(-0.707106781187,-1.9E-16,-0.707106781187));
#2805 = DIRECTION('',(2.435028842544E-17,-1.,2.443502884254E-16));
#2806 = ADVANCED_FACE('',(#2807),#2818,.T.);
#2807 = FACE_BOUND('',#2808,.T.);
#2808 = EDGE_LOOP('',(#2809,#2810,#2811,#2812));
#2809 = ORIENTED_EDGE('',*,*,#2740,.F.);
#2810 = ORIENTED_EDGE('',*,*,#1360,.T.);
#2811 = ORIENTED_EDGE('',*,*,#2788,.T.);
#2812 = ORIENTED_EDGE('',*,*,#2813,.F.);
#2813 = EDGE_CURVE('',#2741,#2789,#2814,.T.);
#2814 = LINE('',#2815,#2816);
#2815 = CARTESIAN_POINT('',(-12.6,-4.87,6.3));
#2816 = VECTOR('',#2817,1.);
#2817 = DIRECTION('',(0.,-2.2E-16,-1.));
#2818 = PLANE('',#2819);
#2819 = AXIS2_PLACEMENT_3D('',#2820,#2821,#2822);
#2820 = CARTESIAN_POINT('',(-12.555,-4.825,6.3));
#2821 = DIRECTION('',(-0.707106781187,0.707106781187,-1.9E-16));
#2822 = DIRECTION('',(2.435028842544E-17,-2.443502884254E-16,-1.));
#2823 = ADVANCED_FACE('',(#2824),#2849,.T.);
#2824 = FACE_BOUND('',#2825,.T.);
#2825 = EDGE_LOOP('',(#2826,#2834,#2835,#2843));
#2826 = ORIENTED_EDGE('',*,*,#2827,.F.);
#2827 = EDGE_CURVE('',#1375,#2828,#2830,.T.);
#2828 = VERTEX_POINT('',#2829);
#2829 = CARTESIAN_POINT('',(-12.6,2.33,6.21));
#2830 = LINE('',#2831,#2832);
#2831 = CARTESIAN_POINT('',(-12.54,2.27,6.27));
#2832 = VECTOR('',#2833,1.);
#2833 = DIRECTION('',(-0.57735026919,0.57735026919,-0.57735026919));
#2834 = ORIENTED_EDGE('',*,*,#1391,.T.);
#2835 = ORIENTED_EDGE('',*,*,#2836,.T.);
#2836 = EDGE_CURVE('',#1384,#2837,#2839,.T.);
#2837 = VERTEX_POINT('',#2838);
#2838 = CARTESIAN_POINT('',(-12.6,2.75,6.21));
#2839 = LINE('',#2840,#2841);
#2840 = CARTESIAN_POINT('',(-12.64,2.71,6.17));
#2841 = VECTOR('',#2842,1.);
#2842 = DIRECTION('',(-0.57735026919,-0.57735026919,-0.57735026919));
#2843 = ORIENTED_EDGE('',*,*,#2844,.F.);
#2844 = EDGE_CURVE('',#2828,#2837,#2845,.T.);
#2845 = LINE('',#2846,#2847);
#2846 = CARTESIAN_POINT('',(-12.6,2.24,6.21));
#2847 = VECTOR('',#2848,1.);
#2848 = DIRECTION('',(0.,1.,-2.2E-16));
#2849 = PLANE('',#2850);
#2850 = AXIS2_PLACEMENT_3D('',#2851,#2852,#2853);
#2851 = CARTESIAN_POINT('',(-12.555,2.24,6.255));
#2852 = DIRECTION('',(-0.707106781187,1.9E-16,0.707106781187));
#2853 = DIRECTION('',(2.435028842544E-17,1.,-2.443502884254E-16));
#2854 = ADVANCED_FACE('',(#2855),#2873,.F.);
#2855 = FACE_BOUND('',#2856,.F.);
#2856 = EDGE_LOOP('',(#2857,#2858,#2859,#2867));
#2857 = ORIENTED_EDGE('',*,*,#2827,.F.);
#2858 = ORIENTED_EDGE('',*,*,#1415,.T.);
#2859 = ORIENTED_EDGE('',*,*,#2860,.T.);
#2860 = EDGE_CURVE('',#1408,#2861,#2863,.T.);
#2861 = VERTEX_POINT('',#2862);
#2862 = CARTESIAN_POINT('',(-12.6,2.33,5.79));
#2863 = LINE('',#2864,#2865);
#2864 = CARTESIAN_POINT('',(-12.64,2.37,5.83));
#2865 = VECTOR('',#2866,1.);
#2866 = DIRECTION('',(-0.57735026919,0.57735026919,0.57735026919));
#2867 = ORIENTED_EDGE('',*,*,#2868,.F.);
#2868 = EDGE_CURVE('',#2828,#2861,#2869,.T.);
#2869 = LINE('',#2870,#2871);
#2870 = CARTESIAN_POINT('',(-12.6,2.33,6.3));
#2871 = VECTOR('',#2872,1.);
#2872 = DIRECTION('',(0.,-2.2E-16,-1.));
#2873 = PLANE('',#2874);
#2874 = AXIS2_PLACEMENT_3D('',#2875,#2876,#2877);
#2875 = CARTESIAN_POINT('',(-12.555,2.285,6.3));
#2876 = DIRECTION('',(0.707106781187,0.707106781187,-1.6E-16));
#2877 = DIRECTION('',(-3.137084989848E-18,-2.231370849898E-16,-1.));
#2878 = ADVANCED_FACE('',(#2879),#2897,.T.);
#2879 = FACE_BOUND('',#2880,.F.);
#2880 = EDGE_LOOP('',(#2881,#2882,#2883,#2891));
#2881 = ORIENTED_EDGE('',*,*,#2860,.F.);
#2882 = ORIENTED_EDGE('',*,*,#1430,.T.);
#2883 = ORIENTED_EDGE('',*,*,#2884,.T.);
#2884 = EDGE_CURVE('',#1431,#2885,#2887,.T.);
#2885 = VERTEX_POINT('',#2886);
#2886 = CARTESIAN_POINT('',(-12.6,2.75,5.79));
#2887 = LINE('',#2888,#2889);
#2888 = CARTESIAN_POINT('',(-12.74,2.61,5.93));
#2889 = VECTOR('',#2890,1.);
#2890 = DIRECTION('',(-0.57735026919,-0.57735026919,0.57735026919));
#2891 = ORIENTED_EDGE('',*,*,#2892,.F.);
#2892 = EDGE_CURVE('',#2861,#2885,#2893,.T.);
#2893 = LINE('',#2894,#2895);
#2894 = CARTESIAN_POINT('',(-12.6,2.24,5.79));
#2895 = VECTOR('',#2896,1.);
#2896 = DIRECTION('',(0.,1.,-2.2E-16));
#2897 = PLANE('',#2898);
#2898 = AXIS2_PLACEMENT_3D('',#2899,#2900,#2901);
#2899 = CARTESIAN_POINT('',(-12.555,2.24,5.745));
#2900 = DIRECTION('',(-0.707106781187,-1.9E-16,-0.707106781187));
#2901 = DIRECTION('',(2.435028842544E-17,-1.,2.443502884254E-16));
#2902 = ADVANCED_FACE('',(#2903),#2914,.T.);
#2903 = FACE_BOUND('',#2904,.T.);
#2904 = EDGE_LOOP('',(#2905,#2906,#2907,#2908));
#2905 = ORIENTED_EDGE('',*,*,#2836,.F.);
#2906 = ORIENTED_EDGE('',*,*,#1456,.T.);
#2907 = ORIENTED_EDGE('',*,*,#2884,.T.);
#2908 = ORIENTED_EDGE('',*,*,#2909,.F.);
#2909 = EDGE_CURVE('',#2837,#2885,#2910,.T.);
#2910 = LINE('',#2911,#2912);
#2911 = CARTESIAN_POINT('',(-12.6,2.75,6.3));
#2912 = VECTOR('',#2913,1.);
#2913 = DIRECTION('',(0.,-2.2E-16,-1.));
#2914 = PLANE('',#2915);
#2915 = AXIS2_PLACEMENT_3D('',#2916,#2917,#2918);
#2916 = CARTESIAN_POINT('',(-12.555,2.795,6.3));
#2917 = DIRECTION('',(-0.707106781187,0.707106781187,-1.6E-16));
#2918 = DIRECTION('',(3.137084989848E-18,-2.231370849898E-16,-1.));
#2919 = ADVANCED_FACE('',(#2920),#2945,.T.);
#2920 = FACE_BOUND('',#2921,.T.);
#2921 = EDGE_LOOP('',(#2922,#2930,#2931,#2939));
#2922 = ORIENTED_EDGE('',*,*,#2923,.F.);
#2923 = EDGE_CURVE('',#1471,#2924,#2926,.T.);
#2924 = VERTEX_POINT('',#2925);
#2925 = CARTESIAN_POINT('',(-12.6,-0.21,6.21));
#2926 = LINE('',#2927,#2928);
#2927 = CARTESIAN_POINT('',(-12.54,-0.27,6.27));
#2928 = VECTOR('',#2929,1.);
#2929 = DIRECTION('',(-0.57735026919,0.57735026919,-0.57735026919));
#2930 = ORIENTED_EDGE('',*,*,#1487,.T.);
#2931 = ORIENTED_EDGE('',*,*,#2932,.T.);
#2932 = EDGE_CURVE('',#1480,#2933,#2935,.T.);
#2933 = VERTEX_POINT('',#2934);
#2934 = CARTESIAN_POINT('',(-12.6,0.21,6.21));
#2935 = LINE('',#2936,#2937);
#2936 = CARTESIAN_POINT('',(-12.64,0.17,6.17));
#2937 = VECTOR('',#2938,1.);
#2938 = DIRECTION('',(-0.57735026919,-0.57735026919,-0.57735026919));
#2939 = ORIENTED_EDGE('',*,*,#2940,.F.);
#2940 = EDGE_CURVE('',#2924,#2933,#2941,.T.);
#2941 = LINE('',#2942,#2943);
#2942 = CARTESIAN_POINT('',(-12.6,-0.3,6.21));
#2943 = VECTOR('',#2944,1.);
#2944 = DIRECTION('',(0.,1.,-2.2E-16));
#2945 = PLANE('',#2946);
#2946 = AXIS2_PLACEMENT_3D('',#2947,#2948,#2949);
#2947 = CARTESIAN_POINT('',(-12.555,-0.3,6.255));
#2948 = DIRECTION('',(-0.707106781187,1.9E-16,0.707106781187));
#2949 = DIRECTION('',(2.435028842544E-17,1.,-2.443502884254E-16));
#2950 = ADVANCED_FACE('',(#2951),#2969,.F.);
#2951 = FACE_BOUND('',#2952,.F.);
#2952 = EDGE_LOOP('',(#2953,#2954,#2955,#2963));
#2953 = ORIENTED_EDGE('',*,*,#2923,.F.);
#2954 = ORIENTED_EDGE('',*,*,#1511,.T.);
#2955 = ORIENTED_EDGE('',*,*,#2956,.T.);
#2956 = EDGE_CURVE('',#1504,#2957,#2959,.T.);
#2957 = VERTEX_POINT('',#2958);
#2958 = CARTESIAN_POINT('',(-12.6,-0.21,5.79));
#2959 = LINE('',#2960,#2961);
#2960 = CARTESIAN_POINT('',(-12.64,-0.17,5.83));
#2961 = VECTOR('',#2962,1.);
#2962 = DIRECTION('',(-0.57735026919,0.57735026919,0.57735026919));
#2963 = ORIENTED_EDGE('',*,*,#2964,.F.);
#2964 = EDGE_CURVE('',#2924,#2957,#2965,.T.);
#2965 = LINE('',#2966,#2967);
#2966 = CARTESIAN_POINT('',(-12.6,-0.21,6.3));
#2967 = VECTOR('',#2968,1.);
#2968 = DIRECTION('',(0.,-2.2E-16,-1.));
#2969 = PLANE('',#2970);
#2970 = AXIS2_PLACEMENT_3D('',#2971,#2972,#2973);
#2971 = CARTESIAN_POINT('',(-12.555,-0.255,6.3));
#2972 = DIRECTION('',(0.707106781187,0.707106781187,-1.6E-16));
#2973 = DIRECTION('',(-3.137084989848E-18,-2.231370849898E-16,-1.));
#2974 = ADVANCED_FACE('',(#2975),#2993,.T.);
#2975 = FACE_BOUND('',#2976,.F.);
#2976 = EDGE_LOOP('',(#2977,#2978,#2979,#2987));
#2977 = ORIENTED_EDGE('',*,*,#2956,.F.);
#2978 = ORIENTED_EDGE('',*,*,#1526,.T.);
#2979 = ORIENTED_EDGE('',*,*,#2980,.T.);
#2980 = EDGE_CURVE('',#1527,#2981,#2983,.T.);
#2981 = VERTEX_POINT('',#2982);
#2982 = CARTESIAN_POINT('',(-12.6,0.21,5.79));
#2983 = LINE('',#2984,#2985);
#2984 = CARTESIAN_POINT('',(-12.74,7.E-02,5.93));
#2985 = VECTOR('',#2986,1.);
#2986 = DIRECTION('',(-0.57735026919,-0.57735026919,0.57735026919));
#2987 = ORIENTED_EDGE('',*,*,#2988,.F.);
#2988 = EDGE_CURVE('',#2957,#2981,#2989,.T.);
#2989 = LINE('',#2990,#2991);
#2990 = CARTESIAN_POINT('',(-12.6,-0.3,5.79));
#2991 = VECTOR('',#2992,1.);
#2992 = DIRECTION('',(0.,1.,-2.2E-16));
#2993 = PLANE('',#2994);
#2994 = AXIS2_PLACEMENT_3D('',#2995,#2996,#2997);
#2995 = CARTESIAN_POINT('',(-12.555,-0.3,5.745));
#2996 = DIRECTION('',(-0.707106781187,-1.9E-16,-0.707106781187));
#2997 = DIRECTION('',(2.435028842544E-17,-1.,2.443502884254E-16));
#2998 = ADVANCED_FACE('',(#2999),#3010,.T.);
#2999 = FACE_BOUND('',#3000,.T.);
#3000 = EDGE_LOOP('',(#3001,#3002,#3003,#3004));
#3001 = ORIENTED_EDGE('',*,*,#2932,.F.);
#3002 = ORIENTED_EDGE('',*,*,#1552,.T.);
#3003 = ORIENTED_EDGE('',*,*,#2980,.T.);
#3004 = ORIENTED_EDGE('',*,*,#3005,.F.);
#3005 = EDGE_CURVE('',#2933,#2981,#3006,.T.);
#3006 = LINE('',#3007,#3008);
#3007 = CARTESIAN_POINT('',(-12.6,0.21,6.3));
#3008 = VECTOR('',#3009,1.);
#3009 = DIRECTION('',(0.,-2.2E-16,-1.));
#3010 = PLANE('',#3011);
#3011 = AXIS2_PLACEMENT_3D('',#3012,#3013,#3014);
#3012 = CARTESIAN_POINT('',(-12.555,0.255,6.3));
#3013 = DIRECTION('',(-0.707106781187,0.707106781187,-1.6E-16));
#3014 = DIRECTION('',(3.137084989848E-18,-2.231370849898E-16,-1.));
#3015 = ADVANCED_FACE('',(#3016),#3041,.T.);
#3016 = FACE_BOUND('',#3017,.T.);
#3017 = EDGE_LOOP('',(#3018,#3026,#3027,#3035));
#3018 = ORIENTED_EDGE('',*,*,#3019,.F.);
#3019 = EDGE_CURVE('',#1567,#3020,#3022,.T.);
#3020 = VERTEX_POINT('',#3021);
#3021 = CARTESIAN_POINT('',(-12.6,-2.75,6.21));
#3022 = LINE('',#3023,#3024);
#3023 = CARTESIAN_POINT('',(-12.54,-2.81,6.27));
#3024 = VECTOR('',#3025,1.);
#3025 = DIRECTION('',(-0.57735026919,0.57735026919,-0.57735026919));
#3026 = ORIENTED_EDGE('',*,*,#1583,.T.);
#3027 = ORIENTED_EDGE('',*,*,#3028,.T.);
#3028 = EDGE_CURVE('',#1576,#3029,#3031,.T.);
#3029 = VERTEX_POINT('',#3030);
#3030 = CARTESIAN_POINT('',(-12.6,-2.33,6.21));
#3031 = LINE('',#3032,#3033);
#3032 = CARTESIAN_POINT('',(-12.64,-2.37,6.17));
#3033 = VECTOR('',#3034,1.);
#3034 = DIRECTION('',(-0.57735026919,-0.57735026919,-0.57735026919));
#3035 = ORIENTED_EDGE('',*,*,#3036,.F.);
#3036 = EDGE_CURVE('',#3020,#3029,#3037,.T.);
#3037 = LINE('',#3038,#3039);
#3038 = CARTESIAN_POINT('',(-12.6,-2.84,6.21));
#3039 = VECTOR('',#3040,1.);
#3040 = DIRECTION('',(0.,1.,-2.2E-16));
#3041 = PLANE('',#3042);
#3042 = AXIS2_PLACEMENT_3D('',#3043,#3044,#3045);
#3043 = CARTESIAN_POINT('',(-12.555,-2.84,6.255));
#3044 = DIRECTION('',(-0.707106781187,1.9E-16,0.707106781187));
#3045 = DIRECTION('',(2.435028842544E-17,1.,-2.443502884254E-16));
#3046 = ADVANCED_FACE('',(#3047),#3065,.F.);
#3047 = FACE_BOUND('',#3048,.F.);
#3048 = EDGE_LOOP('',(#3049,#3050,#3051,#3059));
#3049 = ORIENTED_EDGE('',*,*,#3019,.F.);
#3050 = ORIENTED_EDGE('',*,*,#1607,.T.);
#3051 = ORIENTED_EDGE('',*,*,#3052,.T.);
#3052 = EDGE_CURVE('',#1600,#3053,#3055,.T.);
#3053 = VERTEX_POINT('',#3054);
#3054 = CARTESIAN_POINT('',(-12.6,-2.75,5.79));
#3055 = LINE('',#3056,#3057);
#3056 = CARTESIAN_POINT('',(-12.64,-2.71,5.83));
#3057 = VECTOR('',#3058,1.);
#3058 = DIRECTION('',(-0.57735026919,0.57735026919,0.57735026919));
#3059 = ORIENTED_EDGE('',*,*,#3060,.F.);
#3060 = EDGE_CURVE('',#3020,#3053,#3061,.T.);
#3061 = LINE('',#3062,#3063);
#3062 = CARTESIAN_POINT('',(-12.6,-2.75,6.3));
#3063 = VECTOR('',#3064,1.);
#3064 = DIRECTION('',(0.,-2.2E-16,-1.));
#3065 = PLANE('',#3066);
#3066 = AXIS2_PLACEMENT_3D('',#3067,#3068,#3069);
#3067 = CARTESIAN_POINT('',(-12.555,-2.795,6.3));
#3068 = DIRECTION('',(0.707106781187,0.707106781187,-1.6E-16));
#3069 = DIRECTION('',(-3.137084989848E-18,-2.231370849898E-16,-1.));
#3070 = ADVANCED_FACE('',(#3071),#3089,.T.);
#3071 = FACE_BOUND('',#3072,.F.);
#3072 = EDGE_LOOP('',(#3073,#3074,#3075,#3083));
#3073 = ORIENTED_EDGE('',*,*,#3052,.F.);
#3074 = ORIENTED_EDGE('',*,*,#1622,.T.);
#3075 = ORIENTED_EDGE('',*,*,#3076,.T.);
#3076 = EDGE_CURVE('',#1623,#3077,#3079,.T.);
#3077 = VERTEX_POINT('',#3078);
#3078 = CARTESIAN_POINT('',(-12.6,-2.33,5.79));
#3079 = LINE('',#3080,#3081);
#3080 = CARTESIAN_POINT('',(-12.74,-2.47,5.93));
#3081 = VECTOR('',#3082,1.);
#3082 = DIRECTION('',(-0.57735026919,-0.57735026919,0.57735026919));
#3083 = ORIENTED_EDGE('',*,*,#3084,.F.);
#3084 = EDGE_CURVE('',#3053,#3077,#3085,.T.);
#3085 = LINE('',#3086,#3087);
#3086 = CARTESIAN_POINT('',(-12.6,-2.84,5.79));
#3087 = VECTOR('',#3088,1.);
#3088 = DIRECTION('',(0.,1.,-2.2E-16));
#3089 = PLANE('',#3090);
#3090 = AXIS2_PLACEMENT_3D('',#3091,#3092,#3093);
#3091 = CARTESIAN_POINT('',(-12.555,-2.84,5.745));
#3092 = DIRECTION('',(-0.707106781187,-1.9E-16,-0.707106781187));
#3093 = DIRECTION('',(2.435028842544E-17,-1.,2.443502884254E-16));
#3094 = ADVANCED_FACE('',(#3095),#3106,.T.);
#3095 = FACE_BOUND('',#3096,.T.);
#3096 = EDGE_LOOP('',(#3097,#3098,#3099,#3100));
#3097 = ORIENTED_EDGE('',*,*,#3028,.F.);
#3098 = ORIENTED_EDGE('',*,*,#1648,.T.);
#3099 = ORIENTED_EDGE('',*,*,#3076,.T.);
#3100 = ORIENTED_EDGE('',*,*,#3101,.F.);
#3101 = EDGE_CURVE('',#3029,#3077,#3102,.T.);
#3102 = LINE('',#3103,#3104);
#3103 = CARTESIAN_POINT('',(-12.6,-2.33,6.3));
#3104 = VECTOR('',#3105,1.);
#3105 = DIRECTION('',(0.,-2.2E-16,-1.));
#3106 = PLANE('',#3107);
#3107 = AXIS2_PLACEMENT_3D('',#3108,#3109,#3110);
#3108 = CARTESIAN_POINT('',(-12.555,-2.285,6.3));
#3109 = DIRECTION('',(-0.707106781187,0.707106781187,-1.6E-16));
#3110 = DIRECTION('',(3.137084989848E-18,-2.231370849898E-16,-1.));
#3111 = ADVANCED_FACE('',(#3112),#3117,.T.);
#3112 = FACE_BOUND('',#3113,.T.);
#3113 = EDGE_LOOP('',(#3114,#3115,#3116));
#3114 = ORIENTED_EDGE('',*,*,#2547,.F.);
#3115 = ORIENTED_EDGE('',*,*,#1664,.T.);
#3116 = ORIENTED_EDGE('',*,*,#1713,.F.);
#3117 = PLANE('',#3118);
#3118 = AXIS2_PLACEMENT_3D('',#3119,#3120,#3121);
#3119 = CARTESIAN_POINT('',(-1.99,-6.35,9.16));
#3120 = DIRECTION('',(0.57735026919,-0.57735026919,0.57735026919));
#3121 = DIRECTION('',(0.707106781187,0.,-0.707106781187));
#3122 = ADVANCED_FACE('',(#3123),#3128,.F.);
#3123 = FACE_BOUND('',#3124,.F.);
#3124 = EDGE_LOOP('',(#3125,#3126,#3127));
#3125 = ORIENTED_EDGE('',*,*,#2618,.F.);
#3126 = ORIENTED_EDGE('',*,*,#1681,.T.);
#3127 = ORIENTED_EDGE('',*,*,#1697,.F.);
#3128 = PLANE('',#3129);
#3129 = AXIS2_PLACEMENT_3D('',#3130,#3131,#3132);
#3130 = CARTESIAN_POINT('',(-1.99,6.35,9.16));
#3131 = DIRECTION('',(-0.57735026919,-0.57735026919,-0.57735026919));
#3132 = DIRECTION('',(0.707106781187,0.,-0.707106781187));
#3133 = ADVANCED_FACE('',(#3134),#3145,.T.);
#3134 = FACE_BOUND('',#3135,.T.);
#3135 = EDGE_LOOP('',(#3136,#3137,#3143,#3144));
#3136 = ORIENTED_EDGE('',*,*,#1785,.T.);
#3137 = ORIENTED_EDGE('',*,*,#3138,.T.);
#3138 = EDGE_CURVE('',#1786,#1861,#3139,.T.);
#3139 = LINE('',#3140,#3141);
#3140 = CARTESIAN_POINT('',(0.3,2.24,6.208));
#3141 = VECTOR('',#3142,1.);
#3142 = DIRECTION('',(0.,1.,-2.2E-16));
#3143 = ORIENTED_EDGE('',*,*,#1860,.F.);
#3144 = ORIENTED_EDGE('',*,*,#1735,.F.);
#3145 = CYLINDRICAL_SURFACE('',#3146,9.2E-02);
#3146 = AXIS2_PLACEMENT_3D('',#3147,#3148,#3149);
#3147 = CARTESIAN_POINT('',(0.208,2.24,6.208));
#3148 = DIRECTION('',(0.,1.,-2.2E-16));
#3149 = DIRECTION('',(0.,2.2E-16,1.));
#3150 = ADVANCED_FACE('',(#3151),#3167,.T.);
#3151 = FACE_BOUND('',#3152,.T.);
#3152 = EDGE_LOOP('',(#3153,#3154,#3160,#3161));
#3153 = ORIENTED_EDGE('',*,*,#1758,.F.);
#3154 = ORIENTED_EDGE('',*,*,#3155,.T.);
#3155 = EDGE_CURVE('',#1759,#1841,#3156,.T.);
#3156 = LINE('',#3157,#3158);
#3157 = CARTESIAN_POINT('',(-0.3,2.24,5.608));
#3158 = VECTOR('',#3159,1.);
#3159 = DIRECTION('',(0.,1.,-2.2E-16));
#3160 = ORIENTED_EDGE('',*,*,#1840,.T.);
#3161 = ORIENTED_EDGE('',*,*,#3162,.F.);
#3162 = EDGE_CURVE('',#1761,#1843,#3163,.T.);
#3163 = LINE('',#3164,#3165);
#3164 = CARTESIAN_POINT('',(-0.3,2.24,9.E-02));
#3165 = VECTOR('',#3166,1.);
#3166 = DIRECTION('',(0.,1.,-2.2E-16));
#3167 = PLANE('',#3168);
#3168 = AXIS2_PLACEMENT_3D('',#3169,#3170,#3171);
#3169 = CARTESIAN_POINT('',(-0.3,2.24,5.7));
#3170 = DIRECTION('',(-1.,0.,0.));
#3171 = DIRECTION('',(-0.,-2.2E-16,-1.));
#3172 = ADVANCED_FACE('',(#3173),#3179,.F.);
#3173 = FACE_BOUND('',#3174,.F.);
#3174 = EDGE_LOOP('',(#3175,#3176,#3177,#3178));
#3175 = ORIENTED_EDGE('',*,*,#1768,.T.);
#3176 = ORIENTED_EDGE('',*,*,#3155,.T.);
#3177 = ORIENTED_EDGE('',*,*,#1850,.F.);
#3178 = ORIENTED_EDGE('',*,*,#1826,.F.);
#3179 = CYLINDRICAL_SURFACE('',#3180,9.2E-02);
#3180 = AXIS2_PLACEMENT_3D('',#3181,#3182,#3183);
#3181 = CARTESIAN_POINT('',(-0.392,2.24,5.608));
#3182 = DIRECTION('',(0.,1.,-2.2E-16));
#3183 = DIRECTION('',(0.,2.2E-16,1.));
#3184 = ADVANCED_FACE('',(#3185),#3210,.F.);
#3185 = FACE_BOUND('',#3186,.F.);
#3186 = EDGE_LOOP('',(#3187,#3195,#3196,#3204));
#3187 = ORIENTED_EDGE('',*,*,#3188,.F.);
#3188 = EDGE_CURVE('',#1761,#3189,#3191,.T.);
#3189 = VERTEX_POINT('',#3190);
#3190 = CARTESIAN_POINT('',(-0.21,2.33,0.));
#3191 = LINE('',#3192,#3193);
#3192 = CARTESIAN_POINT('',(-0.27,2.27,6.E-02));
#3193 = VECTOR('',#3194,1.);
#3194 = DIRECTION('',(0.57735026919,0.57735026919,-0.57735026919));
#3195 = ORIENTED_EDGE('',*,*,#1802,.T.);
#3196 = ORIENTED_EDGE('',*,*,#3197,.T.);
#3197 = EDGE_CURVE('',#1795,#3198,#3200,.T.);
#3198 = VERTEX_POINT('',#3199);
#3199 = CARTESIAN_POINT('',(0.21,2.33,0.));
#3200 = LINE('',#3201,#3202);
#3201 = CARTESIAN_POINT('',(0.17,2.37,-4.E-02));
#3202 = VECTOR('',#3203,1.);
#3203 = DIRECTION('',(-0.57735026919,0.57735026919,-0.57735026919));
#3204 = ORIENTED_EDGE('',*,*,#3205,.F.);
#3205 = EDGE_CURVE('',#3189,#3198,#3206,.T.);
#3206 = LINE('',#3207,#3208);
#3207 = CARTESIAN_POINT('',(-0.3,2.33,1.5E-16));
#3208 = VECTOR('',#3209,1.);
#3209 = DIRECTION('',(1.,0.,0.));
#3210 = PLANE('',#3211);
#3211 = AXIS2_PLACEMENT_3D('',#3212,#3213,#3214);
#3212 = CARTESIAN_POINT('',(-0.3,2.285,4.5E-02));
#3213 = DIRECTION('',(0.,0.707106781187,0.707106781187));
#3214 = DIRECTION('',(1.,0.,0.));
#3215 = ADVANCED_FACE('',(#3216),#3227,.T.);
#3216 = FACE_BOUND('',#3217,.T.);
#3217 = EDGE_LOOP('',(#3218,#3219,#3225,#3226));
#3218 = ORIENTED_EDGE('',*,*,#1794,.F.);
#3219 = ORIENTED_EDGE('',*,*,#3220,.T.);
#3220 = EDGE_CURVE('',#1795,#1870,#3221,.T.);
#3221 = LINE('',#3222,#3223);
#3222 = CARTESIAN_POINT('',(0.3,2.24,9.E-02));
#3223 = VECTOR('',#3224,1.);
#3224 = DIRECTION('',(0.,1.,-2.2E-16));
#3225 = ORIENTED_EDGE('',*,*,#1869,.T.);
#3226 = ORIENTED_EDGE('',*,*,#3138,.F.);
#3227 = PLANE('',#3228);
#3228 = AXIS2_PLACEMENT_3D('',#3229,#3230,#3231);
#3229 = CARTESIAN_POINT('',(0.3,2.24,7.E-17));
#3230 = DIRECTION('',(1.,0.,0.));
#3231 = DIRECTION('',(0.,2.2E-16,1.));
#3232 = ADVANCED_FACE('',(#3233),#3258,.T.);
#3233 = FACE_BOUND('',#3234,.T.);
#3234 = EDGE_LOOP('',(#3235,#3243,#3244,#3252));
#3235 = ORIENTED_EDGE('',*,*,#3236,.F.);
#3236 = EDGE_CURVE('',#1843,#3237,#3239,.T.);
#3237 = VERTEX_POINT('',#3238);
#3238 = CARTESIAN_POINT('',(-0.21,2.75,0.));
#3239 = LINE('',#3240,#3241);
#3240 = CARTESIAN_POINT('',(-0.17,2.71,-4.E-02));
#3241 = VECTOR('',#3242,1.);
#3242 = DIRECTION('',(0.57735026919,-0.57735026919,-0.57735026919));
#3243 = ORIENTED_EDGE('',*,*,#1877,.T.);
#3244 = ORIENTED_EDGE('',*,*,#3245,.T.);
#3245 = EDGE_CURVE('',#1870,#3246,#3248,.T.);
#3246 = VERTEX_POINT('',#3247);
#3247 = CARTESIAN_POINT('',(0.21,2.75,0.));
#3248 = LINE('',#3249,#3250);
#3249 = CARTESIAN_POINT('',(7.E-02,2.61,-0.14));
#3250 = VECTOR('',#3251,1.);
#3251 = DIRECTION('',(-0.57735026919,-0.57735026919,-0.57735026919));
#3252 = ORIENTED_EDGE('',*,*,#3253,.F.);
#3253 = EDGE_CURVE('',#3237,#3246,#3254,.T.);
#3254 = LINE('',#3255,#3256);
#3255 = CARTESIAN_POINT('',(-0.3,2.75,1.3E-16));
#3256 = VECTOR('',#3257,1.);
#3257 = DIRECTION('',(1.,0.,0.));
#3258 = PLANE('',#3259);
#3259 = AXIS2_PLACEMENT_3D('',#3260,#3261,#3262);
#3260 = CARTESIAN_POINT('',(-0.3,2.795,4.5E-02));
#3261 = DIRECTION('',(0.,0.707106781187,-0.707106781187));
#3262 = DIRECTION('',(1.,0.,0.));
#3263 = ADVANCED_FACE('',(#3264),#3275,.T.);
#3264 = FACE_BOUND('',#3265,.T.);
#3265 = EDGE_LOOP('',(#3266,#3267,#3273,#3274));
#3266 = ORIENTED_EDGE('',*,*,#2007,.T.);
#3267 = ORIENTED_EDGE('',*,*,#3268,.T.);
#3268 = EDGE_CURVE('',#2008,#1950,#3269,.T.);
#3269 = LINE('',#3270,#3271);
#3270 = CARTESIAN_POINT('',(0.3,4.78,6.208));
#3271 = VECTOR('',#3272,1.);
#3272 = DIRECTION('',(0.,1.,-2.2E-16));
#3273 = ORIENTED_EDGE('',*,*,#1949,.F.);
#3274 = ORIENTED_EDGE('',*,*,#1899,.F.);
#3275 = CYLINDRICAL_SURFACE('',#3276,9.2E-02);
#3276 = AXIS2_PLACEMENT_3D('',#3277,#3278,#3279);
#3277 = CARTESIAN_POINT('',(0.208,4.78,6.208));
#3278 = DIRECTION('',(0.,1.,-2.2E-16));
#3279 = DIRECTION('',(0.,2.2E-16,1.));
#3280 = ADVANCED_FACE('',(#3281),#3297,.T.);
#3281 = FACE_BOUND('',#3282,.T.);
#3282 = EDGE_LOOP('',(#3283,#3284,#3290,#3291));
#3283 = ORIENTED_EDGE('',*,*,#1980,.F.);
#3284 = ORIENTED_EDGE('',*,*,#3285,.T.);
#3285 = EDGE_CURVE('',#1981,#1923,#3286,.T.);
#3286 = LINE('',#3287,#3288);
#3287 = CARTESIAN_POINT('',(-0.3,4.78,5.608));
#3288 = VECTOR('',#3289,1.);
#3289 = DIRECTION('',(0.,1.,-2.2E-16));
#3290 = ORIENTED_EDGE('',*,*,#1922,.T.);
#3291 = ORIENTED_EDGE('',*,*,#3292,.F.);
#3292 = EDGE_CURVE('',#1983,#1925,#3293,.T.);
#3293 = LINE('',#3294,#3295);
#3294 = CARTESIAN_POINT('',(-0.3,4.78,9.E-02));
#3295 = VECTOR('',#3296,1.);
#3296 = DIRECTION('',(0.,1.,-2.2E-16));
#3297 = PLANE('',#3298);
#3298 = AXIS2_PLACEMENT_3D('',#3299,#3300,#3301);
#3299 = CARTESIAN_POINT('',(-0.3,4.78,5.7));
#3300 = DIRECTION('',(-1.,0.,0.));
#3301 = DIRECTION('',(-0.,-2.2E-16,-1.));
#3302 = ADVANCED_FACE('',(#3303),#3309,.F.);
#3303 = FACE_BOUND('',#3304,.F.);
#3304 = EDGE_LOOP('',(#3305,#3306,#3307,#3308));
#3305 = ORIENTED_EDGE('',*,*,#1990,.T.);
#3306 = ORIENTED_EDGE('',*,*,#3285,.T.);
#3307 = ORIENTED_EDGE('',*,*,#1932,.F.);
#3308 = ORIENTED_EDGE('',*,*,#2041,.F.);
#3309 = CYLINDRICAL_SURFACE('',#3310,9.2E-02);
#3310 = AXIS2_PLACEMENT_3D('',#3311,#3312,#3313);
#3311 = CARTESIAN_POINT('',(-0.392,4.78,5.608));
#3312 = DIRECTION('',(0.,1.,-2.2E-16));
#3313 = DIRECTION('',(0.,2.2E-16,1.));
#3314 = ADVANCED_FACE('',(#3315),#3340,.T.);
#3315 = FACE_BOUND('',#3316,.T.);
#3316 = EDGE_LOOP('',(#3317,#3325,#3326,#3334));
#3317 = ORIENTED_EDGE('',*,*,#3318,.F.);
#3318 = EDGE_CURVE('',#1925,#3319,#3321,.T.);
#3319 = VERTEX_POINT('',#3320);
#3320 = CARTESIAN_POINT('',(-0.21,5.29,0.));
#3321 = LINE('',#3322,#3323);
#3322 = CARTESIAN_POINT('',(-0.17,5.25,-4.E-02));
#3323 = VECTOR('',#3324,1.);
#3324 = DIRECTION('',(0.57735026919,-0.57735026919,-0.57735026919));
#3325 = ORIENTED_EDGE('',*,*,#1966,.T.);
#3326 = ORIENTED_EDGE('',*,*,#3327,.T.);
#3327 = EDGE_CURVE('',#1959,#3328,#3330,.T.);
#3328 = VERTEX_POINT('',#3329);
#3329 = CARTESIAN_POINT('',(0.21,5.29,0.));
#3330 = LINE('',#3331,#3332);
#3331 = CARTESIAN_POINT('',(7.E-02,5.15,-0.14));
#3332 = VECTOR('',#3333,1.);
#3333 = DIRECTION('',(-0.57735026919,-0.57735026919,-0.57735026919));
#3334 = ORIENTED_EDGE('',*,*,#3335,.F.);
#3335 = EDGE_CURVE('',#3319,#3328,#3336,.T.);
#3336 = LINE('',#3337,#3338);
#3337 = CARTESIAN_POINT('',(-0.3,5.29,-1.E-17));
#3338 = VECTOR('',#3339,1.);
#3339 = DIRECTION('',(1.,0.,0.));
#3340 = PLANE('',#3341);
#3341 = AXIS2_PLACEMENT_3D('',#3342,#3343,#3344);
#3342 = CARTESIAN_POINT('',(-0.3,5.335,4.5E-02));
#3343 = DIRECTION('',(0.,0.707106781187,-0.707106781187));
#3344 = DIRECTION('',(1.,0.,0.));
#3345 = ADVANCED_FACE('',(#3346),#3357,.T.);
#3346 = FACE_BOUND('',#3347,.T.);
#3347 = EDGE_LOOP('',(#3348,#3349,#3355,#3356));
#3348 = ORIENTED_EDGE('',*,*,#2016,.F.);
#3349 = ORIENTED_EDGE('',*,*,#3350,.T.);
#3350 = EDGE_CURVE('',#2017,#1959,#3351,.T.);
#3351 = LINE('',#3352,#3353);
#3352 = CARTESIAN_POINT('',(0.3,4.78,9.E-02));
#3353 = VECTOR('',#3354,1.);
#3354 = DIRECTION('',(0.,1.,-2.2E-16));
#3355 = ORIENTED_EDGE('',*,*,#1958,.T.);
#3356 = ORIENTED_EDGE('',*,*,#3268,.F.);
#3357 = PLANE('',#3358);
#3358 = AXIS2_PLACEMENT_3D('',#3359,#3360,#3361);
#3359 = CARTESIAN_POINT('',(0.3,4.78,7.E-17));
#3360 = DIRECTION('',(1.,0.,0.));
#3361 = DIRECTION('',(0.,2.2E-16,1.));
#3362 = ADVANCED_FACE('',(#3363),#3388,.F.);
#3363 = FACE_BOUND('',#3364,.F.);
#3364 = EDGE_LOOP('',(#3365,#3373,#3374,#3382));
#3365 = ORIENTED_EDGE('',*,*,#3366,.F.);
#3366 = EDGE_CURVE('',#1983,#3367,#3369,.T.);
#3367 = VERTEX_POINT('',#3368);
#3368 = CARTESIAN_POINT('',(-0.21,4.87,0.));
#3369 = LINE('',#3370,#3371);
#3370 = CARTESIAN_POINT('',(-0.27,4.81,6.E-02));
#3371 = VECTOR('',#3372,1.);
#3372 = DIRECTION('',(0.57735026919,0.57735026919,-0.57735026919));
#3373 = ORIENTED_EDGE('',*,*,#2024,.T.);
#3374 = ORIENTED_EDGE('',*,*,#3375,.T.);
#3375 = EDGE_CURVE('',#2017,#3376,#3378,.T.);
#3376 = VERTEX_POINT('',#3377);
#3377 = CARTESIAN_POINT('',(0.21,4.87,0.));
#3378 = LINE('',#3379,#3380);
#3379 = CARTESIAN_POINT('',(0.17,4.91,-4.E-02));
#3380 = VECTOR('',#3381,1.);
#3381 = DIRECTION('',(-0.57735026919,0.57735026919,-0.57735026919));
#3382 = ORIENTED_EDGE('',*,*,#3383,.F.);
#3383 = EDGE_CURVE('',#3367,#3376,#3384,.T.);
#3384 = LINE('',#3385,#3386);
#3385 = CARTESIAN_POINT('',(-0.3,4.87,1.E-17));
#3386 = VECTOR('',#3387,1.);
#3387 = DIRECTION('',(1.,0.,0.));
#3388 = PLANE('',#3389);
#3389 = AXIS2_PLACEMENT_3D('',#3390,#3391,#3392);
#3390 = CARTESIAN_POINT('',(-0.3,4.825,4.5E-02));
#3391 = DIRECTION('',(0.,0.707106781187,0.707106781187));
#3392 = DIRECTION('',(1.,0.,0.));
#3393 = ADVANCED_FACE('',(#3394),#3405,.T.);
#3394 = FACE_BOUND('',#3395,.T.);
#3395 = EDGE_LOOP('',(#3396,#3397,#3403,#3404));
#3396 = ORIENTED_EDGE('',*,*,#2113,.T.);
#3397 = ORIENTED_EDGE('',*,*,#3398,.T.);
#3398 = EDGE_CURVE('',#2114,#2189,#3399,.T.);
#3399 = LINE('',#3400,#3401);
#3400 = CARTESIAN_POINT('',(0.3,-0.3,6.208));
#3401 = VECTOR('',#3402,1.);
#3402 = DIRECTION('',(0.,1.,-2.2E-16));
#3403 = ORIENTED_EDGE('',*,*,#2188,.F.);
#3404 = ORIENTED_EDGE('',*,*,#2063,.F.);
#3405 = CYLINDRICAL_SURFACE('',#3406,9.2E-02);
#3406 = AXIS2_PLACEMENT_3D('',#3407,#3408,#3409);
#3407 = CARTESIAN_POINT('',(0.208,-0.3,6.208));
#3408 = DIRECTION('',(0.,1.,-2.2E-16));
#3409 = DIRECTION('',(0.,2.2E-16,1.));
#3410 = ADVANCED_FACE('',(#3411),#3427,.T.);
#3411 = FACE_BOUND('',#3412,.T.);
#3412 = EDGE_LOOP('',(#3413,#3414,#3420,#3421));
#3413 = ORIENTED_EDGE('',*,*,#2086,.F.);
#3414 = ORIENTED_EDGE('',*,*,#3415,.T.);
#3415 = EDGE_CURVE('',#2087,#2169,#3416,.T.);
#3416 = LINE('',#3417,#3418);
#3417 = CARTESIAN_POINT('',(-0.3,-0.3,5.608));
#3418 = VECTOR('',#3419,1.);
#3419 = DIRECTION('',(0.,1.,-2.2E-16));
#3420 = ORIENTED_EDGE('',*,*,#2168,.T.);
#3421 = ORIENTED_EDGE('',*,*,#3422,.F.);
#3422 = EDGE_CURVE('',#2089,#2171,#3423,.T.);
#3423 = LINE('',#3424,#3425);
#3424 = CARTESIAN_POINT('',(-0.3,-0.3,9.E-02));
#3425 = VECTOR('',#3426,1.);
#3426 = DIRECTION('',(0.,1.,-2.2E-16));
#3427 = PLANE('',#3428);
#3428 = AXIS2_PLACEMENT_3D('',#3429,#3430,#3431);
#3429 = CARTESIAN_POINT('',(-0.3,-0.3,5.7));
#3430 = DIRECTION('',(-1.,0.,0.));
#3431 = DIRECTION('',(-0.,-2.2E-16,-1.));
#3432 = ADVANCED_FACE('',(#3433),#3439,.F.);
#3433 = FACE_BOUND('',#3434,.F.);
#3434 = EDGE_LOOP('',(#3435,#3436,#3437,#3438));
#3435 = ORIENTED_EDGE('',*,*,#2096,.T.);
#3436 = ORIENTED_EDGE('',*,*,#3415,.T.);
#3437 = ORIENTED_EDGE('',*,*,#2178,.F.);
#3438 = ORIENTED_EDGE('',*,*,#2154,.F.);
#3439 = CYLINDRICAL_SURFACE('',#3440,9.2E-02);
#3440 = AXIS2_PLACEMENT_3D('',#3441,#3442,#3443);
#3441 = CARTESIAN_POINT('',(-0.392,-0.3,5.608));
#3442 = DIRECTION('',(0.,1.,-2.2E-16));
#3443 = DIRECTION('',(0.,2.2E-16,1.));
#3444 = ADVANCED_FACE('',(#3445),#3470,.F.);
#3445 = FACE_BOUND('',#3446,.F.);
#3446 = EDGE_LOOP('',(#3447,#3455,#3456,#3464));
#3447 = ORIENTED_EDGE('',*,*,#3448,.F.);
#3448 = EDGE_CURVE('',#2089,#3449,#3451,.T.);
#3449 = VERTEX_POINT('',#3450);
#3450 = CARTESIAN_POINT('',(-0.21,-0.21,1.E-15));
#3451 = LINE('',#3452,#3453);
#3452 = CARTESIAN_POINT('',(-0.27,-0.27,6.E-02));
#3453 = VECTOR('',#3454,1.);
#3454 = DIRECTION('',(0.57735026919,0.57735026919,-0.57735026919));
#3455 = ORIENTED_EDGE('',*,*,#2130,.T.);
#3456 = ORIENTED_EDGE('',*,*,#3457,.T.);
#3457 = EDGE_CURVE('',#2123,#3458,#3460,.T.);
#3458 = VERTEX_POINT('',#3459);
#3459 = CARTESIAN_POINT('',(0.21,-0.21,1.E-15));
#3460 = LINE('',#3461,#3462);
#3461 = CARTESIAN_POINT('',(0.17,-0.17,-4.E-02));
#3462 = VECTOR('',#3463,1.);
#3463 = DIRECTION('',(-0.57735026919,0.57735026919,-0.57735026919));
#3464 = ORIENTED_EDGE('',*,*,#3465,.F.);
#3465 = EDGE_CURVE('',#3449,#3458,#3466,.T.);
#3466 = LINE('',#3467,#3468);
#3467 = CARTESIAN_POINT('',(-0.3,-0.21,7.4E-16));
#3468 = VECTOR('',#3469,1.);
#3469 = DIRECTION('',(1.,0.,0.));
#3470 = PLANE('',#3471);
#3471 = AXIS2_PLACEMENT_3D('',#3472,#3473,#3474);
#3472 = CARTESIAN_POINT('',(-0.3,-0.255,4.5E-02));
#3473 = DIRECTION('',(0.,0.707106781187,0.707106781187));
#3474 = DIRECTION('',(1.,0.,0.));
#3475 = ADVANCED_FACE('',(#3476),#3487,.T.);
#3476 = FACE_BOUND('',#3477,.T.);
#3477 = EDGE_LOOP('',(#3478,#3479,#3485,#3486));
#3478 = ORIENTED_EDGE('',*,*,#2122,.F.);
#3479 = ORIENTED_EDGE('',*,*,#3480,.T.);
#3480 = EDGE_CURVE('',#2123,#2198,#3481,.T.);
#3481 = LINE('',#3482,#3483);
#3482 = CARTESIAN_POINT('',(0.3,-0.3,9.E-02));
#3483 = VECTOR('',#3484,1.);
#3484 = DIRECTION('',(0.,1.,-2.2E-16));
#3485 = ORIENTED_EDGE('',*,*,#2197,.T.);
#3486 = ORIENTED_EDGE('',*,*,#3398,.F.);
#3487 = PLANE('',#3488);
#3488 = AXIS2_PLACEMENT_3D('',#3489,#3490,#3491);
#3489 = CARTESIAN_POINT('',(0.3,-0.3,1.07E-15));
#3490 = DIRECTION('',(1.,0.,0.));
#3491 = DIRECTION('',(0.,2.2E-16,1.));
#3492 = ADVANCED_FACE('',(#3493),#3518,.T.);
#3493 = FACE_BOUND('',#3494,.T.);
#3494 = EDGE_LOOP('',(#3495,#3503,#3504,#3512));
#3495 = ORIENTED_EDGE('',*,*,#3496,.F.);
#3496 = EDGE_CURVE('',#2171,#3497,#3499,.T.);
#3497 = VERTEX_POINT('',#3498);
#3498 = CARTESIAN_POINT('',(-0.21,0.21,1.E-15));
#3499 = LINE('',#3500,#3501);
#3500 = CARTESIAN_POINT('',(-0.17,0.17,-4.E-02));
#3501 = VECTOR('',#3502,1.);
#3502 = DIRECTION('',(0.57735026919,-0.57735026919,-0.57735026919));
#3503 = ORIENTED_EDGE('',*,*,#2205,.T.);
#3504 = ORIENTED_EDGE('',*,*,#3505,.T.);
#3505 = EDGE_CURVE('',#2198,#3506,#3508,.T.);
#3506 = VERTEX_POINT('',#3507);
#3507 = CARTESIAN_POINT('',(0.21,0.21,0.));
#3508 = LINE('',#3509,#3510);
#3509 = CARTESIAN_POINT('',(7.E-02,7.E-02,-0.14));
#3510 = VECTOR('',#3511,1.);
#3511 = DIRECTION('',(-0.57735026919,-0.57735026919,-0.57735026919));
#3512 = ORIENTED_EDGE('',*,*,#3513,.F.);
#3513 = EDGE_CURVE('',#3497,#3506,#3514,.T.);
#3514 = LINE('',#3515,#3516);
#3515 = CARTESIAN_POINT('',(-0.3,0.21,7.1E-16));
#3516 = VECTOR('',#3517,1.);
#3517 = DIRECTION('',(1.,0.,0.));
#3518 = PLANE('',#3519);
#3519 = AXIS2_PLACEMENT_3D('',#3520,#3521,#3522);
#3520 = CARTESIAN_POINT('',(-0.3,0.255,4.5E-02));
#3521 = DIRECTION('',(0.,0.707106781187,-0.707106781187));
#3522 = DIRECTION('',(1.,0.,0.));
#3523 = ADVANCED_FACE('',(#3524),#3535,.T.);
#3524 = FACE_BOUND('',#3525,.T.);
#3525 = EDGE_LOOP('',(#3526,#3527,#3533,#3534));
#3526 = ORIENTED_EDGE('',*,*,#2277,.T.);
#3527 = ORIENTED_EDGE('',*,*,#3528,.T.);
#3528 = EDGE_CURVE('',#2278,#2334,#3529,.T.);
#3529 = LINE('',#3530,#3531);
#3530 = CARTESIAN_POINT('',(0.3,-2.84,6.208));
#3531 = VECTOR('',#3532,1.);
#3532 = DIRECTION('',(0.,1.,-2.2E-16));
#3533 = ORIENTED_EDGE('',*,*,#2333,.F.);
#3534 = ORIENTED_EDGE('',*,*,#2227,.F.);
#3535 = CYLINDRICAL_SURFACE('',#3536,9.2E-02);
#3536 = AXIS2_PLACEMENT_3D('',#3537,#3538,#3539);
#3537 = CARTESIAN_POINT('',(0.208,-2.84,6.208));
#3538 = DIRECTION('',(0.,1.,-2.2E-16));
#3539 = DIRECTION('',(0.,2.2E-16,1.));
#3540 = ADVANCED_FACE('',(#3541),#3565,.T.);
#3541 = FACE_BOUND('',#3542,.T.);
#3542 = EDGE_LOOP('',(#3543,#3544,#3552,#3558,#3559));
#3543 = ORIENTED_EDGE('',*,*,#2358,.T.);
#3544 = ORIENTED_EDGE('',*,*,#3545,.F.);
#3545 = EDGE_CURVE('',#3546,#2351,#3548,.T.);
#3546 = VERTEX_POINT('',#3547);
#3547 = CARTESIAN_POINT('',(-0.3,-2.75,1.E-15));
#3548 = LINE('',#3549,#3550);
#3549 = CARTESIAN_POINT('',(-0.3,-2.84,1.07E-15));
#3550 = VECTOR('',#3551,1.);
#3551 = DIRECTION('',(0.,1.,-2.2E-16));
#3552 = ORIENTED_EDGE('',*,*,#3553,.F.);
#3553 = EDGE_CURVE('',#2253,#3546,#3554,.T.);
#3554 = LINE('',#3555,#3556);
#3555 = CARTESIAN_POINT('',(-0.3,-4.22,1.47));
#3556 = VECTOR('',#3557,1.);
#3557 = DIRECTION('',(0.,0.707106781187,-0.707106781187));
#3558 = ORIENTED_EDGE('',*,*,#2250,.F.);
#3559 = ORIENTED_EDGE('',*,*,#3560,.T.);
#3560 = EDGE_CURVE('',#2251,#2359,#3561,.T.);
#3561 = LINE('',#3562,#3563);
#3562 = CARTESIAN_POINT('',(-0.3,-2.84,5.608));
#3563 = VECTOR('',#3564,1.);
#3564 = DIRECTION('',(0.,1.,-2.2E-16));
#3565 = PLANE('',#3566);
#3566 = AXIS2_PLACEMENT_3D('',#3567,#3568,#3569);
#3567 = CARTESIAN_POINT('',(-0.3,-2.84,5.7));
#3568 = DIRECTION('',(-1.,0.,0.));
#3569 = DIRECTION('',(-0.,-2.2E-16,-1.));
#3570 = ADVANCED_FACE('',(#3571),#3577,.F.);
#3571 = FACE_BOUND('',#3572,.F.);
#3572 = EDGE_LOOP('',(#3573,#3574,#3575,#3576));
#3573 = ORIENTED_EDGE('',*,*,#2260,.T.);
#3574 = ORIENTED_EDGE('',*,*,#3560,.T.);
#3575 = ORIENTED_EDGE('',*,*,#2366,.F.);
#3576 = ORIENTED_EDGE('',*,*,#2318,.F.);
#3577 = CYLINDRICAL_SURFACE('',#3578,9.2E-02);
#3578 = AXIS2_PLACEMENT_3D('',#3579,#3580,#3581);
#3579 = CARTESIAN_POINT('',(-0.392,-2.84,5.608));
#3580 = DIRECTION('',(0.,1.,-2.2E-16));
#3581 = DIRECTION('',(0.,2.2E-16,1.));
#3582 = ADVANCED_FACE('',(#3583),#3601,.F.);
#3583 = FACE_BOUND('',#3584,.F.);
#3584 = EDGE_LOOP('',(#3585,#3586,#3587,#3595));
#3585 = ORIENTED_EDGE('',*,*,#3553,.F.);
#3586 = ORIENTED_EDGE('',*,*,#2294,.T.);
#3587 = ORIENTED_EDGE('',*,*,#3588,.T.);
#3588 = EDGE_CURVE('',#2287,#3589,#3591,.T.);
#3589 = VERTEX_POINT('',#3590);
#3590 = CARTESIAN_POINT('',(0.3,-2.75,1.E-15));
#3591 = LINE('',#3592,#3593);
#3592 = CARTESIAN_POINT('',(0.3,-2.795,4.5E-02));
#3593 = VECTOR('',#3594,1.);
#3594 = DIRECTION('',(0.,0.707106781187,-0.707106781187));
#3595 = ORIENTED_EDGE('',*,*,#3596,.F.);
#3596 = EDGE_CURVE('',#3546,#3589,#3597,.T.);
#3597 = LINE('',#3598,#3599);
#3598 = CARTESIAN_POINT('',(-0.3,-2.75,8.8E-16));
#3599 = VECTOR('',#3600,1.);
#3600 = DIRECTION('',(1.,0.,0.));
#3601 = PLANE('',#3602);
#3602 = AXIS2_PLACEMENT_3D('',#3603,#3604,#3605);
#3603 = CARTESIAN_POINT('',(-0.3,-2.795,4.5E-02));
#3604 = DIRECTION('',(0.,0.707106781187,0.707106781187));
#3605 = DIRECTION('',(1.,0.,0.));
#3606 = ADVANCED_FACE('',(#3607),#3619,.T.);
#3607 = FACE_BOUND('',#3608,.T.);
#3608 = EDGE_LOOP('',(#3609,#3610,#3611,#3612,#3613));
#3609 = ORIENTED_EDGE('',*,*,#2342,.T.);
#3610 = ORIENTED_EDGE('',*,*,#3528,.F.);
#3611 = ORIENTED_EDGE('',*,*,#2286,.F.);
#3612 = ORIENTED_EDGE('',*,*,#3588,.T.);
#3613 = ORIENTED_EDGE('',*,*,#3614,.T.);
#3614 = EDGE_CURVE('',#3589,#2343,#3615,.T.);
#3615 = LINE('',#3616,#3617);
#3616 = CARTESIAN_POINT('',(0.3,-2.84,1.07E-15));
#3617 = VECTOR('',#3618,1.);
#3618 = DIRECTION('',(0.,1.,-2.2E-16));
#3619 = PLANE('',#3620);
#3620 = AXIS2_PLACEMENT_3D('',#3621,#3622,#3623);
#3621 = CARTESIAN_POINT('',(0.3,-2.84,1.07E-15));
#3622 = DIRECTION('',(1.,0.,0.));
#3623 = DIRECTION('',(0.,2.2E-16,1.));
#3624 = ADVANCED_FACE('',(#3625),#3631,.T.);
#3625 = FACE_BOUND('',#3626,.T.);
#3626 = EDGE_LOOP('',(#3627,#3628,#3629,#3630));
#3627 = ORIENTED_EDGE('',*,*,#3545,.T.);
#3628 = ORIENTED_EDGE('',*,*,#2350,.T.);
#3629 = ORIENTED_EDGE('',*,*,#3614,.F.);
#3630 = ORIENTED_EDGE('',*,*,#3596,.F.);
#3631 = PLANE('',#3632);
#3632 = AXIS2_PLACEMENT_3D('',#3633,#3634,#3635);
#3633 = CARTESIAN_POINT('',(-0.3,-2.84,1.07E-15));
#3634 = DIRECTION('',(0.,-2.2E-16,-1.));
#3635 = DIRECTION('',(1.,0.,0.));
#3636 = ADVANCED_FACE('',(#3637),#3648,.T.);
#3637 = FACE_BOUND('',#3638,.T.);
#3638 = EDGE_LOOP('',(#3639,#3640,#3646,#3647));
#3639 = ORIENTED_EDGE('',*,*,#2441,.T.);
#3640 = ORIENTED_EDGE('',*,*,#3641,.T.);
#3641 = EDGE_CURVE('',#2442,#2517,#3642,.T.);
#3642 = LINE('',#3643,#3644);
#3643 = CARTESIAN_POINT('',(0.3,-5.38,6.208));
#3644 = VECTOR('',#3645,1.);
#3645 = DIRECTION('',(0.,1.,-2.2E-16));
#3646 = ORIENTED_EDGE('',*,*,#2516,.F.);
#3647 = ORIENTED_EDGE('',*,*,#2391,.F.);
#3648 = CYLINDRICAL_SURFACE('',#3649,9.2E-02);
#3649 = AXIS2_PLACEMENT_3D('',#3650,#3651,#3652);
#3650 = CARTESIAN_POINT('',(0.208,-5.38,6.208));
#3651 = DIRECTION('',(0.,1.,-2.2E-16));
#3652 = DIRECTION('',(0.,2.2E-16,1.));
#3653 = ADVANCED_FACE('',(#3654),#3670,.T.);
#3654 = FACE_BOUND('',#3655,.T.);
#3655 = EDGE_LOOP('',(#3656,#3657,#3663,#3664));
#3656 = ORIENTED_EDGE('',*,*,#2414,.F.);
#3657 = ORIENTED_EDGE('',*,*,#3658,.T.);
#3658 = EDGE_CURVE('',#2415,#2497,#3659,.T.);
#3659 = LINE('',#3660,#3661);
#3660 = CARTESIAN_POINT('',(-0.3,-5.38,5.608));
#3661 = VECTOR('',#3662,1.);
#3662 = DIRECTION('',(0.,1.,-2.2E-16));
#3663 = ORIENTED_EDGE('',*,*,#2496,.T.);
#3664 = ORIENTED_EDGE('',*,*,#3665,.F.);
#3665 = EDGE_CURVE('',#2417,#2499,#3666,.T.);
#3666 = LINE('',#3667,#3668);
#3667 = CARTESIAN_POINT('',(-0.3,-5.38,9.E-02));
#3668 = VECTOR('',#3669,1.);
#3669 = DIRECTION('',(0.,1.,-2.2E-16));
#3670 = PLANE('',#3671);
#3671 = AXIS2_PLACEMENT_3D('',#3672,#3673,#3674);
#3672 = CARTESIAN_POINT('',(-0.3,-5.38,5.7));
#3673 = DIRECTION('',(-1.,0.,0.));
#3674 = DIRECTION('',(-0.,-2.2E-16,-1.));
#3675 = ADVANCED_FACE('',(#3676),#3682,.F.);
#3676 = FACE_BOUND('',#3677,.F.);
#3677 = EDGE_LOOP('',(#3678,#3679,#3680,#3681));
#3678 = ORIENTED_EDGE('',*,*,#2424,.T.);
#3679 = ORIENTED_EDGE('',*,*,#3658,.T.);
#3680 = ORIENTED_EDGE('',*,*,#2506,.F.);
#3681 = ORIENTED_EDGE('',*,*,#2482,.F.);
#3682 = CYLINDRICAL_SURFACE('',#3683,9.2E-02);
#3683 = AXIS2_PLACEMENT_3D('',#3684,#3685,#3686);
#3684 = CARTESIAN_POINT('',(-0.392,-5.38,5.608));
#3685 = DIRECTION('',(0.,1.,-2.2E-16));
#3686 = DIRECTION('',(0.,2.2E-16,1.));
#3687 = ADVANCED_FACE('',(#3688),#3713,.F.);
#3688 = FACE_BOUND('',#3689,.F.);
#3689 = EDGE_LOOP('',(#3690,#3698,#3699,#3707));
#3690 = ORIENTED_EDGE('',*,*,#3691,.F.);
#3691 = EDGE_CURVE('',#2417,#3692,#3694,.T.);
#3692 = VERTEX_POINT('',#3693);
#3693 = CARTESIAN_POINT('',(-0.21,-5.29,1.E-15));
#3694 = LINE('',#3695,#3696);
#3695 = CARTESIAN_POINT('',(-0.27,-5.35,6.E-02));
#3696 = VECTOR('',#3697,1.);
#3697 = DIRECTION('',(0.57735026919,0.57735026919,-0.57735026919));
#3698 = ORIENTED_EDGE('',*,*,#2458,.T.);
#3699 = ORIENTED_EDGE('',*,*,#3700,.T.);
#3700 = EDGE_CURVE('',#2451,#3701,#3703,.T.);
#3701 = VERTEX_POINT('',#3702);
#3702 = CARTESIAN_POINT('',(0.21,-5.29,1.E-15));
#3703 = LINE('',#3704,#3705);
#3704 = CARTESIAN_POINT('',(0.17,-5.25,-4.E-02));
#3705 = VECTOR('',#3706,1.);
#3706 = DIRECTION('',(-0.57735026919,0.57735026919,-0.57735026919));
#3707 = ORIENTED_EDGE('',*,*,#3708,.F.);
#3708 = EDGE_CURVE('',#3692,#3701,#3709,.T.);
#3709 = LINE('',#3710,#3711);
#3710 = CARTESIAN_POINT('',(-0.3,-5.29,1.02E-15));
#3711 = VECTOR('',#3712,1.);
#3712 = DIRECTION('',(1.,0.,0.));
#3713 = PLANE('',#3714);
#3714 = AXIS2_PLACEMENT_3D('',#3715,#3716,#3717);
#3715 = CARTESIAN_POINT('',(-0.3,-5.335,4.5E-02));
#3716 = DIRECTION('',(0.,0.707106781187,0.707106781187));
#3717 = DIRECTION('',(1.,0.,0.));
#3718 = ADVANCED_FACE('',(#3719),#3730,.T.);
#3719 = FACE_BOUND('',#3720,.T.);
#3720 = EDGE_LOOP('',(#3721,#3722,#3728,#3729));
#3721 = ORIENTED_EDGE('',*,*,#2450,.F.);
#3722 = ORIENTED_EDGE('',*,*,#3723,.T.);
#3723 = EDGE_CURVE('',#2451,#2526,#3724,.T.);
#3724 = LINE('',#3725,#3726);
#3725 = CARTESIAN_POINT('',(0.3,-5.38,9.E-02));
#3726 = VECTOR('',#3727,1.);
#3727 = DIRECTION('',(0.,1.,-2.2E-16));
#3728 = ORIENTED_EDGE('',*,*,#2525,.T.);
#3729 = ORIENTED_EDGE('',*,*,#3641,.F.);
#3730 = PLANE('',#3731);
#3731 = AXIS2_PLACEMENT_3D('',#3732,#3733,#3734);
#3732 = CARTESIAN_POINT('',(0.3,-5.38,1.07E-15));
#3733 = DIRECTION('',(1.,0.,0.));
#3734 = DIRECTION('',(0.,2.2E-16,1.));
#3735 = ADVANCED_FACE('',(#3736),#3761,.T.);
#3736 = FACE_BOUND('',#3737,.T.);
#3737 = EDGE_LOOP('',(#3738,#3746,#3747,#3755));
#3738 = ORIENTED_EDGE('',*,*,#3739,.F.);
#3739 = EDGE_CURVE('',#2499,#3740,#3742,.T.);
#3740 = VERTEX_POINT('',#3741);
#3741 = CARTESIAN_POINT('',(-0.21,-4.87,1.E-15));
#3742 = LINE('',#3743,#3744);
#3743 = CARTESIAN_POINT('',(-0.17,-4.91,-4.E-02));
#3744 = VECTOR('',#3745,1.);
#3745 = DIRECTION('',(0.57735026919,-0.57735026919,-0.57735026919));
#3746 = ORIENTED_EDGE('',*,*,#2533,.T.);
#3747 = ORIENTED_EDGE('',*,*,#3748,.T.);
#3748 = EDGE_CURVE('',#2526,#3749,#3751,.T.);
#3749 = VERTEX_POINT('',#3750);
#3750 = CARTESIAN_POINT('',(0.21,-4.87,1.E-15));
#3751 = LINE('',#3752,#3753);
#3752 = CARTESIAN_POINT('',(7.E-02,-5.01,-0.14));
#3753 = VECTOR('',#3754,1.);
#3754 = DIRECTION('',(-0.57735026919,-0.57735026919,-0.57735026919));
#3755 = ORIENTED_EDGE('',*,*,#3756,.F.);
#3756 = EDGE_CURVE('',#3740,#3749,#3757,.T.);
#3757 = LINE('',#3758,#3759);
#3758 = CARTESIAN_POINT('',(-0.3,-4.87,9.9E-16));
#3759 = VECTOR('',#3760,1.);
#3760 = DIRECTION('',(1.,0.,0.));
#3761 = PLANE('',#3762);
#3762 = AXIS2_PLACEMENT_3D('',#3763,#3764,#3765);
#3763 = CARTESIAN_POINT('',(-0.3,-4.825,4.5E-02));
#3764 = DIRECTION('',(0.,0.707106781187,-0.707106781187));
#3765 = DIRECTION('',(1.,0.,0.));
#3766 = ADVANCED_FACE('',(#3767),#3773,.T.);
#3767 = FACE_BOUND('',#3768,.T.);
#3768 = EDGE_LOOP('',(#3769,#3770,#3771,#3772));
#3769 = ORIENTED_EDGE('',*,*,#2652,.T.);
#3770 = ORIENTED_EDGE('',*,*,#2717,.T.);
#3771 = ORIENTED_EDGE('',*,*,#2700,.F.);
#3772 = ORIENTED_EDGE('',*,*,#2676,.F.);
#3773 = PLANE('',#3774);
#3774 = AXIS2_PLACEMENT_3D('',#3775,#3776,#3777);
#3775 = CARTESIAN_POINT('',(-12.6,4.78,6.3));
#3776 = DIRECTION('',(-1.,0.,0.));
#3777 = DIRECTION('',(-0.,-2.2E-16,-1.));
#3778 = ADVANCED_FACE('',(#3779),#3785,.T.);
#3779 = FACE_BOUND('',#3780,.T.);
#3780 = EDGE_LOOP('',(#3781,#3782,#3783,#3784));
#3781 = ORIENTED_EDGE('',*,*,#2748,.T.);
#3782 = ORIENTED_EDGE('',*,*,#2813,.T.);
#3783 = ORIENTED_EDGE('',*,*,#2796,.F.);
#3784 = ORIENTED_EDGE('',*,*,#2772,.F.);
#3785 = PLANE('',#3786);
#3786 = AXIS2_PLACEMENT_3D('',#3787,#3788,#3789);
#3787 = CARTESIAN_POINT('',(-12.6,-5.38,6.3));
#3788 = DIRECTION('',(-1.,0.,0.));
#3789 = DIRECTION('',(-0.,-2.2E-16,-1.));
#3790 = ADVANCED_FACE('',(#3791),#3797,.T.);
#3791 = FACE_BOUND('',#3792,.T.);
#3792 = EDGE_LOOP('',(#3793,#3794,#3795,#3796));
#3793 = ORIENTED_EDGE('',*,*,#2844,.T.);
#3794 = ORIENTED_EDGE('',*,*,#2909,.T.);
#3795 = ORIENTED_EDGE('',*,*,#2892,.F.);
#3796 = ORIENTED_EDGE('',*,*,#2868,.F.);
#3797 = PLANE('',#3798);
#3798 = AXIS2_PLACEMENT_3D('',#3799,#3800,#3801);
#3799 = CARTESIAN_POINT('',(-12.6,2.24,6.3));
#3800 = DIRECTION('',(-1.,0.,0.));
#3801 = DIRECTION('',(-0.,-2.2E-16,-1.));
#3802 = ADVANCED_FACE('',(#3803),#3809,.T.);
#3803 = FACE_BOUND('',#3804,.T.);
#3804 = EDGE_LOOP('',(#3805,#3806,#3807,#3808));
#3805 = ORIENTED_EDGE('',*,*,#2940,.T.);
#3806 = ORIENTED_EDGE('',*,*,#3005,.T.);
#3807 = ORIENTED_EDGE('',*,*,#2988,.F.);
#3808 = ORIENTED_EDGE('',*,*,#2964,.F.);
#3809 = PLANE('',#3810);
#3810 = AXIS2_PLACEMENT_3D('',#3811,#3812,#3813);
#3811 = CARTESIAN_POINT('',(-12.6,-0.3,6.3));
#3812 = DIRECTION('',(-1.,0.,0.));
#3813 = DIRECTION('',(-0.,-2.2E-16,-1.));
#3814 = ADVANCED_FACE('',(#3815),#3821,.T.);
#3815 = FACE_BOUND('',#3816,.T.);
#3816 = EDGE_LOOP('',(#3817,#3818,#3819,#3820));
#3817 = ORIENTED_EDGE('',*,*,#3036,.T.);
#3818 = ORIENTED_EDGE('',*,*,#3101,.T.);
#3819 = ORIENTED_EDGE('',*,*,#3084,.F.);
#3820 = ORIENTED_EDGE('',*,*,#3060,.F.);
#3821 = PLANE('',#3822);
#3822 = AXIS2_PLACEMENT_3D('',#3823,#3824,#3825);
#3823 = CARTESIAN_POINT('',(-12.6,-2.84,6.3));
#3824 = DIRECTION('',(-1.,0.,0.));
#3825 = DIRECTION('',(-0.,-2.2E-16,-1.));
#3826 = ADVANCED_FACE('',(#3827),#3838,.T.);
#3827 = FACE_BOUND('',#3828,.T.);
#3828 = EDGE_LOOP('',(#3829,#3830,#3831,#3832));
#3829 = ORIENTED_EDGE('',*,*,#3188,.F.);
#3830 = ORIENTED_EDGE('',*,*,#3162,.T.);
#3831 = ORIENTED_EDGE('',*,*,#3236,.T.);
#3832 = ORIENTED_EDGE('',*,*,#3833,.F.);
#3833 = EDGE_CURVE('',#3189,#3237,#3834,.T.);
#3834 = LINE('',#3835,#3836);
#3835 = CARTESIAN_POINT('',(-0.21,2.24,1.7E-16));
#3836 = VECTOR('',#3837,1.);
#3837 = DIRECTION('',(0.,1.,-2.2E-16));
#3838 = PLANE('',#3839);
#3839 = AXIS2_PLACEMENT_3D('',#3840,#3841,#3842);
#3840 = CARTESIAN_POINT('',(-0.255,2.24,4.5E-02));
#3841 = DIRECTION('',(-0.707106781187,-1.6E-16,-0.707106781187));
#3842 = DIRECTION('',(-3.137084989848E-18,1.,-2.231370849898E-16));
#3843 = ADVANCED_FACE('',(#3844),#3855,.T.);
#3844 = FACE_BOUND('',#3845,.T.);
#3845 = EDGE_LOOP('',(#3846,#3847,#3848,#3854));
#3846 = ORIENTED_EDGE('',*,*,#3833,.T.);
#3847 = ORIENTED_EDGE('',*,*,#3253,.T.);
#3848 = ORIENTED_EDGE('',*,*,#3849,.F.);
#3849 = EDGE_CURVE('',#3198,#3246,#3850,.T.);
#3850 = LINE('',#3851,#3852);
#3851 = CARTESIAN_POINT('',(0.21,2.24,3.5E-16));
#3852 = VECTOR('',#3853,1.);
#3853 = DIRECTION('',(0.,1.,-2.2E-16));
#3854 = ORIENTED_EDGE('',*,*,#3205,.F.);
#3855 = PLANE('',#3856);
#3856 = AXIS2_PLACEMENT_3D('',#3857,#3858,#3859);
#3857 = CARTESIAN_POINT('',(-0.3,2.24,7.E-17));
#3858 = DIRECTION('',(0.,-2.2E-16,-1.));
#3859 = DIRECTION('',(1.,0.,0.));
#3860 = ADVANCED_FACE('',(#3861),#3867,.T.);
#3861 = FACE_BOUND('',#3862,.F.);
#3862 = EDGE_LOOP('',(#3863,#3864,#3865,#3866));
#3863 = ORIENTED_EDGE('',*,*,#3197,.F.);
#3864 = ORIENTED_EDGE('',*,*,#3220,.T.);
#3865 = ORIENTED_EDGE('',*,*,#3245,.T.);
#3866 = ORIENTED_EDGE('',*,*,#3849,.F.);
#3867 = PLANE('',#3868);
#3868 = AXIS2_PLACEMENT_3D('',#3869,#3870,#3871);
#3869 = CARTESIAN_POINT('',(0.255,2.24,4.5E-02));
#3870 = DIRECTION('',(0.707106781187,-1.6E-16,-0.707106781187));
#3871 = DIRECTION('',(-3.137084989848E-18,-1.,2.231370849898E-16));
#3872 = ADVANCED_FACE('',(#3873),#3884,.T.);
#3873 = FACE_BOUND('',#3874,.T.);
#3874 = EDGE_LOOP('',(#3875,#3876,#3877,#3878));
#3875 = ORIENTED_EDGE('',*,*,#3366,.F.);
#3876 = ORIENTED_EDGE('',*,*,#3292,.T.);
#3877 = ORIENTED_EDGE('',*,*,#3318,.T.);
#3878 = ORIENTED_EDGE('',*,*,#3879,.F.);
#3879 = EDGE_CURVE('',#3367,#3319,#3880,.T.);
#3880 = LINE('',#3881,#3882);
#3881 = CARTESIAN_POINT('',(-0.21,4.78,3.E-17));
#3882 = VECTOR('',#3883,1.);
#3883 = DIRECTION('',(0.,1.,-2.2E-16));
#3884 = PLANE('',#3885);
#3885 = AXIS2_PLACEMENT_3D('',#3886,#3887,#3888);
#3886 = CARTESIAN_POINT('',(-0.255,4.78,4.5E-02));
#3887 = DIRECTION('',(-0.707106781187,-1.6E-16,-0.707106781187));
#3888 = DIRECTION('',(-3.137084989848E-18,1.,-2.231370849898E-16));
#3889 = ADVANCED_FACE('',(#3890),#3901,.T.);
#3890 = FACE_BOUND('',#3891,.T.);
#3891 = EDGE_LOOP('',(#3892,#3893,#3894,#3900));
#3892 = ORIENTED_EDGE('',*,*,#3879,.T.);
#3893 = ORIENTED_EDGE('',*,*,#3335,.T.);
#3894 = ORIENTED_EDGE('',*,*,#3895,.F.);
#3895 = EDGE_CURVE('',#3376,#3328,#3896,.T.);
#3896 = LINE('',#3897,#3898);
#3897 = CARTESIAN_POINT('',(0.21,4.78,7.E-17));
#3898 = VECTOR('',#3899,1.);
#3899 = DIRECTION('',(0.,1.,-2.2E-16));
#3900 = ORIENTED_EDGE('',*,*,#3383,.F.);
#3901 = PLANE('',#3902);
#3902 = AXIS2_PLACEMENT_3D('',#3903,#3904,#3905);
#3903 = CARTESIAN_POINT('',(-0.3,4.78,7.E-17));
#3904 = DIRECTION('',(0.,-2.2E-16,-1.));
#3905 = DIRECTION('',(1.,0.,0.));
#3906 = ADVANCED_FACE('',(#3907),#3913,.T.);
#3907 = FACE_BOUND('',#3908,.F.);
#3908 = EDGE_LOOP('',(#3909,#3910,#3911,#3912));
#3909 = ORIENTED_EDGE('',*,*,#3375,.F.);
#3910 = ORIENTED_EDGE('',*,*,#3350,.T.);
#3911 = ORIENTED_EDGE('',*,*,#3327,.T.);
#3912 = ORIENTED_EDGE('',*,*,#3895,.F.);
#3913 = PLANE('',#3914);
#3914 = AXIS2_PLACEMENT_3D('',#3915,#3916,#3917);
#3915 = CARTESIAN_POINT('',(0.255,4.78,4.5E-02));
#3916 = DIRECTION('',(0.707106781187,-1.6E-16,-0.707106781187));
#3917 = DIRECTION('',(-3.137084989848E-18,-1.,2.231370849898E-16));
#3918 = ADVANCED_FACE('',(#3919),#3930,.T.);
#3919 = FACE_BOUND('',#3920,.T.);
#3920 = EDGE_LOOP('',(#3921,#3922,#3923,#3924));
#3921 = ORIENTED_EDGE('',*,*,#3448,.F.);
#3922 = ORIENTED_EDGE('',*,*,#3422,.T.);
#3923 = ORIENTED_EDGE('',*,*,#3496,.T.);
#3924 = ORIENTED_EDGE('',*,*,#3925,.F.);
#3925 = EDGE_CURVE('',#3449,#3497,#3926,.T.);
#3926 = LINE('',#3927,#3928);
#3927 = CARTESIAN_POINT('',(-0.21,-0.3,7.6E-16));
#3928 = VECTOR('',#3929,1.);
#3929 = DIRECTION('',(0.,1.,-2.2E-16));
#3930 = PLANE('',#3931);
#3931 = AXIS2_PLACEMENT_3D('',#3932,#3933,#3934);
#3932 = CARTESIAN_POINT('',(-0.255,-0.3,4.5E-02));
#3933 = DIRECTION('',(-0.707106781187,-1.6E-16,-0.707106781187));
#3934 = DIRECTION('',(-3.137084989848E-18,1.,-2.231370849898E-16));
#3935 = ADVANCED_FACE('',(#3936),#3947,.T.);
#3936 = FACE_BOUND('',#3937,.T.);
#3937 = EDGE_LOOP('',(#3938,#3939,#3940,#3946));
#3938 = ORIENTED_EDGE('',*,*,#3925,.T.);
#3939 = ORIENTED_EDGE('',*,*,#3513,.T.);
#3940 = ORIENTED_EDGE('',*,*,#3941,.F.);
#3941 = EDGE_CURVE('',#3458,#3506,#3942,.T.);
#3942 = LINE('',#3943,#3944);
#3943 = CARTESIAN_POINT('',(0.21,-0.3,6.3E-16));
#3944 = VECTOR('',#3945,1.);
#3945 = DIRECTION('',(0.,1.,-2.2E-16));
#3946 = ORIENTED_EDGE('',*,*,#3465,.F.);
#3947 = PLANE('',#3948);
#3948 = AXIS2_PLACEMENT_3D('',#3949,#3950,#3951);
#3949 = CARTESIAN_POINT('',(-0.3,-0.3,1.07E-15));
#3950 = DIRECTION('',(0.,-2.2E-16,-1.));
#3951 = DIRECTION('',(1.,0.,0.));
#3952 = ADVANCED_FACE('',(#3953),#3959,.T.);
#3953 = FACE_BOUND('',#3954,.F.);
#3954 = EDGE_LOOP('',(#3955,#3956,#3957,#3958));
#3955 = ORIENTED_EDGE('',*,*,#3457,.F.);
#3956 = ORIENTED_EDGE('',*,*,#3480,.T.);
#3957 = ORIENTED_EDGE('',*,*,#3505,.T.);
#3958 = ORIENTED_EDGE('',*,*,#3941,.F.);
#3959 = PLANE('',#3960);
#3960 = AXIS2_PLACEMENT_3D('',#3961,#3962,#3963);
#3961 = CARTESIAN_POINT('',(0.255,-0.3,4.5E-02));
#3962 = DIRECTION('',(0.707106781187,-1.6E-16,-0.707106781187));
#3963 = DIRECTION('',(-3.137084989848E-18,-1.,2.231370849898E-16));
#3964 = ADVANCED_FACE('',(#3965),#3976,.T.);
#3965 = FACE_BOUND('',#3966,.T.);
#3966 = EDGE_LOOP('',(#3967,#3968,#3969,#3970));
#3967 = ORIENTED_EDGE('',*,*,#3691,.F.);
#3968 = ORIENTED_EDGE('',*,*,#3665,.T.);
#3969 = ORIENTED_EDGE('',*,*,#3739,.T.);
#3970 = ORIENTED_EDGE('',*,*,#3971,.F.);
#3971 = EDGE_CURVE('',#3692,#3740,#3972,.T.);
#3972 = LINE('',#3973,#3974);
#3973 = CARTESIAN_POINT('',(-0.21,-5.38,1.04E-15));
#3974 = VECTOR('',#3975,1.);
#3975 = DIRECTION('',(0.,1.,-2.2E-16));
#3976 = PLANE('',#3977);
#3977 = AXIS2_PLACEMENT_3D('',#3978,#3979,#3980);
#3978 = CARTESIAN_POINT('',(-0.255,-5.38,4.5E-02));
#3979 = DIRECTION('',(-0.707106781187,-1.6E-16,-0.707106781187));
#3980 = DIRECTION('',(-3.137084989848E-18,1.,-2.231370849898E-16));
#3981 = ADVANCED_FACE('',(#3982),#3993,.T.);
#3982 = FACE_BOUND('',#3983,.T.);
#3983 = EDGE_LOOP('',(#3984,#3985,#3986,#3992));
#3984 = ORIENTED_EDGE('',*,*,#3971,.T.);
#3985 = ORIENTED_EDGE('',*,*,#3756,.T.);
#3986 = ORIENTED_EDGE('',*,*,#3987,.F.);
#3987 = EDGE_CURVE('',#3701,#3749,#3988,.T.);
#3988 = LINE('',#3989,#3990);
#3989 = CARTESIAN_POINT('',(0.21,-5.38,1.19E-15));
#3990 = VECTOR('',#3991,1.);
#3991 = DIRECTION('',(0.,1.,-2.2E-16));
#3992 = ORIENTED_EDGE('',*,*,#3708,.F.);
#3993 = PLANE('',#3994);
#3994 = AXIS2_PLACEMENT_3D('',#3995,#3996,#3997);
#3995 = CARTESIAN_POINT('',(-0.3,-5.38,1.07E-15));
#3996 = DIRECTION('',(0.,-2.2E-16,-1.));
#3997 = DIRECTION('',(1.,0.,0.));
#3998 = ADVANCED_FACE('',(#3999),#4005,.T.);
#3999 = FACE_BOUND('',#4000,.F.);
#4000 = EDGE_LOOP('',(#4001,#4002,#4003,#4004));
#4001 = ORIENTED_EDGE('',*,*,#3700,.F.);
#4002 = ORIENTED_EDGE('',*,*,#3723,.T.);
#4003 = ORIENTED_EDGE('',*,*,#3748,.T.);
#4004 = ORIENTED_EDGE('',*,*,#3987,.F.);
#4005 = PLANE('',#4006);
#4006 = AXIS2_PLACEMENT_3D('',#4007,#4008,#4009);
#4007 = CARTESIAN_POINT('',(0.255,-5.38,4.5E-02));
#4008 = DIRECTION('',(0.707106781187,-1.6E-16,-0.707106781187));
#4009 = DIRECTION('',(-3.137084989848E-18,-1.,2.231370849898E-16));
#4010 = ( GEOMETRIC_REPRESENTATION_CONTEXT(3) 
GLOBAL_UNCERTAINTY_ASSIGNED_CONTEXT((#4014)) 
GLOBAL_UNIT_ASSIGNED_CONTEXT((#4011,#4012,#4013)) REPRESENTATION_CONTEXT
('Context #1','3D Context with UNIT and UNCERTAINTY') );
#4011 = ( LENGTH_UNIT() NAMED_UNIT(*) SI_UNIT(.MILLI.,.METRE.) );
#4012 = ( NAMED_UNIT(*) PLANE_ANGLE_UNIT() SI_UNIT($,.RADIAN.) );
#4013 = ( NAMED_UNIT(*) SI_UNIT($,.STERADIAN.) SOLID_ANGLE_UNIT() );
#4014 = UNCERTAINTY_MEASURE_WITH_UNIT(LENGTH_MEASURE(2.E-06),#4011,
  'distance_accuracy_value','confusion accuracy');
#4015 = CONTEXT_DEPENDENT_SHAPE_REPRESENTATION(#4016,#4018);
#4016 = ( REPRESENTATION_RELATIONSHIP('','',#32,#10) 
REPRESENTATION_RELATIONSHIP_WITH_TRANSFORMATION(#4017) 
SHAPE_REPRESENTATION_RELATIONSHIP() );
#4017 = ITEM_DEFINED_TRANSFORMATION('','',#11,#15);
#4018 = PRODUCT_DEFINITION_SHAPE('Placement','Placement of an item',
  #4019);
#4019 = NEXT_ASSEMBLY_USAGE_OCCURRENCE('1','Body001','',#5,#27,$);
#4020 = PRODUCT_RELATED_PRODUCT_CATEGORY('part',$,(#29));
#4021 = MECHANICAL_DESIGN_GEOMETRIC_PRESENTATION_REPRESENTATION('',(
    #4022),#4010);
#4022 = STYLED_ITEM('color',(#4023),#33);
#4023 = PRESENTATION_STYLE_ASSIGNMENT((#4024,#4030));
#4024 = SURFACE_STYLE_USAGE(.BOTH.,#4025);
#4025 = SURFACE_SIDE_STYLE('',(#4026));
#4026 = SURFACE_STYLE_FILL_AREA(#4027);
#4027 = FILL_AREA_STYLE('',(#4028));
#4028 = FILL_AREA_STYLE_COLOUR('',#4029);
#4029 = COLOUR_RGB('',0.800000010877,0.800000010877,0.901960800373);
#4030 = CURVE_STYLE('',#4031,POSITIVE_LENGTH_MEASURE(0.1),#4032);
#4031 = DRAUGHTING_PRE_DEFINED_CURVE_FONT('continuous');
#4032 = COLOUR_RGB('',0.427450993391,0.427450993391,0.427450993391);
ENDSEC;
END-ISO-10303-21;
