ISO-10303-21;
HEADER;
FILE_DESCRIPTION(('FreeCAD Model'),'2;1');
FILE_NAME('Open CASCADE Shape Model','2026-09-27T20:11:52',(''),(''),
  'Open CASCADE STEP processor 7.8','FreeCAD','Unknown');
FILE_SCHEMA(('AUTOMOTIVE_DESIGN { 1 0 10303 214 1 1 1 1 }'));
ENDSEC;
DATA;
#1 = APPLICATION_PROTOCOL_DEFINITION('international standard',
  'automotive_design',2000,#2);
#2 = APPLICATION_CONTEXT(
  'core data for automotive mechanical design processes');
#3 = SHAPE_DEFINITION_REPRESENTATION(#4,#10);
#4 = PRODUCT_DEFINITION_SHAPE('','',#5);
#5 = PRODUCT_DEFINITION('design','',#6,#9);
#6 = PRODUCT_DEFINITION_FORMATION('','',#7);
#7 = PRODUCT('Skrueterminal_508','Skrueterminal_508','',(#8));
#8 = PRODUCT_CONTEXT('',#2,'mechanical');
#9 = PRODUCT_DEFINITION_CONTEXT('part definition',#2,'design');
#10 = SHAPE_REPRESENTATION('',(#11,#15,#19,#23),#27);
#11 = AXIS2_PLACEMENT_3D('',#12,#13,#14);
#12 = CARTESIAN_POINT('',(0.,0.,0.));
#13 = DIRECTION('',(0.,0.,1.));
#14 = DIRECTION('',(1.,0.,-0.));
#15 = AXIS2_PLACEMENT_3D('',#16,#17,#18);
#16 = CARTESIAN_POINT('',(0.,0.,0.));
#17 = DIRECTION('',(0.,0.,1.));
#18 = DIRECTION('',(1.,0.,0.));
#19 = AXIS2_PLACEMENT_3D('',#20,#21,#22);
#20 = CARTESIAN_POINT('',(0.,0.,0.));
#21 = DIRECTION('',(0.,0.,1.));
#22 = DIRECTION('',(1.,0.,0.));
#23 = AXIS2_PLACEMENT_3D('',#24,#25,#26);
#24 = CARTESIAN_POINT('',(0.,0.,0.));
#25 = DIRECTION('',(0.,0.,1.));
#26 = DIRECTION('',(1.,0.,0.));
#27 = ( GEOMETRIC_REPRESENTATION_CONTEXT(3) 
GLOBAL_UNCERTAINTY_ASSIGNED_CONTEXT((#31)) GLOBAL_UNIT_ASSIGNED_CONTEXT(
(#28,#29,#30)) REPRESENTATION_CONTEXT('Context #1',
  '3D Context with UNIT and UNCERTAINTY') );
#28 = ( LENGTH_UNIT() NAMED_UNIT(*) SI_UNIT(.MILLI.,.METRE.) );
#29 = ( NAMED_UNIT(*) PLANE_ANGLE_UNIT() SI_UNIT($,.RADIAN.) );
#30 = ( NAMED_UNIT(*) SI_UNIT($,.STERADIAN.) SOLID_ANGLE_UNIT() );
#31 = UNCERTAINTY_MEASURE_WITH_UNIT(LENGTH_MEASURE(1.E-07),#28,
  'distance_accuracy_value','confusion accuracy');
#32 = PRODUCT_RELATED_PRODUCT_CATEGORY('part',$,(#7));
#33 = SHAPE_DEFINITION_REPRESENTATION(#34,#40);
#34 = PRODUCT_DEFINITION_SHAPE('','',#35);
#35 = PRODUCT_DEFINITION('design','',#36,#39);
#36 = PRODUCT_DEFINITION_FORMATION('','',#37);
#37 = PRODUCT('Body','Body','',(#38));
#38 = PRODUCT_CONTEXT('',#2,'mechanical');
#39 = PRODUCT_DEFINITION_CONTEXT('part definition',#2,'design');
#40 = ADVANCED_BREP_SHAPE_REPRESENTATION('',(#11,#41),#1457);
#41 = MANIFOLD_SOLID_BREP('',#42);
#42 = CLOSED_SHELL('',(#43,#211,#306,#330,#418,#527,#551,#630,#654,#721,
    #738,#755,#779,#858,#882,#949,#966,#983,#1007,#1031,#1048,#1065,
    #1082,#1099,#1138,#1150,#1174,#1198,#1215,#1227,#1239,#1251,#1263,
    #1280,#1297,#1314,#1331,#1343,#1360,#1377,#1394,#1411,#1428,#1440));
#43 = ADVANCED_FACE('',(#44),#206,.T.);
#44 = FACE_BOUND('',#45,.T.);
#45 = EDGE_LOOP('',(#46,#56,#64,#72,#80,#88,#96,#104,#112,#120,#128,#136
    ,#144,#152,#160,#168,#176,#184,#192,#200));
#46 = ORIENTED_EDGE('',*,*,#47,.F.);
#47 = EDGE_CURVE('',#48,#50,#52,.T.);
#48 = VERTEX_POINT('',#49);
#49 = CARTESIAN_POINT('',(-4.,5.,-1.E-15));
#50 = VERTEX_POINT('',#51);
#51 = CARTESIAN_POINT('',(-4.,5.,8.));
#52 = LINE('',#53,#54);
#53 = CARTESIAN_POINT('',(-4.,5.,-1.E-15));
#54 = VECTOR('',#55,1.);
#55 = DIRECTION('',(0.,0.,1.));
#56 = ORIENTED_EDGE('',*,*,#57,.T.);
#57 = EDGE_CURVE('',#48,#58,#60,.T.);
#58 = VERTEX_POINT('',#59);
#59 = CARTESIAN_POINT('',(-4.,3.04,0.));
#60 = LINE('',#61,#62);
#61 = CARTESIAN_POINT('',(-4.,5.,-1.11E-15));
#62 = VECTOR('',#63,1.);
#63 = DIRECTION('',(0.,-1.,2.2E-16));
#64 = ORIENTED_EDGE('',*,*,#65,.T.);
#65 = EDGE_CURVE('',#58,#66,#68,.T.);
#66 = VERTEX_POINT('',#67);
#67 = CARTESIAN_POINT('',(-4.,3.04,1.));
#68 = LINE('',#69,#70);
#69 = CARTESIAN_POINT('',(-4.,3.04,-4.E-17));
#70 = VECTOR('',#71,1.);
#71 = DIRECTION('',(0.,0.,1.));
#72 = ORIENTED_EDGE('',*,*,#73,.F.);
#73 = EDGE_CURVE('',#74,#66,#76,.T.);
#74 = VERTEX_POINT('',#75);
#75 = CARTESIAN_POINT('',(-4.,4.699999999973,1.));
#76 = LINE('',#77,#78);
#77 = CARTESIAN_POINT('',(-4.,4.699999999973,1.));
#78 = VECTOR('',#79,1.);
#79 = DIRECTION('',(0.,-1.,0.));
#80 = ORIENTED_EDGE('',*,*,#81,.F.);
#81 = EDGE_CURVE('',#82,#74,#84,.T.);
#82 = VERTEX_POINT('',#83);
#83 = CARTESIAN_POINT('',(-4.,4.699999999973,7.2));
#84 = LINE('',#85,#86);
#85 = CARTESIAN_POINT('',(-4.,4.699999999973,7.2));
#86 = VECTOR('',#87,1.);
#87 = DIRECTION('',(0.,0.,-1.));
#88 = ORIENTED_EDGE('',*,*,#89,.F.);
#89 = EDGE_CURVE('',#90,#82,#92,.T.);
#90 = VERTEX_POINT('',#91);
#91 = CARTESIAN_POINT('',(-4.,0.4,7.2));
#92 = LINE('',#93,#94);
#93 = CARTESIAN_POINT('',(-4.,0.4,7.2));
#94 = VECTOR('',#95,1.);
#95 = DIRECTION('',(0.,1.,0.));
#96 = ORIENTED_EDGE('',*,*,#97,.F.);
#97 = EDGE_CURVE('',#98,#90,#100,.T.);
#98 = VERTEX_POINT('',#99);
#99 = CARTESIAN_POINT('',(-4.,0.4,1.));
#100 = LINE('',#101,#102);
#101 = CARTESIAN_POINT('',(-4.,0.4,1.));
#102 = VECTOR('',#103,1.);
#103 = DIRECTION('',(0.,0.,1.));
#104 = ORIENTED_EDGE('',*,*,#105,.F.);
#105 = EDGE_CURVE('',#106,#98,#108,.T.);
#106 = VERTEX_POINT('',#107);
#107 = CARTESIAN_POINT('',(-4.,2.04,1.));
#108 = LINE('',#109,#110);
#109 = CARTESIAN_POINT('',(-4.,4.699999999973,1.));
#110 = VECTOR('',#111,1.);
#111 = DIRECTION('',(0.,-1.,0.));
#112 = ORIENTED_EDGE('',*,*,#113,.F.);
#113 = EDGE_CURVE('',#114,#106,#116,.T.);
#114 = VERTEX_POINT('',#115);
#115 = CARTESIAN_POINT('',(-4.,2.04,0.));
#116 = LINE('',#117,#118);
#117 = CARTESIAN_POINT('',(-4.,2.04,-4.E-17));
#118 = VECTOR('',#119,1.);
#119 = DIRECTION('',(0.,0.,1.));
#120 = ORIENTED_EDGE('',*,*,#121,.T.);
#121 = EDGE_CURVE('',#114,#122,#124,.T.);
#122 = VERTEX_POINT('',#123);
#123 = CARTESIAN_POINT('',(-4.,-2.04,-0.));
#124 = LINE('',#125,#126);
#125 = CARTESIAN_POINT('',(-4.,5.,-1.11E-15));
#126 = VECTOR('',#127,1.);
#127 = DIRECTION('',(0.,-1.,2.2E-16));
#128 = ORIENTED_EDGE('',*,*,#129,.T.);
#129 = EDGE_CURVE('',#122,#130,#132,.T.);
#130 = VERTEX_POINT('',#131);
#131 = CARTESIAN_POINT('',(-4.,-2.04,1.));
#132 = LINE('',#133,#134);
#133 = CARTESIAN_POINT('',(-4.,-2.04,-4.E-17));
#134 = VECTOR('',#135,1.);
#135 = DIRECTION('',(0.,0.,1.));
#136 = ORIENTED_EDGE('',*,*,#137,.F.);
#137 = EDGE_CURVE('',#138,#130,#140,.T.);
#138 = VERTEX_POINT('',#139);
#139 = CARTESIAN_POINT('',(-4.,-0.4,1.));
#140 = LINE('',#141,#142);
#141 = CARTESIAN_POINT('',(-4.,-0.4,1.));
#142 = VECTOR('',#143,1.);
#143 = DIRECTION('',(0.,-1.,0.));
#144 = ORIENTED_EDGE('',*,*,#145,.F.);
#145 = EDGE_CURVE('',#146,#138,#148,.T.);
#146 = VERTEX_POINT('',#147);
#147 = CARTESIAN_POINT('',(-4.,-0.4,7.2));
#148 = LINE('',#149,#150);
#149 = CARTESIAN_POINT('',(-4.,-0.4,7.2));
#150 = VECTOR('',#151,1.);
#151 = DIRECTION('',(0.,0.,-1.));
#152 = ORIENTED_EDGE('',*,*,#153,.F.);
#153 = EDGE_CURVE('',#154,#146,#156,.T.);
#154 = VERTEX_POINT('',#155);
#155 = CARTESIAN_POINT('',(-4.,-4.7,7.2));
#156 = LINE('',#157,#158);
#157 = CARTESIAN_POINT('',(-4.,-4.7,7.2));
#158 = VECTOR('',#159,1.);
#159 = DIRECTION('',(0.,1.,0.));
#160 = ORIENTED_EDGE('',*,*,#161,.F.);
#161 = EDGE_CURVE('',#162,#154,#164,.T.);
#162 = VERTEX_POINT('',#163);
#163 = CARTESIAN_POINT('',(-4.,-4.7,1.));
#164 = LINE('',#165,#166);
#165 = CARTESIAN_POINT('',(-4.,-4.7,1.));
#166 = VECTOR('',#167,1.);
#167 = DIRECTION('',(0.,0.,1.));
#168 = ORIENTED_EDGE('',*,*,#169,.F.);
#169 = EDGE_CURVE('',#170,#162,#172,.T.);
#170 = VERTEX_POINT('',#171);
#171 = CARTESIAN_POINT('',(-4.,-3.04,1.));
#172 = LINE('',#173,#174);
#173 = CARTESIAN_POINT('',(-4.,-0.4,1.));
#174 = VECTOR('',#175,1.);
#175 = DIRECTION('',(0.,-1.,0.));
#176 = ORIENTED_EDGE('',*,*,#177,.F.);
#177 = EDGE_CURVE('',#178,#170,#180,.T.);
#178 = VERTEX_POINT('',#179);
#179 = CARTESIAN_POINT('',(-4.,-3.04,-0.));
#180 = LINE('',#181,#182);
#181 = CARTESIAN_POINT('',(-4.,-3.04,-4.E-17));
#182 = VECTOR('',#183,1.);
#183 = DIRECTION('',(0.,0.,1.));
#184 = ORIENTED_EDGE('',*,*,#185,.T.);
#185 = EDGE_CURVE('',#178,#186,#188,.T.);
#186 = VERTEX_POINT('',#187);
#187 = CARTESIAN_POINT('',(-4.,-5.,1.E-15));
#188 = LINE('',#189,#190);
#189 = CARTESIAN_POINT('',(-4.,5.,-1.11E-15));
#190 = VECTOR('',#191,1.);
#191 = DIRECTION('',(0.,-1.,2.2E-16));
#192 = ORIENTED_EDGE('',*,*,#193,.T.);
#193 = EDGE_CURVE('',#186,#194,#196,.T.);
#194 = VERTEX_POINT('',#195);
#195 = CARTESIAN_POINT('',(-4.,-5.,8.));
#196 = LINE('',#197,#198);
#197 = CARTESIAN_POINT('',(-4.,-5.,1.E-15));
#198 = VECTOR('',#199,1.);
#199 = DIRECTION('',(0.,0.,1.));
#200 = ORIENTED_EDGE('',*,*,#201,.F.);
#201 = EDGE_CURVE('',#50,#194,#202,.T.);
#202 = LINE('',#203,#204);
#203 = CARTESIAN_POINT('',(-4.,5.,8.));
#204 = VECTOR('',#205,1.);
#205 = DIRECTION('',(0.,-1.,2.2E-16));
#206 = PLANE('',#207);
#207 = AXIS2_PLACEMENT_3D('',#208,#209,#210);
#208 = CARTESIAN_POINT('',(-4.,5.,-1.11E-15));
#209 = DIRECTION('',(-1.,0.,0.));
#210 = DIRECTION('',(0.,2.2E-16,1.));
#211 = ADVANCED_FACE('',(#212),#301,.T.);
#212 = FACE_BOUND('',#213,.T.);
#213 = EDGE_LOOP('',(#214,#222,#223,#231,#239,#247,#255,#263,#271,#279,
    #287,#295));
#214 = ORIENTED_EDGE('',*,*,#215,.F.);
#215 = EDGE_CURVE('',#48,#216,#218,.T.);
#216 = VERTEX_POINT('',#217);
#217 = CARTESIAN_POINT('',(2.7,5.,-1.E-15));
#218 = LINE('',#219,#220);
#219 = CARTESIAN_POINT('',(-4.,5.,-1.E-15));
#220 = VECTOR('',#221,1.);
#221 = DIRECTION('',(1.,0.,0.));
#222 = ORIENTED_EDGE('',*,*,#47,.T.);
#223 = ORIENTED_EDGE('',*,*,#224,.T.);
#224 = EDGE_CURVE('',#50,#225,#227,.T.);
#225 = VERTEX_POINT('',#226);
#226 = CARTESIAN_POINT('',(-3.5,5.,8.));
#227 = LINE('',#228,#229);
#228 = CARTESIAN_POINT('',(-4.,5.,8.));
#229 = VECTOR('',#230,1.);
#230 = DIRECTION('',(1.,0.,0.));
#231 = ORIENTED_EDGE('',*,*,#232,.T.);
#232 = EDGE_CURVE('',#225,#233,#235,.T.);
#233 = VERTEX_POINT('',#234);
#234 = CARTESIAN_POINT('',(-2.7,5.,13.));
#235 = LINE('',#236,#237);
#236 = CARTESIAN_POINT('',(-3.5,5.,8.));
#237 = VECTOR('',#238,1.);
#238 = DIRECTION('',(0.157990501107,0.,0.987440631917));
#239 = ORIENTED_EDGE('',*,*,#240,.T.);
#240 = EDGE_CURVE('',#233,#241,#243,.T.);
#241 = VERTEX_POINT('',#242);
#242 = CARTESIAN_POINT('',(2.8,5.,13.));
#243 = LINE('',#244,#245);
#244 = CARTESIAN_POINT('',(-2.7,5.,13.));
#245 = VECTOR('',#246,1.);
#246 = DIRECTION('',(1.,0.,0.));
#247 = ORIENTED_EDGE('',*,*,#248,.T.);
#248 = EDGE_CURVE('',#241,#249,#251,.T.);
#249 = VERTEX_POINT('',#250);
#250 = CARTESIAN_POINT('',(4.499999999939,5.,8.));
#251 = LINE('',#252,#253);
#252 = CARTESIAN_POINT('',(2.8,5.,13.));
#253 = VECTOR('',#254,1.);
#254 = DIRECTION('',(0.321902733228,0.,-0.946772744823));
#255 = ORIENTED_EDGE('',*,*,#256,.T.);
#256 = EDGE_CURVE('',#249,#257,#259,.T.);
#257 = VERTEX_POINT('',#258);
#258 = CARTESIAN_POINT('',(5.,5.,8.));
#259 = LINE('',#260,#261);
#260 = CARTESIAN_POINT('',(4.499999999939,5.,8.));
#261 = VECTOR('',#262,1.);
#262 = DIRECTION('',(1.,0.,0.));
#263 = ORIENTED_EDGE('',*,*,#264,.T.);
#264 = EDGE_CURVE('',#257,#265,#267,.T.);
#265 = VERTEX_POINT('',#266);
#266 = CARTESIAN_POINT('',(5.,5.,-1.E-15));
#267 = LINE('',#268,#269);
#268 = CARTESIAN_POINT('',(5.,5.,8.));
#269 = VECTOR('',#270,1.);
#270 = DIRECTION('',(0.,0.,-1.));
#271 = ORIENTED_EDGE('',*,*,#272,.F.);
#272 = EDGE_CURVE('',#273,#265,#275,.T.);
#273 = VERTEX_POINT('',#274);
#274 = CARTESIAN_POINT('',(4.2,5.,-1.E-15));
#275 = LINE('',#276,#277);
#276 = CARTESIAN_POINT('',(-4.,5.,-1.E-15));
#277 = VECTOR('',#278,1.);
#278 = DIRECTION('',(1.,0.,0.));
#279 = ORIENTED_EDGE('',*,*,#280,.F.);
#280 = EDGE_CURVE('',#281,#273,#283,.T.);
#281 = VERTEX_POINT('',#282);
#282 = CARTESIAN_POINT('',(4.2,5.,8.));
#283 = LINE('',#284,#285);
#284 = CARTESIAN_POINT('',(4.2,5.,8.));
#285 = VECTOR('',#286,1.);
#286 = DIRECTION('',(0.,0.,-1.));
#287 = ORIENTED_EDGE('',*,*,#288,.F.);
#288 = EDGE_CURVE('',#289,#281,#291,.T.);
#289 = VERTEX_POINT('',#290);
#290 = CARTESIAN_POINT('',(2.7,5.,8.));
#291 = LINE('',#292,#293);
#292 = CARTESIAN_POINT('',(2.7,5.,8.));
#293 = VECTOR('',#294,1.);
#294 = DIRECTION('',(1.,0.,0.));
#295 = ORIENTED_EDGE('',*,*,#296,.F.);
#296 = EDGE_CURVE('',#216,#289,#297,.T.);
#297 = LINE('',#298,#299);
#298 = CARTESIAN_POINT('',(2.7,5.,-8.9E-16));
#299 = VECTOR('',#300,1.);
#300 = DIRECTION('',(0.,0.,1.));
#301 = PLANE('',#302);
#302 = AXIS2_PLACEMENT_3D('',#303,#304,#305);
#303 = CARTESIAN_POINT('',(0.402771802873,5.,6.025119617115));
#304 = DIRECTION('',(0.,1.,0.));
#305 = DIRECTION('',(0.,0.,1.));
#306 = ADVANCED_FACE('',(#307),#325,.T.);
#307 = FACE_BOUND('',#308,.T.);
#308 = EDGE_LOOP('',(#309,#310,#318,#324));
#309 = ORIENTED_EDGE('',*,*,#201,.T.);
#310 = ORIENTED_EDGE('',*,*,#311,.T.);
#311 = EDGE_CURVE('',#194,#312,#314,.T.);
#312 = VERTEX_POINT('',#313);
#313 = CARTESIAN_POINT('',(-3.5,-5.,8.));
#314 = LINE('',#315,#316);
#315 = CARTESIAN_POINT('',(-4.,-5.,8.));
#316 = VECTOR('',#317,1.);
#317 = DIRECTION('',(1.,0.,0.));
#318 = ORIENTED_EDGE('',*,*,#319,.F.);
#319 = EDGE_CURVE('',#225,#312,#320,.T.);
#320 = LINE('',#321,#322);
#321 = CARTESIAN_POINT('',(-3.5,5.,8.));
#322 = VECTOR('',#323,1.);
#323 = DIRECTION('',(0.,-1.,2.2E-16));
#324 = ORIENTED_EDGE('',*,*,#224,.F.);
#325 = PLANE('',#326);
#326 = AXIS2_PLACEMENT_3D('',#327,#328,#329);
#327 = CARTESIAN_POINT('',(-4.,5.,8.));
#328 = DIRECTION('',(0.,2.2E-16,1.));
#329 = DIRECTION('',(1.,0.,0.));
#330 = ADVANCED_FACE('',(#331),#413,.F.);
#331 = FACE_BOUND('',#332,.F.);
#332 = EDGE_LOOP('',(#333,#341,#342,#343,#351,#359,#367,#375,#383,#391,
    #399,#407));
#333 = ORIENTED_EDGE('',*,*,#334,.F.);
#334 = EDGE_CURVE('',#186,#335,#337,.T.);
#335 = VERTEX_POINT('',#336);
#336 = CARTESIAN_POINT('',(2.7,-5.,0.));
#337 = LINE('',#338,#339);
#338 = CARTESIAN_POINT('',(-4.,-5.,1.E-15));
#339 = VECTOR('',#340,1.);
#340 = DIRECTION('',(1.,0.,0.));
#341 = ORIENTED_EDGE('',*,*,#193,.T.);
#342 = ORIENTED_EDGE('',*,*,#311,.T.);
#343 = ORIENTED_EDGE('',*,*,#344,.T.);
#344 = EDGE_CURVE('',#312,#345,#347,.T.);
#345 = VERTEX_POINT('',#346);
#346 = CARTESIAN_POINT('',(-2.7,-5.,13.));
#347 = LINE('',#348,#349);
#348 = CARTESIAN_POINT('',(-3.5,-5.,8.));
#349 = VECTOR('',#350,1.);
#350 = DIRECTION('',(0.157990501107,0.,0.987440631917));
#351 = ORIENTED_EDGE('',*,*,#352,.T.);
#352 = EDGE_CURVE('',#345,#353,#355,.T.);
#353 = VERTEX_POINT('',#354);
#354 = CARTESIAN_POINT('',(2.8,-5.,13.));
#355 = LINE('',#356,#357);
#356 = CARTESIAN_POINT('',(-2.7,-5.,13.));
#357 = VECTOR('',#358,1.);
#358 = DIRECTION('',(1.,0.,0.));
#359 = ORIENTED_EDGE('',*,*,#360,.T.);
#360 = EDGE_CURVE('',#353,#361,#363,.T.);
#361 = VERTEX_POINT('',#362);
#362 = CARTESIAN_POINT('',(4.499999999939,-5.,8.));
#363 = LINE('',#364,#365);
#364 = CARTESIAN_POINT('',(2.8,-5.,13.));
#365 = VECTOR('',#366,1.);
#366 = DIRECTION('',(0.321902733228,0.,-0.946772744823));
#367 = ORIENTED_EDGE('',*,*,#368,.T.);
#368 = EDGE_CURVE('',#361,#369,#371,.T.);
#369 = VERTEX_POINT('',#370);
#370 = CARTESIAN_POINT('',(5.,-5.,8.));
#371 = LINE('',#372,#373);
#372 = CARTESIAN_POINT('',(4.499999999939,-5.,8.));
#373 = VECTOR('',#374,1.);
#374 = DIRECTION('',(1.,0.,0.));
#375 = ORIENTED_EDGE('',*,*,#376,.T.);
#376 = EDGE_CURVE('',#369,#377,#379,.T.);
#377 = VERTEX_POINT('',#378);
#378 = CARTESIAN_POINT('',(5.,-5.,1.E-15));
#379 = LINE('',#380,#381);
#380 = CARTESIAN_POINT('',(5.,-5.,8.));
#381 = VECTOR('',#382,1.);
#382 = DIRECTION('',(0.,0.,-1.));
#383 = ORIENTED_EDGE('',*,*,#384,.F.);
#384 = EDGE_CURVE('',#385,#377,#387,.T.);
#385 = VERTEX_POINT('',#386);
#386 = CARTESIAN_POINT('',(4.2,-5.,0.));
#387 = LINE('',#388,#389);
#388 = CARTESIAN_POINT('',(-4.,-5.,1.E-15));
#389 = VECTOR('',#390,1.);
#390 = DIRECTION('',(1.,0.,0.));
#391 = ORIENTED_EDGE('',*,*,#392,.T.);
#392 = EDGE_CURVE('',#385,#393,#395,.T.);
#393 = VERTEX_POINT('',#394);
#394 = CARTESIAN_POINT('',(4.2,-5.,8.));
#395 = LINE('',#396,#397);
#396 = CARTESIAN_POINT('',(4.2,-5.,0.));
#397 = VECTOR('',#398,1.);
#398 = DIRECTION('',(0.,0.,1.));
#399 = ORIENTED_EDGE('',*,*,#400,.T.);
#400 = EDGE_CURVE('',#393,#401,#403,.T.);
#401 = VERTEX_POINT('',#402);
#402 = CARTESIAN_POINT('',(2.7,-5.,8.));
#403 = LINE('',#404,#405);
#404 = CARTESIAN_POINT('',(4.2,-5.,8.));
#405 = VECTOR('',#406,1.);
#406 = DIRECTION('',(-1.,0.,0.));
#407 = ORIENTED_EDGE('',*,*,#408,.T.);
#408 = EDGE_CURVE('',#401,#335,#409,.T.);
#409 = LINE('',#410,#411);
#410 = CARTESIAN_POINT('',(2.7,-5.,8.));
#411 = VECTOR('',#412,1.);
#412 = DIRECTION('',(0.,0.,-1.));
#413 = PLANE('',#414);
#414 = AXIS2_PLACEMENT_3D('',#415,#416,#417);
#415 = CARTESIAN_POINT('',(0.402771802873,-5.,6.025119617115));
#416 = DIRECTION('',(0.,1.,0.));
#417 = DIRECTION('',(0.,0.,1.));
#418 = ADVANCED_FACE('',(#419),#522,.T.);
#419 = FACE_BOUND('',#420,.T.);
#420 = EDGE_LOOP('',(#421,#422,#423,#431,#439,#445,#446,#452,#453,#461,
    #469,#475,#476,#477,#485,#493,#499,#500,#508,#516));
#421 = ORIENTED_EDGE('',*,*,#57,.F.);
#422 = ORIENTED_EDGE('',*,*,#215,.T.);
#423 = ORIENTED_EDGE('',*,*,#424,.T.);
#424 = EDGE_CURVE('',#216,#425,#427,.T.);
#425 = VERTEX_POINT('',#426);
#426 = CARTESIAN_POINT('',(2.7,4.45,-1.E-15));
#427 = LINE('',#428,#429);
#428 = CARTESIAN_POINT('',(2.7,5.,-8.9E-16));
#429 = VECTOR('',#430,1.);
#430 = DIRECTION('',(0.,-1.,2.2E-16));
#431 = ORIENTED_EDGE('',*,*,#432,.F.);
#432 = EDGE_CURVE('',#433,#425,#435,.T.);
#433 = VERTEX_POINT('',#434);
#434 = CARTESIAN_POINT('',(4.2,4.45,-1.E-15));
#435 = LINE('',#436,#437);
#436 = CARTESIAN_POINT('',(4.2,4.45,-8.9E-16));
#437 = VECTOR('',#438,1.);
#438 = DIRECTION('',(-1.,0.,0.));
#439 = ORIENTED_EDGE('',*,*,#440,.F.);
#440 = EDGE_CURVE('',#273,#433,#441,.T.);
#441 = LINE('',#442,#443);
#442 = CARTESIAN_POINT('',(4.2,5.,-8.9E-16));
#443 = VECTOR('',#444,1.);
#444 = DIRECTION('',(0.,-1.,2.2E-16));
#445 = ORIENTED_EDGE('',*,*,#272,.T.);
#446 = ORIENTED_EDGE('',*,*,#447,.T.);
#447 = EDGE_CURVE('',#265,#377,#448,.T.);
#448 = LINE('',#449,#450);
#449 = CARTESIAN_POINT('',(5.,5.,-1.11E-15));
#450 = VECTOR('',#451,1.);
#451 = DIRECTION('',(0.,-1.,2.2E-16));
#452 = ORIENTED_EDGE('',*,*,#384,.F.);
#453 = ORIENTED_EDGE('',*,*,#454,.T.);
#454 = EDGE_CURVE('',#385,#455,#457,.T.);
#455 = VERTEX_POINT('',#456);
#456 = CARTESIAN_POINT('',(4.2,-5.5,0.));
#457 = LINE('',#458,#459);
#458 = CARTESIAN_POINT('',(4.2,-5.,0.));
#459 = VECTOR('',#460,1.);
#460 = DIRECTION('',(0.,-1.,2.2E-16));
#461 = ORIENTED_EDGE('',*,*,#462,.F.);
#462 = EDGE_CURVE('',#463,#455,#465,.T.);
#463 = VERTEX_POINT('',#464);
#464 = CARTESIAN_POINT('',(2.7,-5.5,0.));
#465 = LINE('',#466,#467);
#466 = CARTESIAN_POINT('',(2.7,-5.5,0.));
#467 = VECTOR('',#468,1.);
#468 = DIRECTION('',(1.,0.,0.));
#469 = ORIENTED_EDGE('',*,*,#470,.F.);
#470 = EDGE_CURVE('',#335,#463,#471,.T.);
#471 = LINE('',#472,#473);
#472 = CARTESIAN_POINT('',(2.7,-5.,0.));
#473 = VECTOR('',#474,1.);
#474 = DIRECTION('',(0.,-1.,2.2E-16));
#475 = ORIENTED_EDGE('',*,*,#334,.F.);
#476 = ORIENTED_EDGE('',*,*,#185,.F.);
#477 = ORIENTED_EDGE('',*,*,#478,.F.);
#478 = EDGE_CURVE('',#479,#178,#481,.T.);
#479 = VERTEX_POINT('',#480);
#480 = CARTESIAN_POINT('',(1.,-3.04,0.));
#481 = LINE('',#482,#483);
#482 = CARTESIAN_POINT('',(1.,-3.04,0.));
#483 = VECTOR('',#484,1.);
#484 = DIRECTION('',(-1.,0.,0.));
#485 = ORIENTED_EDGE('',*,*,#486,.F.);
#486 = EDGE_CURVE('',#487,#479,#489,.T.);
#487 = VERTEX_POINT('',#488);
#488 = CARTESIAN_POINT('',(1.,-2.04,0.));
#489 = LINE('',#490,#491);
#490 = CARTESIAN_POINT('',(1.,-2.04,0.));
#491 = VECTOR('',#492,1.);
#492 = DIRECTION('',(0.,-1.,0.));
#493 = ORIENTED_EDGE('',*,*,#494,.F.);
#494 = EDGE_CURVE('',#122,#487,#495,.T.);
#495 = LINE('',#496,#497);
#496 = CARTESIAN_POINT('',(-4.,-2.04,0.));
#497 = VECTOR('',#498,1.);
#498 = DIRECTION('',(1.,0.,0.));
#499 = ORIENTED_EDGE('',*,*,#121,.F.);
#500 = ORIENTED_EDGE('',*,*,#501,.F.);
#501 = EDGE_CURVE('',#502,#114,#504,.T.);
#502 = VERTEX_POINT('',#503);
#503 = CARTESIAN_POINT('',(1.,2.04,0.));
#504 = LINE('',#505,#506);
#505 = CARTESIAN_POINT('',(1.,2.04,0.));
#506 = VECTOR('',#507,1.);
#507 = DIRECTION('',(-1.,0.,0.));
#508 = ORIENTED_EDGE('',*,*,#509,.F.);
#509 = EDGE_CURVE('',#510,#502,#512,.T.);
#510 = VERTEX_POINT('',#511);
#511 = CARTESIAN_POINT('',(1.,3.04,0.));
#512 = LINE('',#513,#514);
#513 = CARTESIAN_POINT('',(1.,3.04,0.));
#514 = VECTOR('',#515,1.);
#515 = DIRECTION('',(0.,-1.,0.));
#516 = ORIENTED_EDGE('',*,*,#517,.F.);
#517 = EDGE_CURVE('',#58,#510,#518,.T.);
#518 = LINE('',#519,#520);
#519 = CARTESIAN_POINT('',(-4.,3.04,0.));
#520 = VECTOR('',#521,1.);
#521 = DIRECTION('',(1.,0.,0.));
#522 = PLANE('',#523);
#523 = AXIS2_PLACEMENT_3D('',#524,#525,#526);
#524 = CARTESIAN_POINT('',(0.575641025641,-0.153846153846,-4.E-17));
#525 = DIRECTION('',(-0.,-0.,-1.));
#526 = DIRECTION('',(-1.,0.,0.));
#527 = ADVANCED_FACE('',(#528),#546,.F.);
#528 = FACE_BOUND('',#529,.F.);
#529 = EDGE_LOOP('',(#530,#538,#544,#545));
#530 = ORIENTED_EDGE('',*,*,#531,.T.);
#531 = EDGE_CURVE('',#479,#532,#534,.T.);
#532 = VERTEX_POINT('',#533);
#533 = CARTESIAN_POINT('',(1.,-3.04,1.));
#534 = LINE('',#535,#536);
#535 = CARTESIAN_POINT('',(1.,-3.04,-4.E-17));
#536 = VECTOR('',#537,1.);
#537 = DIRECTION('',(0.,0.,1.));
#538 = ORIENTED_EDGE('',*,*,#539,.T.);
#539 = EDGE_CURVE('',#532,#170,#540,.T.);
#540 = LINE('',#541,#542);
#541 = CARTESIAN_POINT('',(1.,-3.04,1.));
#542 = VECTOR('',#543,1.);
#543 = DIRECTION('',(-1.,0.,0.));
#544 = ORIENTED_EDGE('',*,*,#177,.F.);
#545 = ORIENTED_EDGE('',*,*,#478,.F.);
#546 = PLANE('',#547);
#547 = AXIS2_PLACEMENT_3D('',#548,#549,#550);
#548 = CARTESIAN_POINT('',(1.,-3.04,-4.E-17));
#549 = DIRECTION('',(0.,-1.,0.));
#550 = DIRECTION('',(-1.,0.,0.));
#551 = ADVANCED_FACE('',(#552),#625,.T.);
#552 = FACE_BOUND('',#553,.T.);
#553 = EDGE_LOOP('',(#554,#562,#563,#571,#577,#578,#579,#587,#595,#603,
    #611,#619));
#554 = ORIENTED_EDGE('',*,*,#555,.F.);
#555 = EDGE_CURVE('',#138,#556,#558,.T.);
#556 = VERTEX_POINT('',#557);
#557 = CARTESIAN_POINT('',(2.,-0.4,1.));
#558 = LINE('',#559,#560);
#559 = CARTESIAN_POINT('',(-4.,-0.4,1.));
#560 = VECTOR('',#561,1.);
#561 = DIRECTION('',(1.,0.,0.));
#562 = ORIENTED_EDGE('',*,*,#137,.T.);
#563 = ORIENTED_EDGE('',*,*,#564,.T.);
#564 = EDGE_CURVE('',#130,#565,#567,.T.);
#565 = VERTEX_POINT('',#566);
#566 = CARTESIAN_POINT('',(1.,-2.04,1.));
#567 = LINE('',#568,#569);
#568 = CARTESIAN_POINT('',(-4.,-2.04,1.));
#569 = VECTOR('',#570,1.);
#570 = DIRECTION('',(1.,0.,0.));
#571 = ORIENTED_EDGE('',*,*,#572,.T.);
#572 = EDGE_CURVE('',#565,#532,#573,.T.);
#573 = LINE('',#574,#575);
#574 = CARTESIAN_POINT('',(1.,-2.04,1.));
#575 = VECTOR('',#576,1.);
#576 = DIRECTION('',(0.,-1.,0.));
#577 = ORIENTED_EDGE('',*,*,#539,.T.);
#578 = ORIENTED_EDGE('',*,*,#169,.T.);
#579 = ORIENTED_EDGE('',*,*,#580,.T.);
#580 = EDGE_CURVE('',#162,#581,#583,.T.);
#581 = VERTEX_POINT('',#582);
#582 = CARTESIAN_POINT('',(2.,-4.7,1.));
#583 = LINE('',#584,#585);
#584 = CARTESIAN_POINT('',(-4.,-4.7,1.));
#585 = VECTOR('',#586,1.);
#586 = DIRECTION('',(1.,0.,0.));
#587 = ORIENTED_EDGE('',*,*,#588,.F.);
#588 = EDGE_CURVE('',#589,#581,#591,.T.);
#589 = VERTEX_POINT('',#590);
#590 = CARTESIAN_POINT('',(2.,-3.9,1.));
#591 = LINE('',#592,#593);
#592 = CARTESIAN_POINT('',(2.,-0.4,1.));
#593 = VECTOR('',#594,1.);
#594 = DIRECTION('',(0.,-1.,0.));
#595 = ORIENTED_EDGE('',*,*,#596,.T.);
#596 = EDGE_CURVE('',#589,#597,#599,.T.);
#597 = VERTEX_POINT('',#598);
#598 = CARTESIAN_POINT('',(4.,-3.9,1.));
#599 = LINE('',#600,#601);
#600 = CARTESIAN_POINT('',(2.,-3.9,1.));
#601 = VECTOR('',#602,1.);
#602 = DIRECTION('',(1.,0.,0.));
#603 = ORIENTED_EDGE('',*,*,#604,.F.);
#604 = EDGE_CURVE('',#605,#597,#607,.T.);
#605 = VERTEX_POINT('',#606);
#606 = CARTESIAN_POINT('',(4.,-1.2,1.));
#607 = LINE('',#608,#609);
#608 = CARTESIAN_POINT('',(4.,-1.2,1.));
#609 = VECTOR('',#610,1.);
#610 = DIRECTION('',(0.,-1.,0.));
#611 = ORIENTED_EDGE('',*,*,#612,.F.);
#612 = EDGE_CURVE('',#613,#605,#615,.T.);
#613 = VERTEX_POINT('',#614);
#614 = CARTESIAN_POINT('',(2.,-1.2,1.));
#615 = LINE('',#616,#617);
#616 = CARTESIAN_POINT('',(2.,-1.2,1.));
#617 = VECTOR('',#618,1.);
#618 = DIRECTION('',(1.,0.,0.));
#619 = ORIENTED_EDGE('',*,*,#620,.F.);
#620 = EDGE_CURVE('',#556,#613,#621,.T.);
#621 = LINE('',#622,#623);
#622 = CARTESIAN_POINT('',(2.,-0.4,1.));
#623 = VECTOR('',#624,1.);
#624 = DIRECTION('',(0.,-1.,0.));
#625 = PLANE('',#626);
#626 = AXIS2_PLACEMENT_3D('',#627,#628,#629);
#627 = CARTESIAN_POINT('',(-0.130081300813,-2.55,1.));
#628 = DIRECTION('',(0.,0.,1.));
#629 = DIRECTION('',(1.,0.,0.));
#630 = ADVANCED_FACE('',(#631),#649,.F.);
#631 = FACE_BOUND('',#632,.F.);
#632 = EDGE_LOOP('',(#633,#634,#642,#648));
#633 = ORIENTED_EDGE('',*,*,#580,.T.);
#634 = ORIENTED_EDGE('',*,*,#635,.T.);
#635 = EDGE_CURVE('',#581,#636,#638,.T.);
#636 = VERTEX_POINT('',#637);
#637 = CARTESIAN_POINT('',(2.,-4.7,7.2));
#638 = LINE('',#639,#640);
#639 = CARTESIAN_POINT('',(2.,-4.7,1.));
#640 = VECTOR('',#641,1.);
#641 = DIRECTION('',(0.,0.,1.));
#642 = ORIENTED_EDGE('',*,*,#643,.F.);
#643 = EDGE_CURVE('',#154,#636,#644,.T.);
#644 = LINE('',#645,#646);
#645 = CARTESIAN_POINT('',(-4.,-4.7,7.2));
#646 = VECTOR('',#647,1.);
#647 = DIRECTION('',(1.,0.,0.));
#648 = ORIENTED_EDGE('',*,*,#161,.F.);
#649 = PLANE('',#650);
#650 = AXIS2_PLACEMENT_3D('',#651,#652,#653);
#651 = CARTESIAN_POINT('',(-4.,-4.7,1.));
#652 = DIRECTION('',(0.,-1.,0.));
#653 = DIRECTION('',(0.,0.,1.));
#654 = ADVANCED_FACE('',(#655,#705),#716,.T.);
#655 = FACE_BOUND('',#656,.T.);
#656 = EDGE_LOOP('',(#657,#658,#659,#667,#675,#683,#691,#699));
#657 = ORIENTED_EDGE('',*,*,#643,.F.);
#658 = ORIENTED_EDGE('',*,*,#153,.T.);
#659 = ORIENTED_EDGE('',*,*,#660,.T.);
#660 = EDGE_CURVE('',#146,#661,#663,.T.);
#661 = VERTEX_POINT('',#662);
#662 = CARTESIAN_POINT('',(2.,-0.4,7.2));
#663 = LINE('',#664,#665);
#664 = CARTESIAN_POINT('',(-4.,-0.4,7.2));
#665 = VECTOR('',#666,1.);
#666 = DIRECTION('',(1.,0.,0.));
#667 = ORIENTED_EDGE('',*,*,#668,.F.);
#668 = EDGE_CURVE('',#669,#661,#671,.T.);
#669 = VERTEX_POINT('',#670);
#670 = CARTESIAN_POINT('',(2.,-1.2,7.2));
#671 = LINE('',#672,#673);
#672 = CARTESIAN_POINT('',(2.,-4.7,7.2));
#673 = VECTOR('',#674,1.);
#674 = DIRECTION('',(0.,1.,0.));
#675 = ORIENTED_EDGE('',*,*,#676,.T.);
#676 = EDGE_CURVE('',#669,#677,#679,.T.);
#677 = VERTEX_POINT('',#678);
#678 = CARTESIAN_POINT('',(4.,-1.2,7.2));
#679 = LINE('',#680,#681);
#680 = CARTESIAN_POINT('',(2.,-1.2,7.2));
#681 = VECTOR('',#682,1.);
#682 = DIRECTION('',(1.,0.,0.));
#683 = ORIENTED_EDGE('',*,*,#684,.F.);
#684 = EDGE_CURVE('',#685,#677,#687,.T.);
#685 = VERTEX_POINT('',#686);
#686 = CARTESIAN_POINT('',(4.,-3.9,7.2));
#687 = LINE('',#688,#689);
#688 = CARTESIAN_POINT('',(4.,-3.9,7.2));
#689 = VECTOR('',#690,1.);
#690 = DIRECTION('',(0.,1.,0.));
#691 = ORIENTED_EDGE('',*,*,#692,.F.);
#692 = EDGE_CURVE('',#693,#685,#695,.T.);
#693 = VERTEX_POINT('',#694);
#694 = CARTESIAN_POINT('',(2.,-3.9,7.2));
#695 = LINE('',#696,#697);
#696 = CARTESIAN_POINT('',(2.,-3.9,7.2));
#697 = VECTOR('',#698,1.);
#698 = DIRECTION('',(1.,0.,0.));
#699 = ORIENTED_EDGE('',*,*,#700,.F.);
#700 = EDGE_CURVE('',#636,#693,#701,.T.);
#701 = LINE('',#702,#703);
#702 = CARTESIAN_POINT('',(2.,-4.7,7.2));
#703 = VECTOR('',#704,1.);
#704 = DIRECTION('',(0.,1.,0.));
#705 = FACE_BOUND('',#706,.T.);
#706 = EDGE_LOOP('',(#707));
#707 = ORIENTED_EDGE('',*,*,#708,.T.);
#708 = EDGE_CURVE('',#709,#709,#711,.T.);
#709 = VERTEX_POINT('',#710);
#710 = CARTESIAN_POINT('',(2.,-2.54,7.2));
#711 = CIRCLE('',#712,2.);
#712 = AXIS2_PLACEMENT_3D('',#713,#714,#715);
#713 = CARTESIAN_POINT('',(0.,-2.54,7.2));
#714 = DIRECTION('',(0.,0.,1.));
#715 = DIRECTION('',(1.,0.,0.));
#716 = PLANE('',#717);
#717 = AXIS2_PLACEMENT_3D('',#718,#719,#720);
#718 = CARTESIAN_POINT('',(-0.130081300813,-2.55,7.2));
#719 = DIRECTION('',(-0.,-0.,-1.));
#720 = DIRECTION('',(-1.,0.,0.));
#721 = ADVANCED_FACE('',(#722),#733,.F.);
#722 = FACE_BOUND('',#723,.F.);
#723 = EDGE_LOOP('',(#724,#725,#731,#732));
#724 = ORIENTED_EDGE('',*,*,#660,.T.);
#725 = ORIENTED_EDGE('',*,*,#726,.T.);
#726 = EDGE_CURVE('',#661,#556,#727,.T.);
#727 = LINE('',#728,#729);
#728 = CARTESIAN_POINT('',(2.,-0.4,7.2));
#729 = VECTOR('',#730,1.);
#730 = DIRECTION('',(0.,0.,-1.));
#731 = ORIENTED_EDGE('',*,*,#555,.F.);
#732 = ORIENTED_EDGE('',*,*,#145,.F.);
#733 = PLANE('',#734);
#734 = AXIS2_PLACEMENT_3D('',#735,#736,#737);
#735 = CARTESIAN_POINT('',(-4.,-0.4,7.2));
#736 = DIRECTION('',(0.,1.,0.));
#737 = DIRECTION('',(0.,0.,-1.));
#738 = ADVANCED_FACE('',(#739),#750,.F.);
#739 = FACE_BOUND('',#740,.F.);
#740 = EDGE_LOOP('',(#741,#742,#743,#749));
#741 = ORIENTED_EDGE('',*,*,#129,.T.);
#742 = ORIENTED_EDGE('',*,*,#564,.T.);
#743 = ORIENTED_EDGE('',*,*,#744,.F.);
#744 = EDGE_CURVE('',#487,#565,#745,.T.);
#745 = LINE('',#746,#747);
#746 = CARTESIAN_POINT('',(1.,-2.04,-4.E-17));
#747 = VECTOR('',#748,1.);
#748 = DIRECTION('',(0.,0.,1.));
#749 = ORIENTED_EDGE('',*,*,#494,.F.);
#750 = PLANE('',#751);
#751 = AXIS2_PLACEMENT_3D('',#752,#753,#754);
#752 = CARTESIAN_POINT('',(-4.,-2.04,-4.E-17));
#753 = DIRECTION('',(0.,1.,0.));
#754 = DIRECTION('',(1.,0.,0.));
#755 = ADVANCED_FACE('',(#756),#774,.F.);
#756 = FACE_BOUND('',#757,.F.);
#757 = EDGE_LOOP('',(#758,#766,#772,#773));
#758 = ORIENTED_EDGE('',*,*,#759,.T.);
#759 = EDGE_CURVE('',#502,#760,#762,.T.);
#760 = VERTEX_POINT('',#761);
#761 = CARTESIAN_POINT('',(1.,2.04,1.));
#762 = LINE('',#763,#764);
#763 = CARTESIAN_POINT('',(1.,2.04,-4.E-17));
#764 = VECTOR('',#765,1.);
#765 = DIRECTION('',(0.,0.,1.));
#766 = ORIENTED_EDGE('',*,*,#767,.T.);
#767 = EDGE_CURVE('',#760,#106,#768,.T.);
#768 = LINE('',#769,#770);
#769 = CARTESIAN_POINT('',(1.,2.04,1.));
#770 = VECTOR('',#771,1.);
#771 = DIRECTION('',(-1.,0.,0.));
#772 = ORIENTED_EDGE('',*,*,#113,.F.);
#773 = ORIENTED_EDGE('',*,*,#501,.F.);
#774 = PLANE('',#775);
#775 = AXIS2_PLACEMENT_3D('',#776,#777,#778);
#776 = CARTESIAN_POINT('',(1.,2.04,-4.E-17));
#777 = DIRECTION('',(0.,-1.,0.));
#778 = DIRECTION('',(-1.,0.,0.));
#779 = ADVANCED_FACE('',(#780),#853,.T.);
#780 = FACE_BOUND('',#781,.T.);
#781 = EDGE_LOOP('',(#782,#790,#791,#799,#805,#806,#807,#815,#823,#831,
    #839,#847));
#782 = ORIENTED_EDGE('',*,*,#783,.F.);
#783 = EDGE_CURVE('',#74,#784,#786,.T.);
#784 = VERTEX_POINT('',#785);
#785 = CARTESIAN_POINT('',(2.,4.699999999973,1.));
#786 = LINE('',#787,#788);
#787 = CARTESIAN_POINT('',(-4.,4.699999999973,1.));
#788 = VECTOR('',#789,1.);
#789 = DIRECTION('',(1.,0.,0.));
#790 = ORIENTED_EDGE('',*,*,#73,.T.);
#791 = ORIENTED_EDGE('',*,*,#792,.T.);
#792 = EDGE_CURVE('',#66,#793,#795,.T.);
#793 = VERTEX_POINT('',#794);
#794 = CARTESIAN_POINT('',(1.,3.04,1.));
#795 = LINE('',#796,#797);
#796 = CARTESIAN_POINT('',(-4.,3.04,1.));
#797 = VECTOR('',#798,1.);
#798 = DIRECTION('',(1.,0.,0.));
#799 = ORIENTED_EDGE('',*,*,#800,.T.);
#800 = EDGE_CURVE('',#793,#760,#801,.T.);
#801 = LINE('',#802,#803);
#802 = CARTESIAN_POINT('',(1.,3.04,1.));
#803 = VECTOR('',#804,1.);
#804 = DIRECTION('',(0.,-1.,0.));
#805 = ORIENTED_EDGE('',*,*,#767,.T.);
#806 = ORIENTED_EDGE('',*,*,#105,.T.);
#807 = ORIENTED_EDGE('',*,*,#808,.T.);
#808 = EDGE_CURVE('',#98,#809,#811,.T.);
#809 = VERTEX_POINT('',#810);
#810 = CARTESIAN_POINT('',(2.,0.4,1.));
#811 = LINE('',#812,#813);
#812 = CARTESIAN_POINT('',(-4.,0.4,1.));
#813 = VECTOR('',#814,1.);
#814 = DIRECTION('',(1.,0.,0.));
#815 = ORIENTED_EDGE('',*,*,#816,.F.);
#816 = EDGE_CURVE('',#817,#809,#819,.T.);
#817 = VERTEX_POINT('',#818);
#818 = CARTESIAN_POINT('',(2.,1.199999999987,1.));
#819 = LINE('',#820,#821);
#820 = CARTESIAN_POINT('',(2.,4.699999999973,1.));
#821 = VECTOR('',#822,1.);
#822 = DIRECTION('',(0.,-1.,0.));
#823 = ORIENTED_EDGE('',*,*,#824,.T.);
#824 = EDGE_CURVE('',#817,#825,#827,.T.);
#825 = VERTEX_POINT('',#826);
#826 = CARTESIAN_POINT('',(4.,1.199999999987,1.));
#827 = LINE('',#828,#829);
#828 = CARTESIAN_POINT('',(2.,1.199999999987,1.));
#829 = VECTOR('',#830,1.);
#830 = DIRECTION('',(1.,0.,0.));
#831 = ORIENTED_EDGE('',*,*,#832,.F.);
#832 = EDGE_CURVE('',#833,#825,#835,.T.);
#833 = VERTEX_POINT('',#834);
#834 = CARTESIAN_POINT('',(4.,3.899999999987,1.));
#835 = LINE('',#836,#837);
#836 = CARTESIAN_POINT('',(4.,3.899999999987,1.));
#837 = VECTOR('',#838,1.);
#838 = DIRECTION('',(0.,-1.,0.));
#839 = ORIENTED_EDGE('',*,*,#840,.F.);
#840 = EDGE_CURVE('',#841,#833,#843,.T.);
#841 = VERTEX_POINT('',#842);
#842 = CARTESIAN_POINT('',(2.,3.899999999987,1.));
#843 = LINE('',#844,#845);
#844 = CARTESIAN_POINT('',(2.,3.899999999987,1.));
#845 = VECTOR('',#846,1.);
#846 = DIRECTION('',(1.,0.,0.));
#847 = ORIENTED_EDGE('',*,*,#848,.F.);
#848 = EDGE_CURVE('',#784,#841,#849,.T.);
#849 = LINE('',#850,#851);
#850 = CARTESIAN_POINT('',(2.,4.699999999973,1.));
#851 = VECTOR('',#852,1.);
#852 = DIRECTION('',(0.,-1.,0.));
#853 = PLANE('',#854);
#854 = AXIS2_PLACEMENT_3D('',#855,#856,#857);
#855 = CARTESIAN_POINT('',(-0.130081300811,2.549999999987,1.));
#856 = DIRECTION('',(0.,0.,1.));
#857 = DIRECTION('',(1.,0.,0.));
#858 = ADVANCED_FACE('',(#859),#877,.F.);
#859 = FACE_BOUND('',#860,.F.);
#860 = EDGE_LOOP('',(#861,#862,#870,#876));
#861 = ORIENTED_EDGE('',*,*,#808,.T.);
#862 = ORIENTED_EDGE('',*,*,#863,.T.);
#863 = EDGE_CURVE('',#809,#864,#866,.T.);
#864 = VERTEX_POINT('',#865);
#865 = CARTESIAN_POINT('',(2.,0.4,7.2));
#866 = LINE('',#867,#868);
#867 = CARTESIAN_POINT('',(2.,0.4,1.));
#868 = VECTOR('',#869,1.);
#869 = DIRECTION('',(0.,0.,1.));
#870 = ORIENTED_EDGE('',*,*,#871,.F.);
#871 = EDGE_CURVE('',#90,#864,#872,.T.);
#872 = LINE('',#873,#874);
#873 = CARTESIAN_POINT('',(-4.,0.4,7.2));
#874 = VECTOR('',#875,1.);
#875 = DIRECTION('',(1.,0.,0.));
#876 = ORIENTED_EDGE('',*,*,#97,.F.);
#877 = PLANE('',#878);
#878 = AXIS2_PLACEMENT_3D('',#879,#880,#881);
#879 = CARTESIAN_POINT('',(-4.,0.4,1.));
#880 = DIRECTION('',(0.,-1.,0.));
#881 = DIRECTION('',(0.,0.,1.));
#882 = ADVANCED_FACE('',(#883,#933),#944,.T.);
#883 = FACE_BOUND('',#884,.T.);
#884 = EDGE_LOOP('',(#885,#886,#887,#895,#903,#911,#919,#927));
#885 = ORIENTED_EDGE('',*,*,#871,.F.);
#886 = ORIENTED_EDGE('',*,*,#89,.T.);
#887 = ORIENTED_EDGE('',*,*,#888,.T.);
#888 = EDGE_CURVE('',#82,#889,#891,.T.);
#889 = VERTEX_POINT('',#890);
#890 = CARTESIAN_POINT('',(2.,4.699999999973,7.2));
#891 = LINE('',#892,#893);
#892 = CARTESIAN_POINT('',(-4.,4.699999999973,7.2));
#893 = VECTOR('',#894,1.);
#894 = DIRECTION('',(1.,0.,0.));
#895 = ORIENTED_EDGE('',*,*,#896,.F.);
#896 = EDGE_CURVE('',#897,#889,#899,.T.);
#897 = VERTEX_POINT('',#898);
#898 = CARTESIAN_POINT('',(2.,3.899999999987,7.2));
#899 = LINE('',#900,#901);
#900 = CARTESIAN_POINT('',(2.,0.4,7.2));
#901 = VECTOR('',#902,1.);
#902 = DIRECTION('',(0.,1.,0.));
#903 = ORIENTED_EDGE('',*,*,#904,.T.);
#904 = EDGE_CURVE('',#897,#905,#907,.T.);
#905 = VERTEX_POINT('',#906);
#906 = CARTESIAN_POINT('',(4.,3.899999999987,7.2));
#907 = LINE('',#908,#909);
#908 = CARTESIAN_POINT('',(2.,3.899999999987,7.2));
#909 = VECTOR('',#910,1.);
#910 = DIRECTION('',(1.,0.,0.));
#911 = ORIENTED_EDGE('',*,*,#912,.F.);
#912 = EDGE_CURVE('',#913,#905,#915,.T.);
#913 = VERTEX_POINT('',#914);
#914 = CARTESIAN_POINT('',(4.,1.199999999987,7.2));
#915 = LINE('',#916,#917);
#916 = CARTESIAN_POINT('',(4.,1.199999999987,7.2));
#917 = VECTOR('',#918,1.);
#918 = DIRECTION('',(0.,1.,0.));
#919 = ORIENTED_EDGE('',*,*,#920,.F.);
#920 = EDGE_CURVE('',#921,#913,#923,.T.);
#921 = VERTEX_POINT('',#922);
#922 = CARTESIAN_POINT('',(2.,1.199999999987,7.2));
#923 = LINE('',#924,#925);
#924 = CARTESIAN_POINT('',(2.,1.199999999987,7.2));
#925 = VECTOR('',#926,1.);
#926 = DIRECTION('',(1.,0.,0.));
#927 = ORIENTED_EDGE('',*,*,#928,.F.);
#928 = EDGE_CURVE('',#864,#921,#929,.T.);
#929 = LINE('',#930,#931);
#930 = CARTESIAN_POINT('',(2.,0.4,7.2));
#931 = VECTOR('',#932,1.);
#932 = DIRECTION('',(0.,1.,0.));
#933 = FACE_BOUND('',#934,.T.);
#934 = EDGE_LOOP('',(#935));
#935 = ORIENTED_EDGE('',*,*,#936,.T.);
#936 = EDGE_CURVE('',#937,#937,#939,.T.);
#937 = VERTEX_POINT('',#938);
#938 = CARTESIAN_POINT('',(2.,2.54,7.2));
#939 = CIRCLE('',#940,2.);
#940 = AXIS2_PLACEMENT_3D('',#941,#942,#943);
#941 = CARTESIAN_POINT('',(0.,2.54,7.2));
#942 = DIRECTION('',(0.,0.,1.));
#943 = DIRECTION('',(1.,0.,0.));
#944 = PLANE('',#945);
#945 = AXIS2_PLACEMENT_3D('',#946,#947,#948);
#946 = CARTESIAN_POINT('',(-0.130081300811,2.549999999987,7.2));
#947 = DIRECTION('',(-0.,-0.,-1.));
#948 = DIRECTION('',(-1.,0.,0.));
#949 = ADVANCED_FACE('',(#950),#961,.F.);
#950 = FACE_BOUND('',#951,.F.);
#951 = EDGE_LOOP('',(#952,#953,#959,#960));
#952 = ORIENTED_EDGE('',*,*,#888,.T.);
#953 = ORIENTED_EDGE('',*,*,#954,.T.);
#954 = EDGE_CURVE('',#889,#784,#955,.T.);
#955 = LINE('',#956,#957);
#956 = CARTESIAN_POINT('',(2.,4.699999999973,7.2));
#957 = VECTOR('',#958,1.);
#958 = DIRECTION('',(0.,0.,-1.));
#959 = ORIENTED_EDGE('',*,*,#783,.F.);
#960 = ORIENTED_EDGE('',*,*,#81,.F.);
#961 = PLANE('',#962);
#962 = AXIS2_PLACEMENT_3D('',#963,#964,#965);
#963 = CARTESIAN_POINT('',(-4.,4.699999999973,7.2));
#964 = DIRECTION('',(0.,1.,0.));
#965 = DIRECTION('',(0.,0.,-1.));
#966 = ADVANCED_FACE('',(#967),#978,.F.);
#967 = FACE_BOUND('',#968,.F.);
#968 = EDGE_LOOP('',(#969,#970,#971,#977));
#969 = ORIENTED_EDGE('',*,*,#65,.T.);
#970 = ORIENTED_EDGE('',*,*,#792,.T.);
#971 = ORIENTED_EDGE('',*,*,#972,.F.);
#972 = EDGE_CURVE('',#510,#793,#973,.T.);
#973 = LINE('',#974,#975);
#974 = CARTESIAN_POINT('',(1.,3.04,-4.E-17));
#975 = VECTOR('',#976,1.);
#976 = DIRECTION('',(0.,0.,1.));
#977 = ORIENTED_EDGE('',*,*,#517,.F.);
#978 = PLANE('',#979);
#979 = AXIS2_PLACEMENT_3D('',#980,#981,#982);
#980 = CARTESIAN_POINT('',(-4.,3.04,-4.E-17));
#981 = DIRECTION('',(0.,1.,0.));
#982 = DIRECTION('',(1.,0.,0.));
#983 = ADVANCED_FACE('',(#984),#1002,.F.);
#984 = FACE_BOUND('',#985,.F.);
#985 = EDGE_LOOP('',(#986,#987,#995,#1001));
#986 = ORIENTED_EDGE('',*,*,#424,.T.);
#987 = ORIENTED_EDGE('',*,*,#988,.T.);
#988 = EDGE_CURVE('',#425,#989,#991,.T.);
#989 = VERTEX_POINT('',#990);
#990 = CARTESIAN_POINT('',(2.7,4.45,8.));
#991 = LINE('',#992,#993);
#992 = CARTESIAN_POINT('',(2.7,4.45,-8.9E-16));
#993 = VECTOR('',#994,1.);
#994 = DIRECTION('',(0.,0.,1.));
#995 = ORIENTED_EDGE('',*,*,#996,.F.);
#996 = EDGE_CURVE('',#289,#989,#997,.T.);
#997 = LINE('',#998,#999);
#998 = CARTESIAN_POINT('',(2.7,5.,8.));
#999 = VECTOR('',#1000,1.);
#1000 = DIRECTION('',(0.,-1.,2.2E-16));
#1001 = ORIENTED_EDGE('',*,*,#296,.F.);
#1002 = PLANE('',#1003);
#1003 = AXIS2_PLACEMENT_3D('',#1004,#1005,#1006);
#1004 = CARTESIAN_POINT('',(2.7,5.,-8.9E-16));
#1005 = DIRECTION('',(-1.,0.,0.));
#1006 = DIRECTION('',(0.,2.2E-16,1.));
#1007 = ADVANCED_FACE('',(#1008),#1026,.F.);
#1008 = FACE_BOUND('',#1009,.F.);
#1009 = EDGE_LOOP('',(#1010,#1011,#1019,#1025));
#1010 = ORIENTED_EDGE('',*,*,#996,.T.);
#1011 = ORIENTED_EDGE('',*,*,#1012,.T.);
#1012 = EDGE_CURVE('',#989,#1013,#1015,.T.);
#1013 = VERTEX_POINT('',#1014);
#1014 = CARTESIAN_POINT('',(4.2,4.45,8.));
#1015 = LINE('',#1016,#1017);
#1016 = CARTESIAN_POINT('',(2.7,4.45,8.));
#1017 = VECTOR('',#1018,1.);
#1018 = DIRECTION('',(1.,0.,0.));
#1019 = ORIENTED_EDGE('',*,*,#1020,.F.);
#1020 = EDGE_CURVE('',#281,#1013,#1021,.T.);
#1021 = LINE('',#1022,#1023);
#1022 = CARTESIAN_POINT('',(4.2,5.,8.));
#1023 = VECTOR('',#1024,1.);
#1024 = DIRECTION('',(0.,-1.,2.2E-16));
#1025 = ORIENTED_EDGE('',*,*,#288,.F.);
#1026 = PLANE('',#1027);
#1027 = AXIS2_PLACEMENT_3D('',#1028,#1029,#1030);
#1028 = CARTESIAN_POINT('',(2.7,5.,8.));
#1029 = DIRECTION('',(0.,2.2E-16,1.));
#1030 = DIRECTION('',(1.,0.,0.));
#1031 = ADVANCED_FACE('',(#1032),#1043,.F.);
#1032 = FACE_BOUND('',#1033,.F.);
#1033 = EDGE_LOOP('',(#1034,#1035,#1041,#1042));
#1034 = ORIENTED_EDGE('',*,*,#1020,.T.);
#1035 = ORIENTED_EDGE('',*,*,#1036,.T.);
#1036 = EDGE_CURVE('',#1013,#433,#1037,.T.);
#1037 = LINE('',#1038,#1039);
#1038 = CARTESIAN_POINT('',(4.2,4.45,8.));
#1039 = VECTOR('',#1040,1.);
#1040 = DIRECTION('',(0.,0.,-1.));
#1041 = ORIENTED_EDGE('',*,*,#440,.F.);
#1042 = ORIENTED_EDGE('',*,*,#280,.F.);
#1043 = PLANE('',#1044);
#1044 = AXIS2_PLACEMENT_3D('',#1045,#1046,#1047);
#1045 = CARTESIAN_POINT('',(4.2,5.,8.));
#1046 = DIRECTION('',(1.,0.,0.));
#1047 = DIRECTION('',(0.,-2.2E-16,-1.));
#1048 = ADVANCED_FACE('',(#1049),#1060,.T.);
#1049 = FACE_BOUND('',#1050,.T.);
#1050 = EDGE_LOOP('',(#1051,#1057,#1058,#1059));
#1051 = ORIENTED_EDGE('',*,*,#1052,.T.);
#1052 = EDGE_CURVE('',#257,#369,#1053,.T.);
#1053 = LINE('',#1054,#1055);
#1054 = CARTESIAN_POINT('',(5.,5.,8.));
#1055 = VECTOR('',#1056,1.);
#1056 = DIRECTION('',(0.,-1.,2.2E-16));
#1057 = ORIENTED_EDGE('',*,*,#376,.T.);
#1058 = ORIENTED_EDGE('',*,*,#447,.F.);
#1059 = ORIENTED_EDGE('',*,*,#264,.F.);
#1060 = PLANE('',#1061);
#1061 = AXIS2_PLACEMENT_3D('',#1062,#1063,#1064);
#1062 = CARTESIAN_POINT('',(5.,5.,8.));
#1063 = DIRECTION('',(1.,0.,0.));
#1064 = DIRECTION('',(0.,-2.2E-16,-1.));
#1065 = ADVANCED_FACE('',(#1066),#1077,.T.);
#1066 = FACE_BOUND('',#1067,.T.);
#1067 = EDGE_LOOP('',(#1068,#1074,#1075,#1076));
#1068 = ORIENTED_EDGE('',*,*,#1069,.T.);
#1069 = EDGE_CURVE('',#249,#361,#1070,.T.);
#1070 = LINE('',#1071,#1072);
#1071 = CARTESIAN_POINT('',(4.499999999939,5.,8.));
#1072 = VECTOR('',#1073,1.);
#1073 = DIRECTION('',(0.,-1.,2.2E-16));
#1074 = ORIENTED_EDGE('',*,*,#368,.T.);
#1075 = ORIENTED_EDGE('',*,*,#1052,.F.);
#1076 = ORIENTED_EDGE('',*,*,#256,.F.);
#1077 = PLANE('',#1078);
#1078 = AXIS2_PLACEMENT_3D('',#1079,#1080,#1081);
#1079 = CARTESIAN_POINT('',(4.499999999939,5.,8.));
#1080 = DIRECTION('',(0.,2.2E-16,1.));
#1081 = DIRECTION('',(1.,0.,0.));
#1082 = ADVANCED_FACE('',(#1083),#1094,.T.);
#1083 = FACE_BOUND('',#1084,.T.);
#1084 = EDGE_LOOP('',(#1085,#1091,#1092,#1093));
#1085 = ORIENTED_EDGE('',*,*,#1086,.T.);
#1086 = EDGE_CURVE('',#241,#353,#1087,.T.);
#1087 = LINE('',#1088,#1089);
#1088 = CARTESIAN_POINT('',(2.8,5.,13.));
#1089 = VECTOR('',#1090,1.);
#1090 = DIRECTION('',(0.,-1.,2.2E-16));
#1091 = ORIENTED_EDGE('',*,*,#360,.T.);
#1092 = ORIENTED_EDGE('',*,*,#1069,.F.);
#1093 = ORIENTED_EDGE('',*,*,#248,.F.);
#1094 = PLANE('',#1095);
#1095 = AXIS2_PLACEMENT_3D('',#1096,#1097,#1098);
#1096 = CARTESIAN_POINT('',(2.8,5.,13.));
#1097 = DIRECTION('',(0.946772744823,7.E-17,0.321902733228));
#1098 = DIRECTION('',(0.321902733228,-2.1E-16,-0.946772744823));
#1099 = ADVANCED_FACE('',(#1100,#1111,#1122),#1133,.T.);
#1100 = FACE_BOUND('',#1101,.T.);
#1101 = EDGE_LOOP('',(#1102,#1108,#1109,#1110));
#1102 = ORIENTED_EDGE('',*,*,#1103,.T.);
#1103 = EDGE_CURVE('',#233,#345,#1104,.T.);
#1104 = LINE('',#1105,#1106);
#1105 = CARTESIAN_POINT('',(-2.7,5.,13.));
#1106 = VECTOR('',#1107,1.);
#1107 = DIRECTION('',(0.,-1.,2.2E-16));
#1108 = ORIENTED_EDGE('',*,*,#352,.T.);
#1109 = ORIENTED_EDGE('',*,*,#1086,.F.);
#1110 = ORIENTED_EDGE('',*,*,#240,.F.);
#1111 = FACE_BOUND('',#1112,.T.);
#1112 = EDGE_LOOP('',(#1113));
#1113 = ORIENTED_EDGE('',*,*,#1114,.F.);
#1114 = EDGE_CURVE('',#1115,#1115,#1117,.T.);
#1115 = VERTEX_POINT('',#1116);
#1116 = CARTESIAN_POINT('',(2.,-2.54,13.));
#1117 = CIRCLE('',#1118,2.);
#1118 = AXIS2_PLACEMENT_3D('',#1119,#1120,#1121);
#1119 = CARTESIAN_POINT('',(0.,-2.54,13.));
#1120 = DIRECTION('',(0.,0.,1.));
#1121 = DIRECTION('',(1.,0.,0.));
#1122 = FACE_BOUND('',#1123,.T.);
#1123 = EDGE_LOOP('',(#1124));
#1124 = ORIENTED_EDGE('',*,*,#1125,.F.);
#1125 = EDGE_CURVE('',#1126,#1126,#1128,.T.);
#1126 = VERTEX_POINT('',#1127);
#1127 = CARTESIAN_POINT('',(2.,2.54,13.));
#1128 = CIRCLE('',#1129,2.);
#1129 = AXIS2_PLACEMENT_3D('',#1130,#1131,#1132);
#1130 = CARTESIAN_POINT('',(0.,2.54,13.));
#1131 = DIRECTION('',(0.,0.,1.));
#1132 = DIRECTION('',(1.,0.,0.));
#1133 = PLANE('',#1134);
#1134 = AXIS2_PLACEMENT_3D('',#1135,#1136,#1137);
#1135 = CARTESIAN_POINT('',(-2.7,5.,13.));
#1136 = DIRECTION('',(0.,2.2E-16,1.));
#1137 = DIRECTION('',(1.,0.,0.));
#1138 = ADVANCED_FACE('',(#1139),#1145,.T.);
#1139 = FACE_BOUND('',#1140,.T.);
#1140 = EDGE_LOOP('',(#1141,#1142,#1143,#1144));
#1141 = ORIENTED_EDGE('',*,*,#319,.T.);
#1142 = ORIENTED_EDGE('',*,*,#344,.T.);
#1143 = ORIENTED_EDGE('',*,*,#1103,.F.);
#1144 = ORIENTED_EDGE('',*,*,#232,.F.);
#1145 = PLANE('',#1146);
#1146 = AXIS2_PLACEMENT_3D('',#1147,#1148,#1149);
#1147 = CARTESIAN_POINT('',(-3.5,5.,8.));
#1148 = DIRECTION('',(-0.987440631917,4.E-17,0.157990501107));
#1149 = DIRECTION('',(0.157990501107,2.2E-16,0.987440631917));
#1150 = ADVANCED_FACE('',(#1151),#1169,.F.);
#1151 = FACE_BOUND('',#1152,.F.);
#1152 = EDGE_LOOP('',(#1153,#1161,#1167,#1168));
#1153 = ORIENTED_EDGE('',*,*,#1154,.T.);
#1154 = EDGE_CURVE('',#401,#1155,#1157,.T.);
#1155 = VERTEX_POINT('',#1156);
#1156 = CARTESIAN_POINT('',(2.7,-5.5,8.));
#1157 = LINE('',#1158,#1159);
#1158 = CARTESIAN_POINT('',(2.7,-5.,8.));
#1159 = VECTOR('',#1160,1.);
#1160 = DIRECTION('',(0.,-1.,2.2E-16));
#1161 = ORIENTED_EDGE('',*,*,#1162,.T.);
#1162 = EDGE_CURVE('',#1155,#463,#1163,.T.);
#1163 = LINE('',#1164,#1165);
#1164 = CARTESIAN_POINT('',(2.7,-5.5,8.));
#1165 = VECTOR('',#1166,1.);
#1166 = DIRECTION('',(0.,0.,-1.));
#1167 = ORIENTED_EDGE('',*,*,#470,.F.);
#1168 = ORIENTED_EDGE('',*,*,#408,.F.);
#1169 = PLANE('',#1170);
#1170 = AXIS2_PLACEMENT_3D('',#1171,#1172,#1173);
#1171 = CARTESIAN_POINT('',(2.7,-5.,8.));
#1172 = DIRECTION('',(1.,0.,0.));
#1173 = DIRECTION('',(0.,-2.2E-16,-1.));
#1174 = ADVANCED_FACE('',(#1175),#1193,.F.);
#1175 = FACE_BOUND('',#1176,.F.);
#1176 = EDGE_LOOP('',(#1177,#1185,#1191,#1192));
#1177 = ORIENTED_EDGE('',*,*,#1178,.T.);
#1178 = EDGE_CURVE('',#393,#1179,#1181,.T.);
#1179 = VERTEX_POINT('',#1180);
#1180 = CARTESIAN_POINT('',(4.2,-5.5,8.));
#1181 = LINE('',#1182,#1183);
#1182 = CARTESIAN_POINT('',(4.2,-5.,8.));
#1183 = VECTOR('',#1184,1.);
#1184 = DIRECTION('',(0.,-1.,2.2E-16));
#1185 = ORIENTED_EDGE('',*,*,#1186,.T.);
#1186 = EDGE_CURVE('',#1179,#1155,#1187,.T.);
#1187 = LINE('',#1188,#1189);
#1188 = CARTESIAN_POINT('',(4.2,-5.5,8.));
#1189 = VECTOR('',#1190,1.);
#1190 = DIRECTION('',(-1.,0.,0.));
#1191 = ORIENTED_EDGE('',*,*,#1154,.F.);
#1192 = ORIENTED_EDGE('',*,*,#400,.F.);
#1193 = PLANE('',#1194);
#1194 = AXIS2_PLACEMENT_3D('',#1195,#1196,#1197);
#1195 = CARTESIAN_POINT('',(4.2,-5.,8.));
#1196 = DIRECTION('',(-0.,-2.2E-16,-1.));
#1197 = DIRECTION('',(-1.,0.,0.));
#1198 = ADVANCED_FACE('',(#1199),#1210,.F.);
#1199 = FACE_BOUND('',#1200,.F.);
#1200 = EDGE_LOOP('',(#1201,#1202,#1208,#1209));
#1201 = ORIENTED_EDGE('',*,*,#454,.T.);
#1202 = ORIENTED_EDGE('',*,*,#1203,.T.);
#1203 = EDGE_CURVE('',#455,#1179,#1204,.T.);
#1204 = LINE('',#1205,#1206);
#1205 = CARTESIAN_POINT('',(4.2,-5.5,0.));
#1206 = VECTOR('',#1207,1.);
#1207 = DIRECTION('',(0.,0.,1.));
#1208 = ORIENTED_EDGE('',*,*,#1178,.F.);
#1209 = ORIENTED_EDGE('',*,*,#392,.F.);
#1210 = PLANE('',#1211);
#1211 = AXIS2_PLACEMENT_3D('',#1212,#1213,#1214);
#1212 = CARTESIAN_POINT('',(4.2,-5.,0.));
#1213 = DIRECTION('',(-1.,0.,0.));
#1214 = DIRECTION('',(0.,2.2E-16,1.));
#1215 = ADVANCED_FACE('',(#1216),#1222,.F.);
#1216 = FACE_BOUND('',#1217,.F.);
#1217 = EDGE_LOOP('',(#1218,#1219,#1220,#1221));
#1218 = ORIENTED_EDGE('',*,*,#972,.T.);
#1219 = ORIENTED_EDGE('',*,*,#800,.T.);
#1220 = ORIENTED_EDGE('',*,*,#759,.F.);
#1221 = ORIENTED_EDGE('',*,*,#509,.F.);
#1222 = PLANE('',#1223);
#1223 = AXIS2_PLACEMENT_3D('',#1224,#1225,#1226);
#1224 = CARTESIAN_POINT('',(1.,3.04,-4.E-17));
#1225 = DIRECTION('',(1.,0.,0.));
#1226 = DIRECTION('',(0.,-1.,0.));
#1227 = ADVANCED_FACE('',(#1228),#1234,.F.);
#1228 = FACE_BOUND('',#1229,.F.);
#1229 = EDGE_LOOP('',(#1230,#1231,#1232,#1233));
#1230 = ORIENTED_EDGE('',*,*,#744,.T.);
#1231 = ORIENTED_EDGE('',*,*,#572,.T.);
#1232 = ORIENTED_EDGE('',*,*,#531,.F.);
#1233 = ORIENTED_EDGE('',*,*,#486,.F.);
#1234 = PLANE('',#1235);
#1235 = AXIS2_PLACEMENT_3D('',#1236,#1237,#1238);
#1236 = CARTESIAN_POINT('',(1.,-2.04,-4.E-17));
#1237 = DIRECTION('',(1.,0.,0.));
#1238 = DIRECTION('',(0.,-1.,0.));
#1239 = ADVANCED_FACE('',(#1240),#1246,.F.);
#1240 = FACE_BOUND('',#1241,.T.);
#1241 = EDGE_LOOP('',(#1242,#1243,#1244,#1245));
#1242 = ORIENTED_EDGE('',*,*,#1162,.T.);
#1243 = ORIENTED_EDGE('',*,*,#462,.T.);
#1244 = ORIENTED_EDGE('',*,*,#1203,.T.);
#1245 = ORIENTED_EDGE('',*,*,#1186,.T.);
#1246 = PLANE('',#1247);
#1247 = AXIS2_PLACEMENT_3D('',#1248,#1249,#1250);
#1248 = CARTESIAN_POINT('',(3.45,-5.5,4.));
#1249 = DIRECTION('',(0.,1.,0.));
#1250 = DIRECTION('',(0.,0.,1.));
#1251 = ADVANCED_FACE('',(#1252),#1258,.T.);
#1252 = FACE_BOUND('',#1253,.T.);
#1253 = EDGE_LOOP('',(#1254,#1255,#1256,#1257));
#1254 = ORIENTED_EDGE('',*,*,#1036,.T.);
#1255 = ORIENTED_EDGE('',*,*,#432,.T.);
#1256 = ORIENTED_EDGE('',*,*,#988,.T.);
#1257 = ORIENTED_EDGE('',*,*,#1012,.T.);
#1258 = PLANE('',#1259);
#1259 = AXIS2_PLACEMENT_3D('',#1260,#1261,#1262);
#1260 = CARTESIAN_POINT('',(3.45,4.45,4.));
#1261 = DIRECTION('',(0.,1.,0.));
#1262 = DIRECTION('',(0.,0.,1.));
#1263 = ADVANCED_FACE('',(#1264),#1275,.F.);
#1264 = FACE_BOUND('',#1265,.F.);
#1265 = EDGE_LOOP('',(#1266,#1267,#1268,#1274));
#1266 = ORIENTED_EDGE('',*,*,#726,.F.);
#1267 = ORIENTED_EDGE('',*,*,#668,.F.);
#1268 = ORIENTED_EDGE('',*,*,#1269,.T.);
#1269 = EDGE_CURVE('',#669,#613,#1270,.T.);
#1270 = LINE('',#1271,#1272);
#1271 = CARTESIAN_POINT('',(2.,-1.2,7.2));
#1272 = VECTOR('',#1273,1.);
#1273 = DIRECTION('',(0.,0.,-1.));
#1274 = ORIENTED_EDGE('',*,*,#620,.F.);
#1275 = PLANE('',#1276);
#1276 = AXIS2_PLACEMENT_3D('',#1277,#1278,#1279);
#1277 = CARTESIAN_POINT('',(2.,-9.92111E-12,4.1));
#1278 = DIRECTION('',(1.,0.,0.));
#1279 = DIRECTION('',(0.,0.,1.));
#1280 = ADVANCED_FACE('',(#1281),#1292,.F.);
#1281 = FACE_BOUND('',#1282,.F.);
#1282 = EDGE_LOOP('',(#1283,#1284,#1290,#1291));
#1283 = ORIENTED_EDGE('',*,*,#676,.T.);
#1284 = ORIENTED_EDGE('',*,*,#1285,.T.);
#1285 = EDGE_CURVE('',#677,#605,#1286,.T.);
#1286 = LINE('',#1287,#1288);
#1287 = CARTESIAN_POINT('',(4.,-1.2,7.2));
#1288 = VECTOR('',#1289,1.);
#1289 = DIRECTION('',(0.,0.,-1.));
#1290 = ORIENTED_EDGE('',*,*,#612,.F.);
#1291 = ORIENTED_EDGE('',*,*,#1269,.F.);
#1292 = PLANE('',#1293);
#1293 = AXIS2_PLACEMENT_3D('',#1294,#1295,#1296);
#1294 = CARTESIAN_POINT('',(2.,-1.2,7.2));
#1295 = DIRECTION('',(0.,1.,0.));
#1296 = DIRECTION('',(0.,0.,-1.));
#1297 = ADVANCED_FACE('',(#1298),#1309,.F.);
#1298 = FACE_BOUND('',#1299,.T.);
#1299 = EDGE_LOOP('',(#1300,#1301,#1307,#1308));
#1300 = ORIENTED_EDGE('',*,*,#604,.T.);
#1301 = ORIENTED_EDGE('',*,*,#1302,.T.);
#1302 = EDGE_CURVE('',#597,#685,#1303,.T.);
#1303 = LINE('',#1304,#1305);
#1304 = CARTESIAN_POINT('',(4.,-3.9,1.));
#1305 = VECTOR('',#1306,1.);
#1306 = DIRECTION('',(0.,0.,1.));
#1307 = ORIENTED_EDGE('',*,*,#684,.T.);
#1308 = ORIENTED_EDGE('',*,*,#1285,.T.);
#1309 = PLANE('',#1310);
#1310 = AXIS2_PLACEMENT_3D('',#1311,#1312,#1313);
#1311 = CARTESIAN_POINT('',(4.,-6.67775E-12,4.1));
#1312 = DIRECTION('',(1.,0.,0.));
#1313 = DIRECTION('',(0.,0.,1.));
#1314 = ADVANCED_FACE('',(#1315),#1326,.F.);
#1315 = FACE_BOUND('',#1316,.F.);
#1316 = EDGE_LOOP('',(#1317,#1318,#1319,#1320));
#1317 = ORIENTED_EDGE('',*,*,#596,.T.);
#1318 = ORIENTED_EDGE('',*,*,#1302,.T.);
#1319 = ORIENTED_EDGE('',*,*,#692,.F.);
#1320 = ORIENTED_EDGE('',*,*,#1321,.F.);
#1321 = EDGE_CURVE('',#589,#693,#1322,.T.);
#1322 = LINE('',#1323,#1324);
#1323 = CARTESIAN_POINT('',(2.,-3.9,1.));
#1324 = VECTOR('',#1325,1.);
#1325 = DIRECTION('',(0.,0.,1.));
#1326 = PLANE('',#1327);
#1327 = AXIS2_PLACEMENT_3D('',#1328,#1329,#1330);
#1328 = CARTESIAN_POINT('',(2.,-3.9,1.));
#1329 = DIRECTION('',(0.,-1.,0.));
#1330 = DIRECTION('',(0.,0.,1.));
#1331 = ADVANCED_FACE('',(#1332),#1338,.F.);
#1332 = FACE_BOUND('',#1333,.F.);
#1333 = EDGE_LOOP('',(#1334,#1335,#1336,#1337));
#1334 = ORIENTED_EDGE('',*,*,#1321,.T.);
#1335 = ORIENTED_EDGE('',*,*,#700,.F.);
#1336 = ORIENTED_EDGE('',*,*,#635,.F.);
#1337 = ORIENTED_EDGE('',*,*,#588,.F.);
#1338 = PLANE('',#1339);
#1339 = AXIS2_PLACEMENT_3D('',#1340,#1341,#1342);
#1340 = CARTESIAN_POINT('',(2.,-9.92111E-12,4.1));
#1341 = DIRECTION('',(1.,0.,0.));
#1342 = DIRECTION('',(0.,0.,1.));
#1343 = ADVANCED_FACE('',(#1344),#1355,.F.);
#1344 = FACE_BOUND('',#1345,.F.);
#1345 = EDGE_LOOP('',(#1346,#1347,#1353,#1354));
#1346 = ORIENTED_EDGE('',*,*,#1114,.F.);
#1347 = ORIENTED_EDGE('',*,*,#1348,.T.);
#1348 = EDGE_CURVE('',#1115,#709,#1349,.T.);
#1349 = LINE('',#1350,#1351);
#1350 = CARTESIAN_POINT('',(2.,-2.54,13.));
#1351 = VECTOR('',#1352,1.);
#1352 = DIRECTION('',(-0.,-0.,-1.));
#1353 = ORIENTED_EDGE('',*,*,#708,.T.);
#1354 = ORIENTED_EDGE('',*,*,#1348,.F.);
#1355 = CYLINDRICAL_SURFACE('',#1356,2.);
#1356 = AXIS2_PLACEMENT_3D('',#1357,#1358,#1359);
#1357 = CARTESIAN_POINT('',(0.,-2.54,13.));
#1358 = DIRECTION('',(0.,0.,1.));
#1359 = DIRECTION('',(1.,0.,0.));
#1360 = ADVANCED_FACE('',(#1361),#1372,.F.);
#1361 = FACE_BOUND('',#1362,.F.);
#1362 = EDGE_LOOP('',(#1363,#1364,#1365,#1371));
#1363 = ORIENTED_EDGE('',*,*,#954,.F.);
#1364 = ORIENTED_EDGE('',*,*,#896,.F.);
#1365 = ORIENTED_EDGE('',*,*,#1366,.T.);
#1366 = EDGE_CURVE('',#897,#841,#1367,.T.);
#1367 = LINE('',#1368,#1369);
#1368 = CARTESIAN_POINT('',(2.,3.899999999987,7.2));
#1369 = VECTOR('',#1370,1.);
#1370 = DIRECTION('',(0.,0.,-1.));
#1371 = ORIENTED_EDGE('',*,*,#848,.F.);
#1372 = PLANE('',#1373);
#1373 = AXIS2_PLACEMENT_3D('',#1374,#1375,#1376);
#1374 = CARTESIAN_POINT('',(2.,-9.92111E-12,4.1));
#1375 = DIRECTION('',(1.,0.,0.));
#1376 = DIRECTION('',(0.,0.,1.));
#1377 = ADVANCED_FACE('',(#1378),#1389,.F.);
#1378 = FACE_BOUND('',#1379,.F.);
#1379 = EDGE_LOOP('',(#1380,#1381,#1387,#1388));
#1380 = ORIENTED_EDGE('',*,*,#904,.T.);
#1381 = ORIENTED_EDGE('',*,*,#1382,.T.);
#1382 = EDGE_CURVE('',#905,#833,#1383,.T.);
#1383 = LINE('',#1384,#1385);
#1384 = CARTESIAN_POINT('',(4.,3.899999999987,7.2));
#1385 = VECTOR('',#1386,1.);
#1386 = DIRECTION('',(0.,0.,-1.));
#1387 = ORIENTED_EDGE('',*,*,#840,.F.);
#1388 = ORIENTED_EDGE('',*,*,#1366,.F.);
#1389 = PLANE('',#1390);
#1390 = AXIS2_PLACEMENT_3D('',#1391,#1392,#1393);
#1391 = CARTESIAN_POINT('',(2.,3.899999999987,7.2));
#1392 = DIRECTION('',(0.,1.,0.));
#1393 = DIRECTION('',(0.,0.,-1.));
#1394 = ADVANCED_FACE('',(#1395),#1406,.F.);
#1395 = FACE_BOUND('',#1396,.T.);
#1396 = EDGE_LOOP('',(#1397,#1398,#1404,#1405));
#1397 = ORIENTED_EDGE('',*,*,#832,.T.);
#1398 = ORIENTED_EDGE('',*,*,#1399,.T.);
#1399 = EDGE_CURVE('',#825,#913,#1400,.T.);
#1400 = LINE('',#1401,#1402);
#1401 = CARTESIAN_POINT('',(4.,1.199999999987,1.));
#1402 = VECTOR('',#1403,1.);
#1403 = DIRECTION('',(0.,0.,1.));
#1404 = ORIENTED_EDGE('',*,*,#912,.T.);
#1405 = ORIENTED_EDGE('',*,*,#1382,.T.);
#1406 = PLANE('',#1407);
#1407 = AXIS2_PLACEMENT_3D('',#1408,#1409,#1410);
#1408 = CARTESIAN_POINT('',(4.,-6.67775E-12,4.1));
#1409 = DIRECTION('',(1.,0.,0.));
#1410 = DIRECTION('',(0.,0.,1.));
#1411 = ADVANCED_FACE('',(#1412),#1423,.F.);
#1412 = FACE_BOUND('',#1413,.F.);
#1413 = EDGE_LOOP('',(#1414,#1415,#1416,#1417));
#1414 = ORIENTED_EDGE('',*,*,#824,.T.);
#1415 = ORIENTED_EDGE('',*,*,#1399,.T.);
#1416 = ORIENTED_EDGE('',*,*,#920,.F.);
#1417 = ORIENTED_EDGE('',*,*,#1418,.F.);
#1418 = EDGE_CURVE('',#817,#921,#1419,.T.);
#1419 = LINE('',#1420,#1421);
#1420 = CARTESIAN_POINT('',(2.,1.199999999987,1.));
#1421 = VECTOR('',#1422,1.);
#1422 = DIRECTION('',(0.,0.,1.));
#1423 = PLANE('',#1424);
#1424 = AXIS2_PLACEMENT_3D('',#1425,#1426,#1427);
#1425 = CARTESIAN_POINT('',(2.,1.199999999987,1.));
#1426 = DIRECTION('',(0.,-1.,0.));
#1427 = DIRECTION('',(0.,0.,1.));
#1428 = ADVANCED_FACE('',(#1429),#1435,.F.);
#1429 = FACE_BOUND('',#1430,.F.);
#1430 = EDGE_LOOP('',(#1431,#1432,#1433,#1434));
#1431 = ORIENTED_EDGE('',*,*,#1418,.T.);
#1432 = ORIENTED_EDGE('',*,*,#928,.F.);
#1433 = ORIENTED_EDGE('',*,*,#863,.F.);
#1434 = ORIENTED_EDGE('',*,*,#816,.F.);
#1435 = PLANE('',#1436);
#1436 = AXIS2_PLACEMENT_3D('',#1437,#1438,#1439);
#1437 = CARTESIAN_POINT('',(2.,-9.92111E-12,4.1));
#1438 = DIRECTION('',(1.,0.,0.));
#1439 = DIRECTION('',(0.,0.,1.));
#1440 = ADVANCED_FACE('',(#1441),#1452,.F.);
#1441 = FACE_BOUND('',#1442,.F.);
#1442 = EDGE_LOOP('',(#1443,#1444,#1450,#1451));
#1443 = ORIENTED_EDGE('',*,*,#1125,.F.);
#1444 = ORIENTED_EDGE('',*,*,#1445,.T.);
#1445 = EDGE_CURVE('',#1126,#937,#1446,.T.);
#1446 = LINE('',#1447,#1448);
#1447 = CARTESIAN_POINT('',(2.,2.54,13.));
#1448 = VECTOR('',#1449,1.);
#1449 = DIRECTION('',(-0.,-0.,-1.));
#1450 = ORIENTED_EDGE('',*,*,#936,.T.);
#1451 = ORIENTED_EDGE('',*,*,#1445,.F.);
#1452 = CYLINDRICAL_SURFACE('',#1453,2.);
#1453 = AXIS2_PLACEMENT_3D('',#1454,#1455,#1456);
#1454 = CARTESIAN_POINT('',(0.,2.54,13.));
#1455 = DIRECTION('',(0.,0.,1.));
#1456 = DIRECTION('',(1.,0.,0.));
#1457 = ( GEOMETRIC_REPRESENTATION_CONTEXT(3) 
GLOBAL_UNCERTAINTY_ASSIGNED_CONTEXT((#1461)) 
GLOBAL_UNIT_ASSIGNED_CONTEXT((#1458,#1459,#1460)) REPRESENTATION_CONTEXT
('Context #1','3D Context with UNIT and UNCERTAINTY') );
#1458 = ( LENGTH_UNIT() NAMED_UNIT(*) SI_UNIT(.MILLI.,.METRE.) );
#1459 = ( NAMED_UNIT(*) PLANE_ANGLE_UNIT() SI_UNIT($,.RADIAN.) );
#1460 = ( NAMED_UNIT(*) SI_UNIT($,.STERADIAN.) SOLID_ANGLE_UNIT() );
#1461 = UNCERTAINTY_MEASURE_WITH_UNIT(LENGTH_MEASURE(1.E-07),#1458,
  'distance_accuracy_value','confusion accuracy');
#1462 = CONTEXT_DEPENDENT_SHAPE_REPRESENTATION(#1463,#1465);
#1463 = ( REPRESENTATION_RELATIONSHIP('','',#40,#10) 
REPRESENTATION_RELATIONSHIP_WITH_TRANSFORMATION(#1464) 
SHAPE_REPRESENTATION_RELATIONSHIP() );
#1464 = ITEM_DEFINED_TRANSFORMATION('','',#11,#15);
#1465 = PRODUCT_DEFINITION_SHAPE('Placement','Placement of an item',
  #1466);
#1466 = NEXT_ASSEMBLY_USAGE_OCCURRENCE('1','Body','',#5,#35,$);
#1467 = PRODUCT_RELATED_PRODUCT_CATEGORY('part',$,(#37));
#1468 = SHAPE_DEFINITION_REPRESENTATION(#1469,#1475);
#1469 = PRODUCT_DEFINITION_SHAPE('','',#1470);
#1470 = PRODUCT_DEFINITION('design','',#1471,#1474);
#1471 = PRODUCT_DEFINITION_FORMATION('','',#1472);
#1472 = PRODUCT('Body001','Body001','',(#1473));
#1473 = PRODUCT_CONTEXT('',#2,'mechanical');
#1474 = PRODUCT_DEFINITION_CONTEXT('part definition',#2,'design');
#1475 = SHAPE_REPRESENTATION('',(#11,#1476,#2017),#2551);
#1476 = MANIFOLD_SOLID_BREP('',#1477);
#1477 = CLOSED_SHELL('',(#1478,#1529,#1554,#1585,#1620,#1655,#1672,#1697
    ,#1720,#1930,#1955,#1988,#1998,#2008));
#1478 = ADVANCED_FACE('',(#1479,#1490),#1524,.F.);
#1479 = FACE_BOUND('',#1480,.F.);
#1480 = EDGE_LOOP('',(#1481));
#1481 = ORIENTED_EDGE('',*,*,#1482,.T.);
#1482 = EDGE_CURVE('',#1483,#1483,#1485,.T.);
#1483 = VERTEX_POINT('',#1484);
#1484 = CARTESIAN_POINT('',(0.85,-2.54,1.425));
#1485 = CIRCLE('',#1486,0.85);
#1486 = AXIS2_PLACEMENT_3D('',#1487,#1488,#1489);
#1487 = CARTESIAN_POINT('',(0.,-2.54,1.425));
#1488 = DIRECTION('',(0.,0.,-1.));
#1489 = DIRECTION('',(1.,0.,0.));
#1490 = FACE_BOUND('',#1491,.F.);
#1491 = EDGE_LOOP('',(#1492,#1502,#1510,#1518));
#1492 = ORIENTED_EDGE('',*,*,#1493,.T.);
#1493 = EDGE_CURVE('',#1494,#1496,#1498,.T.);
#1494 = VERTEX_POINT('',#1495);
#1495 = CARTESIAN_POINT('',(-2.,-4.549999999987,1.425));
#1496 = VERTEX_POINT('',#1497);
#1497 = CARTESIAN_POINT('',(2.,-4.549999999987,1.425));
#1498 = LINE('',#1499,#1500);
#1499 = CARTESIAN_POINT('',(-2.,-4.549999999987,1.425));
#1500 = VECTOR('',#1501,1.);
#1501 = DIRECTION('',(1.,0.,0.));
#1502 = ORIENTED_EDGE('',*,*,#1503,.T.);
#1503 = EDGE_CURVE('',#1496,#1504,#1506,.T.);
#1504 = VERTEX_POINT('',#1505);
#1505 = CARTESIAN_POINT('',(2.,-0.549999999987,1.425));
#1506 = LINE('',#1507,#1508);
#1507 = CARTESIAN_POINT('',(2.,-4.549999999987,1.425));
#1508 = VECTOR('',#1509,1.);
#1509 = DIRECTION('',(0.,1.,0.));
#1510 = ORIENTED_EDGE('',*,*,#1511,.F.);
#1511 = EDGE_CURVE('',#1512,#1504,#1514,.T.);
#1512 = VERTEX_POINT('',#1513);
#1513 = CARTESIAN_POINT('',(-2.,-0.549999999987,1.425));
#1514 = LINE('',#1515,#1516);
#1515 = CARTESIAN_POINT('',(-2.,-0.549999999987,1.425));
#1516 = VECTOR('',#1517,1.);
#1517 = DIRECTION('',(1.,0.,0.));
#1518 = ORIENTED_EDGE('',*,*,#1519,.F.);
#1519 = EDGE_CURVE('',#1494,#1512,#1520,.T.);
#1520 = LINE('',#1521,#1522);
#1521 = CARTESIAN_POINT('',(-2.,-4.549999999987,1.425));
#1522 = VECTOR('',#1523,1.);
#1523 = DIRECTION('',(0.,1.,0.));
#1524 = PLANE('',#1525);
#1525 = AXIS2_PLACEMENT_3D('',#1526,#1527,#1528);
#1526 = CARTESIAN_POINT('',(-2.,-4.549999999987,1.425));
#1527 = DIRECTION('',(0.,0.,1.));
#1528 = DIRECTION('',(0.,1.,0.));
#1529 = ADVANCED_FACE('',(#1530),#1549,.T.);
#1530 = FACE_BOUND('',#1531,.T.);
#1531 = EDGE_LOOP('',(#1532,#1540,#1541,#1542));
#1532 = ORIENTED_EDGE('',*,*,#1533,.F.);
#1533 = EDGE_CURVE('',#1483,#1534,#1536,.T.);
#1534 = VERTEX_POINT('',#1535);
#1535 = CARTESIAN_POINT('',(0.55,-2.54,1.125));
#1536 = LINE('',#1537,#1538);
#1537 = CARTESIAN_POINT('',(0.55,-2.54,1.125));
#1538 = VECTOR('',#1539,1.);
#1539 = DIRECTION('',(-0.707106781187,0.,-0.707106781187));
#1540 = ORIENTED_EDGE('',*,*,#1482,.T.);
#1541 = ORIENTED_EDGE('',*,*,#1533,.T.);
#1542 = ORIENTED_EDGE('',*,*,#1543,.F.);
#1543 = EDGE_CURVE('',#1534,#1534,#1544,.T.);
#1544 = CIRCLE('',#1545,0.55);
#1545 = AXIS2_PLACEMENT_3D('',#1546,#1547,#1548);
#1546 = CARTESIAN_POINT('',(0.,-2.54,1.125));
#1547 = DIRECTION('',(0.,0.,-1.));
#1548 = DIRECTION('',(1.,0.,0.));
#1549 = CONICAL_SURFACE('',#1550,0.55,0.785398163397);
#1550 = AXIS2_PLACEMENT_3D('',#1551,#1552,#1553);
#1551 = CARTESIAN_POINT('',(0.,-2.54,1.125));
#1552 = DIRECTION('',(0.,0.,1.));
#1553 = DIRECTION('',(1.,0.,0.));
#1554 = ADVANCED_FACE('',(#1555),#1580,.F.);
#1555 = FACE_BOUND('',#1556,.F.);
#1556 = EDGE_LOOP('',(#1557,#1567,#1573,#1574));
#1557 = ORIENTED_EDGE('',*,*,#1558,.T.);
#1558 = EDGE_CURVE('',#1559,#1561,#1563,.T.);
#1559 = VERTEX_POINT('',#1560);
#1560 = CARTESIAN_POINT('',(-2.,-4.549999999987,6.775));
#1561 = VERTEX_POINT('',#1562);
#1562 = CARTESIAN_POINT('',(2.,-4.549999999987,6.775));
#1563 = LINE('',#1564,#1565);
#1564 = CARTESIAN_POINT('',(-2.,-4.549999999987,6.775));
#1565 = VECTOR('',#1566,1.);
#1566 = DIRECTION('',(1.,0.,0.));
#1567 = ORIENTED_EDGE('',*,*,#1568,.T.);
#1568 = EDGE_CURVE('',#1561,#1496,#1569,.T.);
#1569 = LINE('',#1570,#1571);
#1570 = CARTESIAN_POINT('',(2.,-4.549999999987,6.775));
#1571 = VECTOR('',#1572,1.);
#1572 = DIRECTION('',(0.,0.,-1.));
#1573 = ORIENTED_EDGE('',*,*,#1493,.F.);
#1574 = ORIENTED_EDGE('',*,*,#1575,.F.);
#1575 = EDGE_CURVE('',#1559,#1494,#1576,.T.);
#1576 = LINE('',#1577,#1578);
#1577 = CARTESIAN_POINT('',(-2.,-4.549999999987,6.775));
#1578 = VECTOR('',#1579,1.);
#1579 = DIRECTION('',(0.,0.,-1.));
#1580 = PLANE('',#1581);
#1581 = AXIS2_PLACEMENT_3D('',#1582,#1583,#1584);
#1582 = CARTESIAN_POINT('',(-2.,-4.549999999987,6.775));
#1583 = DIRECTION('',(0.,1.,0.));
#1584 = DIRECTION('',(0.,0.,-1.));
#1585 = ADVANCED_FACE('',(#1586,#1604),#1615,.F.);
#1586 = FACE_BOUND('',#1587,.F.);
#1587 = EDGE_LOOP('',(#1588,#1589,#1597,#1603));
#1588 = ORIENTED_EDGE('',*,*,#1519,.T.);
#1589 = ORIENTED_EDGE('',*,*,#1590,.T.);
#1590 = EDGE_CURVE('',#1512,#1591,#1593,.T.);
#1591 = VERTEX_POINT('',#1592);
#1592 = CARTESIAN_POINT('',(-2.,-0.549999999987,6.775));
#1593 = LINE('',#1594,#1595);
#1594 = CARTESIAN_POINT('',(-2.,-0.549999999987,1.425));
#1595 = VECTOR('',#1596,1.);
#1596 = DIRECTION('',(0.,0.,1.));
#1597 = ORIENTED_EDGE('',*,*,#1598,.T.);
#1598 = EDGE_CURVE('',#1591,#1559,#1599,.T.);
#1599 = LINE('',#1600,#1601);
#1600 = CARTESIAN_POINT('',(-2.,-0.549999999987,6.775));
#1601 = VECTOR('',#1602,1.);
#1602 = DIRECTION('',(0.,-1.,0.));
#1603 = ORIENTED_EDGE('',*,*,#1575,.T.);
#1604 = FACE_BOUND('',#1605,.T.);
#1605 = EDGE_LOOP('',(#1606));
#1606 = ORIENTED_EDGE('',*,*,#1607,.T.);
#1607 = EDGE_CURVE('',#1608,#1608,#1610,.T.);
#1608 = VERTEX_POINT('',#1609);
#1609 = CARTESIAN_POINT('',(-2.,-1.099999999987,3.25));
#1610 = CIRCLE('',#1611,1.45);
#1611 = AXIS2_PLACEMENT_3D('',#1612,#1613,#1614);
#1612 = CARTESIAN_POINT('',(-2.,-2.549999999987,3.25));
#1613 = DIRECTION('',(1.,0.,0.));
#1614 = DIRECTION('',(0.,1.,0.));
#1615 = PLANE('',#1616);
#1616 = AXIS2_PLACEMENT_3D('',#1617,#1618,#1619);
#1617 = CARTESIAN_POINT('',(-2.,-5.501512426372E-17,3.855883392363));
#1618 = DIRECTION('',(1.,0.,0.));
#1619 = DIRECTION('',(0.,0.,1.));
#1620 = ADVANCED_FACE('',(#1621,#1639),#1650,.T.);
#1621 = FACE_BOUND('',#1622,.T.);
#1622 = EDGE_LOOP('',(#1623,#1624,#1632,#1638));
#1623 = ORIENTED_EDGE('',*,*,#1503,.T.);
#1624 = ORIENTED_EDGE('',*,*,#1625,.T.);
#1625 = EDGE_CURVE('',#1504,#1626,#1628,.T.);
#1626 = VERTEX_POINT('',#1627);
#1627 = CARTESIAN_POINT('',(2.,-0.549999999987,6.775));
#1628 = LINE('',#1629,#1630);
#1629 = CARTESIAN_POINT('',(2.,-0.549999999987,1.425));
#1630 = VECTOR('',#1631,1.);
#1631 = DIRECTION('',(0.,0.,1.));
#1632 = ORIENTED_EDGE('',*,*,#1633,.T.);
#1633 = EDGE_CURVE('',#1626,#1561,#1634,.T.);
#1634 = LINE('',#1635,#1636);
#1635 = CARTESIAN_POINT('',(2.,-0.549999999987,6.775));
#1636 = VECTOR('',#1637,1.);
#1637 = DIRECTION('',(0.,-1.,0.));
#1638 = ORIENTED_EDGE('',*,*,#1568,.T.);
#1639 = FACE_BOUND('',#1640,.F.);
#1640 = EDGE_LOOP('',(#1641));
#1641 = ORIENTED_EDGE('',*,*,#1642,.T.);
#1642 = EDGE_CURVE('',#1643,#1643,#1645,.T.);
#1643 = VERTEX_POINT('',#1644);
#1644 = CARTESIAN_POINT('',(2.,-1.099999999987,3.25));
#1645 = CIRCLE('',#1646,1.45);
#1646 = AXIS2_PLACEMENT_3D('',#1647,#1648,#1649);
#1647 = CARTESIAN_POINT('',(2.,-2.549999999987,3.25));
#1648 = DIRECTION('',(1.,0.,0.));
#1649 = DIRECTION('',(0.,1.,0.));
#1650 = PLANE('',#1651);
#1651 = AXIS2_PLACEMENT_3D('',#1652,#1653,#1654);
#1652 = CARTESIAN_POINT('',(2.,-5.501512426372E-17,3.855883392363));
#1653 = DIRECTION('',(1.,0.,0.));
#1654 = DIRECTION('',(0.,0.,1.));
#1655 = ADVANCED_FACE('',(#1656),#1667,.F.);
#1656 = FACE_BOUND('',#1657,.F.);
#1657 = EDGE_LOOP('',(#1658,#1659,#1660,#1666));
#1658 = ORIENTED_EDGE('',*,*,#1511,.T.);
#1659 = ORIENTED_EDGE('',*,*,#1625,.T.);
#1660 = ORIENTED_EDGE('',*,*,#1661,.F.);
#1661 = EDGE_CURVE('',#1591,#1626,#1662,.T.);
#1662 = LINE('',#1663,#1664);
#1663 = CARTESIAN_POINT('',(-2.,-0.549999999987,6.775));
#1664 = VECTOR('',#1665,1.);
#1665 = DIRECTION('',(1.,0.,0.));
#1666 = ORIENTED_EDGE('',*,*,#1590,.F.);
#1667 = PLANE('',#1668);
#1668 = AXIS2_PLACEMENT_3D('',#1669,#1670,#1671);
#1669 = CARTESIAN_POINT('',(-2.,-0.549999999987,1.425));
#1670 = DIRECTION('',(0.,-1.,0.));
#1671 = DIRECTION('',(0.,0.,1.));
#1672 = ADVANCED_FACE('',(#1673),#1692,.T.);
#1673 = FACE_BOUND('',#1674,.F.);
#1674 = EDGE_LOOP('',(#1675,#1683,#1690,#1691));
#1675 = ORIENTED_EDGE('',*,*,#1676,.T.);
#1676 = EDGE_CURVE('',#1534,#1677,#1679,.T.);
#1677 = VERTEX_POINT('',#1678);
#1678 = CARTESIAN_POINT('',(0.55,-2.54,-4.275));
#1679 = LINE('',#1680,#1681);
#1680 = CARTESIAN_POINT('',(0.55,-2.54,1.425));
#1681 = VECTOR('',#1682,1.);
#1682 = DIRECTION('',(0.,0.,-1.));
#1683 = ORIENTED_EDGE('',*,*,#1684,.T.);
#1684 = EDGE_CURVE('',#1677,#1677,#1685,.T.);
#1685 = CIRCLE('',#1686,0.55);
#1686 = AXIS2_PLACEMENT_3D('',#1687,#1688,#1689);
#1687 = CARTESIAN_POINT('',(0.,-2.54,-4.275));
#1688 = DIRECTION('',(0.,0.,-1.));
#1689 = DIRECTION('',(1.,0.,0.));
#1690 = ORIENTED_EDGE('',*,*,#1676,.F.);
#1691 = ORIENTED_EDGE('',*,*,#1543,.F.);
#1692 = CYLINDRICAL_SURFACE('',#1693,0.55);
#1693 = AXIS2_PLACEMENT_3D('',#1694,#1695,#1696);
#1694 = CARTESIAN_POINT('',(0.,-2.54,1.425));
#1695 = DIRECTION('',(0.,0.,1.));
#1696 = DIRECTION('',(1.,0.,0.));
#1697 = ADVANCED_FACE('',(#1698,#1704),#1715,.F.);
#1698 = FACE_BOUND('',#1699,.F.);
#1699 = EDGE_LOOP('',(#1700,#1701,#1702,#1703));
#1700 = ORIENTED_EDGE('',*,*,#1661,.T.);
#1701 = ORIENTED_EDGE('',*,*,#1633,.T.);
#1702 = ORIENTED_EDGE('',*,*,#1558,.F.);
#1703 = ORIENTED_EDGE('',*,*,#1598,.F.);
#1704 = FACE_BOUND('',#1705,.F.);
#1705 = EDGE_LOOP('',(#1706));
#1706 = ORIENTED_EDGE('',*,*,#1707,.T.);
#1707 = EDGE_CURVE('',#1708,#1708,#1710,.T.);
#1708 = VERTEX_POINT('',#1709);
#1709 = CARTESIAN_POINT('',(1.5,-2.54,6.775));
#1710 = CIRCLE('',#1711,1.5);
#1711 = AXIS2_PLACEMENT_3D('',#1712,#1713,#1714);
#1712 = CARTESIAN_POINT('',(0.,-2.54,6.775));
#1713 = DIRECTION('',(0.,0.,1.));
#1714 = DIRECTION('',(1.,0.,0.));
#1715 = PLANE('',#1716);
#1716 = AXIS2_PLACEMENT_3D('',#1717,#1718,#1719);
#1717 = CARTESIAN_POINT('',(-2.,-0.549999999987,6.775));
#1718 = DIRECTION('',(0.,0.,-1.));
#1719 = DIRECTION('',(0.,-1.,0.));
#1720 = ADVANCED_FACE('',(#1721,#1732),#1925,.F.);
#1721 = FACE_BOUND('',#1722,.T.);
#1722 = EDGE_LOOP('',(#1723,#1724,#1730,#1731));
#1723 = ORIENTED_EDGE('',*,*,#1607,.F.);
#1724 = ORIENTED_EDGE('',*,*,#1725,.T.);
#1725 = EDGE_CURVE('',#1608,#1643,#1726,.T.);
#1726 = LINE('',#1727,#1728);
#1727 = CARTESIAN_POINT('',(-2.,-1.099999999987,3.25));
#1728 = VECTOR('',#1729,1.);
#1729 = DIRECTION('',(1.,0.,0.));
#1730 = ORIENTED_EDGE('',*,*,#1642,.T.);
#1731 = ORIENTED_EDGE('',*,*,#1725,.F.);
#1732 = FACE_BOUND('',#1733,.T.);
#1733 = EDGE_LOOP('',(#1734,#1785,#1793,#1877,#1885));
#1734 = ORIENTED_EDGE('',*,*,#1735,.F.);
#1735 = EDGE_CURVE('',#1736,#1738,#1740,.T.);
#1736 = VERTEX_POINT('',#1737);
#1737 = CARTESIAN_POINT('',(0.420738266974,-1.100215533247,3.275));
#1738 = VERTEX_POINT('',#1739);
#1739 = CARTESIAN_POINT('',(1.5,-2.54,4.699965516831));
#1740 = B_SPLINE_CURVE_WITH_KNOTS('',8,(#1741,#1742,#1743,#1744,#1745,
    #1746,#1747,#1748,#1749,#1750,#1751,#1752,#1753,#1754,#1755,#1756,
    #1757,#1758,#1759,#1760,#1761,#1762,#1763,#1764,#1765,#1766,#1767,
    #1768,#1769,#1770,#1771,#1772,#1773,#1774,#1775,#1776,#1777,#1778,
    #1779,#1780,#1781,#1782,#1783,#1784),.UNSPECIFIED.,.F.,.F.,(9,7,7,7,
    7,7,9),(0.,8.00213600351E-02,0.21141114742,0.334002719049,
    0.743410346829,0.845148677767,1.),.UNSPECIFIED.);
#1741 = CARTESIAN_POINT('',(0.420738231569,-1.100215522901,3.2749994));
#1742 = CARTESIAN_POINT('',(0.422159207799,-1.100630764929,
    3.299080435801));
#1743 = CARTESIAN_POINT('',(0.425122723814,-1.10149872789,3.322887054192
    ));
#1744 = CARTESIAN_POINT('',(0.429546948782,-1.102801387562,
    3.346436591739));
#1745 = CARTESIAN_POINT('',(0.435325380212,-1.104524388617,
    3.369727721746));
#1746 = CARTESIAN_POINT('',(0.442326631622,-1.10665233973,3.392736111869
    ));
#1747 = CARTESIAN_POINT('',(0.450394220208,-1.109164108692,
    3.415410081735));
#1748 = CARTESIAN_POINT('',(0.459346354517,-1.112028117514,
    3.437666260555));
#1749 = CARTESIAN_POINT('',(0.484786507634,-1.120401780061,
    3.495046382152));
#1750 = CARTESIAN_POINT('',(0.502675471511,-1.126511844072,
    3.529828510692));
#1751 = CARTESIAN_POINT('',(0.522116630769,-1.1334618173,3.56377733592)
  );
#1752 = CARTESIAN_POINT('',(0.542660519435,-1.141187730361,
    3.596900737063));
#1753 = CARTESIAN_POINT('',(0.563971368123,-1.149634513863,
    3.629229971047));
#1754 = CARTESIAN_POINT('',(0.585848402535,-1.158771358878,3.66086113077
    ));
#1755 = CARTESIAN_POINT('',(0.608231260854,-1.168615580778,
    3.691976857621));
#1756 = CARTESIAN_POINT('',(0.652610451407,-1.189201279059,
    3.751652522986));
#1757 = CARTESIAN_POINT('',(0.6744144241,-1.199783483332,3.78008583297)
  );
#1758 = CARTESIAN_POINT('',(0.696483161304,-1.210999975182,
    3.808148699788));
#1759 = CARTESIAN_POINT('',(0.71872776684,-1.222842116622,3.835848395682
    ));
#1760 = CARTESIAN_POINT('',(0.741085831149,-1.235307404624,
    3.863200122212));
#1761 = CARTESIAN_POINT('',(0.763518527268,-1.248402619976,
    3.890228128927));
#1762 = CARTESIAN_POINT('',(0.786007706798,-1.262146976164,
    3.916966832024));
#1763 = CARTESIAN_POINT('',(0.883845393233,-1.324760088357,
    4.031945148499));
#1764 = CARTESIAN_POINT('',(0.959178550567,-1.380199408683,
    4.117021341938));
#1765 = CARTESIAN_POINT('',(1.033418320948,-1.443281870308,
    4.199120823591));
#1766 = CARTESIAN_POINT('',(1.105879772765,-1.514588811969,
    4.278014843351));
#1767 = CARTESIAN_POINT('',(1.175572580812,-1.594776641157,4.35313009056
    ));
#1768 = CARTESIAN_POINT('',(1.241272388307,-1.684463117602,
    4.423414925308));
#1769 = CARTESIAN_POINT('',(1.301370342315,-1.784167851137,
    4.487419273901));
#1770 = CARTESIAN_POINT('',(1.36687220764,-1.921471735808,4.557054396323
    ));
#1771 = CARTESIAN_POINT('',(1.379438897388,-1.949436175012,
    4.570407038374));
#1772 = CARTESIAN_POINT('',(1.391496662997,-1.978025765597,
    4.583214955894));
#1773 = CARTESIAN_POINT('',(1.403007792891,-2.007228690165,
    4.595441285484));
#1774 = CARTESIAN_POINT('',(1.413935007128,-2.0370316797,4.607049514053)
  );
#1775 = CARTESIAN_POINT('',(1.424241457397,-2.067420013568,
    4.618003478815));
#1776 = CARTESIAN_POINT('',(1.433890727016,-2.098377519515,
    4.628267367294));
#1777 = CARTESIAN_POINT('',(1.456478512541,-2.177845083048,
    4.652323609447));
#1778 = CARTESIAN_POINT('',(1.468523663027,-2.227149015988,
    4.665181161397));
#1779 = CARTESIAN_POINT('',(1.478809244672,-2.277608566236,
    4.676204370878));
#1780 = CARTESIAN_POINT('',(1.487193660793,-2.32902352395,4.685251422774
    ));
#1781 = CARTESIAN_POINT('',(1.493566966949,-2.381185613075,
    4.692212639388));
#1782 = CARTESIAN_POINT('',(1.49785108214,-2.433880828716,4.697010430678
    ));
#1783 = CARTESIAN_POINT('',(1.5,-2.486891774509,4.699599244497));
#1784 = CARTESIAN_POINT('',(1.5,-2.54,4.699965516831));
#1785 = ORIENTED_EDGE('',*,*,#1786,.T.);
#1786 = EDGE_CURVE('',#1736,#1787,#1789,.T.);
#1787 = VERTEX_POINT('',#1788);
#1788 = CARTESIAN_POINT('',(-0.420738266974,-1.100215533247,3.275));
#1789 = LINE('',#1790,#1791);
#1790 = CARTESIAN_POINT('',(-2.,-1.100215533247,3.275));
#1791 = VECTOR('',#1792,1.);
#1792 = DIRECTION('',(-1.,-0.,-0.));
#1793 = ORIENTED_EDGE('',*,*,#1794,.T.);
#1794 = EDGE_CURVE('',#1787,#1795,#1797,.T.);
#1795 = VERTEX_POINT('',#1796);
#1796 = CARTESIAN_POINT('',(-0.345006247341,-3.999784466726,3.275));
#1797 = B_SPLINE_CURVE_WITH_KNOTS('',8,(#1798,#1799,#1800,#1801,#1802,
    #1803,#1804,#1805,#1806,#1807,#1808,#1809,#1810,#1811,#1812,#1813,
    #1814,#1815,#1816,#1817,#1818,#1819,#1820,#1821,#1822,#1823,#1824,
    #1825,#1826,#1827,#1828,#1829,#1830,#1831,#1832,#1833,#1834,#1835,
    #1836,#1837,#1838,#1839,#1840,#1841,#1842,#1843,#1844,#1845,#1846,
    #1847,#1848,#1849,#1850,#1851,#1852,#1853,#1854,#1855,#1856,#1857,
    #1858,#1859,#1860,#1861,#1862,#1863,#1864,#1865,#1866,#1867,#1868,
    #1869,#1870,#1871,#1872,#1873,#1874,#1875,#1876),.UNSPECIFIED.,.F.,
  .F.,(9,7,7,7,7,7,7,7,7,7,7,9),(0.,3.947889634833E-02,0.104300648858,
    0.164781761386,0.366764886954,0.416957957836,0.493354565923,
    0.572900986958,0.623440867261,0.843032857977,0.947251593683,1.),
  .UNSPECIFIED.);
#1798 = CARTESIAN_POINT('',(-0.420738231569,-1.100215522901,3.2749994));
#1799 = CARTESIAN_POINT('',(-0.422159207491,-1.100630764839,
    3.299080430591));
#1800 = CARTESIAN_POINT('',(-0.425122724787,-1.101498728205,
    3.322887056631));
#1801 = CARTESIAN_POINT('',(-0.429546949547,-1.102801387801,
    3.346436596638));
#1802 = CARTESIAN_POINT('',(-0.435325379572,-1.104524388401,
    3.369727722173));
#1803 = CARTESIAN_POINT('',(-0.442326630158,-1.106652339256,
    3.392736107436));
#1804 = CARTESIAN_POINT('',(-0.450394219879,-1.109164108594,
    3.415410078866));
#1805 = CARTESIAN_POINT('',(-0.45934635637,-1.112028118124,
    3.437666264735));
#1806 = CARTESIAN_POINT('',(-0.484786507634,-1.120401780061,
    3.495046382152));
#1807 = CARTESIAN_POINT('',(-0.502675471511,-1.126511844072,
    3.529828510692));
#1808 = CARTESIAN_POINT('',(-0.522116630769,-1.1334618173,3.56377733592)
  );
#1809 = CARTESIAN_POINT('',(-0.542660519435,-1.141187730361,
    3.596900737063));
#1810 = CARTESIAN_POINT('',(-0.563971368123,-1.149634513863,
    3.629229971047));
#1811 = CARTESIAN_POINT('',(-0.585848402535,-1.158771358878,
    3.66086113077));
#1812 = CARTESIAN_POINT('',(-0.608231260854,-1.168615580778,
    3.691976857621));
#1813 = CARTESIAN_POINT('',(-0.652610451407,-1.189201279059,
    3.751652522986));
#1814 = CARTESIAN_POINT('',(-0.6744144241,-1.199783483332,3.78008583297)
  );
#1815 = CARTESIAN_POINT('',(-0.696483161304,-1.210999975182,
    3.808148699788));
#1816 = CARTESIAN_POINT('',(-0.71872776684,-1.222842116623,
    3.835848395682));
#1817 = CARTESIAN_POINT('',(-0.741085831149,-1.235307404624,
    3.863200122212));
#1818 = CARTESIAN_POINT('',(-0.763518527268,-1.248402619976,
    3.890228128927));
#1819 = CARTESIAN_POINT('',(-0.786007706798,-1.262146976164,
    3.916966832024));
#1820 = CARTESIAN_POINT('',(-0.883845393234,-1.324760088357,4.0319451485
    ));
#1821 = CARTESIAN_POINT('',(-0.959178550566,-1.380199408682,
    4.117021341937));
#1822 = CARTESIAN_POINT('',(-1.033418320949,-1.443281870309,
    4.199120823591));
#1823 = CARTESIAN_POINT('',(-1.105879772766,-1.514588811969,
    4.278014843352));
#1824 = CARTESIAN_POINT('',(-1.175572580812,-1.594776641157,
    4.353130090559));
#1825 = CARTESIAN_POINT('',(-1.241272388306,-1.684463117602,
    4.423414925308));
#1826 = CARTESIAN_POINT('',(-1.301370342315,-1.784167851137,
    4.487419273901));
#1827 = CARTESIAN_POINT('',(-1.366872207644,-1.921471735818,
    4.557054396328));
#1828 = CARTESIAN_POINT('',(-1.379438897391,-1.949436175014,
    4.570407038376));
#1829 = CARTESIAN_POINT('',(-1.391496662995,-1.97802576559,
    4.583214955892));
#1830 = CARTESIAN_POINT('',(-1.403007792887,-2.007228690154,
    4.59544128548));
#1831 = CARTESIAN_POINT('',(-1.413935007126,-2.037031679695,
    4.60704951405));
#1832 = CARTESIAN_POINT('',(-1.424241457397,-2.067420013574,
    4.618003478816));
#1833 = CARTESIAN_POINT('',(-1.433890727019,-2.098377519528,
    4.628267367298));
#1834 = CARTESIAN_POINT('',(-1.456478512541,-2.177845083048,
    4.652323609447));
#1835 = CARTESIAN_POINT('',(-1.468523663027,-2.227149015988,
    4.665181161397));
#1836 = CARTESIAN_POINT('',(-1.478809244672,-2.277608566236,
    4.676204370878));
#1837 = CARTESIAN_POINT('',(-1.487193660793,-2.32902352395,
    4.685251422774));
#1838 = CARTESIAN_POINT('',(-1.493566966949,-2.381185613075,
    4.692212639388));
#1839 = CARTESIAN_POINT('',(-1.49785108214,-2.433880828716,
    4.697010430678));
#1840 = CARTESIAN_POINT('',(-1.5,-2.486891774509,4.699599244497));
#1841 = CARTESIAN_POINT('',(-1.5,-2.595297864277,4.700346890482));
#1842 = CARTESIAN_POINT('',(-1.497670228804,-2.650524793616,
    4.698317460748));
#1843 = CARTESIAN_POINT('',(-1.493021092807,-2.705434954758,
    4.693888940022));
#1844 = CARTESIAN_POINT('',(-1.486100765493,-2.759783474178,
    4.687110433687));
#1845 = CARTESIAN_POINT('',(-1.476994998832,-2.813329290867,
    4.678068438512));
#1846 = CARTESIAN_POINT('',(-1.465826934678,-2.865838009112,
    4.666886841033));
#1847 = CARTESIAN_POINT('',(-1.452756916164,-2.917084751276,
    4.653726915949));
#1848 = CARTESIAN_POINT('',(-1.428595234684,-2.99847985414,4.6292954435)
  );
#1849 = CARTESIAN_POINT('',(-1.418510522077,-3.029539575108,
    4.619075532245));
#1850 = CARTESIAN_POINT('',(-1.407764583184,-3.060019025596,
    4.608164109909));
#1851 = CARTESIAN_POINT('',(-1.396394194516,-3.089902543858,
    4.596597950245));
#1852 = CARTESIAN_POINT('',(-1.384436487196,-3.119175954294,
    4.584414081591));
#1853 = CARTESIAN_POINT('',(-1.37192894695,-3.147826567448,
    4.571649786879));
#1854 = CARTESIAN_POINT('',(-1.358909414116,-3.17584318001,
    4.558342603624));
#1855 = CARTESIAN_POINT('',(-1.286788574358,-3.322149250475,
    4.48451700425));
#1856 = CARTESIAN_POINT('',(-1.219187508383,-3.428989696592,
    4.414937461739));
#1857 = CARTESIAN_POINT('',(-1.145155466844,-3.524071469717,
    4.338299288777));
#1858 = CARTESIAN_POINT('',(-1.066655093694,-3.608090244537,
    4.256417030813));
#1859 = CARTESIAN_POINT('',(-0.985095867652,-3.681851078287,
    4.170606852329));
#1860 = CARTESIAN_POINT('',(-0.901606754083,-3.746200319785,
    4.081516744584));
#1861 = CARTESIAN_POINT('',(-0.816794350596,-3.801861863353,
    3.989430886509));
#1862 = CARTESIAN_POINT('',(-0.691682333579,-3.87180470234,
    3.848250601687));
#1863 = CARTESIAN_POINT('',(-0.652531666701,-3.891833898043,
    3.803256023856));
#1864 = CARTESIAN_POINT('',(-0.613783825357,-3.910088209174,
    3.757750493582));
#1865 = CARTESIAN_POINT('',(-0.575012541278,-3.926864168268,
    3.710965895652));
#1866 = CARTESIAN_POINT('',(-0.53627893411,-3.942149805662,
    3.662472070402));
#1867 = CARTESIAN_POINT('',(-0.498313161178,-3.95568717746,
    3.612323864373));
#1868 = CARTESIAN_POINT('',(-0.46260077065,-3.967266813465,
    3.560940095046));
#1869 = CARTESIAN_POINT('',(-0.414971609478,-3.981553951646,
    3.482116300679));
#1870 = CARTESIAN_POINT('',(-0.399562891019,-3.985953975537,
    3.45463811234));
#1871 = CARTESIAN_POINT('',(-0.385197575971,-3.989850718819,
    3.426358417648));
#1872 = CARTESIAN_POINT('',(-0.372332708262,-3.993171321443,
    3.397414462828));
#1873 = CARTESIAN_POINT('',(-0.36142950818,-3.995867544402,
    3.367874833476));
#1874 = CARTESIAN_POINT('',(-0.352946108724,-3.997903446365,
    3.337722927442));
#1875 = CARTESIAN_POINT('',(-0.3473294317,-3.999235404157,3.306841659813
    ));
#1876 = CARTESIAN_POINT('',(-0.345006203564,-3.999784477073,3.2749994));
#1877 = ORIENTED_EDGE('',*,*,#1878,.F.);
#1878 = EDGE_CURVE('',#1879,#1795,#1881,.T.);
#1879 = VERTEX_POINT('',#1880);
#1880 = CARTESIAN_POINT('',(0.345006247341,-3.999784466726,3.275));
#1881 = LINE('',#1882,#1883);
#1882 = CARTESIAN_POINT('',(-2.,-3.999784466726,3.275));
#1883 = VECTOR('',#1884,1.);
#1884 = DIRECTION('',(-1.,-0.,-0.));
#1885 = ORIENTED_EDGE('',*,*,#1886,.F.);
#1886 = EDGE_CURVE('',#1738,#1879,#1887,.T.);
#1887 = B_SPLINE_CURVE_WITH_KNOTS('',8,(#1888,#1889,#1890,#1891,#1892,
    #1893,#1894,#1895,#1896,#1897,#1898,#1899,#1900,#1901,#1902,#1903,
    #1904,#1905,#1906,#1907,#1908,#1909,#1910,#1911,#1912,#1913,#1914,
    #1915,#1916,#1917,#1918,#1919,#1920,#1921,#1922,#1923,#1924),
  .UNSPECIFIED.,.F.,.F.,(9,7,7,7,7,9),(0.,0.157005983421,0.256759903752,
    0.690183390599,0.89588692139,1.),.UNSPECIFIED.);
#1888 = CARTESIAN_POINT('',(1.5,-2.54,4.699965516831));
#1889 = CARTESIAN_POINT('',(1.5,-2.59529786429,4.700346890482));
#1890 = CARTESIAN_POINT('',(1.497670228803,-2.650524793621,
    4.698317460747));
#1891 = CARTESIAN_POINT('',(1.493021092807,-2.705434954751,
    4.693888940021));
#1892 = CARTESIAN_POINT('',(1.486100765494,-2.759783474167,
    4.687110433689));
#1893 = CARTESIAN_POINT('',(1.476994998834,-2.813329290861,
    4.678068438514));
#1894 = CARTESIAN_POINT('',(1.465826934678,-2.865838009115,
    4.666886841033));
#1895 = CARTESIAN_POINT('',(1.452756916161,-2.917084751286,
    4.653726915946));
#1896 = CARTESIAN_POINT('',(1.428595230264,-2.998479869028,
    4.629295439031));
#1897 = CARTESIAN_POINT('',(1.418510520899,-3.029539582122,
    4.619075531081));
#1898 = CARTESIAN_POINT('',(1.40776458633,-3.060019019997,4.608164113137
    ));
#1899 = CARTESIAN_POINT('',(1.396394199198,-3.089902531917,
    4.596597955014));
#1900 = CARTESIAN_POINT('',(1.384436489451,-3.119175946272,
    4.584414083868));
#1901 = CARTESIAN_POINT('',(1.371928944346,-3.147826570584,
    4.571649784193));
#1902 = CARTESIAN_POINT('',(1.35890940845,-3.175843191504,4.558342597824
    ));
#1903 = CARTESIAN_POINT('',(1.286788574358,-3.322149250475,4.48451700425
    ));
#1904 = CARTESIAN_POINT('',(1.219187508382,-3.428989696594,
    4.414937461738));
#1905 = CARTESIAN_POINT('',(1.145155466847,-3.524071469714,4.33829928878
    ));
#1906 = CARTESIAN_POINT('',(1.066655093691,-3.60809024454,4.25641703081)
  );
#1907 = CARTESIAN_POINT('',(0.985095867653,-3.681851078285,
    4.170606852331));
#1908 = CARTESIAN_POINT('',(0.901606754083,-3.746200319786,
    4.081516744584));
#1909 = CARTESIAN_POINT('',(0.816794350596,-3.801861863353,
    3.989430886509));
#1910 = CARTESIAN_POINT('',(0.69168233358,-3.87180470234,3.848250601688)
  );
#1911 = CARTESIAN_POINT('',(0.652531666701,-3.891833898044,
    3.803256023855));
#1912 = CARTESIAN_POINT('',(0.613783825355,-3.910088209175,3.75775049358
    ));
#1913 = CARTESIAN_POINT('',(0.575012541282,-3.926864168266,
    3.710965895656));
#1914 = CARTESIAN_POINT('',(0.536278934109,-3.942149805663,3.6624720704)
  );
#1915 = CARTESIAN_POINT('',(0.498313161178,-3.95568717746,3.612323864373
    ));
#1916 = CARTESIAN_POINT('',(0.46260077065,-3.967266813465,3.560940095045
    ));
#1917 = CARTESIAN_POINT('',(0.414971609478,-3.981553951646,
    3.482116300679));
#1918 = CARTESIAN_POINT('',(0.399562891019,-3.985953975537,3.45463811234
    ));
#1919 = CARTESIAN_POINT('',(0.385197575971,-3.989850718819,
    3.426358417648));
#1920 = CARTESIAN_POINT('',(0.372332708262,-3.993171321443,
    3.397414462828));
#1921 = CARTESIAN_POINT('',(0.36142950818,-3.995867544402,3.367874833476
    ));
#1922 = CARTESIAN_POINT('',(0.352946108724,-3.997903446365,
    3.337722927442));
#1923 = CARTESIAN_POINT('',(0.3473294317,-3.999235404157,3.306841659813)
  );
#1924 = CARTESIAN_POINT('',(0.345006203564,-3.999784477073,3.2749994));
#1925 = CYLINDRICAL_SURFACE('',#1926,1.45);
#1926 = AXIS2_PLACEMENT_3D('',#1927,#1928,#1929);
#1927 = CARTESIAN_POINT('',(-2.,-2.549999999987,3.25));
#1928 = DIRECTION('',(-1.,-0.,-0.));
#1929 = DIRECTION('',(0.,1.,0.));
#1930 = ADVANCED_FACE('',(#1931),#1950,.T.);
#1931 = FACE_BOUND('',#1932,.T.);
#1932 = EDGE_LOOP('',(#1933,#1941,#1942,#1943));
#1933 = ORIENTED_EDGE('',*,*,#1934,.F.);
#1934 = EDGE_CURVE('',#1677,#1935,#1937,.T.);
#1935 = VERTEX_POINT('',#1936);
#1936 = CARTESIAN_POINT('',(0.25,-2.54,-4.575));
#1937 = LINE('',#1938,#1939);
#1938 = CARTESIAN_POINT('',(0.55,-2.54,-4.275));
#1939 = VECTOR('',#1940,1.);
#1940 = DIRECTION('',(-0.707106781187,0.,-0.707106781187));
#1941 = ORIENTED_EDGE('',*,*,#1684,.T.);
#1942 = ORIENTED_EDGE('',*,*,#1934,.T.);
#1943 = ORIENTED_EDGE('',*,*,#1944,.F.);
#1944 = EDGE_CURVE('',#1935,#1935,#1945,.T.);
#1945 = CIRCLE('',#1946,0.25);
#1946 = AXIS2_PLACEMENT_3D('',#1947,#1948,#1949);
#1947 = CARTESIAN_POINT('',(0.,-2.54,-4.575));
#1948 = DIRECTION('',(0.,0.,-1.));
#1949 = DIRECTION('',(1.,0.,0.));
#1950 = CONICAL_SURFACE('',#1951,0.55,0.785398163397);
#1951 = AXIS2_PLACEMENT_3D('',#1952,#1953,#1954);
#1952 = CARTESIAN_POINT('',(0.,-2.54,-4.275));
#1953 = DIRECTION('',(0.,0.,1.));
#1954 = DIRECTION('',(1.,0.,0.));
#1955 = ADVANCED_FACE('',(#1956),#1983,.F.);
#1956 = FACE_BOUND('',#1957,.F.);
#1957 = EDGE_LOOP('',(#1958,#1959,#1965,#1966,#1973,#1974,#1981,#1982));
#1958 = ORIENTED_EDGE('',*,*,#1707,.F.);
#1959 = ORIENTED_EDGE('',*,*,#1960,.T.);
#1960 = EDGE_CURVE('',#1708,#1738,#1961,.T.);
#1961 = LINE('',#1962,#1963);
#1962 = CARTESIAN_POINT('',(1.5,-2.54,6.775));
#1963 = VECTOR('',#1964,1.);
#1964 = DIRECTION('',(-0.,-0.,-1.));
#1965 = ORIENTED_EDGE('',*,*,#1735,.F.);
#1966 = ORIENTED_EDGE('',*,*,#1967,.T.);
#1967 = EDGE_CURVE('',#1736,#1787,#1968,.T.);
#1968 = CIRCLE('',#1969,1.5);
#1969 = AXIS2_PLACEMENT_3D('',#1970,#1971,#1972);
#1970 = CARTESIAN_POINT('',(0.,-2.54,3.275));
#1971 = DIRECTION('',(0.,0.,1.));
#1972 = DIRECTION('',(1.,0.,0.));
#1973 = ORIENTED_EDGE('',*,*,#1794,.T.);
#1974 = ORIENTED_EDGE('',*,*,#1975,.T.);
#1975 = EDGE_CURVE('',#1795,#1879,#1976,.T.);
#1976 = CIRCLE('',#1977,1.5);
#1977 = AXIS2_PLACEMENT_3D('',#1978,#1979,#1980);
#1978 = CARTESIAN_POINT('',(0.,-2.54,3.275));
#1979 = DIRECTION('',(0.,0.,1.));
#1980 = DIRECTION('',(1.,0.,0.));
#1981 = ORIENTED_EDGE('',*,*,#1886,.F.);
#1982 = ORIENTED_EDGE('',*,*,#1960,.F.);
#1983 = CYLINDRICAL_SURFACE('',#1984,1.5);
#1984 = AXIS2_PLACEMENT_3D('',#1985,#1986,#1987);
#1985 = CARTESIAN_POINT('',(0.,-2.54,6.775));
#1986 = DIRECTION('',(0.,0.,1.));
#1987 = DIRECTION('',(1.,0.,0.));
#1988 = ADVANCED_FACE('',(#1989),#1993,.T.);
#1989 = FACE_BOUND('',#1990,.T.);
#1990 = EDGE_LOOP('',(#1991,#1992));
#1991 = ORIENTED_EDGE('',*,*,#1975,.T.);
#1992 = ORIENTED_EDGE('',*,*,#1878,.T.);
#1993 = PLANE('',#1994);
#1994 = AXIS2_PLACEMENT_3D('',#1995,#1996,#1997);
#1995 = CARTESIAN_POINT('',(-8.546500828371E-17,0.,3.275));
#1996 = DIRECTION('',(0.,0.,1.));
#1997 = DIRECTION('',(1.,0.,0.));
#1998 = ADVANCED_FACE('',(#1999),#2003,.T.);
#1999 = FACE_BOUND('',#2000,.T.);
#2000 = EDGE_LOOP('',(#2001,#2002));
#2001 = ORIENTED_EDGE('',*,*,#1786,.F.);
#2002 = ORIENTED_EDGE('',*,*,#1967,.T.);
#2003 = PLANE('',#2004);
#2004 = AXIS2_PLACEMENT_3D('',#2005,#2006,#2007);
#2005 = CARTESIAN_POINT('',(-8.546500828371E-17,0.,3.275));
#2006 = DIRECTION('',(0.,0.,1.));
#2007 = DIRECTION('',(1.,0.,0.));
#2008 = ADVANCED_FACE('',(#2009),#2012,.F.);
#2009 = FACE_BOUND('',#2010,.F.);
#2010 = EDGE_LOOP('',(#2011));
#2011 = ORIENTED_EDGE('',*,*,#1944,.F.);
#2012 = PLANE('',#2013);
#2013 = AXIS2_PLACEMENT_3D('',#2014,#2015,#2016);
#2014 = CARTESIAN_POINT('',(-1.957908745643E-17,-2.029790211536E-02,
    -4.575));
#2015 = DIRECTION('',(0.,0.,1.));
#2016 = DIRECTION('',(1.,0.,0.));
#2017 = MANIFOLD_SOLID_BREP('',#2018);
#2018 = CLOSED_SHELL('',(#2019,#2070,#2095,#2126,#2161,#2196,#2213,#2238
    ,#2261,#2464,#2489,#2522,#2532,#2542));
#2019 = ADVANCED_FACE('',(#2020,#2031),#2065,.F.);
#2020 = FACE_BOUND('',#2021,.F.);
#2021 = EDGE_LOOP('',(#2022));
#2022 = ORIENTED_EDGE('',*,*,#2023,.T.);
#2023 = EDGE_CURVE('',#2024,#2024,#2026,.T.);
#2024 = VERTEX_POINT('',#2025);
#2025 = CARTESIAN_POINT('',(0.84127926,2.54,1.425));
#2026 = CIRCLE('',#2027,0.84127926);
#2027 = AXIS2_PLACEMENT_3D('',#2028,#2029,#2030);
#2028 = CARTESIAN_POINT('',(0.,2.54,1.425));
#2029 = DIRECTION('',(0.,0.,-1.));
#2030 = DIRECTION('',(1.,0.,0.));
#2031 = FACE_BOUND('',#2032,.F.);
#2032 = EDGE_LOOP('',(#2033,#2043,#2051,#2059));
#2033 = ORIENTED_EDGE('',*,*,#2034,.T.);
#2034 = EDGE_CURVE('',#2035,#2037,#2039,.T.);
#2035 = VERTEX_POINT('',#2036);
#2036 = CARTESIAN_POINT('',(-2.,0.549999999987,1.425));
#2037 = VERTEX_POINT('',#2038);
#2038 = CARTESIAN_POINT('',(2.,0.549999999987,1.425));
#2039 = LINE('',#2040,#2041);
#2040 = CARTESIAN_POINT('',(-2.,0.549999999987,1.425));
#2041 = VECTOR('',#2042,1.);
#2042 = DIRECTION('',(1.,0.,0.));
#2043 = ORIENTED_EDGE('',*,*,#2044,.T.);
#2044 = EDGE_CURVE('',#2037,#2045,#2047,.T.);
#2045 = VERTEX_POINT('',#2046);
#2046 = CARTESIAN_POINT('',(2.,4.549999999987,1.425));
#2047 = LINE('',#2048,#2049);
#2048 = CARTESIAN_POINT('',(2.,0.549999999987,1.425));
#2049 = VECTOR('',#2050,1.);
#2050 = DIRECTION('',(0.,1.,0.));
#2051 = ORIENTED_EDGE('',*,*,#2052,.F.);
#2052 = EDGE_CURVE('',#2053,#2045,#2055,.T.);
#2053 = VERTEX_POINT('',#2054);
#2054 = CARTESIAN_POINT('',(-2.,4.549999999987,1.425));
#2055 = LINE('',#2056,#2057);
#2056 = CARTESIAN_POINT('',(-2.,4.549999999987,1.425));
#2057 = VECTOR('',#2058,1.);
#2058 = DIRECTION('',(1.,0.,0.));
#2059 = ORIENTED_EDGE('',*,*,#2060,.F.);
#2060 = EDGE_CURVE('',#2035,#2053,#2061,.T.);
#2061 = LINE('',#2062,#2063);
#2062 = CARTESIAN_POINT('',(-2.,0.549999999987,1.425));
#2063 = VECTOR('',#2064,1.);
#2064 = DIRECTION('',(0.,1.,0.));
#2065 = PLANE('',#2066);
#2066 = AXIS2_PLACEMENT_3D('',#2067,#2068,#2069);
#2067 = CARTESIAN_POINT('',(-2.,0.549999999987,1.425));
#2068 = DIRECTION('',(0.,0.,1.));
#2069 = DIRECTION('',(0.,1.,0.));
#2070 = ADVANCED_FACE('',(#2071),#2090,.T.);
#2071 = FACE_BOUND('',#2072,.T.);
#2072 = EDGE_LOOP('',(#2073,#2081,#2082,#2083));
#2073 = ORIENTED_EDGE('',*,*,#2074,.F.);
#2074 = EDGE_CURVE('',#2024,#2075,#2077,.T.);
#2075 = VERTEX_POINT('',#2076);
#2076 = CARTESIAN_POINT('',(0.54127926,2.54,1.125));
#2077 = LINE('',#2078,#2079);
#2078 = CARTESIAN_POINT('',(0.54127926,2.54,1.125));
#2079 = VECTOR('',#2080,1.);
#2080 = DIRECTION('',(-0.707106781187,0.,-0.707106781187));
#2081 = ORIENTED_EDGE('',*,*,#2023,.T.);
#2082 = ORIENTED_EDGE('',*,*,#2074,.T.);
#2083 = ORIENTED_EDGE('',*,*,#2084,.F.);
#2084 = EDGE_CURVE('',#2075,#2075,#2085,.T.);
#2085 = CIRCLE('',#2086,0.54127926);
#2086 = AXIS2_PLACEMENT_3D('',#2087,#2088,#2089);
#2087 = CARTESIAN_POINT('',(0.,2.54,1.125));
#2088 = DIRECTION('',(0.,0.,-1.));
#2089 = DIRECTION('',(1.,0.,0.));
#2090 = CONICAL_SURFACE('',#2091,0.54127926,0.785398163397);
#2091 = AXIS2_PLACEMENT_3D('',#2092,#2093,#2094);
#2092 = CARTESIAN_POINT('',(0.,2.54,1.125));
#2093 = DIRECTION('',(0.,0.,1.));
#2094 = DIRECTION('',(1.,0.,0.));
#2095 = ADVANCED_FACE('',(#2096),#2121,.F.);
#2096 = FACE_BOUND('',#2097,.F.);
#2097 = EDGE_LOOP('',(#2098,#2108,#2114,#2115));
#2098 = ORIENTED_EDGE('',*,*,#2099,.T.);
#2099 = EDGE_CURVE('',#2100,#2102,#2104,.T.);
#2100 = VERTEX_POINT('',#2101);
#2101 = CARTESIAN_POINT('',(-2.,0.549999999987,6.775));
#2102 = VERTEX_POINT('',#2103);
#2103 = CARTESIAN_POINT('',(2.,0.549999999987,6.775));
#2104 = LINE('',#2105,#2106);
#2105 = CARTESIAN_POINT('',(-2.,0.549999999987,6.775));
#2106 = VECTOR('',#2107,1.);
#2107 = DIRECTION('',(1.,0.,0.));
#2108 = ORIENTED_EDGE('',*,*,#2109,.T.);
#2109 = EDGE_CURVE('',#2102,#2037,#2110,.T.);
#2110 = LINE('',#2111,#2112);
#2111 = CARTESIAN_POINT('',(2.,0.549999999987,6.775));
#2112 = VECTOR('',#2113,1.);
#2113 = DIRECTION('',(0.,0.,-1.));
#2114 = ORIENTED_EDGE('',*,*,#2034,.F.);
#2115 = ORIENTED_EDGE('',*,*,#2116,.F.);
#2116 = EDGE_CURVE('',#2100,#2035,#2117,.T.);
#2117 = LINE('',#2118,#2119);
#2118 = CARTESIAN_POINT('',(-2.,0.549999999987,6.775));
#2119 = VECTOR('',#2120,1.);
#2120 = DIRECTION('',(0.,0.,-1.));
#2121 = PLANE('',#2122);
#2122 = AXIS2_PLACEMENT_3D('',#2123,#2124,#2125);
#2123 = CARTESIAN_POINT('',(-2.,0.549999999987,6.775));
#2124 = DIRECTION('',(0.,1.,0.));
#2125 = DIRECTION('',(0.,0.,-1.));
#2126 = ADVANCED_FACE('',(#2127,#2145),#2156,.F.);
#2127 = FACE_BOUND('',#2128,.F.);
#2128 = EDGE_LOOP('',(#2129,#2130,#2138,#2144));
#2129 = ORIENTED_EDGE('',*,*,#2060,.T.);
#2130 = ORIENTED_EDGE('',*,*,#2131,.T.);
#2131 = EDGE_CURVE('',#2053,#2132,#2134,.T.);
#2132 = VERTEX_POINT('',#2133);
#2133 = CARTESIAN_POINT('',(-2.,4.549999999987,6.775));
#2134 = LINE('',#2135,#2136);
#2135 = CARTESIAN_POINT('',(-2.,4.549999999987,1.425));
#2136 = VECTOR('',#2137,1.);
#2137 = DIRECTION('',(0.,0.,1.));
#2138 = ORIENTED_EDGE('',*,*,#2139,.T.);
#2139 = EDGE_CURVE('',#2132,#2100,#2140,.T.);
#2140 = LINE('',#2141,#2142);
#2141 = CARTESIAN_POINT('',(-2.,4.549999999987,6.775));
#2142 = VECTOR('',#2143,1.);
#2143 = DIRECTION('',(0.,-1.,0.));
#2144 = ORIENTED_EDGE('',*,*,#2116,.T.);
#2145 = FACE_BOUND('',#2146,.T.);
#2146 = EDGE_LOOP('',(#2147));
#2147 = ORIENTED_EDGE('',*,*,#2148,.T.);
#2148 = EDGE_CURVE('',#2149,#2149,#2151,.T.);
#2149 = VERTEX_POINT('',#2150);
#2150 = CARTESIAN_POINT('',(-2.,3.999999999987,3.25));
#2151 = CIRCLE('',#2152,1.45);
#2152 = AXIS2_PLACEMENT_3D('',#2153,#2154,#2155);
#2153 = CARTESIAN_POINT('',(-2.,2.549999999987,3.25));
#2154 = DIRECTION('',(1.,0.,0.));
#2155 = DIRECTION('',(0.,1.,0.));
#2156 = PLANE('',#2157);
#2157 = AXIS2_PLACEMENT_3D('',#2158,#2159,#2160);
#2158 = CARTESIAN_POINT('',(-2.,-5.501512426372E-17,3.855883392363));
#2159 = DIRECTION('',(1.,0.,0.));
#2160 = DIRECTION('',(0.,0.,1.));
#2161 = ADVANCED_FACE('',(#2162,#2180),#2191,.T.);
#2162 = FACE_BOUND('',#2163,.T.);
#2163 = EDGE_LOOP('',(#2164,#2165,#2173,#2179));
#2164 = ORIENTED_EDGE('',*,*,#2044,.T.);
#2165 = ORIENTED_EDGE('',*,*,#2166,.T.);
#2166 = EDGE_CURVE('',#2045,#2167,#2169,.T.);
#2167 = VERTEX_POINT('',#2168);
#2168 = CARTESIAN_POINT('',(2.,4.549999999987,6.775));
#2169 = LINE('',#2170,#2171);
#2170 = CARTESIAN_POINT('',(2.,4.549999999987,1.425));
#2171 = VECTOR('',#2172,1.);
#2172 = DIRECTION('',(0.,0.,1.));
#2173 = ORIENTED_EDGE('',*,*,#2174,.T.);
#2174 = EDGE_CURVE('',#2167,#2102,#2175,.T.);
#2175 = LINE('',#2176,#2177);
#2176 = CARTESIAN_POINT('',(2.,4.549999999987,6.775));
#2177 = VECTOR('',#2178,1.);
#2178 = DIRECTION('',(0.,-1.,0.));
#2179 = ORIENTED_EDGE('',*,*,#2109,.T.);
#2180 = FACE_BOUND('',#2181,.F.);
#2181 = EDGE_LOOP('',(#2182));
#2182 = ORIENTED_EDGE('',*,*,#2183,.T.);
#2183 = EDGE_CURVE('',#2184,#2184,#2186,.T.);
#2184 = VERTEX_POINT('',#2185);
#2185 = CARTESIAN_POINT('',(2.,3.999999999987,3.25));
#2186 = CIRCLE('',#2187,1.45);
#2187 = AXIS2_PLACEMENT_3D('',#2188,#2189,#2190);
#2188 = CARTESIAN_POINT('',(2.,2.549999999987,3.25));
#2189 = DIRECTION('',(1.,0.,0.));
#2190 = DIRECTION('',(0.,1.,0.));
#2191 = PLANE('',#2192);
#2192 = AXIS2_PLACEMENT_3D('',#2193,#2194,#2195);
#2193 = CARTESIAN_POINT('',(2.,-5.501512426372E-17,3.855883392363));
#2194 = DIRECTION('',(1.,0.,0.));
#2195 = DIRECTION('',(0.,0.,1.));
#2196 = ADVANCED_FACE('',(#2197),#2208,.F.);
#2197 = FACE_BOUND('',#2198,.F.);
#2198 = EDGE_LOOP('',(#2199,#2200,#2201,#2207));
#2199 = ORIENTED_EDGE('',*,*,#2052,.T.);
#2200 = ORIENTED_EDGE('',*,*,#2166,.T.);
#2201 = ORIENTED_EDGE('',*,*,#2202,.F.);
#2202 = EDGE_CURVE('',#2132,#2167,#2203,.T.);
#2203 = LINE('',#2204,#2205);
#2204 = CARTESIAN_POINT('',(-2.,4.549999999987,6.775));
#2205 = VECTOR('',#2206,1.);
#2206 = DIRECTION('',(1.,0.,0.));
#2207 = ORIENTED_EDGE('',*,*,#2131,.F.);
#2208 = PLANE('',#2209);
#2209 = AXIS2_PLACEMENT_3D('',#2210,#2211,#2212);
#2210 = CARTESIAN_POINT('',(-2.,4.549999999987,1.425));
#2211 = DIRECTION('',(0.,-1.,0.));
#2212 = DIRECTION('',(0.,0.,1.));
#2213 = ADVANCED_FACE('',(#2214),#2233,.T.);
#2214 = FACE_BOUND('',#2215,.F.);
#2215 = EDGE_LOOP('',(#2216,#2224,#2231,#2232));
#2216 = ORIENTED_EDGE('',*,*,#2217,.T.);
#2217 = EDGE_CURVE('',#2075,#2218,#2220,.T.);
#2218 = VERTEX_POINT('',#2219);
#2219 = CARTESIAN_POINT('',(0.54127926,2.54,-4.275));
#2220 = LINE('',#2221,#2222);
#2221 = CARTESIAN_POINT('',(0.54127926,2.54,1.425));
#2222 = VECTOR('',#2223,1.);
#2223 = DIRECTION('',(0.,0.,-1.));
#2224 = ORIENTED_EDGE('',*,*,#2225,.T.);
#2225 = EDGE_CURVE('',#2218,#2218,#2226,.T.);
#2226 = CIRCLE('',#2227,0.54127926);
#2227 = AXIS2_PLACEMENT_3D('',#2228,#2229,#2230);
#2228 = CARTESIAN_POINT('',(0.,2.54,-4.275));
#2229 = DIRECTION('',(0.,0.,-1.));
#2230 = DIRECTION('',(1.,0.,0.));
#2231 = ORIENTED_EDGE('',*,*,#2217,.F.);
#2232 = ORIENTED_EDGE('',*,*,#2084,.F.);
#2233 = CYLINDRICAL_SURFACE('',#2234,0.54127926);
#2234 = AXIS2_PLACEMENT_3D('',#2235,#2236,#2237);
#2235 = CARTESIAN_POINT('',(0.,2.54,1.425));
#2236 = DIRECTION('',(0.,0.,1.));
#2237 = DIRECTION('',(1.,0.,0.));
#2238 = ADVANCED_FACE('',(#2239,#2245),#2256,.F.);
#2239 = FACE_BOUND('',#2240,.F.);
#2240 = EDGE_LOOP('',(#2241,#2242,#2243,#2244));
#2241 = ORIENTED_EDGE('',*,*,#2202,.T.);
#2242 = ORIENTED_EDGE('',*,*,#2174,.T.);
#2243 = ORIENTED_EDGE('',*,*,#2099,.F.);
#2244 = ORIENTED_EDGE('',*,*,#2139,.F.);
#2245 = FACE_BOUND('',#2246,.F.);
#2246 = EDGE_LOOP('',(#2247));
#2247 = ORIENTED_EDGE('',*,*,#2248,.T.);
#2248 = EDGE_CURVE('',#2249,#2249,#2251,.T.);
#2249 = VERTEX_POINT('',#2250);
#2250 = CARTESIAN_POINT('',(1.5,2.54,6.775));
#2251 = CIRCLE('',#2252,1.5);
#2252 = AXIS2_PLACEMENT_3D('',#2253,#2254,#2255);
#2253 = CARTESIAN_POINT('',(0.,2.54,6.775));
#2254 = DIRECTION('',(0.,0.,1.));
#2255 = DIRECTION('',(1.,0.,0.));
#2256 = PLANE('',#2257);
#2257 = AXIS2_PLACEMENT_3D('',#2258,#2259,#2260);
#2258 = CARTESIAN_POINT('',(-2.,4.549999999987,6.775));
#2259 = DIRECTION('',(0.,0.,-1.));
#2260 = DIRECTION('',(0.,-1.,0.));
#2261 = ADVANCED_FACE('',(#2262,#2273),#2459,.F.);
#2262 = FACE_BOUND('',#2263,.T.);
#2263 = EDGE_LOOP('',(#2264,#2265,#2271,#2272));
#2264 = ORIENTED_EDGE('',*,*,#2148,.F.);
#2265 = ORIENTED_EDGE('',*,*,#2266,.T.);
#2266 = EDGE_CURVE('',#2149,#2184,#2267,.T.);
#2267 = LINE('',#2268,#2269);
#2268 = CARTESIAN_POINT('',(-2.,3.999999999987,3.25));
#2269 = VECTOR('',#2270,1.);
#2270 = DIRECTION('',(1.,0.,0.));
#2271 = ORIENTED_EDGE('',*,*,#2183,.T.);
#2272 = ORIENTED_EDGE('',*,*,#2266,.F.);
#2273 = FACE_BOUND('',#2274,.T.);
#2274 = EDGE_LOOP('',(#2275,#2326,#2334,#2418,#2426));
#2275 = ORIENTED_EDGE('',*,*,#2276,.F.);
#2276 = EDGE_CURVE('',#2277,#2279,#2281,.T.);
#2277 = VERTEX_POINT('',#2278);
#2278 = CARTESIAN_POINT('',(0.345006247341,3.999784466726,3.275));
#2279 = VERTEX_POINT('',#2280);
#2280 = CARTESIAN_POINT('',(1.5,2.54,4.699965516831));
#2281 = B_SPLINE_CURVE_WITH_KNOTS('',8,(#2282,#2283,#2284,#2285,#2286,
    #2287,#2288,#2289,#2290,#2291,#2292,#2293,#2294,#2295,#2296,#2297,
    #2298,#2299,#2300,#2301,#2302,#2303,#2304,#2305,#2306,#2307,#2308,
    #2309,#2310,#2311,#2312,#2313,#2314,#2315,#2316,#2317,#2318,#2319,
    #2320,#2321,#2322,#2323,#2324,#2325),.UNSPECIFIED.,.F.,.F.,(9,7,7,7,
    7,7,9),(0.,6.348584951518E-02,0.160463321973,0.307411536301,
    0.741143881857,0.841163554505,1.),.UNSPECIFIED.);
#2282 = CARTESIAN_POINT('',(0.345006203564,3.999784477073,3.2749994));
#2283 = CARTESIAN_POINT('',(0.34642530251,3.999449086508,3.294449628172)
  );
#2284 = CARTESIAN_POINT('',(0.349082334555,3.998819356502,3.313664514564
    ));
#2285 = CARTESIAN_POINT('',(0.352905058395,3.997907618913,3.332662165387
    ));
#2286 = CARTESIAN_POINT('',(0.357804013662,3.996723868233,3.351445098209
    ));
#2287 = CARTESIAN_POINT('',(0.363672219596,3.995278670105,3.369997340526
    ));
#2288 = CARTESIAN_POINT('',(0.370384873726,3.993586069842,3.38828152833)
  );
#2289 = CARTESIAN_POINT('',(0.377799050541,3.991666500943,3.406236004677
    ));
#2290 = CARTESIAN_POINT('',(0.397904024719,3.986316175816,3.450558809969
    ));
#2291 = CARTESIAN_POINT('',(0.411486531425,3.982577047474,3.476746427116
    ));
#2292 = CARTESIAN_POINT('',(0.426162101963,3.97836954539,3.502358013786)
  );
#2293 = CARTESIAN_POINT('',(0.441646360462,3.973727364089,3.527408562202
    ));
#2294 = CARTESIAN_POINT('',(0.457722279014,3.968679942941,3.551925740274
    ));
#2295 = CARTESIAN_POINT('',(0.474251405952,3.963245848448,3.575970563194
    ));
#2296 = CARTESIAN_POINT('',(0.491183416868,3.957420251667,3.599657809065
    ));
#2297 = CARTESIAN_POINT('',(0.534900454815,3.941665152097,3.658813139578
    ));
#2298 = CARTESIAN_POINT('',(0.56218798671,3.93119648489,3.693954228208)
  );
#2299 = CARTESIAN_POINT('',(0.590023144258,3.919797949922,3.728511848562
    ));
#2300 = CARTESIAN_POINT('',(0.618145446448,3.907510354241,3.762465136502
    ));
#2301 = CARTESIAN_POINT('',(0.646412436618,3.89435332584,3.795851738964)
  );
#2302 = CARTESIAN_POINT('',(0.674775403585,3.880313278867,3.828758358667
    ));
#2303 = CARTESIAN_POINT('',(0.703255758372,3.865333879413,3.861310064221
    ));
#2304 = CARTESIAN_POINT('',(0.816533540871,3.802010013232,3.989137611238
    ));
#2305 = CARTESIAN_POINT('',(0.901115024161,3.746525472879,4.080983232336
    ));
#2306 = CARTESIAN_POINT('',(0.984383901244,3.68240186371,4.169847416556)
  );
#2307 = CARTESIAN_POINT('',(1.065736720028,3.608922442521,4.255450664453
    ));
#2308 = CARTESIAN_POINT('',(1.144056091967,3.525248669006,4.337152736132
    ));
#2309 = CARTESIAN_POINT('',(1.217947351943,3.430581980349,4.413653506535
    ));
#2310 = CARTESIAN_POINT('',(1.285470125772,3.324230548532,4.483159936357
    ));
#2311 = CARTESIAN_POINT('',(1.357633640876,3.178560017639,4.557038292211
    ));
#2312 = CARTESIAN_POINT('',(1.370685676134,3.150620186686,4.57038038516)
  );
#2313 = CARTESIAN_POINT('',(1.383229106772,3.122047065182,4.583182999637
    ));
#2314 = CARTESIAN_POINT('',(1.39522631463,3.092851500857,4.595408828918)
  );
#2315 = CARTESIAN_POINT('',(1.406639998132,3.063045817337,4.607020782215
    ));
#2316 = CARTESIAN_POINT('',(1.417433172285,3.032643814143,4.617981984673
    ));
#2317 = CARTESIAN_POINT('',(1.427569168678,3.001660766694,4.628255777371
    ));
#2318 = CARTESIAN_POINT('',(1.452006764185,2.920014607941,4.65297151897)
  );
#2319 = CARTESIAN_POINT('',(1.465277821079,2.868409589709,4.666336992056
    ));
#2320 = CARTESIAN_POINT('',(1.476621761184,2.815514758296,4.677697752815
    ));
#2321 = CARTESIAN_POINT('',(1.485873550573,2.761559336082,4.686887817265
    ));
#2322 = CARTESIAN_POINT('',(1.492906364424,2.706782426921,4.693779602851
    ));
#2323 = CARTESIAN_POINT('',(1.49763178506,2.651430061935,4.698283930091)
  );
#2324 = CARTESIAN_POINT('',(1.5,2.595752245292,4.700350024218));
#2325 = CARTESIAN_POINT('',(1.5,2.54,4.699965516831));
#2326 = ORIENTED_EDGE('',*,*,#2327,.T.);
#2327 = EDGE_CURVE('',#2277,#2328,#2330,.T.);
#2328 = VERTEX_POINT('',#2329);
#2329 = CARTESIAN_POINT('',(-0.345006247341,3.999784466726,3.275));
#2330 = LINE('',#2331,#2332);
#2331 = CARTESIAN_POINT('',(-2.,3.999784466726,3.275));
#2332 = VECTOR('',#2333,1.);
#2333 = DIRECTION('',(-1.,-0.,-0.));
#2334 = ORIENTED_EDGE('',*,*,#2335,.T.);
#2335 = EDGE_CURVE('',#2328,#2336,#2338,.T.);
#2336 = VERTEX_POINT('',#2337);
#2337 = CARTESIAN_POINT('',(-0.420738266974,1.100215533247,3.275));
#2338 = B_SPLINE_CURVE_WITH_KNOTS('',8,(#2339,#2340,#2341,#2342,#2343,
    #2344,#2345,#2346,#2347,#2348,#2349,#2350,#2351,#2352,#2353,#2354,
    #2355,#2356,#2357,#2358,#2359,#2360,#2361,#2362,#2363,#2364,#2365,
    #2366,#2367,#2368,#2369,#2370,#2371,#2372,#2373,#2374,#2375,#2376,
    #2377,#2378,#2379,#2380,#2381,#2382,#2383,#2384,#2385,#2386,#2387,
    #2388,#2389,#2390,#2391,#2392,#2393,#2394,#2395,#2396,#2397,#2398,
    #2399,#2400,#2401,#2402,#2403,#2404,#2405,#2406,#2407,#2408,#2409,
    #2410,#2411,#2412,#2413,#2414,#2415,#2416,#2417),.UNSPECIFIED.,.F.,
  .F.,(9,7,7,7,7,7,7,7,7,7,7,9),(0.,3.205015818768E-02,
    8.100820721122E-02,0.155193455586,0.374158632741,0.424652483265,
    0.504839308634,0.582692932342,0.630609231149,0.834241263534,
    0.945845545464,1.),.UNSPECIFIED.);
#2339 = CARTESIAN_POINT('',(-0.345006203564,3.999784477073,3.2749994));
#2340 = CARTESIAN_POINT('',(-0.34642530251,3.999449086508,3.294449628172
    ));
#2341 = CARTESIAN_POINT('',(-0.349082334555,3.998819356502,
    3.313664514564));
#2342 = CARTESIAN_POINT('',(-0.352905058395,3.997907618913,
    3.332662165387));
#2343 = CARTESIAN_POINT('',(-0.357804013662,3.996723868233,
    3.351445098209));
#2344 = CARTESIAN_POINT('',(-0.363672219596,3.995278670105,
    3.369997340527));
#2345 = CARTESIAN_POINT('',(-0.370384873726,3.993586069842,3.38828152833
    ));
#2346 = CARTESIAN_POINT('',(-0.377799050541,3.991666500943,
    3.406236004677));
#2347 = CARTESIAN_POINT('',(-0.397904024719,3.986316175816,
    3.450558809969));
#2348 = CARTESIAN_POINT('',(-0.411486531425,3.982577047474,
    3.476746427116));
#2349 = CARTESIAN_POINT('',(-0.426162101963,3.97836954539,3.502358013786
    ));
#2350 = CARTESIAN_POINT('',(-0.441646360462,3.973727364089,
    3.527408562202));
#2351 = CARTESIAN_POINT('',(-0.457722279014,3.968679942941,
    3.551925740274));
#2352 = CARTESIAN_POINT('',(-0.474251405952,3.963245848448,
    3.575970563194));
#2353 = CARTESIAN_POINT('',(-0.491183416868,3.957420251667,
    3.599657809065));
#2354 = CARTESIAN_POINT('',(-0.534900454815,3.941665152097,
    3.658813139578));
#2355 = CARTESIAN_POINT('',(-0.56218798671,3.93119648489,3.693954228208)
  );
#2356 = CARTESIAN_POINT('',(-0.590023144258,3.919797949922,
    3.728511848562));
#2357 = CARTESIAN_POINT('',(-0.618145446448,3.907510354241,
    3.762465136502));
#2358 = CARTESIAN_POINT('',(-0.646412436618,3.89435332584,3.795851738964
    ));
#2359 = CARTESIAN_POINT('',(-0.674775403585,3.880313278867,
    3.828758358667));
#2360 = CARTESIAN_POINT('',(-0.703255758372,3.865333879413,
    3.861310064221));
#2361 = CARTESIAN_POINT('',(-0.816533540871,3.802010013232,
    3.989137611238));
#2362 = CARTESIAN_POINT('',(-0.901115024161,3.746525472879,
    4.080983232336));
#2363 = CARTESIAN_POINT('',(-0.984383901244,3.682401863709,
    4.169847416557));
#2364 = CARTESIAN_POINT('',(-1.065736720028,3.608922442523,
    4.255450664451));
#2365 = CARTESIAN_POINT('',(-1.144056091967,3.525248669005,
    4.337152736134));
#2366 = CARTESIAN_POINT('',(-1.217947351942,3.43058198035,4.413653506535
    ));
#2367 = CARTESIAN_POINT('',(-1.285470125772,3.324230548531,
    4.483159936357));
#2368 = CARTESIAN_POINT('',(-1.357633635247,3.178560029002,
    4.557038286449));
#2369 = CARTESIAN_POINT('',(-1.370685673539,3.150620189821,
    4.570380382484));
#2370 = CARTESIAN_POINT('',(-1.383229108999,3.122047057305,
    4.583183001885));
#2371 = CARTESIAN_POINT('',(-1.39522631927,3.092851489084,4.595408833645
    ));
#2372 = CARTESIAN_POINT('',(-1.406640001258,3.063045811774,
    4.607020785422));
#2373 = CARTESIAN_POINT('',(-1.417433171128,3.032643820981,4.61798198353
    ));
#2374 = CARTESIAN_POINT('',(-1.427569164307,3.001660781297,4.62825577295
    ));
#2375 = CARTESIAN_POINT('',(-1.452006764185,2.920014607941,4.65297151897
    ));
#2376 = CARTESIAN_POINT('',(-1.465277821079,2.868409589709,
    4.666336992056));
#2377 = CARTESIAN_POINT('',(-1.476621761184,2.815514758296,
    4.677697752815));
#2378 = CARTESIAN_POINT('',(-1.485873550573,2.761559336082,
    4.686887817265));
#2379 = CARTESIAN_POINT('',(-1.492906364424,2.706782426921,
    4.693779602851));
#2380 = CARTESIAN_POINT('',(-1.49763178506,2.651430061935,4.698283930091
    ));
#2381 = CARTESIAN_POINT('',(-1.5,2.595752245292,4.700350024218));
#2382 = CARTESIAN_POINT('',(-1.5,2.485869981686,4.699592197483));
#2383 = CARTESIAN_POINT('',(-1.497767598419,2.431848347015,
    4.696910040716));
#2384 = CARTESIAN_POINT('',(-1.493318378736,2.378163647747,
    4.691934486725));
#2385 = CARTESIAN_POINT('',(-1.486702124898,2.325043233396,
    4.684714831363));
#2386 = CARTESIAN_POINT('',(-1.478002589572,2.272710725441,
    4.675334280809));
#2387 = CARTESIAN_POINT('',(-1.467337262409,2.221383491543,
    4.663910006233));
#2388 = CARTESIAN_POINT('',(-1.454857138295,2.17127011975,4.650593198466
    ));
#2389 = CARTESIAN_POINT('',(-1.43206185132,2.092593302551,4.626322307018
    ));
#2390 = CARTESIAN_POINT('',(-1.422751319493,2.06312483807,4.616420016119
    ));
#2391 = CARTESIAN_POINT('',(-1.412846272937,2.034177508357,
    4.605893166935));
#2392 = CARTESIAN_POINT('',(-1.402378433902,2.005765118513,
    4.594772947602));
#2393 = CARTESIAN_POINT('',(-1.391379864084,1.977900269649,
    4.583090817416));
#2394 = CARTESIAN_POINT('',(-1.379882964621,1.950594358893,
    4.570878506836));
#2395 = CARTESIAN_POINT('',(-1.367920476098,1.923857579383,
    4.558168017481));
#2396 = CARTESIAN_POINT('',(-1.302849904546,1.786531299815,
    4.488995307092));
#2397 = CARTESIAN_POINT('',(-1.242363535642,1.685805386447,
    4.424584579376));
#2398 = CARTESIAN_POINT('',(-1.176157059569,1.595271165927,
    4.353766640843));
#2399 = CARTESIAN_POINT('',(-1.105884588949,1.514398222242,
    4.278032854552));
#2400 = CARTESIAN_POINT('',(-1.032801424248,1.442554044494,4.19846480131
    ));
#2401 = CARTESIAN_POINT('',(-0.957923391179,1.379064879055,
    4.115647410752));
#2402 = CARTESIAN_POINT('',(-0.881945128152,1.323334996409,
    4.029812734734));
#2403 = CARTESIAN_POINT('',(-0.764437118691,1.248462449795,
    3.891559345787));
#2404 = CARTESIAN_POINT('',(-0.723843067282,1.224794682453,
    3.842728598272));
#2405 = CARTESIAN_POINT('',(-0.683700063616,1.203246221279,
    3.793150227604));
#2406 = CARTESIAN_POINT('',(-0.643690392175,1.183484870844,
    3.742050306066));
#2407 = CARTESIAN_POINT('',(-0.604005742532,1.165571237984,
    3.689036947505));
#2408 = CARTESIAN_POINT('',(-0.56551655507,1.149757271096,3.634143066508
    ));
#2409 = CARTESIAN_POINT('',(-0.529757747346,1.136274681912,3.57765136427
    ));
#2410 = CARTESIAN_POINT('',(-0.483552834433,1.119988436698,
    3.491630006344));
#2411 = CARTESIAN_POINT('',(-0.469203464208,1.115137438112,
    3.462541594433));
#2412 = CARTESIAN_POINT('',(-0.456031866833,1.110870022365,
    3.432695010906));
#2413 = CARTESIAN_POINT('',(-0.444440387629,1.107259074287,
    3.402244942991));
#2414 = CARTESIAN_POINT('',(-0.434799129363,1.10435049648,3.37127380668)
  );
#2415 = CARTESIAN_POINT('',(-0.427443235632,1.102178191195,
    3.339792537589));
#2416 = CARTESIAN_POINT('',(-0.42267034724,1.100780131662,3.307742626565
    ));
#2417 = CARTESIAN_POINT('',(-0.420738231569,1.100215522901,3.2749994));
#2418 = ORIENTED_EDGE('',*,*,#2419,.F.);
#2419 = EDGE_CURVE('',#2420,#2336,#2422,.T.);
#2420 = VERTEX_POINT('',#2421);
#2421 = CARTESIAN_POINT('',(0.420738266974,1.100215533247,3.275));
#2422 = LINE('',#2423,#2424);
#2423 = CARTESIAN_POINT('',(-2.,1.100215533247,3.275));
#2424 = VECTOR('',#2425,1.);
#2425 = DIRECTION('',(-1.,-0.,-0.));
#2426 = ORIENTED_EDGE('',*,*,#2427,.F.);
#2427 = EDGE_CURVE('',#2279,#2420,#2428,.T.);
#2428 = B_SPLINE_CURVE_WITH_KNOTS('',8,(#2429,#2430,#2431,#2432,#2433,
    #2434,#2435,#2436,#2437,#2438,#2439,#2440,#2441,#2442,#2443,#2444,
    #2445,#2446,#2447,#2448,#2449,#2450,#2451,#2452,#2453,#2454,#2455,
    #2456,#2457,#2458),.UNSPECIFIED.,.F.,.F.,(9,7,7,7,9),(0.,
    0.253279633597,0.66492009312,0.890527220646,1.),.UNSPECIFIED.);
#2429 = CARTESIAN_POINT('',(1.5,2.54,4.699965516831));
#2430 = CARTESIAN_POINT('',(1.5,2.452188645069,4.699359906879));
#2431 = CARTESIAN_POINT('',(1.49412487702,2.365159099352,4.692681626489)
  );
#2432 = CARTESIAN_POINT('',(1.482558566869,2.279640616231,4.680115475465
    ));
#2433 = CARTESIAN_POINT('',(1.465624959093,2.196338754654,4.661983170475
    ));
#2434 = CARTESIAN_POINT('',(1.443787170999,2.115919188282,4.638742249856
    ));
#2435 = CARTESIAN_POINT('',(1.417645836305,2.038992450724,4.610986196939
    ));
#2436 = CARTESIAN_POINT('',(1.387936408452,1.966099616864,4.579445781899
    ));
#2437 = CARTESIAN_POINT('',(1.302849904546,1.786531299814,4.488995307091
    ));
#2438 = CARTESIAN_POINT('',(1.242363535643,1.68580538645,4.424584579377)
  );
#2439 = CARTESIAN_POINT('',(1.176157059567,1.595271165922,4.35376664084)
  );
#2440 = CARTESIAN_POINT('',(1.105884588954,1.514398222247,4.278032854557
    ));
#2441 = CARTESIAN_POINT('',(1.032801424244,1.44255404449,4.198464801305)
  );
#2442 = CARTESIAN_POINT('',(0.957923391181,1.379064879057,4.115647410754
    ));
#2443 = CARTESIAN_POINT('',(0.881945128152,1.323334996409,4.029812734734
    ));
#2444 = CARTESIAN_POINT('',(0.764437118692,1.248462449795,3.891559345787
    ));
#2445 = CARTESIAN_POINT('',(0.723843067282,1.224794682453,3.842728598272
    ));
#2446 = CARTESIAN_POINT('',(0.683700063616,1.203246221279,3.793150227603
    ));
#2447 = CARTESIAN_POINT('',(0.643690392175,1.183484870844,3.742050306066
    ));
#2448 = CARTESIAN_POINT('',(0.604005742532,1.165571237984,3.689036947505
    ));
#2449 = CARTESIAN_POINT('',(0.56551655507,1.149757271096,3.634143066508)
  );
#2450 = CARTESIAN_POINT('',(0.529757747346,1.136274681912,3.57765136427)
  );
#2451 = CARTESIAN_POINT('',(0.483552834433,1.119988436698,3.491630006344
    ));
#2452 = CARTESIAN_POINT('',(0.469203464208,1.115137438112,3.462541594433
    ));
#2453 = CARTESIAN_POINT('',(0.456031866833,1.110870022365,3.432695010906
    ));
#2454 = CARTESIAN_POINT('',(0.444440387629,1.107259074287,3.402244942991
    ));
#2455 = CARTESIAN_POINT('',(0.434799129363,1.10435049648,3.37127380668)
  );
#2456 = CARTESIAN_POINT('',(0.427443235632,1.102178191195,3.339792537589
    ));
#2457 = CARTESIAN_POINT('',(0.42267034724,1.100780131662,3.307742626565)
  );
#2458 = CARTESIAN_POINT('',(0.420738231569,1.100215522901,3.2749994));
#2459 = CYLINDRICAL_SURFACE('',#2460,1.45);
#2460 = AXIS2_PLACEMENT_3D('',#2461,#2462,#2463);
#2461 = CARTESIAN_POINT('',(-2.,2.549999999987,3.25));
#2462 = DIRECTION('',(-1.,-0.,-0.));
#2463 = DIRECTION('',(0.,1.,0.));
#2464 = ADVANCED_FACE('',(#2465),#2484,.T.);
#2465 = FACE_BOUND('',#2466,.T.);
#2466 = EDGE_LOOP('',(#2467,#2475,#2476,#2477));
#2467 = ORIENTED_EDGE('',*,*,#2468,.F.);
#2468 = EDGE_CURVE('',#2218,#2469,#2471,.T.);
#2469 = VERTEX_POINT('',#2470);
#2470 = CARTESIAN_POINT('',(0.24127926,2.54,-4.575));
#2471 = LINE('',#2472,#2473);
#2472 = CARTESIAN_POINT('',(0.54127926,2.54,-4.275));
#2473 = VECTOR('',#2474,1.);
#2474 = DIRECTION('',(-0.707106781187,0.,-0.707106781187));
#2475 = ORIENTED_EDGE('',*,*,#2225,.T.);
#2476 = ORIENTED_EDGE('',*,*,#2468,.T.);
#2477 = ORIENTED_EDGE('',*,*,#2478,.F.);
#2478 = EDGE_CURVE('',#2469,#2469,#2479,.T.);
#2479 = CIRCLE('',#2480,0.24127926);
#2480 = AXIS2_PLACEMENT_3D('',#2481,#2482,#2483);
#2481 = CARTESIAN_POINT('',(0.,2.54,-4.575));
#2482 = DIRECTION('',(0.,0.,-1.));
#2483 = DIRECTION('',(1.,0.,0.));
#2484 = CONICAL_SURFACE('',#2485,0.54127926,0.785398163397);
#2485 = AXIS2_PLACEMENT_3D('',#2486,#2487,#2488);
#2486 = CARTESIAN_POINT('',(0.,2.54,-4.275));
#2487 = DIRECTION('',(0.,0.,1.));
#2488 = DIRECTION('',(1.,0.,0.));
#2489 = ADVANCED_FACE('',(#2490),#2517,.F.);
#2490 = FACE_BOUND('',#2491,.F.);
#2491 = EDGE_LOOP('',(#2492,#2493,#2499,#2500,#2507,#2508,#2515,#2516));
#2492 = ORIENTED_EDGE('',*,*,#2248,.F.);
#2493 = ORIENTED_EDGE('',*,*,#2494,.T.);
#2494 = EDGE_CURVE('',#2249,#2279,#2495,.T.);
#2495 = LINE('',#2496,#2497);
#2496 = CARTESIAN_POINT('',(1.5,2.54,6.775));
#2497 = VECTOR('',#2498,1.);
#2498 = DIRECTION('',(-0.,-0.,-1.));
#2499 = ORIENTED_EDGE('',*,*,#2276,.F.);
#2500 = ORIENTED_EDGE('',*,*,#2501,.T.);
#2501 = EDGE_CURVE('',#2277,#2328,#2502,.T.);
#2502 = CIRCLE('',#2503,1.5);
#2503 = AXIS2_PLACEMENT_3D('',#2504,#2505,#2506);
#2504 = CARTESIAN_POINT('',(0.,2.54,3.275));
#2505 = DIRECTION('',(0.,0.,1.));
#2506 = DIRECTION('',(1.,0.,0.));
#2507 = ORIENTED_EDGE('',*,*,#2335,.T.);
#2508 = ORIENTED_EDGE('',*,*,#2509,.T.);
#2509 = EDGE_CURVE('',#2336,#2420,#2510,.T.);
#2510 = CIRCLE('',#2511,1.5);
#2511 = AXIS2_PLACEMENT_3D('',#2512,#2513,#2514);
#2512 = CARTESIAN_POINT('',(0.,2.54,3.275));
#2513 = DIRECTION('',(0.,0.,1.));
#2514 = DIRECTION('',(1.,0.,0.));
#2515 = ORIENTED_EDGE('',*,*,#2427,.F.);
#2516 = ORIENTED_EDGE('',*,*,#2494,.F.);
#2517 = CYLINDRICAL_SURFACE('',#2518,1.5);
#2518 = AXIS2_PLACEMENT_3D('',#2519,#2520,#2521);
#2519 = CARTESIAN_POINT('',(0.,2.54,6.775));
#2520 = DIRECTION('',(0.,0.,1.));
#2521 = DIRECTION('',(1.,0.,0.));
#2522 = ADVANCED_FACE('',(#2523),#2527,.T.);
#2523 = FACE_BOUND('',#2524,.T.);
#2524 = EDGE_LOOP('',(#2525,#2526));
#2525 = ORIENTED_EDGE('',*,*,#2509,.T.);
#2526 = ORIENTED_EDGE('',*,*,#2419,.T.);
#2527 = PLANE('',#2528);
#2528 = AXIS2_PLACEMENT_3D('',#2529,#2530,#2531);
#2529 = CARTESIAN_POINT('',(-8.546500828371E-17,0.,3.275));
#2530 = DIRECTION('',(0.,0.,1.));
#2531 = DIRECTION('',(1.,0.,0.));
#2532 = ADVANCED_FACE('',(#2533),#2537,.T.);
#2533 = FACE_BOUND('',#2534,.T.);
#2534 = EDGE_LOOP('',(#2535,#2536));
#2535 = ORIENTED_EDGE('',*,*,#2327,.F.);
#2536 = ORIENTED_EDGE('',*,*,#2501,.T.);
#2537 = PLANE('',#2538);
#2538 = AXIS2_PLACEMENT_3D('',#2539,#2540,#2541);
#2539 = CARTESIAN_POINT('',(-8.546500828371E-17,0.,3.275));
#2540 = DIRECTION('',(0.,0.,1.));
#2541 = DIRECTION('',(1.,0.,0.));
#2542 = ADVANCED_FACE('',(#2543),#2546,.F.);
#2543 = FACE_BOUND('',#2544,.F.);
#2544 = EDGE_LOOP('',(#2545));
#2545 = ORIENTED_EDGE('',*,*,#2478,.F.);
#2546 = PLANE('',#2547);
#2547 = AXIS2_PLACEMENT_3D('',#2548,#2549,#2550);
#2548 = CARTESIAN_POINT('',(-1.957908745643E-17,-2.029790211536E-02,
    -4.575));
#2549 = DIRECTION('',(0.,0.,1.));
#2550 = DIRECTION('',(1.,0.,0.));
#2551 = ( GEOMETRIC_REPRESENTATION_CONTEXT(3) 
GLOBAL_UNCERTAINTY_ASSIGNED_CONTEXT((#2555)) 
GLOBAL_UNIT_ASSIGNED_CONTEXT((#2552,#2553,#2554)) REPRESENTATION_CONTEXT
('Context #1','3D Context with UNIT and UNCERTAINTY') );
#2552 = ( LENGTH_UNIT() NAMED_UNIT(*) SI_UNIT(.MILLI.,.METRE.) );
#2553 = ( NAMED_UNIT(*) PLANE_ANGLE_UNIT() SI_UNIT($,.RADIAN.) );
#2554 = ( NAMED_UNIT(*) SI_UNIT($,.STERADIAN.) SOLID_ANGLE_UNIT() );
#2555 = UNCERTAINTY_MEASURE_WITH_UNIT(LENGTH_MEASURE(1.E-07),#2552,
  'distance_accuracy_value','confusion accuracy');
#2556 = CONTEXT_DEPENDENT_SHAPE_REPRESENTATION(#2557,#2559);
#2557 = ( REPRESENTATION_RELATIONSHIP('','',#1475,#10) 
REPRESENTATION_RELATIONSHIP_WITH_TRANSFORMATION(#2558) 
SHAPE_REPRESENTATION_RELATIONSHIP() );
#2558 = ITEM_DEFINED_TRANSFORMATION('','',#11,#19);
#2559 = PRODUCT_DEFINITION_SHAPE('Placement','Placement of an item',
  #2560);
#2560 = NEXT_ASSEMBLY_USAGE_OCCURRENCE('2','Body001','',#5,#1470,$);
#2561 = PRODUCT_RELATED_PRODUCT_CATEGORY('part',$,(#1472));
#2562 = SHAPE_DEFINITION_REPRESENTATION(#2563,#2569);
#2563 = PRODUCT_DEFINITION_SHAPE('','',#2564);
#2564 = PRODUCT_DEFINITION('design','',#2565,#2568);
#2565 = PRODUCT_DEFINITION_FORMATION('','',#2566);
#2566 = PRODUCT('Body002','Body002','',(#2567));
#2567 = PRODUCT_CONTEXT('',#2,'mechanical');
#2568 = PRODUCT_DEFINITION_CONTEXT('part definition',#2,'design');
#2569 = SHAPE_REPRESENTATION('',(#11,#2570,#2829),#3088);
#2570 = MANIFOLD_SOLID_BREP('',#2571);
#2571 = CLOSED_SHELL('',(#2572,#2605,#2630,#2650,#2659,#2752,#2775,#2792
    ,#2802,#2819));
#2572 = ADVANCED_FACE('',(#2573),#2600,.T.);
#2573 = FACE_BOUND('',#2574,.F.);
#2574 = EDGE_LOOP('',(#2575,#2585,#2592,#2593));
#2575 = ORIENTED_EDGE('',*,*,#2576,.F.);
#2576 = EDGE_CURVE('',#2577,#2579,#2581,.T.);
#2577 = VERTEX_POINT('',#2578);
#2578 = CARTESIAN_POINT('',(1.5,-2.54,3.325));
#2579 = VERTEX_POINT('',#2580);
#2580 = CARTESIAN_POINT('',(1.5,-2.54,9.025));
#2581 = LINE('',#2582,#2583);
#2582 = CARTESIAN_POINT('',(1.5,-2.54,3.025));
#2583 = VECTOR('',#2584,1.);
#2584 = DIRECTION('',(0.,0.,1.));
#2585 = ORIENTED_EDGE('',*,*,#2586,.F.);
#2586 = EDGE_CURVE('',#2577,#2577,#2587,.T.);
#2587 = CIRCLE('',#2588,1.5);
#2588 = AXIS2_PLACEMENT_3D('',#2589,#2590,#2591);
#2589 = CARTESIAN_POINT('',(0.,-2.54,3.325));
#2590 = DIRECTION('',(0.,0.,1.));
#2591 = DIRECTION('',(1.,0.,0.));
#2592 = ORIENTED_EDGE('',*,*,#2576,.T.);
#2593 = ORIENTED_EDGE('',*,*,#2594,.F.);
#2594 = EDGE_CURVE('',#2579,#2579,#2595,.T.);
#2595 = CIRCLE('',#2596,1.5);
#2596 = AXIS2_PLACEMENT_3D('',#2597,#2598,#2599);
#2597 = CARTESIAN_POINT('',(0.,-2.54,9.025));
#2598 = DIRECTION('',(0.,0.,-1.));
#2599 = DIRECTION('',(1.,0.,0.));
#2600 = CYLINDRICAL_SURFACE('',#2601,1.5);
#2601 = AXIS2_PLACEMENT_3D('',#2602,#2603,#2604);
#2602 = CARTESIAN_POINT('',(0.,-2.54,3.025));
#2603 = DIRECTION('',(-0.,-0.,-1.));
#2604 = DIRECTION('',(1.,0.,0.));
#2605 = ADVANCED_FACE('',(#2606),#2625,.T.);
#2606 = FACE_BOUND('',#2607,.F.);
#2607 = EDGE_LOOP('',(#2608,#2616,#2617,#2618));
#2608 = ORIENTED_EDGE('',*,*,#2609,.F.);
#2609 = EDGE_CURVE('',#2577,#2610,#2612,.T.);
#2610 = VERTEX_POINT('',#2611);
#2611 = CARTESIAN_POINT('',(1.2,-2.54,3.025));
#2612 = LINE('',#2613,#2614);
#2613 = CARTESIAN_POINT('',(1.5,-2.54,3.325));
#2614 = VECTOR('',#2615,1.);
#2615 = DIRECTION('',(-0.707106781187,-0.,-0.707106781187));
#2616 = ORIENTED_EDGE('',*,*,#2586,.T.);
#2617 = ORIENTED_EDGE('',*,*,#2609,.T.);
#2618 = ORIENTED_EDGE('',*,*,#2619,.F.);
#2619 = EDGE_CURVE('',#2610,#2610,#2620,.T.);
#2620 = CIRCLE('',#2621,1.2);
#2621 = AXIS2_PLACEMENT_3D('',#2622,#2623,#2624);
#2622 = CARTESIAN_POINT('',(0.,-2.54,3.025));
#2623 = DIRECTION('',(0.,0.,1.));
#2624 = DIRECTION('',(1.,0.,0.));
#2625 = CONICAL_SURFACE('',#2626,1.5,0.785398163397);
#2626 = AXIS2_PLACEMENT_3D('',#2627,#2628,#2629);
#2627 = CARTESIAN_POINT('',(0.,-2.54,3.325));
#2628 = DIRECTION('',(0.,0.,1.));
#2629 = DIRECTION('',(1.,0.,0.));
#2630 = ADVANCED_FACE('',(#2631,#2642),#2645,.F.);
#2631 = FACE_BOUND('',#2632,.F.);
#2632 = EDGE_LOOP('',(#2633));
#2633 = ORIENTED_EDGE('',*,*,#2634,.T.);
#2634 = EDGE_CURVE('',#2635,#2635,#2637,.T.);
#2635 = VERTEX_POINT('',#2636);
#2636 = CARTESIAN_POINT('',(1.85,-2.54,9.025));
#2637 = CIRCLE('',#2638,1.85);
#2638 = AXIS2_PLACEMENT_3D('',#2639,#2640,#2641);
#2639 = CARTESIAN_POINT('',(0.,-2.54,9.025));
#2640 = DIRECTION('',(0.,0.,1.));
#2641 = DIRECTION('',(1.,0.,0.));
#2642 = FACE_BOUND('',#2643,.F.);
#2643 = EDGE_LOOP('',(#2644));
#2644 = ORIENTED_EDGE('',*,*,#2594,.T.);
#2645 = PLANE('',#2646);
#2646 = AXIS2_PLACEMENT_3D('',#2647,#2648,#2649);
#2647 = CARTESIAN_POINT('',(-4.619730177498E-17,2.309865088749E-16,9.025
    ));
#2648 = DIRECTION('',(0.,0.,1.));
#2649 = DIRECTION('',(1.,0.,0.));
#2650 = ADVANCED_FACE('',(#2651),#2654,.F.);
#2651 = FACE_BOUND('',#2652,.F.);
#2652 = EDGE_LOOP('',(#2653));
#2653 = ORIENTED_EDGE('',*,*,#2619,.T.);
#2654 = PLANE('',#2655);
#2655 = AXIS2_PLACEMENT_3D('',#2656,#2657,#2658);
#2656 = CARTESIAN_POINT('',(-8.546500828371E-17,0.,3.025));
#2657 = DIRECTION('',(0.,0.,1.));
#2658 = DIRECTION('',(1.,0.,0.));
#2659 = ADVANCED_FACE('',(#2660),#2747,.T.);
#2660 = FACE_BOUND('',#2661,.T.);
#2661 = EDGE_LOOP('',(#2662,#2673,#2679,#2680,#2681,#2690,#2698,#2707,
    #2715,#2724,#2732,#2741));
#2662 = ORIENTED_EDGE('',*,*,#2663,.F.);
#2663 = EDGE_CURVE('',#2664,#2666,#2668,.T.);
#2664 = VERTEX_POINT('',#2665);
#2665 = CARTESIAN_POINT('',(1.85,-2.54,9.525));
#2666 = VERTEX_POINT('',#2667);
#2667 = CARTESIAN_POINT('',(1.781151313056,-2.04,9.525));
#2668 = CIRCLE('',#2669,1.85);
#2669 = AXIS2_PLACEMENT_3D('',#2670,#2671,#2672);
#2670 = CARTESIAN_POINT('',(0.,-2.54,9.525));
#2671 = DIRECTION('',(0.,0.,1.));
#2672 = DIRECTION('',(1.,0.,0.));
#2673 = ORIENTED_EDGE('',*,*,#2674,.T.);
#2674 = EDGE_CURVE('',#2664,#2635,#2675,.T.);
#2675 = LINE('',#2676,#2677);
#2676 = CARTESIAN_POINT('',(1.85,-2.54,10.525));
#2677 = VECTOR('',#2678,1.);
#2678 = DIRECTION('',(-0.,-0.,-1.));
#2679 = ORIENTED_EDGE('',*,*,#2634,.T.);
#2680 = ORIENTED_EDGE('',*,*,#2674,.F.);
#2681 = ORIENTED_EDGE('',*,*,#2682,.F.);
#2682 = EDGE_CURVE('',#2683,#2664,#2685,.T.);
#2683 = VERTEX_POINT('',#2684);
#2684 = CARTESIAN_POINT('',(1.781151313056,-3.04,9.525));
#2685 = CIRCLE('',#2686,1.85);
#2686 = AXIS2_PLACEMENT_3D('',#2687,#2688,#2689);
#2687 = CARTESIAN_POINT('',(0.,-2.54,9.525));
#2688 = DIRECTION('',(0.,0.,1.));
#2689 = DIRECTION('',(1.,0.,0.));
#2690 = ORIENTED_EDGE('',*,*,#2691,.T.);
#2691 = EDGE_CURVE('',#2683,#2692,#2694,.T.);
#2692 = VERTEX_POINT('',#2693);
#2693 = CARTESIAN_POINT('',(1.781151313056,-3.04,10.525));
#2694 = LINE('',#2695,#2696);
#2695 = CARTESIAN_POINT('',(1.781151313056,-3.04,10.525));
#2696 = VECTOR('',#2697,1.);
#2697 = DIRECTION('',(0.,0.,1.));
#2698 = ORIENTED_EDGE('',*,*,#2699,.F.);
#2699 = EDGE_CURVE('',#2700,#2692,#2702,.T.);
#2700 = VERTEX_POINT('',#2701);
#2701 = CARTESIAN_POINT('',(-1.781151313056,-3.04,10.525));
#2702 = CIRCLE('',#2703,1.85);
#2703 = AXIS2_PLACEMENT_3D('',#2704,#2705,#2706);
#2704 = CARTESIAN_POINT('',(0.,-2.54,10.525));
#2705 = DIRECTION('',(0.,0.,1.));
#2706 = DIRECTION('',(1.,0.,0.));
#2707 = ORIENTED_EDGE('',*,*,#2708,.F.);
#2708 = EDGE_CURVE('',#2709,#2700,#2711,.T.);
#2709 = VERTEX_POINT('',#2710);
#2710 = CARTESIAN_POINT('',(-1.781151313056,-3.04,9.525));
#2711 = LINE('',#2712,#2713);
#2712 = CARTESIAN_POINT('',(-1.781151313056,-3.04,10.525));
#2713 = VECTOR('',#2714,1.);
#2714 = DIRECTION('',(0.,0.,1.));
#2715 = ORIENTED_EDGE('',*,*,#2716,.F.);
#2716 = EDGE_CURVE('',#2717,#2709,#2719,.T.);
#2717 = VERTEX_POINT('',#2718);
#2718 = CARTESIAN_POINT('',(-1.781151313056,-2.04,9.525));
#2719 = CIRCLE('',#2720,1.85);
#2720 = AXIS2_PLACEMENT_3D('',#2721,#2722,#2723);
#2721 = CARTESIAN_POINT('',(0.,-2.54,9.525));
#2722 = DIRECTION('',(0.,0.,1.));
#2723 = DIRECTION('',(1.,0.,0.));
#2724 = ORIENTED_EDGE('',*,*,#2725,.T.);
#2725 = EDGE_CURVE('',#2717,#2726,#2728,.T.);
#2726 = VERTEX_POINT('',#2727);
#2727 = CARTESIAN_POINT('',(-1.781151313056,-2.04,10.525));
#2728 = LINE('',#2729,#2730);
#2729 = CARTESIAN_POINT('',(-1.781151313056,-2.04,10.525));
#2730 = VECTOR('',#2731,1.);
#2731 = DIRECTION('',(0.,0.,1.));
#2732 = ORIENTED_EDGE('',*,*,#2733,.F.);
#2733 = EDGE_CURVE('',#2734,#2726,#2736,.T.);
#2734 = VERTEX_POINT('',#2735);
#2735 = CARTESIAN_POINT('',(1.781151313056,-2.04,10.525));
#2736 = CIRCLE('',#2737,1.85);
#2737 = AXIS2_PLACEMENT_3D('',#2738,#2739,#2740);
#2738 = CARTESIAN_POINT('',(0.,-2.54,10.525));
#2739 = DIRECTION('',(0.,0.,1.));
#2740 = DIRECTION('',(1.,0.,0.));
#2741 = ORIENTED_EDGE('',*,*,#2742,.F.);
#2742 = EDGE_CURVE('',#2666,#2734,#2743,.T.);
#2743 = LINE('',#2744,#2745);
#2744 = CARTESIAN_POINT('',(1.781151313056,-2.04,10.525));
#2745 = VECTOR('',#2746,1.);
#2746 = DIRECTION('',(0.,0.,1.));
#2747 = CYLINDRICAL_SURFACE('',#2748,1.85);
#2748 = AXIS2_PLACEMENT_3D('',#2749,#2750,#2751);
#2749 = CARTESIAN_POINT('',(0.,-2.54,10.525));
#2750 = DIRECTION('',(0.,0.,1.));
#2751 = DIRECTION('',(1.,0.,0.));
#2752 = ADVANCED_FACE('',(#2753),#2770,.T.);
#2753 = FACE_BOUND('',#2754,.T.);
#2754 = EDGE_LOOP('',(#2755,#2761,#2762,#2768,#2769));
#2755 = ORIENTED_EDGE('',*,*,#2756,.T.);
#2756 = EDGE_CURVE('',#2666,#2717,#2757,.T.);
#2757 = LINE('',#2758,#2759);
#2758 = CARTESIAN_POINT('',(2.250250889049,-2.04,9.525));
#2759 = VECTOR('',#2760,1.);
#2760 = DIRECTION('',(-1.,0.,0.));
#2761 = ORIENTED_EDGE('',*,*,#2716,.T.);
#2762 = ORIENTED_EDGE('',*,*,#2763,.T.);
#2763 = EDGE_CURVE('',#2709,#2683,#2764,.T.);
#2764 = LINE('',#2765,#2766);
#2765 = CARTESIAN_POINT('',(-2.250250889049,-3.04,9.525));
#2766 = VECTOR('',#2767,1.);
#2767 = DIRECTION('',(1.,0.,0.));
#2768 = ORIENTED_EDGE('',*,*,#2682,.T.);
#2769 = ORIENTED_EDGE('',*,*,#2663,.T.);
#2770 = PLANE('',#2771);
#2771 = AXIS2_PLACEMENT_3D('',#2772,#2773,#2774);
#2772 = CARTESIAN_POINT('',(4.036806347543E-17,2.82576444328E-15,9.525)
  );
#2773 = DIRECTION('',(0.,0.,1.));
#2774 = DIRECTION('',(1.,0.,0.));
#2775 = ADVANCED_FACE('',(#2776),#2787,.F.);
#2776 = FACE_BOUND('',#2777,.F.);
#2777 = EDGE_LOOP('',(#2778,#2784,#2785,#2786));
#2778 = ORIENTED_EDGE('',*,*,#2779,.F.);
#2779 = EDGE_CURVE('',#2734,#2726,#2780,.T.);
#2780 = LINE('',#2781,#2782);
#2781 = CARTESIAN_POINT('',(2.250250889049,-2.04,10.525));
#2782 = VECTOR('',#2783,1.);
#2783 = DIRECTION('',(-1.,0.,0.));
#2784 = ORIENTED_EDGE('',*,*,#2742,.F.);
#2785 = ORIENTED_EDGE('',*,*,#2756,.T.);
#2786 = ORIENTED_EDGE('',*,*,#2725,.T.);
#2787 = PLANE('',#2788);
#2788 = AXIS2_PLACEMENT_3D('',#2789,#2790,#2791);
#2789 = CARTESIAN_POINT('',(2.250250889049,-2.04,10.525));
#2790 = DIRECTION('',(0.,1.,0.));
#2791 = DIRECTION('',(-1.,0.,0.));
#2792 = ADVANCED_FACE('',(#2793),#2797,.T.);
#2793 = FACE_BOUND('',#2794,.T.);
#2794 = EDGE_LOOP('',(#2795,#2796));
#2795 = ORIENTED_EDGE('',*,*,#2779,.F.);
#2796 = ORIENTED_EDGE('',*,*,#2733,.T.);
#2797 = PLANE('',#2798);
#2798 = AXIS2_PLACEMENT_3D('',#2799,#2800,#2801);
#2799 = CARTESIAN_POINT('',(-4.619730177498E-17,-2.54,10.525));
#2800 = DIRECTION('',(0.,0.,1.));
#2801 = DIRECTION('',(1.,0.,0.));
#2802 = ADVANCED_FACE('',(#2803),#2814,.F.);
#2803 = FACE_BOUND('',#2804,.F.);
#2804 = EDGE_LOOP('',(#2805,#2811,#2812,#2813));
#2805 = ORIENTED_EDGE('',*,*,#2806,.F.);
#2806 = EDGE_CURVE('',#2700,#2692,#2807,.T.);
#2807 = LINE('',#2808,#2809);
#2808 = CARTESIAN_POINT('',(-2.250250889049,-3.04,10.525));
#2809 = VECTOR('',#2810,1.);
#2810 = DIRECTION('',(1.,0.,0.));
#2811 = ORIENTED_EDGE('',*,*,#2708,.F.);
#2812 = ORIENTED_EDGE('',*,*,#2763,.T.);
#2813 = ORIENTED_EDGE('',*,*,#2691,.T.);
#2814 = PLANE('',#2815);
#2815 = AXIS2_PLACEMENT_3D('',#2816,#2817,#2818);
#2816 = CARTESIAN_POINT('',(-2.250250889049,-3.04,10.525));
#2817 = DIRECTION('',(0.,-1.,0.));
#2818 = DIRECTION('',(1.,0.,0.));
#2819 = ADVANCED_FACE('',(#2820),#2824,.T.);
#2820 = FACE_BOUND('',#2821,.T.);
#2821 = EDGE_LOOP('',(#2822,#2823));
#2822 = ORIENTED_EDGE('',*,*,#2699,.T.);
#2823 = ORIENTED_EDGE('',*,*,#2806,.F.);
#2824 = PLANE('',#2825);
#2825 = AXIS2_PLACEMENT_3D('',#2826,#2827,#2828);
#2826 = CARTESIAN_POINT('',(-4.619730177498E-17,-2.54,10.525));
#2827 = DIRECTION('',(0.,0.,1.));
#2828 = DIRECTION('',(1.,0.,0.));
#2829 = MANIFOLD_SOLID_BREP('',#2830);
#2830 = CLOSED_SHELL('',(#2831,#2864,#2889,#2909,#2918,#3011,#3034,#3051
    ,#3061,#3078));
#2831 = ADVANCED_FACE('',(#2832),#2859,.T.);
#2832 = FACE_BOUND('',#2833,.F.);
#2833 = EDGE_LOOP('',(#2834,#2844,#2851,#2852));
#2834 = ORIENTED_EDGE('',*,*,#2835,.F.);
#2835 = EDGE_CURVE('',#2836,#2838,#2840,.T.);
#2836 = VERTEX_POINT('',#2837);
#2837 = CARTESIAN_POINT('',(1.5,2.54,3.325));
#2838 = VERTEX_POINT('',#2839);
#2839 = CARTESIAN_POINT('',(1.5,2.54,9.025));
#2840 = LINE('',#2841,#2842);
#2841 = CARTESIAN_POINT('',(1.5,2.54,3.025));
#2842 = VECTOR('',#2843,1.);
#2843 = DIRECTION('',(0.,0.,1.));
#2844 = ORIENTED_EDGE('',*,*,#2845,.F.);
#2845 = EDGE_CURVE('',#2836,#2836,#2846,.T.);
#2846 = CIRCLE('',#2847,1.5);
#2847 = AXIS2_PLACEMENT_3D('',#2848,#2849,#2850);
#2848 = CARTESIAN_POINT('',(0.,2.54,3.325));
#2849 = DIRECTION('',(0.,0.,1.));
#2850 = DIRECTION('',(1.,0.,0.));
#2851 = ORIENTED_EDGE('',*,*,#2835,.T.);
#2852 = ORIENTED_EDGE('',*,*,#2853,.F.);
#2853 = EDGE_CURVE('',#2838,#2838,#2854,.T.);
#2854 = CIRCLE('',#2855,1.5);
#2855 = AXIS2_PLACEMENT_3D('',#2856,#2857,#2858);
#2856 = CARTESIAN_POINT('',(0.,2.54,9.025));
#2857 = DIRECTION('',(0.,0.,-1.));
#2858 = DIRECTION('',(1.,0.,0.));
#2859 = CYLINDRICAL_SURFACE('',#2860,1.5);
#2860 = AXIS2_PLACEMENT_3D('',#2861,#2862,#2863);
#2861 = CARTESIAN_POINT('',(0.,2.54,3.025));
#2862 = DIRECTION('',(-0.,-0.,-1.));
#2863 = DIRECTION('',(1.,0.,0.));
#2864 = ADVANCED_FACE('',(#2865),#2884,.T.);
#2865 = FACE_BOUND('',#2866,.F.);
#2866 = EDGE_LOOP('',(#2867,#2875,#2876,#2877));
#2867 = ORIENTED_EDGE('',*,*,#2868,.F.);
#2868 = EDGE_CURVE('',#2836,#2869,#2871,.T.);
#2869 = VERTEX_POINT('',#2870);
#2870 = CARTESIAN_POINT('',(1.2,2.54,3.025));
#2871 = LINE('',#2872,#2873);
#2872 = CARTESIAN_POINT('',(1.5,2.54,3.325));
#2873 = VECTOR('',#2874,1.);
#2874 = DIRECTION('',(-0.707106781187,-0.,-0.707106781187));
#2875 = ORIENTED_EDGE('',*,*,#2845,.T.);
#2876 = ORIENTED_EDGE('',*,*,#2868,.T.);
#2877 = ORIENTED_EDGE('',*,*,#2878,.F.);
#2878 = EDGE_CURVE('',#2869,#2869,#2879,.T.);
#2879 = CIRCLE('',#2880,1.2);
#2880 = AXIS2_PLACEMENT_3D('',#2881,#2882,#2883);
#2881 = CARTESIAN_POINT('',(0.,2.54,3.025));
#2882 = DIRECTION('',(0.,0.,1.));
#2883 = DIRECTION('',(1.,0.,0.));
#2884 = CONICAL_SURFACE('',#2885,1.5,0.785398163397);
#2885 = AXIS2_PLACEMENT_3D('',#2886,#2887,#2888);
#2886 = CARTESIAN_POINT('',(0.,2.54,3.325));
#2887 = DIRECTION('',(0.,0.,1.));
#2888 = DIRECTION('',(1.,0.,0.));
#2889 = ADVANCED_FACE('',(#2890,#2901),#2904,.F.);
#2890 = FACE_BOUND('',#2891,.F.);
#2891 = EDGE_LOOP('',(#2892));
#2892 = ORIENTED_EDGE('',*,*,#2893,.T.);
#2893 = EDGE_CURVE('',#2894,#2894,#2896,.T.);
#2894 = VERTEX_POINT('',#2895);
#2895 = CARTESIAN_POINT('',(1.85,2.54,9.025));
#2896 = CIRCLE('',#2897,1.85);
#2897 = AXIS2_PLACEMENT_3D('',#2898,#2899,#2900);
#2898 = CARTESIAN_POINT('',(0.,2.54,9.025));
#2899 = DIRECTION('',(0.,0.,1.));
#2900 = DIRECTION('',(1.,0.,0.));
#2901 = FACE_BOUND('',#2902,.F.);
#2902 = EDGE_LOOP('',(#2903));
#2903 = ORIENTED_EDGE('',*,*,#2853,.T.);
#2904 = PLANE('',#2905);
#2905 = AXIS2_PLACEMENT_3D('',#2906,#2907,#2908);
#2906 = CARTESIAN_POINT('',(-4.619730177498E-17,2.309865088749E-16,9.025
    ));
#2907 = DIRECTION('',(0.,0.,1.));
#2908 = DIRECTION('',(1.,0.,0.));
#2909 = ADVANCED_FACE('',(#2910),#2913,.F.);
#2910 = FACE_BOUND('',#2911,.F.);
#2911 = EDGE_LOOP('',(#2912));
#2912 = ORIENTED_EDGE('',*,*,#2878,.T.);
#2913 = PLANE('',#2914);
#2914 = AXIS2_PLACEMENT_3D('',#2915,#2916,#2917);
#2915 = CARTESIAN_POINT('',(-8.546500828371E-17,0.,3.025));
#2916 = DIRECTION('',(0.,0.,1.));
#2917 = DIRECTION('',(1.,0.,0.));
#2918 = ADVANCED_FACE('',(#2919),#3006,.T.);
#2919 = FACE_BOUND('',#2920,.T.);
#2920 = EDGE_LOOP('',(#2921,#2932,#2938,#2939,#2940,#2949,#2957,#2966,
    #2974,#2983,#2991,#3000));
#2921 = ORIENTED_EDGE('',*,*,#2922,.F.);
#2922 = EDGE_CURVE('',#2923,#2925,#2927,.T.);
#2923 = VERTEX_POINT('',#2924);
#2924 = CARTESIAN_POINT('',(1.85,2.54,9.525));
#2925 = VERTEX_POINT('',#2926);
#2926 = CARTESIAN_POINT('',(1.781151313056,3.04,9.525));
#2927 = CIRCLE('',#2928,1.85);
#2928 = AXIS2_PLACEMENT_3D('',#2929,#2930,#2931);
#2929 = CARTESIAN_POINT('',(0.,2.54,9.525));
#2930 = DIRECTION('',(0.,0.,1.));
#2931 = DIRECTION('',(1.,0.,0.));
#2932 = ORIENTED_EDGE('',*,*,#2933,.T.);
#2933 = EDGE_CURVE('',#2923,#2894,#2934,.T.);
#2934 = LINE('',#2935,#2936);
#2935 = CARTESIAN_POINT('',(1.85,2.54,10.525));
#2936 = VECTOR('',#2937,1.);
#2937 = DIRECTION('',(-0.,-0.,-1.));
#2938 = ORIENTED_EDGE('',*,*,#2893,.T.);
#2939 = ORIENTED_EDGE('',*,*,#2933,.F.);
#2940 = ORIENTED_EDGE('',*,*,#2941,.F.);
#2941 = EDGE_CURVE('',#2942,#2923,#2944,.T.);
#2942 = VERTEX_POINT('',#2943);
#2943 = CARTESIAN_POINT('',(1.781151313056,2.04,9.525));
#2944 = CIRCLE('',#2945,1.85);
#2945 = AXIS2_PLACEMENT_3D('',#2946,#2947,#2948);
#2946 = CARTESIAN_POINT('',(0.,2.54,9.525));
#2947 = DIRECTION('',(0.,0.,1.));
#2948 = DIRECTION('',(1.,0.,0.));
#2949 = ORIENTED_EDGE('',*,*,#2950,.T.);
#2950 = EDGE_CURVE('',#2942,#2951,#2953,.T.);
#2951 = VERTEX_POINT('',#2952);
#2952 = CARTESIAN_POINT('',(1.781151313056,2.04,10.525));
#2953 = LINE('',#2954,#2955);
#2954 = CARTESIAN_POINT('',(1.781151313056,2.04,10.525));
#2955 = VECTOR('',#2956,1.);
#2956 = DIRECTION('',(0.,0.,1.));
#2957 = ORIENTED_EDGE('',*,*,#2958,.F.);
#2958 = EDGE_CURVE('',#2959,#2951,#2961,.T.);
#2959 = VERTEX_POINT('',#2960);
#2960 = CARTESIAN_POINT('',(-1.781151313056,2.04,10.525));
#2961 = CIRCLE('',#2962,1.85);
#2962 = AXIS2_PLACEMENT_3D('',#2963,#2964,#2965);
#2963 = CARTESIAN_POINT('',(0.,2.54,10.525));
#2964 = DIRECTION('',(0.,0.,1.));
#2965 = DIRECTION('',(1.,0.,0.));
#2966 = ORIENTED_EDGE('',*,*,#2967,.F.);
#2967 = EDGE_CURVE('',#2968,#2959,#2970,.T.);
#2968 = VERTEX_POINT('',#2969);
#2969 = CARTESIAN_POINT('',(-1.781151313056,2.04,9.525));
#2970 = LINE('',#2971,#2972);
#2971 = CARTESIAN_POINT('',(-1.781151313056,2.04,10.525));
#2972 = VECTOR('',#2973,1.);
#2973 = DIRECTION('',(0.,0.,1.));
#2974 = ORIENTED_EDGE('',*,*,#2975,.F.);
#2975 = EDGE_CURVE('',#2976,#2968,#2978,.T.);
#2976 = VERTEX_POINT('',#2977);
#2977 = CARTESIAN_POINT('',(-1.781151313056,3.04,9.525));
#2978 = CIRCLE('',#2979,1.85);
#2979 = AXIS2_PLACEMENT_3D('',#2980,#2981,#2982);
#2980 = CARTESIAN_POINT('',(0.,2.54,9.525));
#2981 = DIRECTION('',(0.,0.,1.));
#2982 = DIRECTION('',(1.,0.,0.));
#2983 = ORIENTED_EDGE('',*,*,#2984,.T.);
#2984 = EDGE_CURVE('',#2976,#2985,#2987,.T.);
#2985 = VERTEX_POINT('',#2986);
#2986 = CARTESIAN_POINT('',(-1.781151313056,3.04,10.525));
#2987 = LINE('',#2988,#2989);
#2988 = CARTESIAN_POINT('',(-1.781151313056,3.04,10.525));
#2989 = VECTOR('',#2990,1.);
#2990 = DIRECTION('',(0.,0.,1.));
#2991 = ORIENTED_EDGE('',*,*,#2992,.F.);
#2992 = EDGE_CURVE('',#2993,#2985,#2995,.T.);
#2993 = VERTEX_POINT('',#2994);
#2994 = CARTESIAN_POINT('',(1.781151313056,3.04,10.525));
#2995 = CIRCLE('',#2996,1.85);
#2996 = AXIS2_PLACEMENT_3D('',#2997,#2998,#2999);
#2997 = CARTESIAN_POINT('',(0.,2.54,10.525));
#2998 = DIRECTION('',(0.,0.,1.));
#2999 = DIRECTION('',(1.,0.,0.));
#3000 = ORIENTED_EDGE('',*,*,#3001,.F.);
#3001 = EDGE_CURVE('',#2925,#2993,#3002,.T.);
#3002 = LINE('',#3003,#3004);
#3003 = CARTESIAN_POINT('',(1.781151313056,3.04,10.525));
#3004 = VECTOR('',#3005,1.);
#3005 = DIRECTION('',(0.,0.,1.));
#3006 = CYLINDRICAL_SURFACE('',#3007,1.85);
#3007 = AXIS2_PLACEMENT_3D('',#3008,#3009,#3010);
#3008 = CARTESIAN_POINT('',(0.,2.54,10.525));
#3009 = DIRECTION('',(0.,0.,1.));
#3010 = DIRECTION('',(1.,0.,0.));
#3011 = ADVANCED_FACE('',(#3012),#3029,.T.);
#3012 = FACE_BOUND('',#3013,.T.);
#3013 = EDGE_LOOP('',(#3014,#3020,#3021,#3027,#3028));
#3014 = ORIENTED_EDGE('',*,*,#3015,.T.);
#3015 = EDGE_CURVE('',#2925,#2976,#3016,.T.);
#3016 = LINE('',#3017,#3018);
#3017 = CARTESIAN_POINT('',(2.250250889049,3.04,9.525));
#3018 = VECTOR('',#3019,1.);
#3019 = DIRECTION('',(-1.,0.,0.));
#3020 = ORIENTED_EDGE('',*,*,#2975,.T.);
#3021 = ORIENTED_EDGE('',*,*,#3022,.T.);
#3022 = EDGE_CURVE('',#2968,#2942,#3023,.T.);
#3023 = LINE('',#3024,#3025);
#3024 = CARTESIAN_POINT('',(-2.250250889049,2.04,9.525));
#3025 = VECTOR('',#3026,1.);
#3026 = DIRECTION('',(1.,0.,0.));
#3027 = ORIENTED_EDGE('',*,*,#2941,.T.);
#3028 = ORIENTED_EDGE('',*,*,#2922,.T.);
#3029 = PLANE('',#3030);
#3030 = AXIS2_PLACEMENT_3D('',#3031,#3032,#3033);
#3031 = CARTESIAN_POINT('',(4.036806347543E-17,2.82576444328E-15,9.525)
  );
#3032 = DIRECTION('',(0.,0.,1.));
#3033 = DIRECTION('',(1.,0.,0.));
#3034 = ADVANCED_FACE('',(#3035),#3046,.F.);
#3035 = FACE_BOUND('',#3036,.F.);
#3036 = EDGE_LOOP('',(#3037,#3043,#3044,#3045));
#3037 = ORIENTED_EDGE('',*,*,#3038,.F.);
#3038 = EDGE_CURVE('',#2993,#2985,#3039,.T.);
#3039 = LINE('',#3040,#3041);
#3040 = CARTESIAN_POINT('',(2.250250889049,3.04,10.525));
#3041 = VECTOR('',#3042,1.);
#3042 = DIRECTION('',(-1.,0.,0.));
#3043 = ORIENTED_EDGE('',*,*,#3001,.F.);
#3044 = ORIENTED_EDGE('',*,*,#3015,.T.);
#3045 = ORIENTED_EDGE('',*,*,#2984,.T.);
#3046 = PLANE('',#3047);
#3047 = AXIS2_PLACEMENT_3D('',#3048,#3049,#3050);
#3048 = CARTESIAN_POINT('',(2.250250889049,3.04,10.525));
#3049 = DIRECTION('',(0.,1.,0.));
#3050 = DIRECTION('',(-1.,0.,0.));
#3051 = ADVANCED_FACE('',(#3052),#3056,.T.);
#3052 = FACE_BOUND('',#3053,.T.);
#3053 = EDGE_LOOP('',(#3054,#3055));
#3054 = ORIENTED_EDGE('',*,*,#3038,.F.);
#3055 = ORIENTED_EDGE('',*,*,#2992,.T.);
#3056 = PLANE('',#3057);
#3057 = AXIS2_PLACEMENT_3D('',#3058,#3059,#3060);
#3058 = CARTESIAN_POINT('',(-4.619730177498E-17,2.54,10.525));
#3059 = DIRECTION('',(0.,0.,1.));
#3060 = DIRECTION('',(1.,0.,0.));
#3061 = ADVANCED_FACE('',(#3062),#3073,.F.);
#3062 = FACE_BOUND('',#3063,.F.);
#3063 = EDGE_LOOP('',(#3064,#3070,#3071,#3072));
#3064 = ORIENTED_EDGE('',*,*,#3065,.F.);
#3065 = EDGE_CURVE('',#2959,#2951,#3066,.T.);
#3066 = LINE('',#3067,#3068);
#3067 = CARTESIAN_POINT('',(-2.250250889049,2.04,10.525));
#3068 = VECTOR('',#3069,1.);
#3069 = DIRECTION('',(1.,0.,0.));
#3070 = ORIENTED_EDGE('',*,*,#2967,.F.);
#3071 = ORIENTED_EDGE('',*,*,#3022,.T.);
#3072 = ORIENTED_EDGE('',*,*,#2950,.T.);
#3073 = PLANE('',#3074);
#3074 = AXIS2_PLACEMENT_3D('',#3075,#3076,#3077);
#3075 = CARTESIAN_POINT('',(-2.250250889049,2.04,10.525));
#3076 = DIRECTION('',(0.,-1.,0.));
#3077 = DIRECTION('',(1.,0.,0.));
#3078 = ADVANCED_FACE('',(#3079),#3083,.T.);
#3079 = FACE_BOUND('',#3080,.T.);
#3080 = EDGE_LOOP('',(#3081,#3082));
#3081 = ORIENTED_EDGE('',*,*,#2958,.T.);
#3082 = ORIENTED_EDGE('',*,*,#3065,.F.);
#3083 = PLANE('',#3084);
#3084 = AXIS2_PLACEMENT_3D('',#3085,#3086,#3087);
#3085 = CARTESIAN_POINT('',(-4.619730177498E-17,2.54,10.525));
#3086 = DIRECTION('',(0.,0.,1.));
#3087 = DIRECTION('',(1.,0.,0.));
#3088 = ( GEOMETRIC_REPRESENTATION_CONTEXT(3) 
GLOBAL_UNCERTAINTY_ASSIGNED_CONTEXT((#3092)) 
GLOBAL_UNIT_ASSIGNED_CONTEXT((#3089,#3090,#3091)) REPRESENTATION_CONTEXT
('Context #1','3D Context with UNIT and UNCERTAINTY') );
#3089 = ( LENGTH_UNIT() NAMED_UNIT(*) SI_UNIT(.MILLI.,.METRE.) );
#3090 = ( NAMED_UNIT(*) PLANE_ANGLE_UNIT() SI_UNIT($,.RADIAN.) );
#3091 = ( NAMED_UNIT(*) SI_UNIT($,.STERADIAN.) SOLID_ANGLE_UNIT() );
#3092 = UNCERTAINTY_MEASURE_WITH_UNIT(LENGTH_MEASURE(1.E-07),#3089,
  'distance_accuracy_value','confusion accuracy');
#3093 = CONTEXT_DEPENDENT_SHAPE_REPRESENTATION(#3094,#3096);
#3094 = ( REPRESENTATION_RELATIONSHIP('','',#2569,#10) 
REPRESENTATION_RELATIONSHIP_WITH_TRANSFORMATION(#3095) 
SHAPE_REPRESENTATION_RELATIONSHIP() );
#3095 = ITEM_DEFINED_TRANSFORMATION('','',#11,#23);
#3096 = PRODUCT_DEFINITION_SHAPE('Placement','Placement of an item',
  #3097);
#3097 = NEXT_ASSEMBLY_USAGE_OCCURRENCE('3','Body002','',#5,#2564,$);
#3098 = PRODUCT_RELATED_PRODUCT_CATEGORY('part',$,(#2566));
#3099 = MECHANICAL_DESIGN_GEOMETRIC_PRESENTATION_REPRESENTATION('',(
    #3100,#3111),#2551);
#3100 = STYLED_ITEM('color',(#3101),#1476);
#3101 = PRESENTATION_STYLE_ASSIGNMENT((#3102,#3108));
#3102 = SURFACE_STYLE_USAGE(.BOTH.,#3103);
#3103 = SURFACE_SIDE_STYLE('',(#3104));
#3104 = SURFACE_STYLE_FILL_AREA(#3105);
#3105 = FILL_AREA_STYLE('',(#3106));
#3106 = FILL_AREA_STYLE_COLOUR('',#3107);
#3107 = COLOUR_RGB('',0.301960791261,0.301960791261,0.301960791261);
#3108 = CURVE_STYLE('',#3109,POSITIVE_LENGTH_MEASURE(0.1),#3110);
#3109 = DRAUGHTING_PRE_DEFINED_CURVE_FONT('continuous');
#3110 = COLOUR_RGB('',0.427450993391,0.427450993391,0.427450993391);
#3111 = STYLED_ITEM('color',(#3112),#2017);
#3112 = PRESENTATION_STYLE_ASSIGNMENT((#3113,#3118));
#3113 = SURFACE_STYLE_USAGE(.BOTH.,#3114);
#3114 = SURFACE_SIDE_STYLE('',(#3115));
#3115 = SURFACE_STYLE_FILL_AREA(#3116);
#3116 = FILL_AREA_STYLE('',(#3117));
#3117 = FILL_AREA_STYLE_COLOUR('',#3107);
#3118 = CURVE_STYLE('',#3119,POSITIVE_LENGTH_MEASURE(0.1),#3110);
#3119 = DRAUGHTING_PRE_DEFINED_CURVE_FONT('continuous');
#3120 = MECHANICAL_DESIGN_GEOMETRIC_PRESENTATION_REPRESENTATION('',(
    #3121),#1457);
#3121 = STYLED_ITEM('color',(#3122),#41);
#3122 = PRESENTATION_STYLE_ASSIGNMENT((#3123,#3129));
#3123 = SURFACE_STYLE_USAGE(.BOTH.,#3124);
#3124 = SURFACE_SIDE_STYLE('',(#3125));
#3125 = SURFACE_STYLE_FILL_AREA(#3126);
#3126 = FILL_AREA_STYLE('',(#3127));
#3127 = FILL_AREA_STYLE_COLOUR('',#3128);
#3128 = COLOUR_RGB('',0.800000010877,0.800000010877,0.901960800373);
#3129 = CURVE_STYLE('',#3130,POSITIVE_LENGTH_MEASURE(0.1),#3110);
#3130 = DRAUGHTING_PRE_DEFINED_CURVE_FONT('continuous');
#3131 = MECHANICAL_DESIGN_GEOMETRIC_PRESENTATION_REPRESENTATION('',(
    #3132,#3142),#3088);
#3132 = STYLED_ITEM('color',(#3133),#2570);
#3133 = PRESENTATION_STYLE_ASSIGNMENT((#3134,#3140));
#3134 = SURFACE_STYLE_USAGE(.BOTH.,#3135);
#3135 = SURFACE_SIDE_STYLE('',(#3136));
#3136 = SURFACE_STYLE_FILL_AREA(#3137);
#3137 = FILL_AREA_STYLE('',(#3138));
#3138 = FILL_AREA_STYLE_COLOUR('',#3139);
#3139 = DRAUGHTING_PRE_DEFINED_COLOUR('black');
#3140 = CURVE_STYLE('',#3141,POSITIVE_LENGTH_MEASURE(0.1),#3110);
#3141 = DRAUGHTING_PRE_DEFINED_CURVE_FONT('continuous');
#3142 = STYLED_ITEM('color',(#3143),#2829);
#3143 = PRESENTATION_STYLE_ASSIGNMENT((#3144,#3149));
#3144 = SURFACE_STYLE_USAGE(.BOTH.,#3145);
#3145 = SURFACE_SIDE_STYLE('',(#3146));
#3146 = SURFACE_STYLE_FILL_AREA(#3147);
#3147 = FILL_AREA_STYLE('',(#3148));
#3148 = FILL_AREA_STYLE_COLOUR('',#3139);
#3149 = CURVE_STYLE('',#3150,POSITIVE_LENGTH_MEASURE(0.1),#3110);
#3150 = DRAUGHTING_PRE_DEFINED_CURVE_FONT('continuous');
ENDSEC;
END-ISO-10303-21;
