ISO-10303-21;
HEADER;
FILE_DESCRIPTION(('FreeCAD Model'),'2;1');
FILE_NAME('Open CASCADE Shape Model','2026-09-29T10:19:09',(''),(''),
  'Open CASCADE STEP processor 7.8','FreeCAD','Unknown');
FILE_SCHEMA(('AUTOMOTIVE_DESIGN { 1 0 10303 214 1 1 1 1 }'));
ENDSEC;
DATA;
#1 = APPLICATION_PROTOCOL_DEFINITION('international standard',
  'automotive_design',2000,#2);
#2 = APPLICATION_CONTEXT(
  'core data for automotive mechanical design processes');
#3 = SHAPE_DEFINITION_REPRESENTATION(#4,#10);
#4 = PRODUCT_DEFINITION_SHAPE('','',#5);
#5 = PRODUCT_DEFINITION('design','',#6,#9);
#6 = PRODUCT_DEFINITION_FORMATION('','',#7);
#7 = PRODUCT('ESP32_38Pin','ESP32_38Pin','',(#8));
#8 = PRODUCT_CONTEXT('',#2,'mechanical');
#9 = PRODUCT_DEFINITION_CONTEXT('part definition',#2,'design');
#10 = SHAPE_REPRESENTATION('',(#11,#15,#19),#23);
#11 = AXIS2_PLACEMENT_3D('',#12,#13,#14);
#12 = CARTESIAN_POINT('',(0.,0.,0.));
#13 = DIRECTION('',(0.,0.,1.));
#14 = DIRECTION('',(1.,0.,-0.));
#15 = AXIS2_PLACEMENT_3D('',#16,#17,#18);
#16 = CARTESIAN_POINT('',(0.,0.,0.));
#17 = DIRECTION('',(0.,0.,1.));
#18 = DIRECTION('',(1.,0.,0.));
#19 = AXIS2_PLACEMENT_3D('',#20,#21,#22);
#20 = CARTESIAN_POINT('',(0.,0.,0.));
#21 = DIRECTION('',(0.,0.,1.));
#22 = DIRECTION('',(1.,0.,0.));
#23 = ( GEOMETRIC_REPRESENTATION_CONTEXT(3) 
GLOBAL_UNCERTAINTY_ASSIGNED_CONTEXT((#27)) GLOBAL_UNIT_ASSIGNED_CONTEXT(
(#24,#25,#26)) REPRESENTATION_CONTEXT('Context #1',
  '3D Context with UNIT and UNCERTAINTY') );
#24 = ( LENGTH_UNIT() NAMED_UNIT(*) SI_UNIT(.MILLI.,.METRE.) );
#25 = ( NAMED_UNIT(*) PLANE_ANGLE_UNIT() SI_UNIT($,.RADIAN.) );
#26 = ( NAMED_UNIT(*) SI_UNIT($,.STERADIAN.) SOLID_ANGLE_UNIT() );
#27 = UNCERTAINTY_MEASURE_WITH_UNIT(LENGTH_MEASURE(1.E-05),#24,
  'distance_accuracy_value','confusion accuracy');
#28 = PRODUCT_RELATED_PRODUCT_CATEGORY('part',$,(#7));
#29 = SHAPE_DEFINITION_REPRESENTATION(#30,#36);
#30 = PRODUCT_DEFINITION_SHAPE('','',#31);
#31 = PRODUCT_DEFINITION('design','',#32,#35);
#32 = PRODUCT_DEFINITION_FORMATION('','',#33);
#33 = PRODUCT('Body001','Body001','',(#34));
#34 = PRODUCT_CONTEXT('',#2,'mechanical');
#35 = PRODUCT_DEFINITION_CONTEXT('part definition',#2,'design');
#36 = ADVANCED_BREP_SHAPE_REPRESENTATION('',(#11,#37),#5795);
#37 = MANIFOLD_SOLID_BREP('',#38);
#38 = CLOSED_SHELL('',(#39,#79,#110,#141,#1494,#2881,#2893,#2915,#2932,
    #2949,#2961,#2983,#3000,#3017,#3029,#3046,#3068,#3085,#3102,#3114,
    #3136,#3153,#3170,#3182,#3204,#3221,#3238,#3250,#3272,#3289,#3306,
    #3318,#3340,#3357,#3374,#3386,#3408,#3425,#3442,#3454,#3476,#3493,
    #3510,#3522,#3544,#3561,#3578,#3590,#3612,#3629,#3646,#3658,#3680,
    #3697,#3714,#3726,#3748,#3765,#3782,#3794,#3816,#3833,#3850,#3862,
    #3884,#3901,#3918,#3930,#3952,#3969,#3986,#3998,#4020,#4037,#4054,
    #4066,#4088,#4105,#4122,#4134,#4156,#4173,#4190,#4202,#4219,#4236,
    #4258,#4275,#4292,#4304,#4326,#4343,#4360,#4372,#4394,#4411,#4428,
    #4440,#4462,#4479,#4496,#4508,#4530,#4547,#4564,#4576,#4598,#4615,
    #4632,#4644,#4666,#4683,#4700,#4712,#4734,#4751,#4768,#4780,#4802,
    #4819,#4836,#4848,#4870,#4887,#4904,#4916,#4938,#4955,#4972,#4984,
    #5006,#5023,#5040,#5052,#5074,#5091,#5108,#5120,#5142,#5159,#5176,
    #5188,#5210,#5227,#5244,#5256,#5278,#5295,#5312,#5324,#5346,#5363,
    #5380,#5392,#5409,#5431,#5448,#5465,#5477,#5499,#5516,#5533,#5545,
    #5576,#5600,#5624,#5641,#5687,#5718,#5742,#5766,#5783));
#39 = ADVANCED_FACE('',(#40),#74,.F.);
#40 = FACE_BOUND('',#41,.F.);
#41 = EDGE_LOOP('',(#42,#52,#60,#68));
#42 = ORIENTED_EDGE('',*,*,#43,.T.);
#43 = EDGE_CURVE('',#44,#46,#48,.T.);
#44 = VERTEX_POINT('',#45);
#45 = CARTESIAN_POINT('',(10.227899056697,14.,0.));
#46 = VERTEX_POINT('',#47);
#47 = CARTESIAN_POINT('',(10.227899056697,14.,1.6));
#48 = LINE('',#49,#50);
#49 = CARTESIAN_POINT('',(10.227899056697,14.,0.));
#50 = VECTOR('',#51,1.);
#51 = DIRECTION('',(0.,0.,1.));
#52 = ORIENTED_EDGE('',*,*,#53,.T.);
#53 = EDGE_CURVE('',#46,#54,#56,.T.);
#54 = VERTEX_POINT('',#55);
#55 = CARTESIAN_POINT('',(10.227899056697,-14.,1.6));
#56 = LINE('',#57,#58);
#57 = CARTESIAN_POINT('',(10.227899056697,14.,1.6));
#58 = VECTOR('',#59,1.);
#59 = DIRECTION('',(0.,-1.,0.));
#60 = ORIENTED_EDGE('',*,*,#61,.F.);
#61 = EDGE_CURVE('',#62,#54,#64,.T.);
#62 = VERTEX_POINT('',#63);
#63 = CARTESIAN_POINT('',(10.227899056697,-14.,0.));
#64 = LINE('',#65,#66);
#65 = CARTESIAN_POINT('',(10.227899056697,-14.,0.));
#66 = VECTOR('',#67,1.);
#67 = DIRECTION('',(0.,0.,1.));
#68 = ORIENTED_EDGE('',*,*,#69,.F.);
#69 = EDGE_CURVE('',#44,#62,#70,.T.);
#70 = LINE('',#71,#72);
#71 = CARTESIAN_POINT('',(10.227899056697,14.,0.));
#72 = VECTOR('',#73,1.);
#73 = DIRECTION('',(0.,-1.,0.));
#74 = PLANE('',#75);
#75 = AXIS2_PLACEMENT_3D('',#76,#77,#78);
#76 = CARTESIAN_POINT('',(10.227899056697,14.,0.));
#77 = DIRECTION('',(1.,0.,0.));
#78 = DIRECTION('',(0.,-1.,0.));
#79 = ADVANCED_FACE('',(#80),#105,.F.);
#80 = FACE_BOUND('',#81,.F.);
#81 = EDGE_LOOP('',(#82,#92,#98,#99));
#82 = ORIENTED_EDGE('',*,*,#83,.T.);
#83 = EDGE_CURVE('',#84,#86,#88,.T.);
#84 = VERTEX_POINT('',#85);
#85 = CARTESIAN_POINT('',(65.227899056697,14.,0.));
#86 = VERTEX_POINT('',#87);
#87 = CARTESIAN_POINT('',(65.227899056697,14.,1.6));
#88 = LINE('',#89,#90);
#89 = CARTESIAN_POINT('',(65.227899056697,14.,0.));
#90 = VECTOR('',#91,1.);
#91 = DIRECTION('',(0.,0.,1.));
#92 = ORIENTED_EDGE('',*,*,#93,.T.);
#93 = EDGE_CURVE('',#86,#46,#94,.T.);
#94 = LINE('',#95,#96);
#95 = CARTESIAN_POINT('',(65.227899056697,14.,1.6));
#96 = VECTOR('',#97,1.);
#97 = DIRECTION('',(-1.,0.,0.));
#98 = ORIENTED_EDGE('',*,*,#43,.F.);
#99 = ORIENTED_EDGE('',*,*,#100,.F.);
#100 = EDGE_CURVE('',#84,#44,#101,.T.);
#101 = LINE('',#102,#103);
#102 = CARTESIAN_POINT('',(65.227899056697,14.,0.));
#103 = VECTOR('',#104,1.);
#104 = DIRECTION('',(-1.,0.,0.));
#105 = PLANE('',#106);
#106 = AXIS2_PLACEMENT_3D('',#107,#108,#109);
#107 = CARTESIAN_POINT('',(65.227899056697,14.,0.));
#108 = DIRECTION('',(0.,-1.,0.));
#109 = DIRECTION('',(-1.,0.,0.));
#110 = ADVANCED_FACE('',(#111),#136,.F.);
#111 = FACE_BOUND('',#112,.F.);
#112 = EDGE_LOOP('',(#113,#114,#122,#130));
#113 = ORIENTED_EDGE('',*,*,#61,.T.);
#114 = ORIENTED_EDGE('',*,*,#115,.T.);
#115 = EDGE_CURVE('',#54,#116,#118,.T.);
#116 = VERTEX_POINT('',#117);
#117 = CARTESIAN_POINT('',(65.227899056697,-14.,1.6));
#118 = LINE('',#119,#120);
#119 = CARTESIAN_POINT('',(10.227899056697,-14.,1.6));
#120 = VECTOR('',#121,1.);
#121 = DIRECTION('',(1.,0.,0.));
#122 = ORIENTED_EDGE('',*,*,#123,.F.);
#123 = EDGE_CURVE('',#124,#116,#126,.T.);
#124 = VERTEX_POINT('',#125);
#125 = CARTESIAN_POINT('',(65.227899056697,-14.,0.));
#126 = LINE('',#127,#128);
#127 = CARTESIAN_POINT('',(65.227899056697,-14.,0.));
#128 = VECTOR('',#129,1.);
#129 = DIRECTION('',(0.,0.,1.));
#130 = ORIENTED_EDGE('',*,*,#131,.F.);
#131 = EDGE_CURVE('',#62,#124,#132,.T.);
#132 = LINE('',#133,#134);
#133 = CARTESIAN_POINT('',(10.227899056697,-14.,0.));
#134 = VECTOR('',#135,1.);
#135 = DIRECTION('',(1.,0.,0.));
#136 = PLANE('',#137);
#137 = AXIS2_PLACEMENT_3D('',#138,#139,#140);
#138 = CARTESIAN_POINT('',(10.227899056697,-14.,0.));
#139 = DIRECTION('',(0.,1.,0.));
#140 = DIRECTION('',(1.,0.,0.));
#141 = ADVANCED_FACE('',(#142,#153,#187,#221,#232,#266,#300,#334,#368,
    #402,#436,#470,#504,#538,#572,#606,#640,#674,#708,#742,#776,#810,
    #821,#832,#866,#900,#934,#968,#1002,#1036,#1070,#1104,#1138,#1172,
    #1206,#1240,#1274,#1308,#1342,#1376,#1410,#1421,#1455),#1489,.F.);
#142 = FACE_BOUND('',#143,.F.);
#143 = EDGE_LOOP('',(#144,#145,#146,#152));
#144 = ORIENTED_EDGE('',*,*,#69,.T.);
#145 = ORIENTED_EDGE('',*,*,#131,.T.);
#146 = ORIENTED_EDGE('',*,*,#147,.T.);
#147 = EDGE_CURVE('',#124,#84,#148,.T.);
#148 = LINE('',#149,#150);
#149 = CARTESIAN_POINT('',(65.227899056697,-14.,0.));
#150 = VECTOR('',#151,1.);
#151 = DIRECTION('',(0.,1.,0.));
#152 = ORIENTED_EDGE('',*,*,#100,.T.);
#153 = FACE_BOUND('',#154,.F.);
#154 = EDGE_LOOP('',(#155,#165,#173,#181));
#155 = ORIENTED_EDGE('',*,*,#156,.F.);
#156 = EDGE_CURVE('',#157,#159,#161,.T.);
#157 = VERTEX_POINT('',#158);
#158 = CARTESIAN_POINT('',(14.527899056697,-13.,0.));
#159 = VERTEX_POINT('',#160);
#160 = CARTESIAN_POINT('',(15.127899056697,-13.,0.));
#161 = LINE('',#162,#163);
#162 = CARTESIAN_POINT('',(14.527899056697,-13.,0.));
#163 = VECTOR('',#164,1.);
#164 = DIRECTION('',(1.,0.,0.));
#165 = ORIENTED_EDGE('',*,*,#166,.F.);
#166 = EDGE_CURVE('',#167,#157,#169,.T.);
#167 = VERTEX_POINT('',#168);
#168 = CARTESIAN_POINT('',(14.527899056697,-12.4,0.));
#169 = LINE('',#170,#171);
#170 = CARTESIAN_POINT('',(14.527899056697,-12.4,0.));
#171 = VECTOR('',#172,1.);
#172 = DIRECTION('',(0.,-1.,0.));
#173 = ORIENTED_EDGE('',*,*,#174,.F.);
#174 = EDGE_CURVE('',#175,#167,#177,.T.);
#175 = VERTEX_POINT('',#176);
#176 = CARTESIAN_POINT('',(15.127899056697,-12.4,0.));
#177 = LINE('',#178,#179);
#178 = CARTESIAN_POINT('',(15.127899056697,-12.4,0.));
#179 = VECTOR('',#180,1.);
#180 = DIRECTION('',(-1.,0.,0.));
#181 = ORIENTED_EDGE('',*,*,#182,.F.);
#182 = EDGE_CURVE('',#159,#175,#183,.T.);
#183 = LINE('',#184,#185);
#184 = CARTESIAN_POINT('',(15.127899056697,-13.,0.));
#185 = VECTOR('',#186,1.);
#186 = DIRECTION('',(0.,1.,0.));
#187 = FACE_BOUND('',#188,.F.);
#188 = EDGE_LOOP('',(#189,#199,#207,#215));
#189 = ORIENTED_EDGE('',*,*,#190,.F.);
#190 = EDGE_CURVE('',#191,#193,#195,.T.);
#191 = VERTEX_POINT('',#192);
#192 = CARTESIAN_POINT('',(17.067899056697,-13.,0.));
#193 = VERTEX_POINT('',#194);
#194 = CARTESIAN_POINT('',(17.667899056697,-13.,0.));
#195 = LINE('',#196,#197);
#196 = CARTESIAN_POINT('',(17.067899056697,-13.,0.));
#197 = VECTOR('',#198,1.);
#198 = DIRECTION('',(1.,0.,0.));
#199 = ORIENTED_EDGE('',*,*,#200,.F.);
#200 = EDGE_CURVE('',#201,#191,#203,.T.);
#201 = VERTEX_POINT('',#202);
#202 = CARTESIAN_POINT('',(17.067899056697,-12.4,0.));
#203 = LINE('',#204,#205);
#204 = CARTESIAN_POINT('',(17.067899056697,-12.4,0.));
#205 = VECTOR('',#206,1.);
#206 = DIRECTION('',(0.,-1.,0.));
#207 = ORIENTED_EDGE('',*,*,#208,.F.);
#208 = EDGE_CURVE('',#209,#201,#211,.T.);
#209 = VERTEX_POINT('',#210);
#210 = CARTESIAN_POINT('',(17.667899056697,-12.4,0.));
#211 = LINE('',#212,#213);
#212 = CARTESIAN_POINT('',(17.667899056697,-12.4,0.));
#213 = VECTOR('',#214,1.);
#214 = DIRECTION('',(-1.,0.,0.));
#215 = ORIENTED_EDGE('',*,*,#216,.F.);
#216 = EDGE_CURVE('',#193,#209,#217,.T.);
#217 = LINE('',#218,#219);
#218 = CARTESIAN_POINT('',(17.667899056697,-13.,0.));
#219 = VECTOR('',#220,1.);
#220 = DIRECTION('',(0.,1.,0.));
#221 = FACE_BOUND('',#222,.F.);
#222 = EDGE_LOOP('',(#223));
#223 = ORIENTED_EDGE('',*,*,#224,.F.);
#224 = EDGE_CURVE('',#225,#225,#227,.T.);
#225 = VERTEX_POINT('',#226);
#226 = CARTESIAN_POINT('',(13.537899056697,-11.3,0.));
#227 = CIRCLE('',#228,1.25);
#228 = AXIS2_PLACEMENT_3D('',#229,#230,#231);
#229 = CARTESIAN_POINT('',(12.287899056697,-11.3,0.));
#230 = DIRECTION('',(0.,0.,1.));
#231 = DIRECTION('',(1.,0.,0.));
#232 = FACE_BOUND('',#233,.F.);
#233 = EDGE_LOOP('',(#234,#244,#252,#260));
#234 = ORIENTED_EDGE('',*,*,#235,.F.);
#235 = EDGE_CURVE('',#236,#238,#240,.T.);
#236 = VERTEX_POINT('',#237);
#237 = CARTESIAN_POINT('',(19.607899056697,-13.,0.));
#238 = VERTEX_POINT('',#239);
#239 = CARTESIAN_POINT('',(20.207899056697,-13.,0.));
#240 = LINE('',#241,#242);
#241 = CARTESIAN_POINT('',(19.607899056697,-13.,0.));
#242 = VECTOR('',#243,1.);
#243 = DIRECTION('',(1.,0.,0.));
#244 = ORIENTED_EDGE('',*,*,#245,.F.);
#245 = EDGE_CURVE('',#246,#236,#248,.T.);
#246 = VERTEX_POINT('',#247);
#247 = CARTESIAN_POINT('',(19.607899056697,-12.4,0.));
#248 = LINE('',#249,#250);
#249 = CARTESIAN_POINT('',(19.607899056697,-12.4,0.));
#250 = VECTOR('',#251,1.);
#251 = DIRECTION('',(0.,-1.,0.));
#252 = ORIENTED_EDGE('',*,*,#253,.F.);
#253 = EDGE_CURVE('',#254,#246,#256,.T.);
#254 = VERTEX_POINT('',#255);
#255 = CARTESIAN_POINT('',(20.207899056697,-12.4,0.));
#256 = LINE('',#257,#258);
#257 = CARTESIAN_POINT('',(20.207899056697,-12.4,0.));
#258 = VECTOR('',#259,1.);
#259 = DIRECTION('',(-1.,0.,0.));
#260 = ORIENTED_EDGE('',*,*,#261,.F.);
#261 = EDGE_CURVE('',#238,#254,#262,.T.);
#262 = LINE('',#263,#264);
#263 = CARTESIAN_POINT('',(20.207899056697,-13.,0.));
#264 = VECTOR('',#265,1.);
#265 = DIRECTION('',(0.,1.,0.));
#266 = FACE_BOUND('',#267,.F.);
#267 = EDGE_LOOP('',(#268,#278,#286,#294));
#268 = ORIENTED_EDGE('',*,*,#269,.F.);
#269 = EDGE_CURVE('',#270,#272,#274,.T.);
#270 = VERTEX_POINT('',#271);
#271 = CARTESIAN_POINT('',(22.147899056697,-13.,0.));
#272 = VERTEX_POINT('',#273);
#273 = CARTESIAN_POINT('',(22.747899056697,-13.,0.));
#274 = LINE('',#275,#276);
#275 = CARTESIAN_POINT('',(22.147899056697,-13.,0.));
#276 = VECTOR('',#277,1.);
#277 = DIRECTION('',(1.,0.,0.));
#278 = ORIENTED_EDGE('',*,*,#279,.F.);
#279 = EDGE_CURVE('',#280,#270,#282,.T.);
#280 = VERTEX_POINT('',#281);
#281 = CARTESIAN_POINT('',(22.147899056697,-12.4,0.));
#282 = LINE('',#283,#284);
#283 = CARTESIAN_POINT('',(22.147899056697,-12.4,0.));
#284 = VECTOR('',#285,1.);
#285 = DIRECTION('',(0.,-1.,0.));
#286 = ORIENTED_EDGE('',*,*,#287,.F.);
#287 = EDGE_CURVE('',#288,#280,#290,.T.);
#288 = VERTEX_POINT('',#289);
#289 = CARTESIAN_POINT('',(22.747899056697,-12.4,0.));
#290 = LINE('',#291,#292);
#291 = CARTESIAN_POINT('',(22.747899056697,-12.4,0.));
#292 = VECTOR('',#293,1.);
#293 = DIRECTION('',(-1.,0.,0.));
#294 = ORIENTED_EDGE('',*,*,#295,.F.);
#295 = EDGE_CURVE('',#272,#288,#296,.T.);
#296 = LINE('',#297,#298);
#297 = CARTESIAN_POINT('',(22.747899056697,-13.,0.));
#298 = VECTOR('',#299,1.);
#299 = DIRECTION('',(0.,1.,0.));
#300 = FACE_BOUND('',#301,.F.);
#301 = EDGE_LOOP('',(#302,#312,#320,#328));
#302 = ORIENTED_EDGE('',*,*,#303,.F.);
#303 = EDGE_CURVE('',#304,#306,#308,.T.);
#304 = VERTEX_POINT('',#305);
#305 = CARTESIAN_POINT('',(24.687899056697,-13.,0.));
#306 = VERTEX_POINT('',#307);
#307 = CARTESIAN_POINT('',(25.287899056697,-13.,0.));
#308 = LINE('',#309,#310);
#309 = CARTESIAN_POINT('',(24.687899056697,-13.,0.));
#310 = VECTOR('',#311,1.);
#311 = DIRECTION('',(1.,0.,0.));
#312 = ORIENTED_EDGE('',*,*,#313,.F.);
#313 = EDGE_CURVE('',#314,#304,#316,.T.);
#314 = VERTEX_POINT('',#315);
#315 = CARTESIAN_POINT('',(24.687899056697,-12.4,0.));
#316 = LINE('',#317,#318);
#317 = CARTESIAN_POINT('',(24.687899056697,-12.4,0.));
#318 = VECTOR('',#319,1.);
#319 = DIRECTION('',(0.,-1.,0.));
#320 = ORIENTED_EDGE('',*,*,#321,.F.);
#321 = EDGE_CURVE('',#322,#314,#324,.T.);
#322 = VERTEX_POINT('',#323);
#323 = CARTESIAN_POINT('',(25.287899056697,-12.4,0.));
#324 = LINE('',#325,#326);
#325 = CARTESIAN_POINT('',(25.287899056697,-12.4,0.));
#326 = VECTOR('',#327,1.);
#327 = DIRECTION('',(-1.,0.,0.));
#328 = ORIENTED_EDGE('',*,*,#329,.F.);
#329 = EDGE_CURVE('',#306,#322,#330,.T.);
#330 = LINE('',#331,#332);
#331 = CARTESIAN_POINT('',(25.287899056697,-13.,0.));
#332 = VECTOR('',#333,1.);
#333 = DIRECTION('',(0.,1.,0.));
#334 = FACE_BOUND('',#335,.F.);
#335 = EDGE_LOOP('',(#336,#346,#354,#362));
#336 = ORIENTED_EDGE('',*,*,#337,.F.);
#337 = EDGE_CURVE('',#338,#340,#342,.T.);
#338 = VERTEX_POINT('',#339);
#339 = CARTESIAN_POINT('',(27.227899056697,-13.,0.));
#340 = VERTEX_POINT('',#341);
#341 = CARTESIAN_POINT('',(27.827899056697,-13.,0.));
#342 = LINE('',#343,#344);
#343 = CARTESIAN_POINT('',(27.227899056697,-13.,0.));
#344 = VECTOR('',#345,1.);
#345 = DIRECTION('',(1.,0.,0.));
#346 = ORIENTED_EDGE('',*,*,#347,.F.);
#347 = EDGE_CURVE('',#348,#338,#350,.T.);
#348 = VERTEX_POINT('',#349);
#349 = CARTESIAN_POINT('',(27.227899056697,-12.4,0.));
#350 = LINE('',#351,#352);
#351 = CARTESIAN_POINT('',(27.227899056697,-12.4,0.));
#352 = VECTOR('',#353,1.);
#353 = DIRECTION('',(0.,-1.,0.));
#354 = ORIENTED_EDGE('',*,*,#355,.F.);
#355 = EDGE_CURVE('',#356,#348,#358,.T.);
#356 = VERTEX_POINT('',#357);
#357 = CARTESIAN_POINT('',(27.827899056697,-12.4,0.));
#358 = LINE('',#359,#360);
#359 = CARTESIAN_POINT('',(27.827899056697,-12.4,0.));
#360 = VECTOR('',#361,1.);
#361 = DIRECTION('',(-1.,0.,0.));
#362 = ORIENTED_EDGE('',*,*,#363,.F.);
#363 = EDGE_CURVE('',#340,#356,#364,.T.);
#364 = LINE('',#365,#366);
#365 = CARTESIAN_POINT('',(27.827899056697,-13.,0.));
#366 = VECTOR('',#367,1.);
#367 = DIRECTION('',(0.,1.,0.));
#368 = FACE_BOUND('',#369,.F.);
#369 = EDGE_LOOP('',(#370,#380,#388,#396));
#370 = ORIENTED_EDGE('',*,*,#371,.F.);
#371 = EDGE_CURVE('',#372,#374,#376,.T.);
#372 = VERTEX_POINT('',#373);
#373 = CARTESIAN_POINT('',(29.767899056697,-13.,0.));
#374 = VERTEX_POINT('',#375);
#375 = CARTESIAN_POINT('',(30.367899056697,-13.,0.));
#376 = LINE('',#377,#378);
#377 = CARTESIAN_POINT('',(29.767899056697,-13.,0.));
#378 = VECTOR('',#379,1.);
#379 = DIRECTION('',(1.,0.,0.));
#380 = ORIENTED_EDGE('',*,*,#381,.F.);
#381 = EDGE_CURVE('',#382,#372,#384,.T.);
#382 = VERTEX_POINT('',#383);
#383 = CARTESIAN_POINT('',(29.767899056697,-12.4,0.));
#384 = LINE('',#385,#386);
#385 = CARTESIAN_POINT('',(29.767899056697,-12.4,0.));
#386 = VECTOR('',#387,1.);
#387 = DIRECTION('',(0.,-1.,0.));
#388 = ORIENTED_EDGE('',*,*,#389,.F.);
#389 = EDGE_CURVE('',#390,#382,#392,.T.);
#390 = VERTEX_POINT('',#391);
#391 = CARTESIAN_POINT('',(30.367899056697,-12.4,0.));
#392 = LINE('',#393,#394);
#393 = CARTESIAN_POINT('',(30.367899056697,-12.4,0.));
#394 = VECTOR('',#395,1.);
#395 = DIRECTION('',(-1.,0.,0.));
#396 = ORIENTED_EDGE('',*,*,#397,.F.);
#397 = EDGE_CURVE('',#374,#390,#398,.T.);
#398 = LINE('',#399,#400);
#399 = CARTESIAN_POINT('',(30.367899056697,-13.,0.));
#400 = VECTOR('',#401,1.);
#401 = DIRECTION('',(0.,1.,0.));
#402 = FACE_BOUND('',#403,.F.);
#403 = EDGE_LOOP('',(#404,#414,#422,#430));
#404 = ORIENTED_EDGE('',*,*,#405,.F.);
#405 = EDGE_CURVE('',#406,#408,#410,.T.);
#406 = VERTEX_POINT('',#407);
#407 = CARTESIAN_POINT('',(32.307899056697,-13.,0.));
#408 = VERTEX_POINT('',#409);
#409 = CARTESIAN_POINT('',(32.907899056697,-13.,0.));
#410 = LINE('',#411,#412);
#411 = CARTESIAN_POINT('',(32.307899056697,-13.,0.));
#412 = VECTOR('',#413,1.);
#413 = DIRECTION('',(1.,0.,0.));
#414 = ORIENTED_EDGE('',*,*,#415,.F.);
#415 = EDGE_CURVE('',#416,#406,#418,.T.);
#416 = VERTEX_POINT('',#417);
#417 = CARTESIAN_POINT('',(32.307899056697,-12.4,0.));
#418 = LINE('',#419,#420);
#419 = CARTESIAN_POINT('',(32.307899056697,-12.4,0.));
#420 = VECTOR('',#421,1.);
#421 = DIRECTION('',(0.,-1.,0.));
#422 = ORIENTED_EDGE('',*,*,#423,.F.);
#423 = EDGE_CURVE('',#424,#416,#426,.T.);
#424 = VERTEX_POINT('',#425);
#425 = CARTESIAN_POINT('',(32.907899056697,-12.4,0.));
#426 = LINE('',#427,#428);
#427 = CARTESIAN_POINT('',(32.907899056697,-12.4,0.));
#428 = VECTOR('',#429,1.);
#429 = DIRECTION('',(-1.,0.,0.));
#430 = ORIENTED_EDGE('',*,*,#431,.F.);
#431 = EDGE_CURVE('',#408,#424,#432,.T.);
#432 = LINE('',#433,#434);
#433 = CARTESIAN_POINT('',(32.907899056697,-13.,0.));
#434 = VECTOR('',#435,1.);
#435 = DIRECTION('',(0.,1.,0.));
#436 = FACE_BOUND('',#437,.F.);
#437 = EDGE_LOOP('',(#438,#448,#456,#464));
#438 = ORIENTED_EDGE('',*,*,#439,.F.);
#439 = EDGE_CURVE('',#440,#442,#444,.T.);
#440 = VERTEX_POINT('',#441);
#441 = CARTESIAN_POINT('',(34.847899056697,-13.,0.));
#442 = VERTEX_POINT('',#443);
#443 = CARTESIAN_POINT('',(35.447899056697,-13.,0.));
#444 = LINE('',#445,#446);
#445 = CARTESIAN_POINT('',(34.847899056697,-13.,0.));
#446 = VECTOR('',#447,1.);
#447 = DIRECTION('',(1.,0.,0.));
#448 = ORIENTED_EDGE('',*,*,#449,.F.);
#449 = EDGE_CURVE('',#450,#440,#452,.T.);
#450 = VERTEX_POINT('',#451);
#451 = CARTESIAN_POINT('',(34.847899056697,-12.4,0.));
#452 = LINE('',#453,#454);
#453 = CARTESIAN_POINT('',(34.847899056697,-12.4,0.));
#454 = VECTOR('',#455,1.);
#455 = DIRECTION('',(0.,-1.,0.));
#456 = ORIENTED_EDGE('',*,*,#457,.F.);
#457 = EDGE_CURVE('',#458,#450,#460,.T.);
#458 = VERTEX_POINT('',#459);
#459 = CARTESIAN_POINT('',(35.447899056697,-12.4,0.));
#460 = LINE('',#461,#462);
#461 = CARTESIAN_POINT('',(35.447899056697,-12.4,0.));
#462 = VECTOR('',#463,1.);
#463 = DIRECTION('',(-1.,0.,0.));
#464 = ORIENTED_EDGE('',*,*,#465,.F.);
#465 = EDGE_CURVE('',#442,#458,#466,.T.);
#466 = LINE('',#467,#468);
#467 = CARTESIAN_POINT('',(35.447899056697,-13.,0.));
#468 = VECTOR('',#469,1.);
#469 = DIRECTION('',(0.,1.,0.));
#470 = FACE_BOUND('',#471,.F.);
#471 = EDGE_LOOP('',(#472,#482,#490,#498));
#472 = ORIENTED_EDGE('',*,*,#473,.F.);
#473 = EDGE_CURVE('',#474,#476,#478,.T.);
#474 = VERTEX_POINT('',#475);
#475 = CARTESIAN_POINT('',(37.387899056697,-13.,0.));
#476 = VERTEX_POINT('',#477);
#477 = CARTESIAN_POINT('',(37.987899056697,-13.,0.));
#478 = LINE('',#479,#480);
#479 = CARTESIAN_POINT('',(37.387899056697,-13.,0.));
#480 = VECTOR('',#481,1.);
#481 = DIRECTION('',(1.,0.,0.));
#482 = ORIENTED_EDGE('',*,*,#483,.F.);
#483 = EDGE_CURVE('',#484,#474,#486,.T.);
#484 = VERTEX_POINT('',#485);
#485 = CARTESIAN_POINT('',(37.387899056697,-12.4,0.));
#486 = LINE('',#487,#488);
#487 = CARTESIAN_POINT('',(37.387899056697,-12.4,0.));
#488 = VECTOR('',#489,1.);
#489 = DIRECTION('',(0.,-1.,0.));
#490 = ORIENTED_EDGE('',*,*,#491,.F.);
#491 = EDGE_CURVE('',#492,#484,#494,.T.);
#492 = VERTEX_POINT('',#493);
#493 = CARTESIAN_POINT('',(37.987899056697,-12.4,0.));
#494 = LINE('',#495,#496);
#495 = CARTESIAN_POINT('',(37.987899056697,-12.4,0.));
#496 = VECTOR('',#497,1.);
#497 = DIRECTION('',(-1.,0.,0.));
#498 = ORIENTED_EDGE('',*,*,#499,.F.);
#499 = EDGE_CURVE('',#476,#492,#500,.T.);
#500 = LINE('',#501,#502);
#501 = CARTESIAN_POINT('',(37.987899056697,-13.,0.));
#502 = VECTOR('',#503,1.);
#503 = DIRECTION('',(0.,1.,0.));
#504 = FACE_BOUND('',#505,.F.);
#505 = EDGE_LOOP('',(#506,#516,#524,#532));
#506 = ORIENTED_EDGE('',*,*,#507,.F.);
#507 = EDGE_CURVE('',#508,#510,#512,.T.);
#508 = VERTEX_POINT('',#509);
#509 = CARTESIAN_POINT('',(39.927899056697,-13.,0.));
#510 = VERTEX_POINT('',#511);
#511 = CARTESIAN_POINT('',(40.527899056697,-13.,0.));
#512 = LINE('',#513,#514);
#513 = CARTESIAN_POINT('',(39.927899056697,-13.,0.));
#514 = VECTOR('',#515,1.);
#515 = DIRECTION('',(1.,0.,0.));
#516 = ORIENTED_EDGE('',*,*,#517,.F.);
#517 = EDGE_CURVE('',#518,#508,#520,.T.);
#518 = VERTEX_POINT('',#519);
#519 = CARTESIAN_POINT('',(39.927899056697,-12.4,0.));
#520 = LINE('',#521,#522);
#521 = CARTESIAN_POINT('',(39.927899056697,-12.4,0.));
#522 = VECTOR('',#523,1.);
#523 = DIRECTION('',(0.,-1.,0.));
#524 = ORIENTED_EDGE('',*,*,#525,.F.);
#525 = EDGE_CURVE('',#526,#518,#528,.T.);
#526 = VERTEX_POINT('',#527);
#527 = CARTESIAN_POINT('',(40.527899056697,-12.4,0.));
#528 = LINE('',#529,#530);
#529 = CARTESIAN_POINT('',(40.527899056697,-12.4,0.));
#530 = VECTOR('',#531,1.);
#531 = DIRECTION('',(-1.,0.,0.));
#532 = ORIENTED_EDGE('',*,*,#533,.F.);
#533 = EDGE_CURVE('',#510,#526,#534,.T.);
#534 = LINE('',#535,#536);
#535 = CARTESIAN_POINT('',(40.527899056697,-13.,0.));
#536 = VECTOR('',#537,1.);
#537 = DIRECTION('',(0.,1.,0.));
#538 = FACE_BOUND('',#539,.F.);
#539 = EDGE_LOOP('',(#540,#550,#558,#566));
#540 = ORIENTED_EDGE('',*,*,#541,.F.);
#541 = EDGE_CURVE('',#542,#544,#546,.T.);
#542 = VERTEX_POINT('',#543);
#543 = CARTESIAN_POINT('',(42.467899056697,-13.,0.));
#544 = VERTEX_POINT('',#545);
#545 = CARTESIAN_POINT('',(43.067899056697,-13.,0.));
#546 = LINE('',#547,#548);
#547 = CARTESIAN_POINT('',(42.467899056697,-13.,0.));
#548 = VECTOR('',#549,1.);
#549 = DIRECTION('',(1.,0.,0.));
#550 = ORIENTED_EDGE('',*,*,#551,.F.);
#551 = EDGE_CURVE('',#552,#542,#554,.T.);
#552 = VERTEX_POINT('',#553);
#553 = CARTESIAN_POINT('',(42.467899056697,-12.4,0.));
#554 = LINE('',#555,#556);
#555 = CARTESIAN_POINT('',(42.467899056697,-12.4,0.));
#556 = VECTOR('',#557,1.);
#557 = DIRECTION('',(0.,-1.,0.));
#558 = ORIENTED_EDGE('',*,*,#559,.F.);
#559 = EDGE_CURVE('',#560,#552,#562,.T.);
#560 = VERTEX_POINT('',#561);
#561 = CARTESIAN_POINT('',(43.067899056697,-12.4,0.));
#562 = LINE('',#563,#564);
#563 = CARTESIAN_POINT('',(43.067899056697,-12.4,0.));
#564 = VECTOR('',#565,1.);
#565 = DIRECTION('',(-1.,0.,0.));
#566 = ORIENTED_EDGE('',*,*,#567,.F.);
#567 = EDGE_CURVE('',#544,#560,#568,.T.);
#568 = LINE('',#569,#570);
#569 = CARTESIAN_POINT('',(43.067899056697,-13.,0.));
#570 = VECTOR('',#571,1.);
#571 = DIRECTION('',(0.,1.,0.));
#572 = FACE_BOUND('',#573,.F.);
#573 = EDGE_LOOP('',(#574,#584,#592,#600));
#574 = ORIENTED_EDGE('',*,*,#575,.F.);
#575 = EDGE_CURVE('',#576,#578,#580,.T.);
#576 = VERTEX_POINT('',#577);
#577 = CARTESIAN_POINT('',(45.007899056697,-13.,0.));
#578 = VERTEX_POINT('',#579);
#579 = CARTESIAN_POINT('',(45.607899056697,-13.,0.));
#580 = LINE('',#581,#582);
#581 = CARTESIAN_POINT('',(45.007899056697,-13.,0.));
#582 = VECTOR('',#583,1.);
#583 = DIRECTION('',(1.,0.,0.));
#584 = ORIENTED_EDGE('',*,*,#585,.F.);
#585 = EDGE_CURVE('',#586,#576,#588,.T.);
#586 = VERTEX_POINT('',#587);
#587 = CARTESIAN_POINT('',(45.007899056697,-12.4,0.));
#588 = LINE('',#589,#590);
#589 = CARTESIAN_POINT('',(45.007899056697,-12.4,0.));
#590 = VECTOR('',#591,1.);
#591 = DIRECTION('',(0.,-1.,0.));
#592 = ORIENTED_EDGE('',*,*,#593,.F.);
#593 = EDGE_CURVE('',#594,#586,#596,.T.);
#594 = VERTEX_POINT('',#595);
#595 = CARTESIAN_POINT('',(45.607899056697,-12.4,0.));
#596 = LINE('',#597,#598);
#597 = CARTESIAN_POINT('',(45.607899056697,-12.4,0.));
#598 = VECTOR('',#599,1.);
#599 = DIRECTION('',(-1.,0.,0.));
#600 = ORIENTED_EDGE('',*,*,#601,.F.);
#601 = EDGE_CURVE('',#578,#594,#602,.T.);
#602 = LINE('',#603,#604);
#603 = CARTESIAN_POINT('',(45.607899056697,-13.,0.));
#604 = VECTOR('',#605,1.);
#605 = DIRECTION('',(0.,1.,0.));
#606 = FACE_BOUND('',#607,.F.);
#607 = EDGE_LOOP('',(#608,#618,#626,#634));
#608 = ORIENTED_EDGE('',*,*,#609,.F.);
#609 = EDGE_CURVE('',#610,#612,#614,.T.);
#610 = VERTEX_POINT('',#611);
#611 = CARTESIAN_POINT('',(47.547899056697,-13.,0.));
#612 = VERTEX_POINT('',#613);
#613 = CARTESIAN_POINT('',(48.147899056697,-13.,0.));
#614 = LINE('',#615,#616);
#615 = CARTESIAN_POINT('',(47.547899056697,-13.,0.));
#616 = VECTOR('',#617,1.);
#617 = DIRECTION('',(1.,0.,0.));
#618 = ORIENTED_EDGE('',*,*,#619,.F.);
#619 = EDGE_CURVE('',#620,#610,#622,.T.);
#620 = VERTEX_POINT('',#621);
#621 = CARTESIAN_POINT('',(47.547899056697,-12.4,0.));
#622 = LINE('',#623,#624);
#623 = CARTESIAN_POINT('',(47.547899056697,-12.4,0.));
#624 = VECTOR('',#625,1.);
#625 = DIRECTION('',(0.,-1.,0.));
#626 = ORIENTED_EDGE('',*,*,#627,.F.);
#627 = EDGE_CURVE('',#628,#620,#630,.T.);
#628 = VERTEX_POINT('',#629);
#629 = CARTESIAN_POINT('',(48.147899056697,-12.4,0.));
#630 = LINE('',#631,#632);
#631 = CARTESIAN_POINT('',(48.147899056697,-12.4,0.));
#632 = VECTOR('',#633,1.);
#633 = DIRECTION('',(-1.,0.,0.));
#634 = ORIENTED_EDGE('',*,*,#635,.F.);
#635 = EDGE_CURVE('',#612,#628,#636,.T.);
#636 = LINE('',#637,#638);
#637 = CARTESIAN_POINT('',(48.147899056697,-13.,0.));
#638 = VECTOR('',#639,1.);
#639 = DIRECTION('',(0.,1.,0.));
#640 = FACE_BOUND('',#641,.F.);
#641 = EDGE_LOOP('',(#642,#652,#660,#668));
#642 = ORIENTED_EDGE('',*,*,#643,.F.);
#643 = EDGE_CURVE('',#644,#646,#648,.T.);
#644 = VERTEX_POINT('',#645);
#645 = CARTESIAN_POINT('',(50.087899056697,-13.,0.));
#646 = VERTEX_POINT('',#647);
#647 = CARTESIAN_POINT('',(50.687899056697,-13.,0.));
#648 = LINE('',#649,#650);
#649 = CARTESIAN_POINT('',(50.087899056697,-13.,0.));
#650 = VECTOR('',#651,1.);
#651 = DIRECTION('',(1.,0.,0.));
#652 = ORIENTED_EDGE('',*,*,#653,.F.);
#653 = EDGE_CURVE('',#654,#644,#656,.T.);
#654 = VERTEX_POINT('',#655);
#655 = CARTESIAN_POINT('',(50.087899056697,-12.4,0.));
#656 = LINE('',#657,#658);
#657 = CARTESIAN_POINT('',(50.087899056697,-12.4,0.));
#658 = VECTOR('',#659,1.);
#659 = DIRECTION('',(0.,-1.,0.));
#660 = ORIENTED_EDGE('',*,*,#661,.F.);
#661 = EDGE_CURVE('',#662,#654,#664,.T.);
#662 = VERTEX_POINT('',#663);
#663 = CARTESIAN_POINT('',(50.687899056697,-12.4,0.));
#664 = LINE('',#665,#666);
#665 = CARTESIAN_POINT('',(50.687899056697,-12.4,0.));
#666 = VECTOR('',#667,1.);
#667 = DIRECTION('',(-1.,0.,0.));
#668 = ORIENTED_EDGE('',*,*,#669,.F.);
#669 = EDGE_CURVE('',#646,#662,#670,.T.);
#670 = LINE('',#671,#672);
#671 = CARTESIAN_POINT('',(50.687899056697,-13.,0.));
#672 = VECTOR('',#673,1.);
#673 = DIRECTION('',(0.,1.,0.));
#674 = FACE_BOUND('',#675,.F.);
#675 = EDGE_LOOP('',(#676,#686,#694,#702));
#676 = ORIENTED_EDGE('',*,*,#677,.F.);
#677 = EDGE_CURVE('',#678,#680,#682,.T.);
#678 = VERTEX_POINT('',#679);
#679 = CARTESIAN_POINT('',(52.627899056697,-13.,0.));
#680 = VERTEX_POINT('',#681);
#681 = CARTESIAN_POINT('',(53.227899056697,-13.,0.));
#682 = LINE('',#683,#684);
#683 = CARTESIAN_POINT('',(52.627899056697,-13.,0.));
#684 = VECTOR('',#685,1.);
#685 = DIRECTION('',(1.,0.,0.));
#686 = ORIENTED_EDGE('',*,*,#687,.F.);
#687 = EDGE_CURVE('',#688,#678,#690,.T.);
#688 = VERTEX_POINT('',#689);
#689 = CARTESIAN_POINT('',(52.627899056697,-12.4,0.));
#690 = LINE('',#691,#692);
#691 = CARTESIAN_POINT('',(52.627899056697,-12.4,0.));
#692 = VECTOR('',#693,1.);
#693 = DIRECTION('',(0.,-1.,0.));
#694 = ORIENTED_EDGE('',*,*,#695,.F.);
#695 = EDGE_CURVE('',#696,#688,#698,.T.);
#696 = VERTEX_POINT('',#697);
#697 = CARTESIAN_POINT('',(53.227899056697,-12.4,0.));
#698 = LINE('',#699,#700);
#699 = CARTESIAN_POINT('',(53.227899056697,-12.4,0.));
#700 = VECTOR('',#701,1.);
#701 = DIRECTION('',(-1.,0.,0.));
#702 = ORIENTED_EDGE('',*,*,#703,.F.);
#703 = EDGE_CURVE('',#680,#696,#704,.T.);
#704 = LINE('',#705,#706);
#705 = CARTESIAN_POINT('',(53.227899056697,-13.,0.));
#706 = VECTOR('',#707,1.);
#707 = DIRECTION('',(0.,1.,0.));
#708 = FACE_BOUND('',#709,.F.);
#709 = EDGE_LOOP('',(#710,#720,#728,#736));
#710 = ORIENTED_EDGE('',*,*,#711,.F.);
#711 = EDGE_CURVE('',#712,#714,#716,.T.);
#712 = VERTEX_POINT('',#713);
#713 = CARTESIAN_POINT('',(55.167899056697,-13.,0.));
#714 = VERTEX_POINT('',#715);
#715 = CARTESIAN_POINT('',(55.767899056697,-13.,0.));
#716 = LINE('',#717,#718);
#717 = CARTESIAN_POINT('',(55.167899056697,-13.,0.));
#718 = VECTOR('',#719,1.);
#719 = DIRECTION('',(1.,0.,0.));
#720 = ORIENTED_EDGE('',*,*,#721,.F.);
#721 = EDGE_CURVE('',#722,#712,#724,.T.);
#722 = VERTEX_POINT('',#723);
#723 = CARTESIAN_POINT('',(55.167899056697,-12.4,0.));
#724 = LINE('',#725,#726);
#725 = CARTESIAN_POINT('',(55.167899056697,-12.4,0.));
#726 = VECTOR('',#727,1.);
#727 = DIRECTION('',(0.,-1.,0.));
#728 = ORIENTED_EDGE('',*,*,#729,.F.);
#729 = EDGE_CURVE('',#730,#722,#732,.T.);
#730 = VERTEX_POINT('',#731);
#731 = CARTESIAN_POINT('',(55.767899056697,-12.4,0.));
#732 = LINE('',#733,#734);
#733 = CARTESIAN_POINT('',(55.767899056697,-12.4,0.));
#734 = VECTOR('',#735,1.);
#735 = DIRECTION('',(-1.,0.,0.));
#736 = ORIENTED_EDGE('',*,*,#737,.F.);
#737 = EDGE_CURVE('',#714,#730,#738,.T.);
#738 = LINE('',#739,#740);
#739 = CARTESIAN_POINT('',(55.767899056697,-13.,0.));
#740 = VECTOR('',#741,1.);
#741 = DIRECTION('',(0.,1.,0.));
#742 = FACE_BOUND('',#743,.F.);
#743 = EDGE_LOOP('',(#744,#754,#762,#770));
#744 = ORIENTED_EDGE('',*,*,#745,.F.);
#745 = EDGE_CURVE('',#746,#748,#750,.T.);
#746 = VERTEX_POINT('',#747);
#747 = CARTESIAN_POINT('',(57.707899056697,-13.,0.));
#748 = VERTEX_POINT('',#749);
#749 = CARTESIAN_POINT('',(58.307899056697,-13.,0.));
#750 = LINE('',#751,#752);
#751 = CARTESIAN_POINT('',(57.707899056697,-13.,0.));
#752 = VECTOR('',#753,1.);
#753 = DIRECTION('',(1.,0.,0.));
#754 = ORIENTED_EDGE('',*,*,#755,.F.);
#755 = EDGE_CURVE('',#756,#746,#758,.T.);
#756 = VERTEX_POINT('',#757);
#757 = CARTESIAN_POINT('',(57.707899056697,-12.4,0.));
#758 = LINE('',#759,#760);
#759 = CARTESIAN_POINT('',(57.707899056697,-12.4,0.));
#760 = VECTOR('',#761,1.);
#761 = DIRECTION('',(0.,-1.,0.));
#762 = ORIENTED_EDGE('',*,*,#763,.F.);
#763 = EDGE_CURVE('',#764,#756,#766,.T.);
#764 = VERTEX_POINT('',#765);
#765 = CARTESIAN_POINT('',(58.307899056697,-12.4,0.));
#766 = LINE('',#767,#768);
#767 = CARTESIAN_POINT('',(58.307899056697,-12.4,0.));
#768 = VECTOR('',#769,1.);
#769 = DIRECTION('',(-1.,0.,0.));
#770 = ORIENTED_EDGE('',*,*,#771,.F.);
#771 = EDGE_CURVE('',#748,#764,#772,.T.);
#772 = LINE('',#773,#774);
#773 = CARTESIAN_POINT('',(58.307899056697,-13.,0.));
#774 = VECTOR('',#775,1.);
#775 = DIRECTION('',(0.,1.,0.));
#776 = FACE_BOUND('',#777,.F.);
#777 = EDGE_LOOP('',(#778,#788,#796,#804));
#778 = ORIENTED_EDGE('',*,*,#779,.F.);
#779 = EDGE_CURVE('',#780,#782,#784,.T.);
#780 = VERTEX_POINT('',#781);
#781 = CARTESIAN_POINT('',(60.247899056697,-13.,0.));
#782 = VERTEX_POINT('',#783);
#783 = CARTESIAN_POINT('',(60.847899056697,-13.,0.));
#784 = LINE('',#785,#786);
#785 = CARTESIAN_POINT('',(60.247899056697,-13.,0.));
#786 = VECTOR('',#787,1.);
#787 = DIRECTION('',(1.,0.,0.));
#788 = ORIENTED_EDGE('',*,*,#789,.F.);
#789 = EDGE_CURVE('',#790,#780,#792,.T.);
#790 = VERTEX_POINT('',#791);
#791 = CARTESIAN_POINT('',(60.247899056697,-12.4,0.));
#792 = LINE('',#793,#794);
#793 = CARTESIAN_POINT('',(60.247899056697,-12.4,0.));
#794 = VECTOR('',#795,1.);
#795 = DIRECTION('',(0.,-1.,0.));
#796 = ORIENTED_EDGE('',*,*,#797,.F.);
#797 = EDGE_CURVE('',#798,#790,#800,.T.);
#798 = VERTEX_POINT('',#799);
#799 = CARTESIAN_POINT('',(60.847899056697,-12.4,0.));
#800 = LINE('',#801,#802);
#801 = CARTESIAN_POINT('',(60.847899056697,-12.4,0.));
#802 = VECTOR('',#803,1.);
#803 = DIRECTION('',(-1.,0.,0.));
#804 = ORIENTED_EDGE('',*,*,#805,.F.);
#805 = EDGE_CURVE('',#782,#798,#806,.T.);
#806 = LINE('',#807,#808);
#807 = CARTESIAN_POINT('',(60.847899056697,-13.,0.));
#808 = VECTOR('',#809,1.);
#809 = DIRECTION('',(0.,1.,0.));
#810 = FACE_BOUND('',#811,.F.);
#811 = EDGE_LOOP('',(#812));
#812 = ORIENTED_EDGE('',*,*,#813,.F.);
#813 = EDGE_CURVE('',#814,#814,#816,.T.);
#814 = VERTEX_POINT('',#815);
#815 = CARTESIAN_POINT('',(64.337899056697,-11.3,0.));
#816 = CIRCLE('',#817,1.25);
#817 = AXIS2_PLACEMENT_3D('',#818,#819,#820);
#818 = CARTESIAN_POINT('',(63.087899056697,-11.3,0.));
#819 = DIRECTION('',(0.,0.,1.));
#820 = DIRECTION('',(1.,0.,0.));
#821 = FACE_BOUND('',#822,.F.);
#822 = EDGE_LOOP('',(#823));
#823 = ORIENTED_EDGE('',*,*,#824,.F.);
#824 = EDGE_CURVE('',#825,#825,#827,.T.);
#825 = VERTEX_POINT('',#826);
#826 = CARTESIAN_POINT('',(13.537899056697,11.3,0.));
#827 = CIRCLE('',#828,1.25);
#828 = AXIS2_PLACEMENT_3D('',#829,#830,#831);
#829 = CARTESIAN_POINT('',(12.287899056697,11.3,0.));
#830 = DIRECTION('',(0.,0.,1.));
#831 = DIRECTION('',(1.,0.,0.));
#832 = FACE_BOUND('',#833,.F.);
#833 = EDGE_LOOP('',(#834,#844,#852,#860));
#834 = ORIENTED_EDGE('',*,*,#835,.F.);
#835 = EDGE_CURVE('',#836,#838,#840,.T.);
#836 = VERTEX_POINT('',#837);
#837 = CARTESIAN_POINT('',(14.527899056697,12.4,0.));
#838 = VERTEX_POINT('',#839);
#839 = CARTESIAN_POINT('',(15.127899056697,12.4,0.));
#840 = LINE('',#841,#842);
#841 = CARTESIAN_POINT('',(14.527899056697,12.4,0.));
#842 = VECTOR('',#843,1.);
#843 = DIRECTION('',(1.,0.,0.));
#844 = ORIENTED_EDGE('',*,*,#845,.F.);
#845 = EDGE_CURVE('',#846,#836,#848,.T.);
#846 = VERTEX_POINT('',#847);
#847 = CARTESIAN_POINT('',(14.527899056697,13.,0.));
#848 = LINE('',#849,#850);
#849 = CARTESIAN_POINT('',(14.527899056697,13.,0.));
#850 = VECTOR('',#851,1.);
#851 = DIRECTION('',(0.,-1.,0.));
#852 = ORIENTED_EDGE('',*,*,#853,.F.);
#853 = EDGE_CURVE('',#854,#846,#856,.T.);
#854 = VERTEX_POINT('',#855);
#855 = CARTESIAN_POINT('',(15.127899056697,13.,0.));
#856 = LINE('',#857,#858);
#857 = CARTESIAN_POINT('',(15.127899056697,13.,0.));
#858 = VECTOR('',#859,1.);
#859 = DIRECTION('',(-1.,0.,0.));
#860 = ORIENTED_EDGE('',*,*,#861,.F.);
#861 = EDGE_CURVE('',#838,#854,#862,.T.);
#862 = LINE('',#863,#864);
#863 = CARTESIAN_POINT('',(15.127899056697,12.4,0.));
#864 = VECTOR('',#865,1.);
#865 = DIRECTION('',(0.,1.,0.));
#866 = FACE_BOUND('',#867,.F.);
#867 = EDGE_LOOP('',(#868,#878,#886,#894));
#868 = ORIENTED_EDGE('',*,*,#869,.F.);
#869 = EDGE_CURVE('',#870,#872,#874,.T.);
#870 = VERTEX_POINT('',#871);
#871 = CARTESIAN_POINT('',(17.067899056697,12.4,0.));
#872 = VERTEX_POINT('',#873);
#873 = CARTESIAN_POINT('',(17.667899056697,12.4,0.));
#874 = LINE('',#875,#876);
#875 = CARTESIAN_POINT('',(17.067899056697,12.4,0.));
#876 = VECTOR('',#877,1.);
#877 = DIRECTION('',(1.,0.,0.));
#878 = ORIENTED_EDGE('',*,*,#879,.F.);
#879 = EDGE_CURVE('',#880,#870,#882,.T.);
#880 = VERTEX_POINT('',#881);
#881 = CARTESIAN_POINT('',(17.067899056697,13.,0.));
#882 = LINE('',#883,#884);
#883 = CARTESIAN_POINT('',(17.067899056697,13.,0.));
#884 = VECTOR('',#885,1.);
#885 = DIRECTION('',(0.,-1.,0.));
#886 = ORIENTED_EDGE('',*,*,#887,.F.);
#887 = EDGE_CURVE('',#888,#880,#890,.T.);
#888 = VERTEX_POINT('',#889);
#889 = CARTESIAN_POINT('',(17.667899056697,13.,0.));
#890 = LINE('',#891,#892);
#891 = CARTESIAN_POINT('',(17.667899056697,13.,0.));
#892 = VECTOR('',#893,1.);
#893 = DIRECTION('',(-1.,0.,0.));
#894 = ORIENTED_EDGE('',*,*,#895,.F.);
#895 = EDGE_CURVE('',#872,#888,#896,.T.);
#896 = LINE('',#897,#898);
#897 = CARTESIAN_POINT('',(17.667899056697,12.4,0.));
#898 = VECTOR('',#899,1.);
#899 = DIRECTION('',(0.,1.,0.));
#900 = FACE_BOUND('',#901,.F.);
#901 = EDGE_LOOP('',(#902,#912,#920,#928));
#902 = ORIENTED_EDGE('',*,*,#903,.F.);
#903 = EDGE_CURVE('',#904,#906,#908,.T.);
#904 = VERTEX_POINT('',#905);
#905 = CARTESIAN_POINT('',(19.607899056697,12.4,0.));
#906 = VERTEX_POINT('',#907);
#907 = CARTESIAN_POINT('',(20.207899056697,12.4,0.));
#908 = LINE('',#909,#910);
#909 = CARTESIAN_POINT('',(19.607899056697,12.4,0.));
#910 = VECTOR('',#911,1.);
#911 = DIRECTION('',(1.,0.,0.));
#912 = ORIENTED_EDGE('',*,*,#913,.F.);
#913 = EDGE_CURVE('',#914,#904,#916,.T.);
#914 = VERTEX_POINT('',#915);
#915 = CARTESIAN_POINT('',(19.607899056697,13.,0.));
#916 = LINE('',#917,#918);
#917 = CARTESIAN_POINT('',(19.607899056697,13.,0.));
#918 = VECTOR('',#919,1.);
#919 = DIRECTION('',(0.,-1.,0.));
#920 = ORIENTED_EDGE('',*,*,#921,.F.);
#921 = EDGE_CURVE('',#922,#914,#924,.T.);
#922 = VERTEX_POINT('',#923);
#923 = CARTESIAN_POINT('',(20.207899056697,13.,0.));
#924 = LINE('',#925,#926);
#925 = CARTESIAN_POINT('',(20.207899056697,13.,0.));
#926 = VECTOR('',#927,1.);
#927 = DIRECTION('',(-1.,0.,0.));
#928 = ORIENTED_EDGE('',*,*,#929,.F.);
#929 = EDGE_CURVE('',#906,#922,#930,.T.);
#930 = LINE('',#931,#932);
#931 = CARTESIAN_POINT('',(20.207899056697,12.4,0.));
#932 = VECTOR('',#933,1.);
#933 = DIRECTION('',(0.,1.,0.));
#934 = FACE_BOUND('',#935,.F.);
#935 = EDGE_LOOP('',(#936,#946,#954,#962));
#936 = ORIENTED_EDGE('',*,*,#937,.F.);
#937 = EDGE_CURVE('',#938,#940,#942,.T.);
#938 = VERTEX_POINT('',#939);
#939 = CARTESIAN_POINT('',(22.147899056697,12.4,0.));
#940 = VERTEX_POINT('',#941);
#941 = CARTESIAN_POINT('',(22.747899056697,12.4,0.));
#942 = LINE('',#943,#944);
#943 = CARTESIAN_POINT('',(22.147899056697,12.4,0.));
#944 = VECTOR('',#945,1.);
#945 = DIRECTION('',(1.,0.,0.));
#946 = ORIENTED_EDGE('',*,*,#947,.F.);
#947 = EDGE_CURVE('',#948,#938,#950,.T.);
#948 = VERTEX_POINT('',#949);
#949 = CARTESIAN_POINT('',(22.147899056697,13.,0.));
#950 = LINE('',#951,#952);
#951 = CARTESIAN_POINT('',(22.147899056697,13.,0.));
#952 = VECTOR('',#953,1.);
#953 = DIRECTION('',(0.,-1.,0.));
#954 = ORIENTED_EDGE('',*,*,#955,.F.);
#955 = EDGE_CURVE('',#956,#948,#958,.T.);
#956 = VERTEX_POINT('',#957);
#957 = CARTESIAN_POINT('',(22.747899056697,13.,0.));
#958 = LINE('',#959,#960);
#959 = CARTESIAN_POINT('',(22.747899056697,13.,0.));
#960 = VECTOR('',#961,1.);
#961 = DIRECTION('',(-1.,0.,0.));
#962 = ORIENTED_EDGE('',*,*,#963,.F.);
#963 = EDGE_CURVE('',#940,#956,#964,.T.);
#964 = LINE('',#965,#966);
#965 = CARTESIAN_POINT('',(22.747899056697,12.4,0.));
#966 = VECTOR('',#967,1.);
#967 = DIRECTION('',(0.,1.,0.));
#968 = FACE_BOUND('',#969,.F.);
#969 = EDGE_LOOP('',(#970,#980,#988,#996));
#970 = ORIENTED_EDGE('',*,*,#971,.F.);
#971 = EDGE_CURVE('',#972,#974,#976,.T.);
#972 = VERTEX_POINT('',#973);
#973 = CARTESIAN_POINT('',(24.687899056697,12.4,0.));
#974 = VERTEX_POINT('',#975);
#975 = CARTESIAN_POINT('',(25.287899056697,12.4,0.));
#976 = LINE('',#977,#978);
#977 = CARTESIAN_POINT('',(24.687899056697,12.4,0.));
#978 = VECTOR('',#979,1.);
#979 = DIRECTION('',(1.,0.,0.));
#980 = ORIENTED_EDGE('',*,*,#981,.F.);
#981 = EDGE_CURVE('',#982,#972,#984,.T.);
#982 = VERTEX_POINT('',#983);
#983 = CARTESIAN_POINT('',(24.687899056697,13.,0.));
#984 = LINE('',#985,#986);
#985 = CARTESIAN_POINT('',(24.687899056697,13.,0.));
#986 = VECTOR('',#987,1.);
#987 = DIRECTION('',(0.,-1.,0.));
#988 = ORIENTED_EDGE('',*,*,#989,.F.);
#989 = EDGE_CURVE('',#990,#982,#992,.T.);
#990 = VERTEX_POINT('',#991);
#991 = CARTESIAN_POINT('',(25.287899056697,13.,0.));
#992 = LINE('',#993,#994);
#993 = CARTESIAN_POINT('',(25.287899056697,13.,0.));
#994 = VECTOR('',#995,1.);
#995 = DIRECTION('',(-1.,0.,0.));
#996 = ORIENTED_EDGE('',*,*,#997,.F.);
#997 = EDGE_CURVE('',#974,#990,#998,.T.);
#998 = LINE('',#999,#1000);
#999 = CARTESIAN_POINT('',(25.287899056697,12.4,0.));
#1000 = VECTOR('',#1001,1.);
#1001 = DIRECTION('',(0.,1.,0.));
#1002 = FACE_BOUND('',#1003,.F.);
#1003 = EDGE_LOOP('',(#1004,#1014,#1022,#1030));
#1004 = ORIENTED_EDGE('',*,*,#1005,.F.);
#1005 = EDGE_CURVE('',#1006,#1008,#1010,.T.);
#1006 = VERTEX_POINT('',#1007);
#1007 = CARTESIAN_POINT('',(27.227899056697,12.4,0.));
#1008 = VERTEX_POINT('',#1009);
#1009 = CARTESIAN_POINT('',(27.827899056697,12.4,0.));
#1010 = LINE('',#1011,#1012);
#1011 = CARTESIAN_POINT('',(27.227899056697,12.4,0.));
#1012 = VECTOR('',#1013,1.);
#1013 = DIRECTION('',(1.,0.,0.));
#1014 = ORIENTED_EDGE('',*,*,#1015,.F.);
#1015 = EDGE_CURVE('',#1016,#1006,#1018,.T.);
#1016 = VERTEX_POINT('',#1017);
#1017 = CARTESIAN_POINT('',(27.227899056697,13.,0.));
#1018 = LINE('',#1019,#1020);
#1019 = CARTESIAN_POINT('',(27.227899056697,13.,0.));
#1020 = VECTOR('',#1021,1.);
#1021 = DIRECTION('',(0.,-1.,0.));
#1022 = ORIENTED_EDGE('',*,*,#1023,.F.);
#1023 = EDGE_CURVE('',#1024,#1016,#1026,.T.);
#1024 = VERTEX_POINT('',#1025);
#1025 = CARTESIAN_POINT('',(27.827899056697,13.,0.));
#1026 = LINE('',#1027,#1028);
#1027 = CARTESIAN_POINT('',(27.827899056697,13.,0.));
#1028 = VECTOR('',#1029,1.);
#1029 = DIRECTION('',(-1.,0.,0.));
#1030 = ORIENTED_EDGE('',*,*,#1031,.F.);
#1031 = EDGE_CURVE('',#1008,#1024,#1032,.T.);
#1032 = LINE('',#1033,#1034);
#1033 = CARTESIAN_POINT('',(27.827899056697,12.4,0.));
#1034 = VECTOR('',#1035,1.);
#1035 = DIRECTION('',(0.,1.,0.));
#1036 = FACE_BOUND('',#1037,.F.);
#1037 = EDGE_LOOP('',(#1038,#1048,#1056,#1064));
#1038 = ORIENTED_EDGE('',*,*,#1039,.F.);
#1039 = EDGE_CURVE('',#1040,#1042,#1044,.T.);
#1040 = VERTEX_POINT('',#1041);
#1041 = CARTESIAN_POINT('',(29.767899056697,12.4,0.));
#1042 = VERTEX_POINT('',#1043);
#1043 = CARTESIAN_POINT('',(30.367899056697,12.4,0.));
#1044 = LINE('',#1045,#1046);
#1045 = CARTESIAN_POINT('',(29.767899056697,12.4,0.));
#1046 = VECTOR('',#1047,1.);
#1047 = DIRECTION('',(1.,0.,0.));
#1048 = ORIENTED_EDGE('',*,*,#1049,.F.);
#1049 = EDGE_CURVE('',#1050,#1040,#1052,.T.);
#1050 = VERTEX_POINT('',#1051);
#1051 = CARTESIAN_POINT('',(29.767899056697,13.,0.));
#1052 = LINE('',#1053,#1054);
#1053 = CARTESIAN_POINT('',(29.767899056697,13.,0.));
#1054 = VECTOR('',#1055,1.);
#1055 = DIRECTION('',(0.,-1.,0.));
#1056 = ORIENTED_EDGE('',*,*,#1057,.F.);
#1057 = EDGE_CURVE('',#1058,#1050,#1060,.T.);
#1058 = VERTEX_POINT('',#1059);
#1059 = CARTESIAN_POINT('',(30.367899056697,13.,0.));
#1060 = LINE('',#1061,#1062);
#1061 = CARTESIAN_POINT('',(30.367899056697,13.,0.));
#1062 = VECTOR('',#1063,1.);
#1063 = DIRECTION('',(-1.,0.,0.));
#1064 = ORIENTED_EDGE('',*,*,#1065,.F.);
#1065 = EDGE_CURVE('',#1042,#1058,#1066,.T.);
#1066 = LINE('',#1067,#1068);
#1067 = CARTESIAN_POINT('',(30.367899056697,12.4,0.));
#1068 = VECTOR('',#1069,1.);
#1069 = DIRECTION('',(0.,1.,0.));
#1070 = FACE_BOUND('',#1071,.F.);
#1071 = EDGE_LOOP('',(#1072,#1082,#1090,#1098));
#1072 = ORIENTED_EDGE('',*,*,#1073,.F.);
#1073 = EDGE_CURVE('',#1074,#1076,#1078,.T.);
#1074 = VERTEX_POINT('',#1075);
#1075 = CARTESIAN_POINT('',(32.307899056697,12.4,0.));
#1076 = VERTEX_POINT('',#1077);
#1077 = CARTESIAN_POINT('',(32.907899056697,12.4,0.));
#1078 = LINE('',#1079,#1080);
#1079 = CARTESIAN_POINT('',(32.307899056697,12.4,0.));
#1080 = VECTOR('',#1081,1.);
#1081 = DIRECTION('',(1.,0.,0.));
#1082 = ORIENTED_EDGE('',*,*,#1083,.F.);
#1083 = EDGE_CURVE('',#1084,#1074,#1086,.T.);
#1084 = VERTEX_POINT('',#1085);
#1085 = CARTESIAN_POINT('',(32.307899056697,13.,0.));
#1086 = LINE('',#1087,#1088);
#1087 = CARTESIAN_POINT('',(32.307899056697,13.,0.));
#1088 = VECTOR('',#1089,1.);
#1089 = DIRECTION('',(0.,-1.,0.));
#1090 = ORIENTED_EDGE('',*,*,#1091,.F.);
#1091 = EDGE_CURVE('',#1092,#1084,#1094,.T.);
#1092 = VERTEX_POINT('',#1093);
#1093 = CARTESIAN_POINT('',(32.907899056697,13.,0.));
#1094 = LINE('',#1095,#1096);
#1095 = CARTESIAN_POINT('',(32.907899056697,13.,0.));
#1096 = VECTOR('',#1097,1.);
#1097 = DIRECTION('',(-1.,0.,0.));
#1098 = ORIENTED_EDGE('',*,*,#1099,.F.);
#1099 = EDGE_CURVE('',#1076,#1092,#1100,.T.);
#1100 = LINE('',#1101,#1102);
#1101 = CARTESIAN_POINT('',(32.907899056697,12.4,0.));
#1102 = VECTOR('',#1103,1.);
#1103 = DIRECTION('',(0.,1.,0.));
#1104 = FACE_BOUND('',#1105,.F.);
#1105 = EDGE_LOOP('',(#1106,#1116,#1124,#1132));
#1106 = ORIENTED_EDGE('',*,*,#1107,.F.);
#1107 = EDGE_CURVE('',#1108,#1110,#1112,.T.);
#1108 = VERTEX_POINT('',#1109);
#1109 = CARTESIAN_POINT('',(34.847899056697,12.4,0.));
#1110 = VERTEX_POINT('',#1111);
#1111 = CARTESIAN_POINT('',(35.447899056697,12.4,0.));
#1112 = LINE('',#1113,#1114);
#1113 = CARTESIAN_POINT('',(34.847899056697,12.4,0.));
#1114 = VECTOR('',#1115,1.);
#1115 = DIRECTION('',(1.,0.,0.));
#1116 = ORIENTED_EDGE('',*,*,#1117,.F.);
#1117 = EDGE_CURVE('',#1118,#1108,#1120,.T.);
#1118 = VERTEX_POINT('',#1119);
#1119 = CARTESIAN_POINT('',(34.847899056697,13.,0.));
#1120 = LINE('',#1121,#1122);
#1121 = CARTESIAN_POINT('',(34.847899056697,13.,0.));
#1122 = VECTOR('',#1123,1.);
#1123 = DIRECTION('',(0.,-1.,0.));
#1124 = ORIENTED_EDGE('',*,*,#1125,.F.);
#1125 = EDGE_CURVE('',#1126,#1118,#1128,.T.);
#1126 = VERTEX_POINT('',#1127);
#1127 = CARTESIAN_POINT('',(35.447899056697,13.,0.));
#1128 = LINE('',#1129,#1130);
#1129 = CARTESIAN_POINT('',(35.447899056697,13.,0.));
#1130 = VECTOR('',#1131,1.);
#1131 = DIRECTION('',(-1.,0.,0.));
#1132 = ORIENTED_EDGE('',*,*,#1133,.F.);
#1133 = EDGE_CURVE('',#1110,#1126,#1134,.T.);
#1134 = LINE('',#1135,#1136);
#1135 = CARTESIAN_POINT('',(35.447899056697,12.4,0.));
#1136 = VECTOR('',#1137,1.);
#1137 = DIRECTION('',(0.,1.,0.));
#1138 = FACE_BOUND('',#1139,.F.);
#1139 = EDGE_LOOP('',(#1140,#1150,#1158,#1166));
#1140 = ORIENTED_EDGE('',*,*,#1141,.F.);
#1141 = EDGE_CURVE('',#1142,#1144,#1146,.T.);
#1142 = VERTEX_POINT('',#1143);
#1143 = CARTESIAN_POINT('',(37.387899056697,12.4,0.));
#1144 = VERTEX_POINT('',#1145);
#1145 = CARTESIAN_POINT('',(37.987899056697,12.4,0.));
#1146 = LINE('',#1147,#1148);
#1147 = CARTESIAN_POINT('',(37.387899056697,12.4,0.));
#1148 = VECTOR('',#1149,1.);
#1149 = DIRECTION('',(1.,0.,0.));
#1150 = ORIENTED_EDGE('',*,*,#1151,.F.);
#1151 = EDGE_CURVE('',#1152,#1142,#1154,.T.);
#1152 = VERTEX_POINT('',#1153);
#1153 = CARTESIAN_POINT('',(37.387899056697,13.,0.));
#1154 = LINE('',#1155,#1156);
#1155 = CARTESIAN_POINT('',(37.387899056697,13.,0.));
#1156 = VECTOR('',#1157,1.);
#1157 = DIRECTION('',(0.,-1.,0.));
#1158 = ORIENTED_EDGE('',*,*,#1159,.F.);
#1159 = EDGE_CURVE('',#1160,#1152,#1162,.T.);
#1160 = VERTEX_POINT('',#1161);
#1161 = CARTESIAN_POINT('',(37.987899056697,13.,0.));
#1162 = LINE('',#1163,#1164);
#1163 = CARTESIAN_POINT('',(37.987899056697,13.,0.));
#1164 = VECTOR('',#1165,1.);
#1165 = DIRECTION('',(-1.,0.,0.));
#1166 = ORIENTED_EDGE('',*,*,#1167,.F.);
#1167 = EDGE_CURVE('',#1144,#1160,#1168,.T.);
#1168 = LINE('',#1169,#1170);
#1169 = CARTESIAN_POINT('',(37.987899056697,12.4,0.));
#1170 = VECTOR('',#1171,1.);
#1171 = DIRECTION('',(0.,1.,0.));
#1172 = FACE_BOUND('',#1173,.F.);
#1173 = EDGE_LOOP('',(#1174,#1184,#1192,#1200));
#1174 = ORIENTED_EDGE('',*,*,#1175,.F.);
#1175 = EDGE_CURVE('',#1176,#1178,#1180,.T.);
#1176 = VERTEX_POINT('',#1177);
#1177 = CARTESIAN_POINT('',(39.927899056697,12.4,0.));
#1178 = VERTEX_POINT('',#1179);
#1179 = CARTESIAN_POINT('',(40.527899056697,12.4,0.));
#1180 = LINE('',#1181,#1182);
#1181 = CARTESIAN_POINT('',(39.927899056697,12.4,0.));
#1182 = VECTOR('',#1183,1.);
#1183 = DIRECTION('',(1.,0.,0.));
#1184 = ORIENTED_EDGE('',*,*,#1185,.F.);
#1185 = EDGE_CURVE('',#1186,#1176,#1188,.T.);
#1186 = VERTEX_POINT('',#1187);
#1187 = CARTESIAN_POINT('',(39.927899056697,13.,0.));
#1188 = LINE('',#1189,#1190);
#1189 = CARTESIAN_POINT('',(39.927899056697,13.,0.));
#1190 = VECTOR('',#1191,1.);
#1191 = DIRECTION('',(0.,-1.,0.));
#1192 = ORIENTED_EDGE('',*,*,#1193,.F.);
#1193 = EDGE_CURVE('',#1194,#1186,#1196,.T.);
#1194 = VERTEX_POINT('',#1195);
#1195 = CARTESIAN_POINT('',(40.527899056697,13.,0.));
#1196 = LINE('',#1197,#1198);
#1197 = CARTESIAN_POINT('',(40.527899056697,13.,0.));
#1198 = VECTOR('',#1199,1.);
#1199 = DIRECTION('',(-1.,0.,0.));
#1200 = ORIENTED_EDGE('',*,*,#1201,.F.);
#1201 = EDGE_CURVE('',#1178,#1194,#1202,.T.);
#1202 = LINE('',#1203,#1204);
#1203 = CARTESIAN_POINT('',(40.527899056697,12.4,0.));
#1204 = VECTOR('',#1205,1.);
#1205 = DIRECTION('',(0.,1.,0.));
#1206 = FACE_BOUND('',#1207,.F.);
#1207 = EDGE_LOOP('',(#1208,#1218,#1226,#1234));
#1208 = ORIENTED_EDGE('',*,*,#1209,.F.);
#1209 = EDGE_CURVE('',#1210,#1212,#1214,.T.);
#1210 = VERTEX_POINT('',#1211);
#1211 = CARTESIAN_POINT('',(42.467899056697,12.4,0.));
#1212 = VERTEX_POINT('',#1213);
#1213 = CARTESIAN_POINT('',(43.067899056697,12.4,0.));
#1214 = LINE('',#1215,#1216);
#1215 = CARTESIAN_POINT('',(42.467899056697,12.4,0.));
#1216 = VECTOR('',#1217,1.);
#1217 = DIRECTION('',(1.,0.,0.));
#1218 = ORIENTED_EDGE('',*,*,#1219,.F.);
#1219 = EDGE_CURVE('',#1220,#1210,#1222,.T.);
#1220 = VERTEX_POINT('',#1221);
#1221 = CARTESIAN_POINT('',(42.467899056697,13.,0.));
#1222 = LINE('',#1223,#1224);
#1223 = CARTESIAN_POINT('',(42.467899056697,13.,0.));
#1224 = VECTOR('',#1225,1.);
#1225 = DIRECTION('',(0.,-1.,0.));
#1226 = ORIENTED_EDGE('',*,*,#1227,.F.);
#1227 = EDGE_CURVE('',#1228,#1220,#1230,.T.);
#1228 = VERTEX_POINT('',#1229);
#1229 = CARTESIAN_POINT('',(43.067899056697,13.,0.));
#1230 = LINE('',#1231,#1232);
#1231 = CARTESIAN_POINT('',(43.067899056697,13.,0.));
#1232 = VECTOR('',#1233,1.);
#1233 = DIRECTION('',(-1.,0.,0.));
#1234 = ORIENTED_EDGE('',*,*,#1235,.F.);
#1235 = EDGE_CURVE('',#1212,#1228,#1236,.T.);
#1236 = LINE('',#1237,#1238);
#1237 = CARTESIAN_POINT('',(43.067899056697,12.4,0.));
#1238 = VECTOR('',#1239,1.);
#1239 = DIRECTION('',(0.,1.,0.));
#1240 = FACE_BOUND('',#1241,.F.);
#1241 = EDGE_LOOP('',(#1242,#1252,#1260,#1268));
#1242 = ORIENTED_EDGE('',*,*,#1243,.F.);
#1243 = EDGE_CURVE('',#1244,#1246,#1248,.T.);
#1244 = VERTEX_POINT('',#1245);
#1245 = CARTESIAN_POINT('',(45.007899056697,12.4,0.));
#1246 = VERTEX_POINT('',#1247);
#1247 = CARTESIAN_POINT('',(45.607899056697,12.4,0.));
#1248 = LINE('',#1249,#1250);
#1249 = CARTESIAN_POINT('',(45.007899056697,12.4,0.));
#1250 = VECTOR('',#1251,1.);
#1251 = DIRECTION('',(1.,0.,0.));
#1252 = ORIENTED_EDGE('',*,*,#1253,.F.);
#1253 = EDGE_CURVE('',#1254,#1244,#1256,.T.);
#1254 = VERTEX_POINT('',#1255);
#1255 = CARTESIAN_POINT('',(45.007899056697,13.,0.));
#1256 = LINE('',#1257,#1258);
#1257 = CARTESIAN_POINT('',(45.007899056697,13.,0.));
#1258 = VECTOR('',#1259,1.);
#1259 = DIRECTION('',(0.,-1.,0.));
#1260 = ORIENTED_EDGE('',*,*,#1261,.F.);
#1261 = EDGE_CURVE('',#1262,#1254,#1264,.T.);
#1262 = VERTEX_POINT('',#1263);
#1263 = CARTESIAN_POINT('',(45.607899056697,13.,0.));
#1264 = LINE('',#1265,#1266);
#1265 = CARTESIAN_POINT('',(45.607899056697,13.,0.));
#1266 = VECTOR('',#1267,1.);
#1267 = DIRECTION('',(-1.,0.,0.));
#1268 = ORIENTED_EDGE('',*,*,#1269,.F.);
#1269 = EDGE_CURVE('',#1246,#1262,#1270,.T.);
#1270 = LINE('',#1271,#1272);
#1271 = CARTESIAN_POINT('',(45.607899056697,12.4,0.));
#1272 = VECTOR('',#1273,1.);
#1273 = DIRECTION('',(0.,1.,0.));
#1274 = FACE_BOUND('',#1275,.F.);
#1275 = EDGE_LOOP('',(#1276,#1286,#1294,#1302));
#1276 = ORIENTED_EDGE('',*,*,#1277,.F.);
#1277 = EDGE_CURVE('',#1278,#1280,#1282,.T.);
#1278 = VERTEX_POINT('',#1279);
#1279 = CARTESIAN_POINT('',(47.547899056697,12.4,0.));
#1280 = VERTEX_POINT('',#1281);
#1281 = CARTESIAN_POINT('',(48.147899056697,12.4,0.));
#1282 = LINE('',#1283,#1284);
#1283 = CARTESIAN_POINT('',(47.547899056697,12.4,0.));
#1284 = VECTOR('',#1285,1.);
#1285 = DIRECTION('',(1.,0.,0.));
#1286 = ORIENTED_EDGE('',*,*,#1287,.F.);
#1287 = EDGE_CURVE('',#1288,#1278,#1290,.T.);
#1288 = VERTEX_POINT('',#1289);
#1289 = CARTESIAN_POINT('',(47.547899056697,13.,0.));
#1290 = LINE('',#1291,#1292);
#1291 = CARTESIAN_POINT('',(47.547899056697,13.,0.));
#1292 = VECTOR('',#1293,1.);
#1293 = DIRECTION('',(0.,-1.,0.));
#1294 = ORIENTED_EDGE('',*,*,#1295,.F.);
#1295 = EDGE_CURVE('',#1296,#1288,#1298,.T.);
#1296 = VERTEX_POINT('',#1297);
#1297 = CARTESIAN_POINT('',(48.147899056697,13.,0.));
#1298 = LINE('',#1299,#1300);
#1299 = CARTESIAN_POINT('',(48.147899056697,13.,0.));
#1300 = VECTOR('',#1301,1.);
#1301 = DIRECTION('',(-1.,0.,0.));
#1302 = ORIENTED_EDGE('',*,*,#1303,.F.);
#1303 = EDGE_CURVE('',#1280,#1296,#1304,.T.);
#1304 = LINE('',#1305,#1306);
#1305 = CARTESIAN_POINT('',(48.147899056697,12.4,0.));
#1306 = VECTOR('',#1307,1.);
#1307 = DIRECTION('',(0.,1.,0.));
#1308 = FACE_BOUND('',#1309,.F.);
#1309 = EDGE_LOOP('',(#1310,#1320,#1328,#1336));
#1310 = ORIENTED_EDGE('',*,*,#1311,.F.);
#1311 = EDGE_CURVE('',#1312,#1314,#1316,.T.);
#1312 = VERTEX_POINT('',#1313);
#1313 = CARTESIAN_POINT('',(50.087899056697,12.4,0.));
#1314 = VERTEX_POINT('',#1315);
#1315 = CARTESIAN_POINT('',(50.687899056697,12.4,0.));
#1316 = LINE('',#1317,#1318);
#1317 = CARTESIAN_POINT('',(50.087899056697,12.4,0.));
#1318 = VECTOR('',#1319,1.);
#1319 = DIRECTION('',(1.,0.,0.));
#1320 = ORIENTED_EDGE('',*,*,#1321,.F.);
#1321 = EDGE_CURVE('',#1322,#1312,#1324,.T.);
#1322 = VERTEX_POINT('',#1323);
#1323 = CARTESIAN_POINT('',(50.087899056697,13.,0.));
#1324 = LINE('',#1325,#1326);
#1325 = CARTESIAN_POINT('',(50.087899056697,13.,0.));
#1326 = VECTOR('',#1327,1.);
#1327 = DIRECTION('',(0.,-1.,0.));
#1328 = ORIENTED_EDGE('',*,*,#1329,.F.);
#1329 = EDGE_CURVE('',#1330,#1322,#1332,.T.);
#1330 = VERTEX_POINT('',#1331);
#1331 = CARTESIAN_POINT('',(50.687899056697,13.,0.));
#1332 = LINE('',#1333,#1334);
#1333 = CARTESIAN_POINT('',(50.687899056697,13.,0.));
#1334 = VECTOR('',#1335,1.);
#1335 = DIRECTION('',(-1.,0.,0.));
#1336 = ORIENTED_EDGE('',*,*,#1337,.F.);
#1337 = EDGE_CURVE('',#1314,#1330,#1338,.T.);
#1338 = LINE('',#1339,#1340);
#1339 = CARTESIAN_POINT('',(50.687899056697,12.4,0.));
#1340 = VECTOR('',#1341,1.);
#1341 = DIRECTION('',(0.,1.,0.));
#1342 = FACE_BOUND('',#1343,.F.);
#1343 = EDGE_LOOP('',(#1344,#1354,#1362,#1370));
#1344 = ORIENTED_EDGE('',*,*,#1345,.F.);
#1345 = EDGE_CURVE('',#1346,#1348,#1350,.T.);
#1346 = VERTEX_POINT('',#1347);
#1347 = CARTESIAN_POINT('',(52.627899056697,12.4,0.));
#1348 = VERTEX_POINT('',#1349);
#1349 = CARTESIAN_POINT('',(53.227899056697,12.4,0.));
#1350 = LINE('',#1351,#1352);
#1351 = CARTESIAN_POINT('',(52.627899056697,12.4,0.));
#1352 = VECTOR('',#1353,1.);
#1353 = DIRECTION('',(1.,0.,0.));
#1354 = ORIENTED_EDGE('',*,*,#1355,.F.);
#1355 = EDGE_CURVE('',#1356,#1346,#1358,.T.);
#1356 = VERTEX_POINT('',#1357);
#1357 = CARTESIAN_POINT('',(52.627899056697,13.,0.));
#1358 = LINE('',#1359,#1360);
#1359 = CARTESIAN_POINT('',(52.627899056697,13.,0.));
#1360 = VECTOR('',#1361,1.);
#1361 = DIRECTION('',(0.,-1.,0.));
#1362 = ORIENTED_EDGE('',*,*,#1363,.F.);
#1363 = EDGE_CURVE('',#1364,#1356,#1366,.T.);
#1364 = VERTEX_POINT('',#1365);
#1365 = CARTESIAN_POINT('',(53.227899056697,13.,0.));
#1366 = LINE('',#1367,#1368);
#1367 = CARTESIAN_POINT('',(53.227899056697,13.,0.));
#1368 = VECTOR('',#1369,1.);
#1369 = DIRECTION('',(-1.,0.,0.));
#1370 = ORIENTED_EDGE('',*,*,#1371,.F.);
#1371 = EDGE_CURVE('',#1348,#1364,#1372,.T.);
#1372 = LINE('',#1373,#1374);
#1373 = CARTESIAN_POINT('',(53.227899056697,12.4,0.));
#1374 = VECTOR('',#1375,1.);
#1375 = DIRECTION('',(0.,1.,0.));
#1376 = FACE_BOUND('',#1377,.F.);
#1377 = EDGE_LOOP('',(#1378,#1388,#1396,#1404));
#1378 = ORIENTED_EDGE('',*,*,#1379,.F.);
#1379 = EDGE_CURVE('',#1380,#1382,#1384,.T.);
#1380 = VERTEX_POINT('',#1381);
#1381 = CARTESIAN_POINT('',(55.167899056697,12.4,0.));
#1382 = VERTEX_POINT('',#1383);
#1383 = CARTESIAN_POINT('',(55.767899056697,12.4,0.));
#1384 = LINE('',#1385,#1386);
#1385 = CARTESIAN_POINT('',(55.167899056697,12.4,0.));
#1386 = VECTOR('',#1387,1.);
#1387 = DIRECTION('',(1.,0.,0.));
#1388 = ORIENTED_EDGE('',*,*,#1389,.F.);
#1389 = EDGE_CURVE('',#1390,#1380,#1392,.T.);
#1390 = VERTEX_POINT('',#1391);
#1391 = CARTESIAN_POINT('',(55.167899056697,13.,0.));
#1392 = LINE('',#1393,#1394);
#1393 = CARTESIAN_POINT('',(55.167899056697,13.,0.));
#1394 = VECTOR('',#1395,1.);
#1395 = DIRECTION('',(0.,-1.,0.));
#1396 = ORIENTED_EDGE('',*,*,#1397,.F.);
#1397 = EDGE_CURVE('',#1398,#1390,#1400,.T.);
#1398 = VERTEX_POINT('',#1399);
#1399 = CARTESIAN_POINT('',(55.767899056697,13.,0.));
#1400 = LINE('',#1401,#1402);
#1401 = CARTESIAN_POINT('',(55.767899056697,13.,0.));
#1402 = VECTOR('',#1403,1.);
#1403 = DIRECTION('',(-1.,0.,0.));
#1404 = ORIENTED_EDGE('',*,*,#1405,.F.);
#1405 = EDGE_CURVE('',#1382,#1398,#1406,.T.);
#1406 = LINE('',#1407,#1408);
#1407 = CARTESIAN_POINT('',(55.767899056697,12.4,0.));
#1408 = VECTOR('',#1409,1.);
#1409 = DIRECTION('',(0.,1.,0.));
#1410 = FACE_BOUND('',#1411,.F.);
#1411 = EDGE_LOOP('',(#1412));
#1412 = ORIENTED_EDGE('',*,*,#1413,.F.);
#1413 = EDGE_CURVE('',#1414,#1414,#1416,.T.);
#1414 = VERTEX_POINT('',#1415);
#1415 = CARTESIAN_POINT('',(64.337899056697,11.3,0.));
#1416 = CIRCLE('',#1417,1.25);
#1417 = AXIS2_PLACEMENT_3D('',#1418,#1419,#1420);
#1418 = CARTESIAN_POINT('',(63.087899056697,11.3,0.));
#1419 = DIRECTION('',(0.,0.,1.));
#1420 = DIRECTION('',(1.,0.,0.));
#1421 = FACE_BOUND('',#1422,.F.);
#1422 = EDGE_LOOP('',(#1423,#1433,#1441,#1449));
#1423 = ORIENTED_EDGE('',*,*,#1424,.F.);
#1424 = EDGE_CURVE('',#1425,#1427,#1429,.T.);
#1425 = VERTEX_POINT('',#1426);
#1426 = CARTESIAN_POINT('',(57.707899056697,12.4,0.));
#1427 = VERTEX_POINT('',#1428);
#1428 = CARTESIAN_POINT('',(58.307899056697,12.4,0.));
#1429 = LINE('',#1430,#1431);
#1430 = CARTESIAN_POINT('',(57.707899056697,12.4,0.));
#1431 = VECTOR('',#1432,1.);
#1432 = DIRECTION('',(1.,0.,0.));
#1433 = ORIENTED_EDGE('',*,*,#1434,.F.);
#1434 = EDGE_CURVE('',#1435,#1425,#1437,.T.);
#1435 = VERTEX_POINT('',#1436);
#1436 = CARTESIAN_POINT('',(57.707899056697,13.,0.));
#1437 = LINE('',#1438,#1439);
#1438 = CARTESIAN_POINT('',(57.707899056697,13.,0.));
#1439 = VECTOR('',#1440,1.);
#1440 = DIRECTION('',(0.,-1.,0.));
#1441 = ORIENTED_EDGE('',*,*,#1442,.F.);
#1442 = EDGE_CURVE('',#1443,#1435,#1445,.T.);
#1443 = VERTEX_POINT('',#1444);
#1444 = CARTESIAN_POINT('',(58.307899056697,13.,0.));
#1445 = LINE('',#1446,#1447);
#1446 = CARTESIAN_POINT('',(58.307899056697,13.,0.));
#1447 = VECTOR('',#1448,1.);
#1448 = DIRECTION('',(-1.,0.,0.));
#1449 = ORIENTED_EDGE('',*,*,#1450,.F.);
#1450 = EDGE_CURVE('',#1427,#1443,#1451,.T.);
#1451 = LINE('',#1452,#1453);
#1452 = CARTESIAN_POINT('',(58.307899056697,12.4,0.));
#1453 = VECTOR('',#1454,1.);
#1454 = DIRECTION('',(0.,1.,0.));
#1455 = FACE_BOUND('',#1456,.F.);
#1456 = EDGE_LOOP('',(#1457,#1467,#1475,#1483));
#1457 = ORIENTED_EDGE('',*,*,#1458,.F.);
#1458 = EDGE_CURVE('',#1459,#1461,#1463,.T.);
#1459 = VERTEX_POINT('',#1460);
#1460 = CARTESIAN_POINT('',(60.247899056697,12.4,0.));
#1461 = VERTEX_POINT('',#1462);
#1462 = CARTESIAN_POINT('',(60.847899056697,12.4,0.));
#1463 = LINE('',#1464,#1465);
#1464 = CARTESIAN_POINT('',(60.247899056697,12.4,0.));
#1465 = VECTOR('',#1466,1.);
#1466 = DIRECTION('',(1.,0.,0.));
#1467 = ORIENTED_EDGE('',*,*,#1468,.F.);
#1468 = EDGE_CURVE('',#1469,#1459,#1471,.T.);
#1469 = VERTEX_POINT('',#1470);
#1470 = CARTESIAN_POINT('',(60.247899056697,13.,0.));
#1471 = LINE('',#1472,#1473);
#1472 = CARTESIAN_POINT('',(60.247899056697,13.,0.));
#1473 = VECTOR('',#1474,1.);
#1474 = DIRECTION('',(0.,-1.,0.));
#1475 = ORIENTED_EDGE('',*,*,#1476,.F.);
#1476 = EDGE_CURVE('',#1477,#1469,#1479,.T.);
#1477 = VERTEX_POINT('',#1478);
#1478 = CARTESIAN_POINT('',(60.847899056697,13.,0.));
#1479 = LINE('',#1480,#1481);
#1480 = CARTESIAN_POINT('',(60.847899056697,13.,0.));
#1481 = VECTOR('',#1482,1.);
#1482 = DIRECTION('',(-1.,0.,0.));
#1483 = ORIENTED_EDGE('',*,*,#1484,.F.);
#1484 = EDGE_CURVE('',#1461,#1477,#1485,.T.);
#1485 = LINE('',#1486,#1487);
#1486 = CARTESIAN_POINT('',(60.847899056697,12.4,0.));
#1487 = VECTOR('',#1488,1.);
#1488 = DIRECTION('',(0.,1.,0.));
#1489 = PLANE('',#1490);
#1490 = AXIS2_PLACEMENT_3D('',#1491,#1492,#1493);
#1491 = CARTESIAN_POINT('',(37.722485855535,-2.7E-16,0.));
#1492 = DIRECTION('',(0.,0.,1.));
#1493 = DIRECTION('',(1.,0.,0.));
#1494 = ADVANCED_FACE('',(#1495,#1506,#1540,#1574,#1585,#1619,#1653,
    #1687,#1721,#1755,#1789,#1823,#1857,#1891,#1925,#1959,#1993,#2027,
    #2061,#2095,#2129,#2163,#2174,#2185,#2219,#2253,#2287,#2321,#2355,
    #2389,#2423,#2457,#2491,#2525,#2559,#2593,#2627,#2661,#2695,#2729,
    #2763,#2797,#2831,#2842),#2876,.T.);
#1495 = FACE_BOUND('',#1496,.T.);
#1496 = EDGE_LOOP('',(#1497,#1498,#1499,#1505));
#1497 = ORIENTED_EDGE('',*,*,#53,.T.);
#1498 = ORIENTED_EDGE('',*,*,#115,.T.);
#1499 = ORIENTED_EDGE('',*,*,#1500,.T.);
#1500 = EDGE_CURVE('',#116,#86,#1501,.T.);
#1501 = LINE('',#1502,#1503);
#1502 = CARTESIAN_POINT('',(65.227899056697,-14.,1.6));
#1503 = VECTOR('',#1504,1.);
#1504 = DIRECTION('',(0.,1.,0.));
#1505 = ORIENTED_EDGE('',*,*,#93,.T.);
#1506 = FACE_BOUND('',#1507,.T.);
#1507 = EDGE_LOOP('',(#1508,#1518,#1526,#1534));
#1508 = ORIENTED_EDGE('',*,*,#1509,.T.);
#1509 = EDGE_CURVE('',#1510,#1512,#1514,.T.);
#1510 = VERTEX_POINT('',#1511);
#1511 = CARTESIAN_POINT('',(15.127899056697,-12.4,1.6));
#1512 = VERTEX_POINT('',#1513);
#1513 = CARTESIAN_POINT('',(15.127899056697,-13.,1.6));
#1514 = LINE('',#1515,#1516);
#1515 = CARTESIAN_POINT('',(15.127899056697,-6.5,1.6));
#1516 = VECTOR('',#1517,1.);
#1517 = DIRECTION('',(0.,-1.,0.));
#1518 = ORIENTED_EDGE('',*,*,#1519,.T.);
#1519 = EDGE_CURVE('',#1512,#1520,#1522,.T.);
#1520 = VERTEX_POINT('',#1521);
#1521 = CARTESIAN_POINT('',(14.527899056697,-13.,1.6));
#1522 = LINE('',#1523,#1524);
#1523 = CARTESIAN_POINT('',(26.125192456116,-13.,1.6));
#1524 = VECTOR('',#1525,1.);
#1525 = DIRECTION('',(-1.,0.,0.));
#1526 = ORIENTED_EDGE('',*,*,#1527,.T.);
#1527 = EDGE_CURVE('',#1520,#1528,#1530,.T.);
#1528 = VERTEX_POINT('',#1529);
#1529 = CARTESIAN_POINT('',(14.527899056697,-12.4,1.6));
#1530 = LINE('',#1531,#1532);
#1531 = CARTESIAN_POINT('',(14.527899056697,-6.2,1.6));
#1532 = VECTOR('',#1533,1.);
#1533 = DIRECTION('',(0.,1.,0.));
#1534 = ORIENTED_EDGE('',*,*,#1535,.T.);
#1535 = EDGE_CURVE('',#1528,#1510,#1536,.T.);
#1536 = LINE('',#1537,#1538);
#1537 = CARTESIAN_POINT('',(26.425192456116,-12.4,1.6));
#1538 = VECTOR('',#1539,1.);
#1539 = DIRECTION('',(1.,0.,0.));
#1540 = FACE_BOUND('',#1541,.T.);
#1541 = EDGE_LOOP('',(#1542,#1552,#1560,#1568));
#1542 = ORIENTED_EDGE('',*,*,#1543,.T.);
#1543 = EDGE_CURVE('',#1544,#1546,#1548,.T.);
#1544 = VERTEX_POINT('',#1545);
#1545 = CARTESIAN_POINT('',(17.667899056697,-12.4,1.6));
#1546 = VERTEX_POINT('',#1547);
#1547 = CARTESIAN_POINT('',(17.667899056697,-13.,1.6));
#1548 = LINE('',#1549,#1550);
#1549 = CARTESIAN_POINT('',(17.667899056697,-6.5,1.6));
#1550 = VECTOR('',#1551,1.);
#1551 = DIRECTION('',(0.,-1.,0.));
#1552 = ORIENTED_EDGE('',*,*,#1553,.T.);
#1553 = EDGE_CURVE('',#1546,#1554,#1556,.T.);
#1554 = VERTEX_POINT('',#1555);
#1555 = CARTESIAN_POINT('',(17.067899056697,-13.,1.6));
#1556 = LINE('',#1557,#1558);
#1557 = CARTESIAN_POINT('',(27.395192456116,-13.,1.6));
#1558 = VECTOR('',#1559,1.);
#1559 = DIRECTION('',(-1.,0.,0.));
#1560 = ORIENTED_EDGE('',*,*,#1561,.T.);
#1561 = EDGE_CURVE('',#1554,#1562,#1564,.T.);
#1562 = VERTEX_POINT('',#1563);
#1563 = CARTESIAN_POINT('',(17.067899056697,-12.4,1.6));
#1564 = LINE('',#1565,#1566);
#1565 = CARTESIAN_POINT('',(17.067899056697,-6.2,1.6));
#1566 = VECTOR('',#1567,1.);
#1567 = DIRECTION('',(0.,1.,0.));
#1568 = ORIENTED_EDGE('',*,*,#1569,.T.);
#1569 = EDGE_CURVE('',#1562,#1544,#1570,.T.);
#1570 = LINE('',#1571,#1572);
#1571 = CARTESIAN_POINT('',(27.695192456116,-12.4,1.6));
#1572 = VECTOR('',#1573,1.);
#1573 = DIRECTION('',(1.,0.,0.));
#1574 = FACE_BOUND('',#1575,.T.);
#1575 = EDGE_LOOP('',(#1576));
#1576 = ORIENTED_EDGE('',*,*,#1577,.F.);
#1577 = EDGE_CURVE('',#1578,#1578,#1580,.T.);
#1578 = VERTEX_POINT('',#1579);
#1579 = CARTESIAN_POINT('',(13.537899056697,-11.3,1.6));
#1580 = CIRCLE('',#1581,1.25);
#1581 = AXIS2_PLACEMENT_3D('',#1582,#1583,#1584);
#1582 = CARTESIAN_POINT('',(12.287899056697,-11.3,1.6));
#1583 = DIRECTION('',(0.,0.,1.));
#1584 = DIRECTION('',(1.,0.,0.));
#1585 = FACE_BOUND('',#1586,.T.);
#1586 = EDGE_LOOP('',(#1587,#1597,#1605,#1613));
#1587 = ORIENTED_EDGE('',*,*,#1588,.T.);
#1588 = EDGE_CURVE('',#1589,#1591,#1593,.T.);
#1589 = VERTEX_POINT('',#1590);
#1590 = CARTESIAN_POINT('',(20.207899056697,-12.4,1.6));
#1591 = VERTEX_POINT('',#1592);
#1592 = CARTESIAN_POINT('',(20.207899056697,-13.,1.6));
#1593 = LINE('',#1594,#1595);
#1594 = CARTESIAN_POINT('',(20.207899056697,-6.5,1.6));
#1595 = VECTOR('',#1596,1.);
#1596 = DIRECTION('',(0.,-1.,0.));
#1597 = ORIENTED_EDGE('',*,*,#1598,.T.);
#1598 = EDGE_CURVE('',#1591,#1599,#1601,.T.);
#1599 = VERTEX_POINT('',#1600);
#1600 = CARTESIAN_POINT('',(19.607899056697,-13.,1.6));
#1601 = LINE('',#1602,#1603);
#1602 = CARTESIAN_POINT('',(28.665192456116,-13.,1.6));
#1603 = VECTOR('',#1604,1.);
#1604 = DIRECTION('',(-1.,0.,0.));
#1605 = ORIENTED_EDGE('',*,*,#1606,.T.);
#1606 = EDGE_CURVE('',#1599,#1607,#1609,.T.);
#1607 = VERTEX_POINT('',#1608);
#1608 = CARTESIAN_POINT('',(19.607899056697,-12.4,1.6));
#1609 = LINE('',#1610,#1611);
#1610 = CARTESIAN_POINT('',(19.607899056697,-6.2,1.6));
#1611 = VECTOR('',#1612,1.);
#1612 = DIRECTION('',(0.,1.,0.));
#1613 = ORIENTED_EDGE('',*,*,#1614,.T.);
#1614 = EDGE_CURVE('',#1607,#1589,#1615,.T.);
#1615 = LINE('',#1616,#1617);
#1616 = CARTESIAN_POINT('',(28.965192456116,-12.4,1.6));
#1617 = VECTOR('',#1618,1.);
#1618 = DIRECTION('',(1.,0.,0.));
#1619 = FACE_BOUND('',#1620,.T.);
#1620 = EDGE_LOOP('',(#1621,#1631,#1639,#1647));
#1621 = ORIENTED_EDGE('',*,*,#1622,.T.);
#1622 = EDGE_CURVE('',#1623,#1625,#1627,.T.);
#1623 = VERTEX_POINT('',#1624);
#1624 = CARTESIAN_POINT('',(22.747899056697,-12.4,1.6));
#1625 = VERTEX_POINT('',#1626);
#1626 = CARTESIAN_POINT('',(22.747899056697,-13.,1.6));
#1627 = LINE('',#1628,#1629);
#1628 = CARTESIAN_POINT('',(22.747899056697,-6.5,1.6));
#1629 = VECTOR('',#1630,1.);
#1630 = DIRECTION('',(0.,-1.,0.));
#1631 = ORIENTED_EDGE('',*,*,#1632,.T.);
#1632 = EDGE_CURVE('',#1625,#1633,#1635,.T.);
#1633 = VERTEX_POINT('',#1634);
#1634 = CARTESIAN_POINT('',(22.147899056697,-13.,1.6));
#1635 = LINE('',#1636,#1637);
#1636 = CARTESIAN_POINT('',(29.935192456116,-13.,1.6));
#1637 = VECTOR('',#1638,1.);
#1638 = DIRECTION('',(-1.,0.,0.));
#1639 = ORIENTED_EDGE('',*,*,#1640,.T.);
#1640 = EDGE_CURVE('',#1633,#1641,#1643,.T.);
#1641 = VERTEX_POINT('',#1642);
#1642 = CARTESIAN_POINT('',(22.147899056697,-12.4,1.6));
#1643 = LINE('',#1644,#1645);
#1644 = CARTESIAN_POINT('',(22.147899056697,-6.2,1.6));
#1645 = VECTOR('',#1646,1.);
#1646 = DIRECTION('',(0.,1.,0.));
#1647 = ORIENTED_EDGE('',*,*,#1648,.T.);
#1648 = EDGE_CURVE('',#1641,#1623,#1649,.T.);
#1649 = LINE('',#1650,#1651);
#1650 = CARTESIAN_POINT('',(30.235192456116,-12.4,1.6));
#1651 = VECTOR('',#1652,1.);
#1652 = DIRECTION('',(1.,0.,0.));
#1653 = FACE_BOUND('',#1654,.T.);
#1654 = EDGE_LOOP('',(#1655,#1665,#1673,#1681));
#1655 = ORIENTED_EDGE('',*,*,#1656,.T.);
#1656 = EDGE_CURVE('',#1657,#1659,#1661,.T.);
#1657 = VERTEX_POINT('',#1658);
#1658 = CARTESIAN_POINT('',(25.287899056697,-12.4,1.6));
#1659 = VERTEX_POINT('',#1660);
#1660 = CARTESIAN_POINT('',(25.287899056697,-13.,1.6));
#1661 = LINE('',#1662,#1663);
#1662 = CARTESIAN_POINT('',(25.287899056697,-6.5,1.6));
#1663 = VECTOR('',#1664,1.);
#1664 = DIRECTION('',(0.,-1.,0.));
#1665 = ORIENTED_EDGE('',*,*,#1666,.T.);
#1666 = EDGE_CURVE('',#1659,#1667,#1669,.T.);
#1667 = VERTEX_POINT('',#1668);
#1668 = CARTESIAN_POINT('',(24.687899056697,-13.,1.6));
#1669 = LINE('',#1670,#1671);
#1670 = CARTESIAN_POINT('',(31.205192456116,-13.,1.6));
#1671 = VECTOR('',#1672,1.);
#1672 = DIRECTION('',(-1.,0.,0.));
#1673 = ORIENTED_EDGE('',*,*,#1674,.T.);
#1674 = EDGE_CURVE('',#1667,#1675,#1677,.T.);
#1675 = VERTEX_POINT('',#1676);
#1676 = CARTESIAN_POINT('',(24.687899056697,-12.4,1.6));
#1677 = LINE('',#1678,#1679);
#1678 = CARTESIAN_POINT('',(24.687899056697,-6.2,1.6));
#1679 = VECTOR('',#1680,1.);
#1680 = DIRECTION('',(0.,1.,0.));
#1681 = ORIENTED_EDGE('',*,*,#1682,.T.);
#1682 = EDGE_CURVE('',#1675,#1657,#1683,.T.);
#1683 = LINE('',#1684,#1685);
#1684 = CARTESIAN_POINT('',(31.505192456116,-12.4,1.6));
#1685 = VECTOR('',#1686,1.);
#1686 = DIRECTION('',(1.,0.,0.));
#1687 = FACE_BOUND('',#1688,.T.);
#1688 = EDGE_LOOP('',(#1689,#1699,#1707,#1715));
#1689 = ORIENTED_EDGE('',*,*,#1690,.T.);
#1690 = EDGE_CURVE('',#1691,#1693,#1695,.T.);
#1691 = VERTEX_POINT('',#1692);
#1692 = CARTESIAN_POINT('',(27.827899056697,-12.4,1.6));
#1693 = VERTEX_POINT('',#1694);
#1694 = CARTESIAN_POINT('',(27.827899056697,-13.,1.6));
#1695 = LINE('',#1696,#1697);
#1696 = CARTESIAN_POINT('',(27.827899056697,-6.5,1.6));
#1697 = VECTOR('',#1698,1.);
#1698 = DIRECTION('',(0.,-1.,0.));
#1699 = ORIENTED_EDGE('',*,*,#1700,.T.);
#1700 = EDGE_CURVE('',#1693,#1701,#1703,.T.);
#1701 = VERTEX_POINT('',#1702);
#1702 = CARTESIAN_POINT('',(27.227899056697,-13.,1.6));
#1703 = LINE('',#1704,#1705);
#1704 = CARTESIAN_POINT('',(32.475192456116,-13.,1.6));
#1705 = VECTOR('',#1706,1.);
#1706 = DIRECTION('',(-1.,0.,0.));
#1707 = ORIENTED_EDGE('',*,*,#1708,.T.);
#1708 = EDGE_CURVE('',#1701,#1709,#1711,.T.);
#1709 = VERTEX_POINT('',#1710);
#1710 = CARTESIAN_POINT('',(27.227899056697,-12.4,1.6));
#1711 = LINE('',#1712,#1713);
#1712 = CARTESIAN_POINT('',(27.227899056697,-6.2,1.6));
#1713 = VECTOR('',#1714,1.);
#1714 = DIRECTION('',(0.,1.,0.));
#1715 = ORIENTED_EDGE('',*,*,#1716,.T.);
#1716 = EDGE_CURVE('',#1709,#1691,#1717,.T.);
#1717 = LINE('',#1718,#1719);
#1718 = CARTESIAN_POINT('',(32.775192456116,-12.4,1.6));
#1719 = VECTOR('',#1720,1.);
#1720 = DIRECTION('',(1.,0.,0.));
#1721 = FACE_BOUND('',#1722,.T.);
#1722 = EDGE_LOOP('',(#1723,#1733,#1741,#1749));
#1723 = ORIENTED_EDGE('',*,*,#1724,.T.);
#1724 = EDGE_CURVE('',#1725,#1727,#1729,.T.);
#1725 = VERTEX_POINT('',#1726);
#1726 = CARTESIAN_POINT('',(30.367899056697,-12.4,1.6));
#1727 = VERTEX_POINT('',#1728);
#1728 = CARTESIAN_POINT('',(30.367899056697,-13.,1.6));
#1729 = LINE('',#1730,#1731);
#1730 = CARTESIAN_POINT('',(30.367899056697,-6.5,1.6));
#1731 = VECTOR('',#1732,1.);
#1732 = DIRECTION('',(0.,-1.,0.));
#1733 = ORIENTED_EDGE('',*,*,#1734,.T.);
#1734 = EDGE_CURVE('',#1727,#1735,#1737,.T.);
#1735 = VERTEX_POINT('',#1736);
#1736 = CARTESIAN_POINT('',(29.767899056697,-13.,1.6));
#1737 = LINE('',#1738,#1739);
#1738 = CARTESIAN_POINT('',(33.745192456116,-13.,1.6));
#1739 = VECTOR('',#1740,1.);
#1740 = DIRECTION('',(-1.,0.,0.));
#1741 = ORIENTED_EDGE('',*,*,#1742,.T.);
#1742 = EDGE_CURVE('',#1735,#1743,#1745,.T.);
#1743 = VERTEX_POINT('',#1744);
#1744 = CARTESIAN_POINT('',(29.767899056697,-12.4,1.6));
#1745 = LINE('',#1746,#1747);
#1746 = CARTESIAN_POINT('',(29.767899056697,-6.2,1.6));
#1747 = VECTOR('',#1748,1.);
#1748 = DIRECTION('',(0.,1.,0.));
#1749 = ORIENTED_EDGE('',*,*,#1750,.T.);
#1750 = EDGE_CURVE('',#1743,#1725,#1751,.T.);
#1751 = LINE('',#1752,#1753);
#1752 = CARTESIAN_POINT('',(34.045192456116,-12.4,1.6));
#1753 = VECTOR('',#1754,1.);
#1754 = DIRECTION('',(1.,0.,0.));
#1755 = FACE_BOUND('',#1756,.T.);
#1756 = EDGE_LOOP('',(#1757,#1767,#1775,#1783));
#1757 = ORIENTED_EDGE('',*,*,#1758,.T.);
#1758 = EDGE_CURVE('',#1759,#1761,#1763,.T.);
#1759 = VERTEX_POINT('',#1760);
#1760 = CARTESIAN_POINT('',(32.907899056697,-12.4,1.6));
#1761 = VERTEX_POINT('',#1762);
#1762 = CARTESIAN_POINT('',(32.907899056697,-13.,1.6));
#1763 = LINE('',#1764,#1765);
#1764 = CARTESIAN_POINT('',(32.907899056697,-6.5,1.6));
#1765 = VECTOR('',#1766,1.);
#1766 = DIRECTION('',(0.,-1.,0.));
#1767 = ORIENTED_EDGE('',*,*,#1768,.T.);
#1768 = EDGE_CURVE('',#1761,#1769,#1771,.T.);
#1769 = VERTEX_POINT('',#1770);
#1770 = CARTESIAN_POINT('',(32.307899056697,-13.,1.6));
#1771 = LINE('',#1772,#1773);
#1772 = CARTESIAN_POINT('',(35.015192456116,-13.,1.6));
#1773 = VECTOR('',#1774,1.);
#1774 = DIRECTION('',(-1.,0.,0.));
#1775 = ORIENTED_EDGE('',*,*,#1776,.T.);
#1776 = EDGE_CURVE('',#1769,#1777,#1779,.T.);
#1777 = VERTEX_POINT('',#1778);
#1778 = CARTESIAN_POINT('',(32.307899056697,-12.4,1.6));
#1779 = LINE('',#1780,#1781);
#1780 = CARTESIAN_POINT('',(32.307899056697,-6.2,1.6));
#1781 = VECTOR('',#1782,1.);
#1782 = DIRECTION('',(0.,1.,0.));
#1783 = ORIENTED_EDGE('',*,*,#1784,.T.);
#1784 = EDGE_CURVE('',#1777,#1759,#1785,.T.);
#1785 = LINE('',#1786,#1787);
#1786 = CARTESIAN_POINT('',(35.315192456116,-12.4,1.6));
#1787 = VECTOR('',#1788,1.);
#1788 = DIRECTION('',(1.,0.,0.));
#1789 = FACE_BOUND('',#1790,.T.);
#1790 = EDGE_LOOP('',(#1791,#1801,#1809,#1817));
#1791 = ORIENTED_EDGE('',*,*,#1792,.T.);
#1792 = EDGE_CURVE('',#1793,#1795,#1797,.T.);
#1793 = VERTEX_POINT('',#1794);
#1794 = CARTESIAN_POINT('',(35.447899056697,-12.4,1.6));
#1795 = VERTEX_POINT('',#1796);
#1796 = CARTESIAN_POINT('',(35.447899056697,-13.,1.6));
#1797 = LINE('',#1798,#1799);
#1798 = CARTESIAN_POINT('',(35.447899056697,-6.5,1.6));
#1799 = VECTOR('',#1800,1.);
#1800 = DIRECTION('',(0.,-1.,0.));
#1801 = ORIENTED_EDGE('',*,*,#1802,.T.);
#1802 = EDGE_CURVE('',#1795,#1803,#1805,.T.);
#1803 = VERTEX_POINT('',#1804);
#1804 = CARTESIAN_POINT('',(34.847899056697,-13.,1.6));
#1805 = LINE('',#1806,#1807);
#1806 = CARTESIAN_POINT('',(36.285192456116,-13.,1.6));
#1807 = VECTOR('',#1808,1.);
#1808 = DIRECTION('',(-1.,0.,0.));
#1809 = ORIENTED_EDGE('',*,*,#1810,.T.);
#1810 = EDGE_CURVE('',#1803,#1811,#1813,.T.);
#1811 = VERTEX_POINT('',#1812);
#1812 = CARTESIAN_POINT('',(34.847899056697,-12.4,1.6));
#1813 = LINE('',#1814,#1815);
#1814 = CARTESIAN_POINT('',(34.847899056697,-6.2,1.6));
#1815 = VECTOR('',#1816,1.);
#1816 = DIRECTION('',(0.,1.,0.));
#1817 = ORIENTED_EDGE('',*,*,#1818,.T.);
#1818 = EDGE_CURVE('',#1811,#1793,#1819,.T.);
#1819 = LINE('',#1820,#1821);
#1820 = CARTESIAN_POINT('',(36.585192456116,-12.4,1.6));
#1821 = VECTOR('',#1822,1.);
#1822 = DIRECTION('',(1.,0.,0.));
#1823 = FACE_BOUND('',#1824,.T.);
#1824 = EDGE_LOOP('',(#1825,#1835,#1843,#1851));
#1825 = ORIENTED_EDGE('',*,*,#1826,.T.);
#1826 = EDGE_CURVE('',#1827,#1829,#1831,.T.);
#1827 = VERTEX_POINT('',#1828);
#1828 = CARTESIAN_POINT('',(37.987899056697,-12.4,1.6));
#1829 = VERTEX_POINT('',#1830);
#1830 = CARTESIAN_POINT('',(37.987899056697,-13.,1.6));
#1831 = LINE('',#1832,#1833);
#1832 = CARTESIAN_POINT('',(37.987899056697,-6.5,1.6));
#1833 = VECTOR('',#1834,1.);
#1834 = DIRECTION('',(0.,-1.,0.));
#1835 = ORIENTED_EDGE('',*,*,#1836,.T.);
#1836 = EDGE_CURVE('',#1829,#1837,#1839,.T.);
#1837 = VERTEX_POINT('',#1838);
#1838 = CARTESIAN_POINT('',(37.387899056697,-13.,1.6));
#1839 = LINE('',#1840,#1841);
#1840 = CARTESIAN_POINT('',(37.555192456116,-13.,1.6));
#1841 = VECTOR('',#1842,1.);
#1842 = DIRECTION('',(-1.,0.,0.));
#1843 = ORIENTED_EDGE('',*,*,#1844,.T.);
#1844 = EDGE_CURVE('',#1837,#1845,#1847,.T.);
#1845 = VERTEX_POINT('',#1846);
#1846 = CARTESIAN_POINT('',(37.387899056697,-12.4,1.6));
#1847 = LINE('',#1848,#1849);
#1848 = CARTESIAN_POINT('',(37.387899056697,-6.2,1.6));
#1849 = VECTOR('',#1850,1.);
#1850 = DIRECTION('',(0.,1.,0.));
#1851 = ORIENTED_EDGE('',*,*,#1852,.T.);
#1852 = EDGE_CURVE('',#1845,#1827,#1853,.T.);
#1853 = LINE('',#1854,#1855);
#1854 = CARTESIAN_POINT('',(37.855192456116,-12.4,1.6));
#1855 = VECTOR('',#1856,1.);
#1856 = DIRECTION('',(1.,0.,0.));
#1857 = FACE_BOUND('',#1858,.T.);
#1858 = EDGE_LOOP('',(#1859,#1869,#1877,#1885));
#1859 = ORIENTED_EDGE('',*,*,#1860,.T.);
#1860 = EDGE_CURVE('',#1861,#1863,#1865,.T.);
#1861 = VERTEX_POINT('',#1862);
#1862 = CARTESIAN_POINT('',(40.527899056697,-12.4,1.6));
#1863 = VERTEX_POINT('',#1864);
#1864 = CARTESIAN_POINT('',(40.527899056697,-13.,1.6));
#1865 = LINE('',#1866,#1867);
#1866 = CARTESIAN_POINT('',(40.527899056697,-6.5,1.6));
#1867 = VECTOR('',#1868,1.);
#1868 = DIRECTION('',(0.,-1.,0.));
#1869 = ORIENTED_EDGE('',*,*,#1870,.T.);
#1870 = EDGE_CURVE('',#1863,#1871,#1873,.T.);
#1871 = VERTEX_POINT('',#1872);
#1872 = CARTESIAN_POINT('',(39.927899056697,-13.,1.6));
#1873 = LINE('',#1874,#1875);
#1874 = CARTESIAN_POINT('',(38.825192456116,-13.,1.6));
#1875 = VECTOR('',#1876,1.);
#1876 = DIRECTION('',(-1.,0.,0.));
#1877 = ORIENTED_EDGE('',*,*,#1878,.T.);
#1878 = EDGE_CURVE('',#1871,#1879,#1881,.T.);
#1879 = VERTEX_POINT('',#1880);
#1880 = CARTESIAN_POINT('',(39.927899056697,-12.4,1.6));
#1881 = LINE('',#1882,#1883);
#1882 = CARTESIAN_POINT('',(39.927899056697,-6.2,1.6));
#1883 = VECTOR('',#1884,1.);
#1884 = DIRECTION('',(0.,1.,0.));
#1885 = ORIENTED_EDGE('',*,*,#1886,.T.);
#1886 = EDGE_CURVE('',#1879,#1861,#1887,.T.);
#1887 = LINE('',#1888,#1889);
#1888 = CARTESIAN_POINT('',(39.125192456116,-12.4,1.6));
#1889 = VECTOR('',#1890,1.);
#1890 = DIRECTION('',(1.,0.,0.));
#1891 = FACE_BOUND('',#1892,.T.);
#1892 = EDGE_LOOP('',(#1893,#1903,#1911,#1919));
#1893 = ORIENTED_EDGE('',*,*,#1894,.T.);
#1894 = EDGE_CURVE('',#1895,#1897,#1899,.T.);
#1895 = VERTEX_POINT('',#1896);
#1896 = CARTESIAN_POINT('',(43.067899056697,-12.4,1.6));
#1897 = VERTEX_POINT('',#1898);
#1898 = CARTESIAN_POINT('',(43.067899056697,-13.,1.6));
#1899 = LINE('',#1900,#1901);
#1900 = CARTESIAN_POINT('',(43.067899056697,-6.5,1.6));
#1901 = VECTOR('',#1902,1.);
#1902 = DIRECTION('',(0.,-1.,0.));
#1903 = ORIENTED_EDGE('',*,*,#1904,.T.);
#1904 = EDGE_CURVE('',#1897,#1905,#1907,.T.);
#1905 = VERTEX_POINT('',#1906);
#1906 = CARTESIAN_POINT('',(42.467899056697,-13.,1.6));
#1907 = LINE('',#1908,#1909);
#1908 = CARTESIAN_POINT('',(40.095192456116,-13.,1.6));
#1909 = VECTOR('',#1910,1.);
#1910 = DIRECTION('',(-1.,0.,0.));
#1911 = ORIENTED_EDGE('',*,*,#1912,.T.);
#1912 = EDGE_CURVE('',#1905,#1913,#1915,.T.);
#1913 = VERTEX_POINT('',#1914);
#1914 = CARTESIAN_POINT('',(42.467899056697,-12.4,1.6));
#1915 = LINE('',#1916,#1917);
#1916 = CARTESIAN_POINT('',(42.467899056697,-6.2,1.6));
#1917 = VECTOR('',#1918,1.);
#1918 = DIRECTION('',(0.,1.,0.));
#1919 = ORIENTED_EDGE('',*,*,#1920,.T.);
#1920 = EDGE_CURVE('',#1913,#1895,#1921,.T.);
#1921 = LINE('',#1922,#1923);
#1922 = CARTESIAN_POINT('',(40.395192456116,-12.4,1.6));
#1923 = VECTOR('',#1924,1.);
#1924 = DIRECTION('',(1.,0.,0.));
#1925 = FACE_BOUND('',#1926,.T.);
#1926 = EDGE_LOOP('',(#1927,#1937,#1945,#1953));
#1927 = ORIENTED_EDGE('',*,*,#1928,.T.);
#1928 = EDGE_CURVE('',#1929,#1931,#1933,.T.);
#1929 = VERTEX_POINT('',#1930);
#1930 = CARTESIAN_POINT('',(45.607899056697,-12.4,1.6));
#1931 = VERTEX_POINT('',#1932);
#1932 = CARTESIAN_POINT('',(45.607899056697,-13.,1.6));
#1933 = LINE('',#1934,#1935);
#1934 = CARTESIAN_POINT('',(45.607899056697,-6.5,1.6));
#1935 = VECTOR('',#1936,1.);
#1936 = DIRECTION('',(0.,-1.,0.));
#1937 = ORIENTED_EDGE('',*,*,#1938,.T.);
#1938 = EDGE_CURVE('',#1931,#1939,#1941,.T.);
#1939 = VERTEX_POINT('',#1940);
#1940 = CARTESIAN_POINT('',(45.007899056697,-13.,1.6));
#1941 = LINE('',#1942,#1943);
#1942 = CARTESIAN_POINT('',(41.365192456116,-13.,1.6));
#1943 = VECTOR('',#1944,1.);
#1944 = DIRECTION('',(-1.,0.,0.));
#1945 = ORIENTED_EDGE('',*,*,#1946,.T.);
#1946 = EDGE_CURVE('',#1939,#1947,#1949,.T.);
#1947 = VERTEX_POINT('',#1948);
#1948 = CARTESIAN_POINT('',(45.007899056697,-12.4,1.6));
#1949 = LINE('',#1950,#1951);
#1950 = CARTESIAN_POINT('',(45.007899056697,-6.2,1.6));
#1951 = VECTOR('',#1952,1.);
#1952 = DIRECTION('',(0.,1.,0.));
#1953 = ORIENTED_EDGE('',*,*,#1954,.T.);
#1954 = EDGE_CURVE('',#1947,#1929,#1955,.T.);
#1955 = LINE('',#1956,#1957);
#1956 = CARTESIAN_POINT('',(41.665192456116,-12.4,1.6));
#1957 = VECTOR('',#1958,1.);
#1958 = DIRECTION('',(1.,0.,0.));
#1959 = FACE_BOUND('',#1960,.T.);
#1960 = EDGE_LOOP('',(#1961,#1971,#1979,#1987));
#1961 = ORIENTED_EDGE('',*,*,#1962,.T.);
#1962 = EDGE_CURVE('',#1963,#1965,#1967,.T.);
#1963 = VERTEX_POINT('',#1964);
#1964 = CARTESIAN_POINT('',(48.147899056697,-12.4,1.6));
#1965 = VERTEX_POINT('',#1966);
#1966 = CARTESIAN_POINT('',(48.147899056697,-13.,1.6));
#1967 = LINE('',#1968,#1969);
#1968 = CARTESIAN_POINT('',(48.147899056697,-6.5,1.6));
#1969 = VECTOR('',#1970,1.);
#1970 = DIRECTION('',(0.,-1.,0.));
#1971 = ORIENTED_EDGE('',*,*,#1972,.T.);
#1972 = EDGE_CURVE('',#1965,#1973,#1975,.T.);
#1973 = VERTEX_POINT('',#1974);
#1974 = CARTESIAN_POINT('',(47.547899056697,-13.,1.6));
#1975 = LINE('',#1976,#1977);
#1976 = CARTESIAN_POINT('',(42.635192456116,-13.,1.6));
#1977 = VECTOR('',#1978,1.);
#1978 = DIRECTION('',(-1.,0.,0.));
#1979 = ORIENTED_EDGE('',*,*,#1980,.T.);
#1980 = EDGE_CURVE('',#1973,#1981,#1983,.T.);
#1981 = VERTEX_POINT('',#1982);
#1982 = CARTESIAN_POINT('',(47.547899056697,-12.4,1.6));
#1983 = LINE('',#1984,#1985);
#1984 = CARTESIAN_POINT('',(47.547899056697,-6.2,1.6));
#1985 = VECTOR('',#1986,1.);
#1986 = DIRECTION('',(0.,1.,0.));
#1987 = ORIENTED_EDGE('',*,*,#1988,.T.);
#1988 = EDGE_CURVE('',#1981,#1963,#1989,.T.);
#1989 = LINE('',#1990,#1991);
#1990 = CARTESIAN_POINT('',(42.935192456116,-12.4,1.6));
#1991 = VECTOR('',#1992,1.);
#1992 = DIRECTION('',(1.,0.,0.));
#1993 = FACE_BOUND('',#1994,.T.);
#1994 = EDGE_LOOP('',(#1995,#2005,#2013,#2021));
#1995 = ORIENTED_EDGE('',*,*,#1996,.T.);
#1996 = EDGE_CURVE('',#1997,#1999,#2001,.T.);
#1997 = VERTEX_POINT('',#1998);
#1998 = CARTESIAN_POINT('',(50.687899056697,-12.4,1.6));
#1999 = VERTEX_POINT('',#2000);
#2000 = CARTESIAN_POINT('',(50.687899056697,-13.,1.6));
#2001 = LINE('',#2002,#2003);
#2002 = CARTESIAN_POINT('',(50.687899056697,-6.5,1.6));
#2003 = VECTOR('',#2004,1.);
#2004 = DIRECTION('',(0.,-1.,0.));
#2005 = ORIENTED_EDGE('',*,*,#2006,.T.);
#2006 = EDGE_CURVE('',#1999,#2007,#2009,.T.);
#2007 = VERTEX_POINT('',#2008);
#2008 = CARTESIAN_POINT('',(50.087899056697,-13.,1.6));
#2009 = LINE('',#2010,#2011);
#2010 = CARTESIAN_POINT('',(43.905192456116,-13.,1.6));
#2011 = VECTOR('',#2012,1.);
#2012 = DIRECTION('',(-1.,0.,0.));
#2013 = ORIENTED_EDGE('',*,*,#2014,.T.);
#2014 = EDGE_CURVE('',#2007,#2015,#2017,.T.);
#2015 = VERTEX_POINT('',#2016);
#2016 = CARTESIAN_POINT('',(50.087899056697,-12.4,1.6));
#2017 = LINE('',#2018,#2019);
#2018 = CARTESIAN_POINT('',(50.087899056697,-6.2,1.6));
#2019 = VECTOR('',#2020,1.);
#2020 = DIRECTION('',(0.,1.,0.));
#2021 = ORIENTED_EDGE('',*,*,#2022,.T.);
#2022 = EDGE_CURVE('',#2015,#1997,#2023,.T.);
#2023 = LINE('',#2024,#2025);
#2024 = CARTESIAN_POINT('',(44.205192456116,-12.4,1.6));
#2025 = VECTOR('',#2026,1.);
#2026 = DIRECTION('',(1.,0.,0.));
#2027 = FACE_BOUND('',#2028,.T.);
#2028 = EDGE_LOOP('',(#2029,#2039,#2047,#2055));
#2029 = ORIENTED_EDGE('',*,*,#2030,.T.);
#2030 = EDGE_CURVE('',#2031,#2033,#2035,.T.);
#2031 = VERTEX_POINT('',#2032);
#2032 = CARTESIAN_POINT('',(53.227899056697,-12.4,1.6));
#2033 = VERTEX_POINT('',#2034);
#2034 = CARTESIAN_POINT('',(53.227899056697,-13.,1.6));
#2035 = LINE('',#2036,#2037);
#2036 = CARTESIAN_POINT('',(53.227899056697,-6.5,1.6));
#2037 = VECTOR('',#2038,1.);
#2038 = DIRECTION('',(0.,-1.,0.));
#2039 = ORIENTED_EDGE('',*,*,#2040,.T.);
#2040 = EDGE_CURVE('',#2033,#2041,#2043,.T.);
#2041 = VERTEX_POINT('',#2042);
#2042 = CARTESIAN_POINT('',(52.627899056697,-13.,1.6));
#2043 = LINE('',#2044,#2045);
#2044 = CARTESIAN_POINT('',(45.175192456116,-13.,1.6));
#2045 = VECTOR('',#2046,1.);
#2046 = DIRECTION('',(-1.,0.,0.));
#2047 = ORIENTED_EDGE('',*,*,#2048,.T.);
#2048 = EDGE_CURVE('',#2041,#2049,#2051,.T.);
#2049 = VERTEX_POINT('',#2050);
#2050 = CARTESIAN_POINT('',(52.627899056697,-12.4,1.6));
#2051 = LINE('',#2052,#2053);
#2052 = CARTESIAN_POINT('',(52.627899056697,-6.2,1.6));
#2053 = VECTOR('',#2054,1.);
#2054 = DIRECTION('',(0.,1.,0.));
#2055 = ORIENTED_EDGE('',*,*,#2056,.T.);
#2056 = EDGE_CURVE('',#2049,#2031,#2057,.T.);
#2057 = LINE('',#2058,#2059);
#2058 = CARTESIAN_POINT('',(45.475192456116,-12.4,1.6));
#2059 = VECTOR('',#2060,1.);
#2060 = DIRECTION('',(1.,0.,0.));
#2061 = FACE_BOUND('',#2062,.T.);
#2062 = EDGE_LOOP('',(#2063,#2073,#2081,#2089));
#2063 = ORIENTED_EDGE('',*,*,#2064,.T.);
#2064 = EDGE_CURVE('',#2065,#2067,#2069,.T.);
#2065 = VERTEX_POINT('',#2066);
#2066 = CARTESIAN_POINT('',(55.767899056697,-12.4,1.6));
#2067 = VERTEX_POINT('',#2068);
#2068 = CARTESIAN_POINT('',(55.767899056697,-13.,1.6));
#2069 = LINE('',#2070,#2071);
#2070 = CARTESIAN_POINT('',(55.767899056697,-6.5,1.6));
#2071 = VECTOR('',#2072,1.);
#2072 = DIRECTION('',(0.,-1.,0.));
#2073 = ORIENTED_EDGE('',*,*,#2074,.T.);
#2074 = EDGE_CURVE('',#2067,#2075,#2077,.T.);
#2075 = VERTEX_POINT('',#2076);
#2076 = CARTESIAN_POINT('',(55.167899056697,-13.,1.6));
#2077 = LINE('',#2078,#2079);
#2078 = CARTESIAN_POINT('',(46.445192456116,-13.,1.6));
#2079 = VECTOR('',#2080,1.);
#2080 = DIRECTION('',(-1.,0.,0.));
#2081 = ORIENTED_EDGE('',*,*,#2082,.T.);
#2082 = EDGE_CURVE('',#2075,#2083,#2085,.T.);
#2083 = VERTEX_POINT('',#2084);
#2084 = CARTESIAN_POINT('',(55.167899056697,-12.4,1.6));
#2085 = LINE('',#2086,#2087);
#2086 = CARTESIAN_POINT('',(55.167899056697,-6.2,1.6));
#2087 = VECTOR('',#2088,1.);
#2088 = DIRECTION('',(0.,1.,0.));
#2089 = ORIENTED_EDGE('',*,*,#2090,.T.);
#2090 = EDGE_CURVE('',#2083,#2065,#2091,.T.);
#2091 = LINE('',#2092,#2093);
#2092 = CARTESIAN_POINT('',(46.745192456116,-12.4,1.6));
#2093 = VECTOR('',#2094,1.);
#2094 = DIRECTION('',(1.,0.,0.));
#2095 = FACE_BOUND('',#2096,.T.);
#2096 = EDGE_LOOP('',(#2097,#2107,#2115,#2123));
#2097 = ORIENTED_EDGE('',*,*,#2098,.T.);
#2098 = EDGE_CURVE('',#2099,#2101,#2103,.T.);
#2099 = VERTEX_POINT('',#2100);
#2100 = CARTESIAN_POINT('',(58.307899056697,-12.4,1.6));
#2101 = VERTEX_POINT('',#2102);
#2102 = CARTESIAN_POINT('',(58.307899056697,-13.,1.6));
#2103 = LINE('',#2104,#2105);
#2104 = CARTESIAN_POINT('',(58.307899056697,-6.5,1.6));
#2105 = VECTOR('',#2106,1.);
#2106 = DIRECTION('',(0.,-1.,0.));
#2107 = ORIENTED_EDGE('',*,*,#2108,.T.);
#2108 = EDGE_CURVE('',#2101,#2109,#2111,.T.);
#2109 = VERTEX_POINT('',#2110);
#2110 = CARTESIAN_POINT('',(57.707899056697,-13.,1.6));
#2111 = LINE('',#2112,#2113);
#2112 = CARTESIAN_POINT('',(47.715192456116,-13.,1.6));
#2113 = VECTOR('',#2114,1.);
#2114 = DIRECTION('',(-1.,0.,0.));
#2115 = ORIENTED_EDGE('',*,*,#2116,.T.);
#2116 = EDGE_CURVE('',#2109,#2117,#2119,.T.);
#2117 = VERTEX_POINT('',#2118);
#2118 = CARTESIAN_POINT('',(57.707899056697,-12.4,1.6));
#2119 = LINE('',#2120,#2121);
#2120 = CARTESIAN_POINT('',(57.707899056697,-6.2,1.6));
#2121 = VECTOR('',#2122,1.);
#2122 = DIRECTION('',(0.,1.,0.));
#2123 = ORIENTED_EDGE('',*,*,#2124,.T.);
#2124 = EDGE_CURVE('',#2117,#2099,#2125,.T.);
#2125 = LINE('',#2126,#2127);
#2126 = CARTESIAN_POINT('',(48.015192456116,-12.4,1.6));
#2127 = VECTOR('',#2128,1.);
#2128 = DIRECTION('',(1.,0.,0.));
#2129 = FACE_BOUND('',#2130,.T.);
#2130 = EDGE_LOOP('',(#2131,#2141,#2149,#2157));
#2131 = ORIENTED_EDGE('',*,*,#2132,.T.);
#2132 = EDGE_CURVE('',#2133,#2135,#2137,.T.);
#2133 = VERTEX_POINT('',#2134);
#2134 = CARTESIAN_POINT('',(60.847899056697,-12.4,1.6));
#2135 = VERTEX_POINT('',#2136);
#2136 = CARTESIAN_POINT('',(60.847899056697,-13.,1.6));
#2137 = LINE('',#2138,#2139);
#2138 = CARTESIAN_POINT('',(60.847899056697,-6.5,1.6));
#2139 = VECTOR('',#2140,1.);
#2140 = DIRECTION('',(0.,-1.,0.));
#2141 = ORIENTED_EDGE('',*,*,#2142,.T.);
#2142 = EDGE_CURVE('',#2135,#2143,#2145,.T.);
#2143 = VERTEX_POINT('',#2144);
#2144 = CARTESIAN_POINT('',(60.247899056697,-13.,1.6));
#2145 = LINE('',#2146,#2147);
#2146 = CARTESIAN_POINT('',(48.985192456116,-13.,1.6));
#2147 = VECTOR('',#2148,1.);
#2148 = DIRECTION('',(-1.,0.,0.));
#2149 = ORIENTED_EDGE('',*,*,#2150,.T.);
#2150 = EDGE_CURVE('',#2143,#2151,#2153,.T.);
#2151 = VERTEX_POINT('',#2152);
#2152 = CARTESIAN_POINT('',(60.247899056697,-12.4,1.6));
#2153 = LINE('',#2154,#2155);
#2154 = CARTESIAN_POINT('',(60.247899056697,-6.2,1.6));
#2155 = VECTOR('',#2156,1.);
#2156 = DIRECTION('',(0.,1.,0.));
#2157 = ORIENTED_EDGE('',*,*,#2158,.T.);
#2158 = EDGE_CURVE('',#2151,#2133,#2159,.T.);
#2159 = LINE('',#2160,#2161);
#2160 = CARTESIAN_POINT('',(49.285192456116,-12.4,1.6));
#2161 = VECTOR('',#2162,1.);
#2162 = DIRECTION('',(1.,0.,0.));
#2163 = FACE_BOUND('',#2164,.T.);
#2164 = EDGE_LOOP('',(#2165));
#2165 = ORIENTED_EDGE('',*,*,#2166,.F.);
#2166 = EDGE_CURVE('',#2167,#2167,#2169,.T.);
#2167 = VERTEX_POINT('',#2168);
#2168 = CARTESIAN_POINT('',(64.337899056697,-11.3,1.6));
#2169 = CIRCLE('',#2170,1.25);
#2170 = AXIS2_PLACEMENT_3D('',#2171,#2172,#2173);
#2171 = CARTESIAN_POINT('',(63.087899056697,-11.3,1.6));
#2172 = DIRECTION('',(0.,0.,1.));
#2173 = DIRECTION('',(1.,0.,0.));
#2174 = FACE_BOUND('',#2175,.T.);
#2175 = EDGE_LOOP('',(#2176));
#2176 = ORIENTED_EDGE('',*,*,#2177,.F.);
#2177 = EDGE_CURVE('',#2178,#2178,#2180,.T.);
#2178 = VERTEX_POINT('',#2179);
#2179 = CARTESIAN_POINT('',(13.537899056697,11.3,1.6));
#2180 = CIRCLE('',#2181,1.25);
#2181 = AXIS2_PLACEMENT_3D('',#2182,#2183,#2184);
#2182 = CARTESIAN_POINT('',(12.287899056697,11.3,1.6));
#2183 = DIRECTION('',(0.,0.,1.));
#2184 = DIRECTION('',(1.,0.,0.));
#2185 = FACE_BOUND('',#2186,.T.);
#2186 = EDGE_LOOP('',(#2187,#2197,#2205,#2213));
#2187 = ORIENTED_EDGE('',*,*,#2188,.T.);
#2188 = EDGE_CURVE('',#2189,#2191,#2193,.T.);
#2189 = VERTEX_POINT('',#2190);
#2190 = CARTESIAN_POINT('',(15.127899056697,13.,1.6));
#2191 = VERTEX_POINT('',#2192);
#2192 = CARTESIAN_POINT('',(15.127899056697,12.4,1.6));
#2193 = LINE('',#2194,#2195);
#2194 = CARTESIAN_POINT('',(15.127899056697,6.2,1.6));
#2195 = VECTOR('',#2196,1.);
#2196 = DIRECTION('',(0.,-1.,0.));
#2197 = ORIENTED_EDGE('',*,*,#2198,.T.);
#2198 = EDGE_CURVE('',#2191,#2199,#2201,.T.);
#2199 = VERTEX_POINT('',#2200);
#2200 = CARTESIAN_POINT('',(14.527899056697,12.4,1.6));
#2201 = LINE('',#2202,#2203);
#2202 = CARTESIAN_POINT('',(26.125192456116,12.4,1.6));
#2203 = VECTOR('',#2204,1.);
#2204 = DIRECTION('',(-1.,0.,0.));
#2205 = ORIENTED_EDGE('',*,*,#2206,.T.);
#2206 = EDGE_CURVE('',#2199,#2207,#2209,.T.);
#2207 = VERTEX_POINT('',#2208);
#2208 = CARTESIAN_POINT('',(14.527899056697,13.,1.6));
#2209 = LINE('',#2210,#2211);
#2210 = CARTESIAN_POINT('',(14.527899056697,6.5,1.6));
#2211 = VECTOR('',#2212,1.);
#2212 = DIRECTION('',(0.,1.,0.));
#2213 = ORIENTED_EDGE('',*,*,#2214,.T.);
#2214 = EDGE_CURVE('',#2207,#2189,#2215,.T.);
#2215 = LINE('',#2216,#2217);
#2216 = CARTESIAN_POINT('',(26.425192456116,13.,1.6));
#2217 = VECTOR('',#2218,1.);
#2218 = DIRECTION('',(1.,0.,0.));
#2219 = FACE_BOUND('',#2220,.T.);
#2220 = EDGE_LOOP('',(#2221,#2231,#2239,#2247));
#2221 = ORIENTED_EDGE('',*,*,#2222,.T.);
#2222 = EDGE_CURVE('',#2223,#2225,#2227,.T.);
#2223 = VERTEX_POINT('',#2224);
#2224 = CARTESIAN_POINT('',(17.667899056697,13.,1.6));
#2225 = VERTEX_POINT('',#2226);
#2226 = CARTESIAN_POINT('',(17.667899056697,12.4,1.6));
#2227 = LINE('',#2228,#2229);
#2228 = CARTESIAN_POINT('',(17.667899056697,6.2,1.6));
#2229 = VECTOR('',#2230,1.);
#2230 = DIRECTION('',(0.,-1.,0.));
#2231 = ORIENTED_EDGE('',*,*,#2232,.T.);
#2232 = EDGE_CURVE('',#2225,#2233,#2235,.T.);
#2233 = VERTEX_POINT('',#2234);
#2234 = CARTESIAN_POINT('',(17.067899056697,12.4,1.6));
#2235 = LINE('',#2236,#2237);
#2236 = CARTESIAN_POINT('',(27.395192456116,12.4,1.6));
#2237 = VECTOR('',#2238,1.);
#2238 = DIRECTION('',(-1.,0.,0.));
#2239 = ORIENTED_EDGE('',*,*,#2240,.T.);
#2240 = EDGE_CURVE('',#2233,#2241,#2243,.T.);
#2241 = VERTEX_POINT('',#2242);
#2242 = CARTESIAN_POINT('',(17.067899056697,13.,1.6));
#2243 = LINE('',#2244,#2245);
#2244 = CARTESIAN_POINT('',(17.067899056697,6.5,1.6));
#2245 = VECTOR('',#2246,1.);
#2246 = DIRECTION('',(0.,1.,0.));
#2247 = ORIENTED_EDGE('',*,*,#2248,.T.);
#2248 = EDGE_CURVE('',#2241,#2223,#2249,.T.);
#2249 = LINE('',#2250,#2251);
#2250 = CARTESIAN_POINT('',(27.695192456116,13.,1.6));
#2251 = VECTOR('',#2252,1.);
#2252 = DIRECTION('',(1.,0.,0.));
#2253 = FACE_BOUND('',#2254,.T.);
#2254 = EDGE_LOOP('',(#2255,#2265,#2273,#2281));
#2255 = ORIENTED_EDGE('',*,*,#2256,.T.);
#2256 = EDGE_CURVE('',#2257,#2259,#2261,.T.);
#2257 = VERTEX_POINT('',#2258);
#2258 = CARTESIAN_POINT('',(20.207899056697,13.,1.6));
#2259 = VERTEX_POINT('',#2260);
#2260 = CARTESIAN_POINT('',(20.207899056697,12.4,1.6));
#2261 = LINE('',#2262,#2263);
#2262 = CARTESIAN_POINT('',(20.207899056697,6.2,1.6));
#2263 = VECTOR('',#2264,1.);
#2264 = DIRECTION('',(0.,-1.,0.));
#2265 = ORIENTED_EDGE('',*,*,#2266,.T.);
#2266 = EDGE_CURVE('',#2259,#2267,#2269,.T.);
#2267 = VERTEX_POINT('',#2268);
#2268 = CARTESIAN_POINT('',(19.607899056697,12.4,1.6));
#2269 = LINE('',#2270,#2271);
#2270 = CARTESIAN_POINT('',(28.665192456116,12.4,1.6));
#2271 = VECTOR('',#2272,1.);
#2272 = DIRECTION('',(-1.,0.,0.));
#2273 = ORIENTED_EDGE('',*,*,#2274,.T.);
#2274 = EDGE_CURVE('',#2267,#2275,#2277,.T.);
#2275 = VERTEX_POINT('',#2276);
#2276 = CARTESIAN_POINT('',(19.607899056697,13.,1.6));
#2277 = LINE('',#2278,#2279);
#2278 = CARTESIAN_POINT('',(19.607899056697,6.5,1.6));
#2279 = VECTOR('',#2280,1.);
#2280 = DIRECTION('',(0.,1.,0.));
#2281 = ORIENTED_EDGE('',*,*,#2282,.T.);
#2282 = EDGE_CURVE('',#2275,#2257,#2283,.T.);
#2283 = LINE('',#2284,#2285);
#2284 = CARTESIAN_POINT('',(28.965192456116,13.,1.6));
#2285 = VECTOR('',#2286,1.);
#2286 = DIRECTION('',(1.,0.,0.));
#2287 = FACE_BOUND('',#2288,.T.);
#2288 = EDGE_LOOP('',(#2289,#2299,#2307,#2315));
#2289 = ORIENTED_EDGE('',*,*,#2290,.T.);
#2290 = EDGE_CURVE('',#2291,#2293,#2295,.T.);
#2291 = VERTEX_POINT('',#2292);
#2292 = CARTESIAN_POINT('',(22.747899056697,13.,1.6));
#2293 = VERTEX_POINT('',#2294);
#2294 = CARTESIAN_POINT('',(22.747899056697,12.4,1.6));
#2295 = LINE('',#2296,#2297);
#2296 = CARTESIAN_POINT('',(22.747899056697,6.2,1.6));
#2297 = VECTOR('',#2298,1.);
#2298 = DIRECTION('',(0.,-1.,0.));
#2299 = ORIENTED_EDGE('',*,*,#2300,.T.);
#2300 = EDGE_CURVE('',#2293,#2301,#2303,.T.);
#2301 = VERTEX_POINT('',#2302);
#2302 = CARTESIAN_POINT('',(22.147899056697,12.4,1.6));
#2303 = LINE('',#2304,#2305);
#2304 = CARTESIAN_POINT('',(29.935192456116,12.4,1.6));
#2305 = VECTOR('',#2306,1.);
#2306 = DIRECTION('',(-1.,0.,0.));
#2307 = ORIENTED_EDGE('',*,*,#2308,.T.);
#2308 = EDGE_CURVE('',#2301,#2309,#2311,.T.);
#2309 = VERTEX_POINT('',#2310);
#2310 = CARTESIAN_POINT('',(22.147899056697,13.,1.6));
#2311 = LINE('',#2312,#2313);
#2312 = CARTESIAN_POINT('',(22.147899056697,6.5,1.6));
#2313 = VECTOR('',#2314,1.);
#2314 = DIRECTION('',(0.,1.,0.));
#2315 = ORIENTED_EDGE('',*,*,#2316,.T.);
#2316 = EDGE_CURVE('',#2309,#2291,#2317,.T.);
#2317 = LINE('',#2318,#2319);
#2318 = CARTESIAN_POINT('',(30.235192456116,13.,1.6));
#2319 = VECTOR('',#2320,1.);
#2320 = DIRECTION('',(1.,0.,0.));
#2321 = FACE_BOUND('',#2322,.T.);
#2322 = EDGE_LOOP('',(#2323,#2333,#2341,#2349));
#2323 = ORIENTED_EDGE('',*,*,#2324,.T.);
#2324 = EDGE_CURVE('',#2325,#2327,#2329,.T.);
#2325 = VERTEX_POINT('',#2326);
#2326 = CARTESIAN_POINT('',(25.287899056697,13.,1.6));
#2327 = VERTEX_POINT('',#2328);
#2328 = CARTESIAN_POINT('',(25.287899056697,12.4,1.6));
#2329 = LINE('',#2330,#2331);
#2330 = CARTESIAN_POINT('',(25.287899056697,6.2,1.6));
#2331 = VECTOR('',#2332,1.);
#2332 = DIRECTION('',(0.,-1.,0.));
#2333 = ORIENTED_EDGE('',*,*,#2334,.T.);
#2334 = EDGE_CURVE('',#2327,#2335,#2337,.T.);
#2335 = VERTEX_POINT('',#2336);
#2336 = CARTESIAN_POINT('',(24.687899056697,12.4,1.6));
#2337 = LINE('',#2338,#2339);
#2338 = CARTESIAN_POINT('',(31.205192456116,12.4,1.6));
#2339 = VECTOR('',#2340,1.);
#2340 = DIRECTION('',(-1.,0.,0.));
#2341 = ORIENTED_EDGE('',*,*,#2342,.T.);
#2342 = EDGE_CURVE('',#2335,#2343,#2345,.T.);
#2343 = VERTEX_POINT('',#2344);
#2344 = CARTESIAN_POINT('',(24.687899056697,13.,1.6));
#2345 = LINE('',#2346,#2347);
#2346 = CARTESIAN_POINT('',(24.687899056697,6.5,1.6));
#2347 = VECTOR('',#2348,1.);
#2348 = DIRECTION('',(0.,1.,0.));
#2349 = ORIENTED_EDGE('',*,*,#2350,.T.);
#2350 = EDGE_CURVE('',#2343,#2325,#2351,.T.);
#2351 = LINE('',#2352,#2353);
#2352 = CARTESIAN_POINT('',(31.505192456116,13.,1.6));
#2353 = VECTOR('',#2354,1.);
#2354 = DIRECTION('',(1.,0.,0.));
#2355 = FACE_BOUND('',#2356,.T.);
#2356 = EDGE_LOOP('',(#2357,#2367,#2375,#2383));
#2357 = ORIENTED_EDGE('',*,*,#2358,.T.);
#2358 = EDGE_CURVE('',#2359,#2361,#2363,.T.);
#2359 = VERTEX_POINT('',#2360);
#2360 = CARTESIAN_POINT('',(27.827899056697,13.,1.6));
#2361 = VERTEX_POINT('',#2362);
#2362 = CARTESIAN_POINT('',(27.827899056697,12.4,1.6));
#2363 = LINE('',#2364,#2365);
#2364 = CARTESIAN_POINT('',(27.827899056697,6.2,1.6));
#2365 = VECTOR('',#2366,1.);
#2366 = DIRECTION('',(0.,-1.,0.));
#2367 = ORIENTED_EDGE('',*,*,#2368,.T.);
#2368 = EDGE_CURVE('',#2361,#2369,#2371,.T.);
#2369 = VERTEX_POINT('',#2370);
#2370 = CARTESIAN_POINT('',(27.227899056697,12.4,1.6));
#2371 = LINE('',#2372,#2373);
#2372 = CARTESIAN_POINT('',(32.475192456116,12.4,1.6));
#2373 = VECTOR('',#2374,1.);
#2374 = DIRECTION('',(-1.,0.,0.));
#2375 = ORIENTED_EDGE('',*,*,#2376,.T.);
#2376 = EDGE_CURVE('',#2369,#2377,#2379,.T.);
#2377 = VERTEX_POINT('',#2378);
#2378 = CARTESIAN_POINT('',(27.227899056697,13.,1.6));
#2379 = LINE('',#2380,#2381);
#2380 = CARTESIAN_POINT('',(27.227899056697,6.5,1.6));
#2381 = VECTOR('',#2382,1.);
#2382 = DIRECTION('',(0.,1.,0.));
#2383 = ORIENTED_EDGE('',*,*,#2384,.T.);
#2384 = EDGE_CURVE('',#2377,#2359,#2385,.T.);
#2385 = LINE('',#2386,#2387);
#2386 = CARTESIAN_POINT('',(32.775192456116,13.,1.6));
#2387 = VECTOR('',#2388,1.);
#2388 = DIRECTION('',(1.,0.,0.));
#2389 = FACE_BOUND('',#2390,.T.);
#2390 = EDGE_LOOP('',(#2391,#2401,#2409,#2417));
#2391 = ORIENTED_EDGE('',*,*,#2392,.T.);
#2392 = EDGE_CURVE('',#2393,#2395,#2397,.T.);
#2393 = VERTEX_POINT('',#2394);
#2394 = CARTESIAN_POINT('',(30.367899056697,13.,1.6));
#2395 = VERTEX_POINT('',#2396);
#2396 = CARTESIAN_POINT('',(30.367899056697,12.4,1.6));
#2397 = LINE('',#2398,#2399);
#2398 = CARTESIAN_POINT('',(30.367899056697,6.2,1.6));
#2399 = VECTOR('',#2400,1.);
#2400 = DIRECTION('',(0.,-1.,0.));
#2401 = ORIENTED_EDGE('',*,*,#2402,.T.);
#2402 = EDGE_CURVE('',#2395,#2403,#2405,.T.);
#2403 = VERTEX_POINT('',#2404);
#2404 = CARTESIAN_POINT('',(29.767899056697,12.4,1.6));
#2405 = LINE('',#2406,#2407);
#2406 = CARTESIAN_POINT('',(33.745192456116,12.4,1.6));
#2407 = VECTOR('',#2408,1.);
#2408 = DIRECTION('',(-1.,0.,0.));
#2409 = ORIENTED_EDGE('',*,*,#2410,.T.);
#2410 = EDGE_CURVE('',#2403,#2411,#2413,.T.);
#2411 = VERTEX_POINT('',#2412);
#2412 = CARTESIAN_POINT('',(29.767899056697,13.,1.6));
#2413 = LINE('',#2414,#2415);
#2414 = CARTESIAN_POINT('',(29.767899056697,6.5,1.6));
#2415 = VECTOR('',#2416,1.);
#2416 = DIRECTION('',(0.,1.,0.));
#2417 = ORIENTED_EDGE('',*,*,#2418,.T.);
#2418 = EDGE_CURVE('',#2411,#2393,#2419,.T.);
#2419 = LINE('',#2420,#2421);
#2420 = CARTESIAN_POINT('',(34.045192456116,13.,1.6));
#2421 = VECTOR('',#2422,1.);
#2422 = DIRECTION('',(1.,0.,0.));
#2423 = FACE_BOUND('',#2424,.T.);
#2424 = EDGE_LOOP('',(#2425,#2435,#2443,#2451));
#2425 = ORIENTED_EDGE('',*,*,#2426,.T.);
#2426 = EDGE_CURVE('',#2427,#2429,#2431,.T.);
#2427 = VERTEX_POINT('',#2428);
#2428 = CARTESIAN_POINT('',(32.907899056697,13.,1.6));
#2429 = VERTEX_POINT('',#2430);
#2430 = CARTESIAN_POINT('',(32.907899056697,12.4,1.6));
#2431 = LINE('',#2432,#2433);
#2432 = CARTESIAN_POINT('',(32.907899056697,6.2,1.6));
#2433 = VECTOR('',#2434,1.);
#2434 = DIRECTION('',(0.,-1.,0.));
#2435 = ORIENTED_EDGE('',*,*,#2436,.T.);
#2436 = EDGE_CURVE('',#2429,#2437,#2439,.T.);
#2437 = VERTEX_POINT('',#2438);
#2438 = CARTESIAN_POINT('',(32.307899056697,12.4,1.6));
#2439 = LINE('',#2440,#2441);
#2440 = CARTESIAN_POINT('',(35.015192456116,12.4,1.6));
#2441 = VECTOR('',#2442,1.);
#2442 = DIRECTION('',(-1.,0.,0.));
#2443 = ORIENTED_EDGE('',*,*,#2444,.T.);
#2444 = EDGE_CURVE('',#2437,#2445,#2447,.T.);
#2445 = VERTEX_POINT('',#2446);
#2446 = CARTESIAN_POINT('',(32.307899056697,13.,1.6));
#2447 = LINE('',#2448,#2449);
#2448 = CARTESIAN_POINT('',(32.307899056697,6.5,1.6));
#2449 = VECTOR('',#2450,1.);
#2450 = DIRECTION('',(0.,1.,0.));
#2451 = ORIENTED_EDGE('',*,*,#2452,.T.);
#2452 = EDGE_CURVE('',#2445,#2427,#2453,.T.);
#2453 = LINE('',#2454,#2455);
#2454 = CARTESIAN_POINT('',(35.315192456116,13.,1.6));
#2455 = VECTOR('',#2456,1.);
#2456 = DIRECTION('',(1.,0.,0.));
#2457 = FACE_BOUND('',#2458,.T.);
#2458 = EDGE_LOOP('',(#2459,#2469,#2477,#2485));
#2459 = ORIENTED_EDGE('',*,*,#2460,.T.);
#2460 = EDGE_CURVE('',#2461,#2463,#2465,.T.);
#2461 = VERTEX_POINT('',#2462);
#2462 = CARTESIAN_POINT('',(35.447899056697,13.,1.6));
#2463 = VERTEX_POINT('',#2464);
#2464 = CARTESIAN_POINT('',(35.447899056697,12.4,1.6));
#2465 = LINE('',#2466,#2467);
#2466 = CARTESIAN_POINT('',(35.447899056697,6.2,1.6));
#2467 = VECTOR('',#2468,1.);
#2468 = DIRECTION('',(0.,-1.,0.));
#2469 = ORIENTED_EDGE('',*,*,#2470,.T.);
#2470 = EDGE_CURVE('',#2463,#2471,#2473,.T.);
#2471 = VERTEX_POINT('',#2472);
#2472 = CARTESIAN_POINT('',(34.847899056697,12.4,1.6));
#2473 = LINE('',#2474,#2475);
#2474 = CARTESIAN_POINT('',(36.285192456116,12.4,1.6));
#2475 = VECTOR('',#2476,1.);
#2476 = DIRECTION('',(-1.,0.,0.));
#2477 = ORIENTED_EDGE('',*,*,#2478,.T.);
#2478 = EDGE_CURVE('',#2471,#2479,#2481,.T.);
#2479 = VERTEX_POINT('',#2480);
#2480 = CARTESIAN_POINT('',(34.847899056697,13.,1.6));
#2481 = LINE('',#2482,#2483);
#2482 = CARTESIAN_POINT('',(34.847899056697,6.5,1.6));
#2483 = VECTOR('',#2484,1.);
#2484 = DIRECTION('',(0.,1.,0.));
#2485 = ORIENTED_EDGE('',*,*,#2486,.T.);
#2486 = EDGE_CURVE('',#2479,#2461,#2487,.T.);
#2487 = LINE('',#2488,#2489);
#2488 = CARTESIAN_POINT('',(36.585192456116,13.,1.6));
#2489 = VECTOR('',#2490,1.);
#2490 = DIRECTION('',(1.,0.,0.));
#2491 = FACE_BOUND('',#2492,.T.);
#2492 = EDGE_LOOP('',(#2493,#2503,#2511,#2519));
#2493 = ORIENTED_EDGE('',*,*,#2494,.T.);
#2494 = EDGE_CURVE('',#2495,#2497,#2499,.T.);
#2495 = VERTEX_POINT('',#2496);
#2496 = CARTESIAN_POINT('',(37.987899056697,13.,1.6));
#2497 = VERTEX_POINT('',#2498);
#2498 = CARTESIAN_POINT('',(37.987899056697,12.4,1.6));
#2499 = LINE('',#2500,#2501);
#2500 = CARTESIAN_POINT('',(37.987899056697,6.2,1.6));
#2501 = VECTOR('',#2502,1.);
#2502 = DIRECTION('',(0.,-1.,0.));
#2503 = ORIENTED_EDGE('',*,*,#2504,.T.);
#2504 = EDGE_CURVE('',#2497,#2505,#2507,.T.);
#2505 = VERTEX_POINT('',#2506);
#2506 = CARTESIAN_POINT('',(37.387899056697,12.4,1.6));
#2507 = LINE('',#2508,#2509);
#2508 = CARTESIAN_POINT('',(37.555192456116,12.4,1.6));
#2509 = VECTOR('',#2510,1.);
#2510 = DIRECTION('',(-1.,0.,0.));
#2511 = ORIENTED_EDGE('',*,*,#2512,.T.);
#2512 = EDGE_CURVE('',#2505,#2513,#2515,.T.);
#2513 = VERTEX_POINT('',#2514);
#2514 = CARTESIAN_POINT('',(37.387899056697,13.,1.6));
#2515 = LINE('',#2516,#2517);
#2516 = CARTESIAN_POINT('',(37.387899056697,6.5,1.6));
#2517 = VECTOR('',#2518,1.);
#2518 = DIRECTION('',(0.,1.,0.));
#2519 = ORIENTED_EDGE('',*,*,#2520,.T.);
#2520 = EDGE_CURVE('',#2513,#2495,#2521,.T.);
#2521 = LINE('',#2522,#2523);
#2522 = CARTESIAN_POINT('',(37.855192456116,13.,1.6));
#2523 = VECTOR('',#2524,1.);
#2524 = DIRECTION('',(1.,0.,0.));
#2525 = FACE_BOUND('',#2526,.T.);
#2526 = EDGE_LOOP('',(#2527,#2537,#2545,#2553));
#2527 = ORIENTED_EDGE('',*,*,#2528,.F.);
#2528 = EDGE_CURVE('',#2529,#2531,#2533,.T.);
#2529 = VERTEX_POINT('',#2530);
#2530 = CARTESIAN_POINT('',(39.727899056697,-9.,1.6));
#2531 = VERTEX_POINT('',#2532);
#2532 = CARTESIAN_POINT('',(64.727899056697,-9.,1.6));
#2533 = LINE('',#2534,#2535);
#2534 = CARTESIAN_POINT('',(39.727899056697,-9.,1.6));
#2535 = VECTOR('',#2536,1.);
#2536 = DIRECTION('',(1.,0.,0.));
#2537 = ORIENTED_EDGE('',*,*,#2538,.F.);
#2538 = EDGE_CURVE('',#2539,#2529,#2541,.T.);
#2539 = VERTEX_POINT('',#2540);
#2540 = CARTESIAN_POINT('',(39.727899056697,9.,1.6));
#2541 = LINE('',#2542,#2543);
#2542 = CARTESIAN_POINT('',(39.727899056697,9.,1.6));
#2543 = VECTOR('',#2544,1.);
#2544 = DIRECTION('',(0.,-1.,0.));
#2545 = ORIENTED_EDGE('',*,*,#2546,.F.);
#2546 = EDGE_CURVE('',#2547,#2539,#2549,.T.);
#2547 = VERTEX_POINT('',#2548);
#2548 = CARTESIAN_POINT('',(64.727899056697,9.,1.6));
#2549 = LINE('',#2550,#2551);
#2550 = CARTESIAN_POINT('',(64.727899056697,9.,1.6));
#2551 = VECTOR('',#2552,1.);
#2552 = DIRECTION('',(-1.,0.,0.));
#2553 = ORIENTED_EDGE('',*,*,#2554,.F.);
#2554 = EDGE_CURVE('',#2531,#2547,#2555,.T.);
#2555 = LINE('',#2556,#2557);
#2556 = CARTESIAN_POINT('',(64.727899056697,-9.,1.6));
#2557 = VECTOR('',#2558,1.);
#2558 = DIRECTION('',(0.,1.,0.));
#2559 = FACE_BOUND('',#2560,.T.);
#2560 = EDGE_LOOP('',(#2561,#2571,#2579,#2587));
#2561 = ORIENTED_EDGE('',*,*,#2562,.T.);
#2562 = EDGE_CURVE('',#2563,#2565,#2567,.T.);
#2563 = VERTEX_POINT('',#2564);
#2564 = CARTESIAN_POINT('',(40.527899056697,13.,1.6));
#2565 = VERTEX_POINT('',#2566);
#2566 = CARTESIAN_POINT('',(40.527899056697,12.4,1.6));
#2567 = LINE('',#2568,#2569);
#2568 = CARTESIAN_POINT('',(40.527899056697,6.2,1.6));
#2569 = VECTOR('',#2570,1.);
#2570 = DIRECTION('',(0.,-1.,0.));
#2571 = ORIENTED_EDGE('',*,*,#2572,.T.);
#2572 = EDGE_CURVE('',#2565,#2573,#2575,.T.);
#2573 = VERTEX_POINT('',#2574);
#2574 = CARTESIAN_POINT('',(39.927899056697,12.4,1.6));
#2575 = LINE('',#2576,#2577);
#2576 = CARTESIAN_POINT('',(38.825192456116,12.4,1.6));
#2577 = VECTOR('',#2578,1.);
#2578 = DIRECTION('',(-1.,0.,0.));
#2579 = ORIENTED_EDGE('',*,*,#2580,.T.);
#2580 = EDGE_CURVE('',#2573,#2581,#2583,.T.);
#2581 = VERTEX_POINT('',#2582);
#2582 = CARTESIAN_POINT('',(39.927899056697,13.,1.6));
#2583 = LINE('',#2584,#2585);
#2584 = CARTESIAN_POINT('',(39.927899056697,6.5,1.6));
#2585 = VECTOR('',#2586,1.);
#2586 = DIRECTION('',(0.,1.,0.));
#2587 = ORIENTED_EDGE('',*,*,#2588,.T.);
#2588 = EDGE_CURVE('',#2581,#2563,#2589,.T.);
#2589 = LINE('',#2590,#2591);
#2590 = CARTESIAN_POINT('',(39.125192456116,13.,1.6));
#2591 = VECTOR('',#2592,1.);
#2592 = DIRECTION('',(1.,0.,0.));
#2593 = FACE_BOUND('',#2594,.T.);
#2594 = EDGE_LOOP('',(#2595,#2605,#2613,#2621));
#2595 = ORIENTED_EDGE('',*,*,#2596,.T.);
#2596 = EDGE_CURVE('',#2597,#2599,#2601,.T.);
#2597 = VERTEX_POINT('',#2598);
#2598 = CARTESIAN_POINT('',(43.067899056697,13.,1.6));
#2599 = VERTEX_POINT('',#2600);
#2600 = CARTESIAN_POINT('',(43.067899056697,12.4,1.6));
#2601 = LINE('',#2602,#2603);
#2602 = CARTESIAN_POINT('',(43.067899056697,6.2,1.6));
#2603 = VECTOR('',#2604,1.);
#2604 = DIRECTION('',(0.,-1.,0.));
#2605 = ORIENTED_EDGE('',*,*,#2606,.T.);
#2606 = EDGE_CURVE('',#2599,#2607,#2609,.T.);
#2607 = VERTEX_POINT('',#2608);
#2608 = CARTESIAN_POINT('',(42.467899056697,12.4,1.6));
#2609 = LINE('',#2610,#2611);
#2610 = CARTESIAN_POINT('',(40.095192456116,12.4,1.6));
#2611 = VECTOR('',#2612,1.);
#2612 = DIRECTION('',(-1.,0.,0.));
#2613 = ORIENTED_EDGE('',*,*,#2614,.T.);
#2614 = EDGE_CURVE('',#2607,#2615,#2617,.T.);
#2615 = VERTEX_POINT('',#2616);
#2616 = CARTESIAN_POINT('',(42.467899056697,13.,1.6));
#2617 = LINE('',#2618,#2619);
#2618 = CARTESIAN_POINT('',(42.467899056697,6.5,1.6));
#2619 = VECTOR('',#2620,1.);
#2620 = DIRECTION('',(0.,1.,0.));
#2621 = ORIENTED_EDGE('',*,*,#2622,.T.);
#2622 = EDGE_CURVE('',#2615,#2597,#2623,.T.);
#2623 = LINE('',#2624,#2625);
#2624 = CARTESIAN_POINT('',(40.395192456116,13.,1.6));
#2625 = VECTOR('',#2626,1.);
#2626 = DIRECTION('',(1.,0.,0.));
#2627 = FACE_BOUND('',#2628,.T.);
#2628 = EDGE_LOOP('',(#2629,#2639,#2647,#2655));
#2629 = ORIENTED_EDGE('',*,*,#2630,.T.);
#2630 = EDGE_CURVE('',#2631,#2633,#2635,.T.);
#2631 = VERTEX_POINT('',#2632);
#2632 = CARTESIAN_POINT('',(45.607899056697,13.,1.6));
#2633 = VERTEX_POINT('',#2634);
#2634 = CARTESIAN_POINT('',(45.607899056697,12.4,1.6));
#2635 = LINE('',#2636,#2637);
#2636 = CARTESIAN_POINT('',(45.607899056697,6.2,1.6));
#2637 = VECTOR('',#2638,1.);
#2638 = DIRECTION('',(0.,-1.,0.));
#2639 = ORIENTED_EDGE('',*,*,#2640,.T.);
#2640 = EDGE_CURVE('',#2633,#2641,#2643,.T.);
#2641 = VERTEX_POINT('',#2642);
#2642 = CARTESIAN_POINT('',(45.007899056697,12.4,1.6));
#2643 = LINE('',#2644,#2645);
#2644 = CARTESIAN_POINT('',(41.365192456116,12.4,1.6));
#2645 = VECTOR('',#2646,1.);
#2646 = DIRECTION('',(-1.,0.,0.));
#2647 = ORIENTED_EDGE('',*,*,#2648,.T.);
#2648 = EDGE_CURVE('',#2641,#2649,#2651,.T.);
#2649 = VERTEX_POINT('',#2650);
#2650 = CARTESIAN_POINT('',(45.007899056697,13.,1.6));
#2651 = LINE('',#2652,#2653);
#2652 = CARTESIAN_POINT('',(45.007899056697,6.5,1.6));
#2653 = VECTOR('',#2654,1.);
#2654 = DIRECTION('',(0.,1.,0.));
#2655 = ORIENTED_EDGE('',*,*,#2656,.T.);
#2656 = EDGE_CURVE('',#2649,#2631,#2657,.T.);
#2657 = LINE('',#2658,#2659);
#2658 = CARTESIAN_POINT('',(41.665192456116,13.,1.6));
#2659 = VECTOR('',#2660,1.);
#2660 = DIRECTION('',(1.,0.,0.));
#2661 = FACE_BOUND('',#2662,.T.);
#2662 = EDGE_LOOP('',(#2663,#2673,#2681,#2689));
#2663 = ORIENTED_EDGE('',*,*,#2664,.T.);
#2664 = EDGE_CURVE('',#2665,#2667,#2669,.T.);
#2665 = VERTEX_POINT('',#2666);
#2666 = CARTESIAN_POINT('',(48.147899056697,13.,1.6));
#2667 = VERTEX_POINT('',#2668);
#2668 = CARTESIAN_POINT('',(48.147899056697,12.4,1.6));
#2669 = LINE('',#2670,#2671);
#2670 = CARTESIAN_POINT('',(48.147899056697,6.2,1.6));
#2671 = VECTOR('',#2672,1.);
#2672 = DIRECTION('',(0.,-1.,0.));
#2673 = ORIENTED_EDGE('',*,*,#2674,.T.);
#2674 = EDGE_CURVE('',#2667,#2675,#2677,.T.);
#2675 = VERTEX_POINT('',#2676);
#2676 = CARTESIAN_POINT('',(47.547899056697,12.4,1.6));
#2677 = LINE('',#2678,#2679);
#2678 = CARTESIAN_POINT('',(42.635192456116,12.4,1.6));
#2679 = VECTOR('',#2680,1.);
#2680 = DIRECTION('',(-1.,0.,0.));
#2681 = ORIENTED_EDGE('',*,*,#2682,.T.);
#2682 = EDGE_CURVE('',#2675,#2683,#2685,.T.);
#2683 = VERTEX_POINT('',#2684);
#2684 = CARTESIAN_POINT('',(47.547899056697,13.,1.6));
#2685 = LINE('',#2686,#2687);
#2686 = CARTESIAN_POINT('',(47.547899056697,6.5,1.6));
#2687 = VECTOR('',#2688,1.);
#2688 = DIRECTION('',(0.,1.,0.));
#2689 = ORIENTED_EDGE('',*,*,#2690,.T.);
#2690 = EDGE_CURVE('',#2683,#2665,#2691,.T.);
#2691 = LINE('',#2692,#2693);
#2692 = CARTESIAN_POINT('',(42.935192456116,13.,1.6));
#2693 = VECTOR('',#2694,1.);
#2694 = DIRECTION('',(1.,0.,0.));
#2695 = FACE_BOUND('',#2696,.T.);
#2696 = EDGE_LOOP('',(#2697,#2707,#2715,#2723));
#2697 = ORIENTED_EDGE('',*,*,#2698,.T.);
#2698 = EDGE_CURVE('',#2699,#2701,#2703,.T.);
#2699 = VERTEX_POINT('',#2700);
#2700 = CARTESIAN_POINT('',(50.687899056697,13.,1.6));
#2701 = VERTEX_POINT('',#2702);
#2702 = CARTESIAN_POINT('',(50.687899056697,12.4,1.6));
#2703 = LINE('',#2704,#2705);
#2704 = CARTESIAN_POINT('',(50.687899056697,6.2,1.6));
#2705 = VECTOR('',#2706,1.);
#2706 = DIRECTION('',(0.,-1.,0.));
#2707 = ORIENTED_EDGE('',*,*,#2708,.T.);
#2708 = EDGE_CURVE('',#2701,#2709,#2711,.T.);
#2709 = VERTEX_POINT('',#2710);
#2710 = CARTESIAN_POINT('',(50.087899056697,12.4,1.6));
#2711 = LINE('',#2712,#2713);
#2712 = CARTESIAN_POINT('',(43.905192456116,12.4,1.6));
#2713 = VECTOR('',#2714,1.);
#2714 = DIRECTION('',(-1.,0.,0.));
#2715 = ORIENTED_EDGE('',*,*,#2716,.T.);
#2716 = EDGE_CURVE('',#2709,#2717,#2719,.T.);
#2717 = VERTEX_POINT('',#2718);
#2718 = CARTESIAN_POINT('',(50.087899056697,13.,1.6));
#2719 = LINE('',#2720,#2721);
#2720 = CARTESIAN_POINT('',(50.087899056697,6.5,1.6));
#2721 = VECTOR('',#2722,1.);
#2722 = DIRECTION('',(0.,1.,0.));
#2723 = ORIENTED_EDGE('',*,*,#2724,.T.);
#2724 = EDGE_CURVE('',#2717,#2699,#2725,.T.);
#2725 = LINE('',#2726,#2727);
#2726 = CARTESIAN_POINT('',(44.205192456116,13.,1.6));
#2727 = VECTOR('',#2728,1.);
#2728 = DIRECTION('',(1.,0.,0.));
#2729 = FACE_BOUND('',#2730,.T.);
#2730 = EDGE_LOOP('',(#2731,#2741,#2749,#2757));
#2731 = ORIENTED_EDGE('',*,*,#2732,.T.);
#2732 = EDGE_CURVE('',#2733,#2735,#2737,.T.);
#2733 = VERTEX_POINT('',#2734);
#2734 = CARTESIAN_POINT('',(53.227899056697,13.,1.6));
#2735 = VERTEX_POINT('',#2736);
#2736 = CARTESIAN_POINT('',(53.227899056697,12.4,1.6));
#2737 = LINE('',#2738,#2739);
#2738 = CARTESIAN_POINT('',(53.227899056697,6.2,1.6));
#2739 = VECTOR('',#2740,1.);
#2740 = DIRECTION('',(0.,-1.,0.));
#2741 = ORIENTED_EDGE('',*,*,#2742,.T.);
#2742 = EDGE_CURVE('',#2735,#2743,#2745,.T.);
#2743 = VERTEX_POINT('',#2744);
#2744 = CARTESIAN_POINT('',(52.627899056697,12.4,1.6));
#2745 = LINE('',#2746,#2747);
#2746 = CARTESIAN_POINT('',(45.175192456116,12.4,1.6));
#2747 = VECTOR('',#2748,1.);
#2748 = DIRECTION('',(-1.,0.,0.));
#2749 = ORIENTED_EDGE('',*,*,#2750,.T.);
#2750 = EDGE_CURVE('',#2743,#2751,#2753,.T.);
#2751 = VERTEX_POINT('',#2752);
#2752 = CARTESIAN_POINT('',(52.627899056697,13.,1.6));
#2753 = LINE('',#2754,#2755);
#2754 = CARTESIAN_POINT('',(52.627899056697,6.5,1.6));
#2755 = VECTOR('',#2756,1.);
#2756 = DIRECTION('',(0.,1.,0.));
#2757 = ORIENTED_EDGE('',*,*,#2758,.T.);
#2758 = EDGE_CURVE('',#2751,#2733,#2759,.T.);
#2759 = LINE('',#2760,#2761);
#2760 = CARTESIAN_POINT('',(45.475192456116,13.,1.6));
#2761 = VECTOR('',#2762,1.);
#2762 = DIRECTION('',(1.,0.,0.));
#2763 = FACE_BOUND('',#2764,.T.);
#2764 = EDGE_LOOP('',(#2765,#2775,#2783,#2791));
#2765 = ORIENTED_EDGE('',*,*,#2766,.T.);
#2766 = EDGE_CURVE('',#2767,#2769,#2771,.T.);
#2767 = VERTEX_POINT('',#2768);
#2768 = CARTESIAN_POINT('',(55.767899056697,13.,1.6));
#2769 = VERTEX_POINT('',#2770);
#2770 = CARTESIAN_POINT('',(55.767899056697,12.4,1.6));
#2771 = LINE('',#2772,#2773);
#2772 = CARTESIAN_POINT('',(55.767899056697,6.2,1.6));
#2773 = VECTOR('',#2774,1.);
#2774 = DIRECTION('',(0.,-1.,0.));
#2775 = ORIENTED_EDGE('',*,*,#2776,.T.);
#2776 = EDGE_CURVE('',#2769,#2777,#2779,.T.);
#2777 = VERTEX_POINT('',#2778);
#2778 = CARTESIAN_POINT('',(55.167899056697,12.4,1.6));
#2779 = LINE('',#2780,#2781);
#2780 = CARTESIAN_POINT('',(46.445192456116,12.4,1.6));
#2781 = VECTOR('',#2782,1.);
#2782 = DIRECTION('',(-1.,0.,0.));
#2783 = ORIENTED_EDGE('',*,*,#2784,.T.);
#2784 = EDGE_CURVE('',#2777,#2785,#2787,.T.);
#2785 = VERTEX_POINT('',#2786);
#2786 = CARTESIAN_POINT('',(55.167899056697,13.,1.6));
#2787 = LINE('',#2788,#2789);
#2788 = CARTESIAN_POINT('',(55.167899056697,6.5,1.6));
#2789 = VECTOR('',#2790,1.);
#2790 = DIRECTION('',(0.,1.,0.));
#2791 = ORIENTED_EDGE('',*,*,#2792,.T.);
#2792 = EDGE_CURVE('',#2785,#2767,#2793,.T.);
#2793 = LINE('',#2794,#2795);
#2794 = CARTESIAN_POINT('',(46.745192456116,13.,1.6));
#2795 = VECTOR('',#2796,1.);
#2796 = DIRECTION('',(1.,0.,0.));
#2797 = FACE_BOUND('',#2798,.T.);
#2798 = EDGE_LOOP('',(#2799,#2809,#2817,#2825));
#2799 = ORIENTED_EDGE('',*,*,#2800,.T.);
#2800 = EDGE_CURVE('',#2801,#2803,#2805,.T.);
#2801 = VERTEX_POINT('',#2802);
#2802 = CARTESIAN_POINT('',(58.307899056697,13.,1.6));
#2803 = VERTEX_POINT('',#2804);
#2804 = CARTESIAN_POINT('',(58.307899056697,12.4,1.6));
#2805 = LINE('',#2806,#2807);
#2806 = CARTESIAN_POINT('',(58.307899056697,6.2,1.6));
#2807 = VECTOR('',#2808,1.);
#2808 = DIRECTION('',(0.,-1.,0.));
#2809 = ORIENTED_EDGE('',*,*,#2810,.T.);
#2810 = EDGE_CURVE('',#2803,#2811,#2813,.T.);
#2811 = VERTEX_POINT('',#2812);
#2812 = CARTESIAN_POINT('',(57.707899056697,12.4,1.6));
#2813 = LINE('',#2814,#2815);
#2814 = CARTESIAN_POINT('',(47.715192456116,12.4,1.6));
#2815 = VECTOR('',#2816,1.);
#2816 = DIRECTION('',(-1.,0.,0.));
#2817 = ORIENTED_EDGE('',*,*,#2818,.T.);
#2818 = EDGE_CURVE('',#2811,#2819,#2821,.T.);
#2819 = VERTEX_POINT('',#2820);
#2820 = CARTESIAN_POINT('',(57.707899056697,13.,1.6));
#2821 = LINE('',#2822,#2823);
#2822 = CARTESIAN_POINT('',(57.707899056697,6.5,1.6));
#2823 = VECTOR('',#2824,1.);
#2824 = DIRECTION('',(0.,1.,0.));
#2825 = ORIENTED_EDGE('',*,*,#2826,.T.);
#2826 = EDGE_CURVE('',#2819,#2801,#2827,.T.);
#2827 = LINE('',#2828,#2829);
#2828 = CARTESIAN_POINT('',(48.015192456116,13.,1.6));
#2829 = VECTOR('',#2830,1.);
#2830 = DIRECTION('',(1.,0.,0.));
#2831 = FACE_BOUND('',#2832,.T.);
#2832 = EDGE_LOOP('',(#2833));
#2833 = ORIENTED_EDGE('',*,*,#2834,.F.);
#2834 = EDGE_CURVE('',#2835,#2835,#2837,.T.);
#2835 = VERTEX_POINT('',#2836);
#2836 = CARTESIAN_POINT('',(64.337899056697,11.3,1.6));
#2837 = CIRCLE('',#2838,1.25);
#2838 = AXIS2_PLACEMENT_3D('',#2839,#2840,#2841);
#2839 = CARTESIAN_POINT('',(63.087899056697,11.3,1.6));
#2840 = DIRECTION('',(0.,0.,1.));
#2841 = DIRECTION('',(1.,0.,0.));
#2842 = FACE_BOUND('',#2843,.T.);
#2843 = EDGE_LOOP('',(#2844,#2854,#2862,#2870));
#2844 = ORIENTED_EDGE('',*,*,#2845,.T.);
#2845 = EDGE_CURVE('',#2846,#2848,#2850,.T.);
#2846 = VERTEX_POINT('',#2847);
#2847 = CARTESIAN_POINT('',(60.847899056697,13.,1.6));
#2848 = VERTEX_POINT('',#2849);
#2849 = CARTESIAN_POINT('',(60.847899056697,12.4,1.6));
#2850 = LINE('',#2851,#2852);
#2851 = CARTESIAN_POINT('',(60.847899056697,6.2,1.6));
#2852 = VECTOR('',#2853,1.);
#2853 = DIRECTION('',(0.,-1.,0.));
#2854 = ORIENTED_EDGE('',*,*,#2855,.T.);
#2855 = EDGE_CURVE('',#2848,#2856,#2858,.T.);
#2856 = VERTEX_POINT('',#2857);
#2857 = CARTESIAN_POINT('',(60.247899056697,12.4,1.6));
#2858 = LINE('',#2859,#2860);
#2859 = CARTESIAN_POINT('',(48.985192456116,12.4,1.6));
#2860 = VECTOR('',#2861,1.);
#2861 = DIRECTION('',(-1.,0.,0.));
#2862 = ORIENTED_EDGE('',*,*,#2863,.T.);
#2863 = EDGE_CURVE('',#2856,#2864,#2866,.T.);
#2864 = VERTEX_POINT('',#2865);
#2865 = CARTESIAN_POINT('',(60.247899056697,13.,1.6));
#2866 = LINE('',#2867,#2868);
#2867 = CARTESIAN_POINT('',(60.247899056697,6.5,1.6));
#2868 = VECTOR('',#2869,1.);
#2869 = DIRECTION('',(0.,1.,0.));
#2870 = ORIENTED_EDGE('',*,*,#2871,.T.);
#2871 = EDGE_CURVE('',#2864,#2846,#2872,.T.);
#2872 = LINE('',#2873,#2874);
#2873 = CARTESIAN_POINT('',(49.285192456116,13.,1.6));
#2874 = VECTOR('',#2875,1.);
#2875 = DIRECTION('',(1.,0.,0.));
#2876 = PLANE('',#2877);
#2877 = AXIS2_PLACEMENT_3D('',#2878,#2879,#2880);
#2878 = CARTESIAN_POINT('',(37.722485855535,-2.7E-16,1.6));
#2879 = DIRECTION('',(0.,0.,1.));
#2880 = DIRECTION('',(1.,0.,0.));
#2881 = ADVANCED_FACE('',(#2882),#2888,.F.);
#2882 = FACE_BOUND('',#2883,.F.);
#2883 = EDGE_LOOP('',(#2884,#2885,#2886,#2887));
#2884 = ORIENTED_EDGE('',*,*,#123,.T.);
#2885 = ORIENTED_EDGE('',*,*,#1500,.T.);
#2886 = ORIENTED_EDGE('',*,*,#83,.F.);
#2887 = ORIENTED_EDGE('',*,*,#147,.F.);
#2888 = PLANE('',#2889);
#2889 = AXIS2_PLACEMENT_3D('',#2890,#2891,#2892);
#2890 = CARTESIAN_POINT('',(65.227899056697,-14.,0.));
#2891 = DIRECTION('',(-1.,0.,0.));
#2892 = DIRECTION('',(0.,1.,0.));
#2893 = ADVANCED_FACE('',(#2894),#2910,.T.);
#2894 = FACE_BOUND('',#2895,.T.);
#2895 = EDGE_LOOP('',(#2896,#2897,#2903,#2904));
#2896 = ORIENTED_EDGE('',*,*,#156,.F.);
#2897 = ORIENTED_EDGE('',*,*,#2898,.T.);
#2898 = EDGE_CURVE('',#157,#1520,#2899,.T.);
#2899 = LINE('',#2900,#2901);
#2900 = CARTESIAN_POINT('',(14.527899056697,-13.,0.));
#2901 = VECTOR('',#2902,1.);
#2902 = DIRECTION('',(0.,0.,1.));
#2903 = ORIENTED_EDGE('',*,*,#1519,.F.);
#2904 = ORIENTED_EDGE('',*,*,#2905,.F.);
#2905 = EDGE_CURVE('',#159,#1512,#2906,.T.);
#2906 = LINE('',#2907,#2908);
#2907 = CARTESIAN_POINT('',(15.127899056697,-13.,0.));
#2908 = VECTOR('',#2909,1.);
#2909 = DIRECTION('',(0.,0.,1.));
#2910 = PLANE('',#2911);
#2911 = AXIS2_PLACEMENT_3D('',#2912,#2913,#2914);
#2912 = CARTESIAN_POINT('',(14.527899056697,-13.,0.));
#2913 = DIRECTION('',(0.,1.,0.));
#2914 = DIRECTION('',(1.,0.,0.));
#2915 = ADVANCED_FACE('',(#2916),#2927,.T.);
#2916 = FACE_BOUND('',#2917,.T.);
#2917 = EDGE_LOOP('',(#2918,#2919,#2925,#2926));
#2918 = ORIENTED_EDGE('',*,*,#166,.F.);
#2919 = ORIENTED_EDGE('',*,*,#2920,.T.);
#2920 = EDGE_CURVE('',#167,#1528,#2921,.T.);
#2921 = LINE('',#2922,#2923);
#2922 = CARTESIAN_POINT('',(14.527899056697,-12.4,0.));
#2923 = VECTOR('',#2924,1.);
#2924 = DIRECTION('',(0.,0.,1.));
#2925 = ORIENTED_EDGE('',*,*,#1527,.F.);
#2926 = ORIENTED_EDGE('',*,*,#2898,.F.);
#2927 = PLANE('',#2928);
#2928 = AXIS2_PLACEMENT_3D('',#2929,#2930,#2931);
#2929 = CARTESIAN_POINT('',(14.527899056697,-12.4,0.));
#2930 = DIRECTION('',(1.,0.,0.));
#2931 = DIRECTION('',(0.,-1.,0.));
#2932 = ADVANCED_FACE('',(#2933),#2944,.T.);
#2933 = FACE_BOUND('',#2934,.T.);
#2934 = EDGE_LOOP('',(#2935,#2936,#2937,#2938));
#2935 = ORIENTED_EDGE('',*,*,#182,.F.);
#2936 = ORIENTED_EDGE('',*,*,#2905,.T.);
#2937 = ORIENTED_EDGE('',*,*,#1509,.F.);
#2938 = ORIENTED_EDGE('',*,*,#2939,.F.);
#2939 = EDGE_CURVE('',#175,#1510,#2940,.T.);
#2940 = LINE('',#2941,#2942);
#2941 = CARTESIAN_POINT('',(15.127899056697,-12.4,0.));
#2942 = VECTOR('',#2943,1.);
#2943 = DIRECTION('',(0.,0.,1.));
#2944 = PLANE('',#2945);
#2945 = AXIS2_PLACEMENT_3D('',#2946,#2947,#2948);
#2946 = CARTESIAN_POINT('',(15.127899056697,-13.,0.));
#2947 = DIRECTION('',(-1.,0.,0.));
#2948 = DIRECTION('',(0.,1.,0.));
#2949 = ADVANCED_FACE('',(#2950),#2956,.T.);
#2950 = FACE_BOUND('',#2951,.T.);
#2951 = EDGE_LOOP('',(#2952,#2953,#2954,#2955));
#2952 = ORIENTED_EDGE('',*,*,#174,.F.);
#2953 = ORIENTED_EDGE('',*,*,#2939,.T.);
#2954 = ORIENTED_EDGE('',*,*,#1535,.F.);
#2955 = ORIENTED_EDGE('',*,*,#2920,.F.);
#2956 = PLANE('',#2957);
#2957 = AXIS2_PLACEMENT_3D('',#2958,#2959,#2960);
#2958 = CARTESIAN_POINT('',(15.127899056697,-12.4,0.));
#2959 = DIRECTION('',(0.,-1.,0.));
#2960 = DIRECTION('',(-1.,0.,0.));
#2961 = ADVANCED_FACE('',(#2962),#2978,.T.);
#2962 = FACE_BOUND('',#2963,.T.);
#2963 = EDGE_LOOP('',(#2964,#2965,#2971,#2972));
#2964 = ORIENTED_EDGE('',*,*,#190,.F.);
#2965 = ORIENTED_EDGE('',*,*,#2966,.T.);
#2966 = EDGE_CURVE('',#191,#1554,#2967,.T.);
#2967 = LINE('',#2968,#2969);
#2968 = CARTESIAN_POINT('',(17.067899056697,-13.,0.));
#2969 = VECTOR('',#2970,1.);
#2970 = DIRECTION('',(0.,0.,1.));
#2971 = ORIENTED_EDGE('',*,*,#1553,.F.);
#2972 = ORIENTED_EDGE('',*,*,#2973,.F.);
#2973 = EDGE_CURVE('',#193,#1546,#2974,.T.);
#2974 = LINE('',#2975,#2976);
#2975 = CARTESIAN_POINT('',(17.667899056697,-13.,0.));
#2976 = VECTOR('',#2977,1.);
#2977 = DIRECTION('',(0.,0.,1.));
#2978 = PLANE('',#2979);
#2979 = AXIS2_PLACEMENT_3D('',#2980,#2981,#2982);
#2980 = CARTESIAN_POINT('',(17.067899056697,-13.,0.));
#2981 = DIRECTION('',(0.,1.,0.));
#2982 = DIRECTION('',(1.,0.,0.));
#2983 = ADVANCED_FACE('',(#2984),#2995,.T.);
#2984 = FACE_BOUND('',#2985,.T.);
#2985 = EDGE_LOOP('',(#2986,#2987,#2988,#2989));
#2986 = ORIENTED_EDGE('',*,*,#216,.F.);
#2987 = ORIENTED_EDGE('',*,*,#2973,.T.);
#2988 = ORIENTED_EDGE('',*,*,#1543,.F.);
#2989 = ORIENTED_EDGE('',*,*,#2990,.F.);
#2990 = EDGE_CURVE('',#209,#1544,#2991,.T.);
#2991 = LINE('',#2992,#2993);
#2992 = CARTESIAN_POINT('',(17.667899056697,-12.4,0.));
#2993 = VECTOR('',#2994,1.);
#2994 = DIRECTION('',(0.,0.,1.));
#2995 = PLANE('',#2996);
#2996 = AXIS2_PLACEMENT_3D('',#2997,#2998,#2999);
#2997 = CARTESIAN_POINT('',(17.667899056697,-13.,0.));
#2998 = DIRECTION('',(-1.,0.,0.));
#2999 = DIRECTION('',(0.,1.,0.));
#3000 = ADVANCED_FACE('',(#3001),#3012,.T.);
#3001 = FACE_BOUND('',#3002,.T.);
#3002 = EDGE_LOOP('',(#3003,#3004,#3005,#3006));
#3003 = ORIENTED_EDGE('',*,*,#208,.F.);
#3004 = ORIENTED_EDGE('',*,*,#2990,.T.);
#3005 = ORIENTED_EDGE('',*,*,#1569,.F.);
#3006 = ORIENTED_EDGE('',*,*,#3007,.F.);
#3007 = EDGE_CURVE('',#201,#1562,#3008,.T.);
#3008 = LINE('',#3009,#3010);
#3009 = CARTESIAN_POINT('',(17.067899056697,-12.4,0.));
#3010 = VECTOR('',#3011,1.);
#3011 = DIRECTION('',(0.,0.,1.));
#3012 = PLANE('',#3013);
#3013 = AXIS2_PLACEMENT_3D('',#3014,#3015,#3016);
#3014 = CARTESIAN_POINT('',(17.667899056697,-12.4,0.));
#3015 = DIRECTION('',(0.,-1.,0.));
#3016 = DIRECTION('',(-1.,0.,0.));
#3017 = ADVANCED_FACE('',(#3018),#3024,.T.);
#3018 = FACE_BOUND('',#3019,.T.);
#3019 = EDGE_LOOP('',(#3020,#3021,#3022,#3023));
#3020 = ORIENTED_EDGE('',*,*,#200,.F.);
#3021 = ORIENTED_EDGE('',*,*,#3007,.T.);
#3022 = ORIENTED_EDGE('',*,*,#1561,.F.);
#3023 = ORIENTED_EDGE('',*,*,#2966,.F.);
#3024 = PLANE('',#3025);
#3025 = AXIS2_PLACEMENT_3D('',#3026,#3027,#3028);
#3026 = CARTESIAN_POINT('',(17.067899056697,-12.4,0.));
#3027 = DIRECTION('',(1.,0.,0.));
#3028 = DIRECTION('',(0.,-1.,0.));
#3029 = ADVANCED_FACE('',(#3030),#3041,.F.);
#3030 = FACE_BOUND('',#3031,.T.);
#3031 = EDGE_LOOP('',(#3032,#3038,#3039,#3040));
#3032 = ORIENTED_EDGE('',*,*,#3033,.T.);
#3033 = EDGE_CURVE('',#225,#1578,#3034,.T.);
#3034 = LINE('',#3035,#3036);
#3035 = CARTESIAN_POINT('',(13.537899056697,-11.3,0.));
#3036 = VECTOR('',#3037,1.);
#3037 = DIRECTION('',(0.,0.,1.));
#3038 = ORIENTED_EDGE('',*,*,#1577,.T.);
#3039 = ORIENTED_EDGE('',*,*,#3033,.F.);
#3040 = ORIENTED_EDGE('',*,*,#224,.F.);
#3041 = CYLINDRICAL_SURFACE('',#3042,1.25);
#3042 = AXIS2_PLACEMENT_3D('',#3043,#3044,#3045);
#3043 = CARTESIAN_POINT('',(12.287899056697,-11.3,0.));
#3044 = DIRECTION('',(-0.,-0.,-1.));
#3045 = DIRECTION('',(1.,0.,0.));
#3046 = ADVANCED_FACE('',(#3047),#3063,.T.);
#3047 = FACE_BOUND('',#3048,.T.);
#3048 = EDGE_LOOP('',(#3049,#3050,#3056,#3057));
#3049 = ORIENTED_EDGE('',*,*,#235,.F.);
#3050 = ORIENTED_EDGE('',*,*,#3051,.T.);
#3051 = EDGE_CURVE('',#236,#1599,#3052,.T.);
#3052 = LINE('',#3053,#3054);
#3053 = CARTESIAN_POINT('',(19.607899056697,-13.,0.));
#3054 = VECTOR('',#3055,1.);
#3055 = DIRECTION('',(0.,0.,1.));
#3056 = ORIENTED_EDGE('',*,*,#1598,.F.);
#3057 = ORIENTED_EDGE('',*,*,#3058,.F.);
#3058 = EDGE_CURVE('',#238,#1591,#3059,.T.);
#3059 = LINE('',#3060,#3061);
#3060 = CARTESIAN_POINT('',(20.207899056697,-13.,0.));
#3061 = VECTOR('',#3062,1.);
#3062 = DIRECTION('',(0.,0.,1.));
#3063 = PLANE('',#3064);
#3064 = AXIS2_PLACEMENT_3D('',#3065,#3066,#3067);
#3065 = CARTESIAN_POINT('',(19.607899056697,-13.,0.));
#3066 = DIRECTION('',(0.,1.,0.));
#3067 = DIRECTION('',(1.,0.,0.));
#3068 = ADVANCED_FACE('',(#3069),#3080,.T.);
#3069 = FACE_BOUND('',#3070,.T.);
#3070 = EDGE_LOOP('',(#3071,#3072,#3073,#3074));
#3071 = ORIENTED_EDGE('',*,*,#261,.F.);
#3072 = ORIENTED_EDGE('',*,*,#3058,.T.);
#3073 = ORIENTED_EDGE('',*,*,#1588,.F.);
#3074 = ORIENTED_EDGE('',*,*,#3075,.F.);
#3075 = EDGE_CURVE('',#254,#1589,#3076,.T.);
#3076 = LINE('',#3077,#3078);
#3077 = CARTESIAN_POINT('',(20.207899056697,-12.4,0.));
#3078 = VECTOR('',#3079,1.);
#3079 = DIRECTION('',(0.,0.,1.));
#3080 = PLANE('',#3081);
#3081 = AXIS2_PLACEMENT_3D('',#3082,#3083,#3084);
#3082 = CARTESIAN_POINT('',(20.207899056697,-13.,0.));
#3083 = DIRECTION('',(-1.,0.,0.));
#3084 = DIRECTION('',(0.,1.,0.));
#3085 = ADVANCED_FACE('',(#3086),#3097,.T.);
#3086 = FACE_BOUND('',#3087,.T.);
#3087 = EDGE_LOOP('',(#3088,#3089,#3090,#3091));
#3088 = ORIENTED_EDGE('',*,*,#253,.F.);
#3089 = ORIENTED_EDGE('',*,*,#3075,.T.);
#3090 = ORIENTED_EDGE('',*,*,#1614,.F.);
#3091 = ORIENTED_EDGE('',*,*,#3092,.F.);
#3092 = EDGE_CURVE('',#246,#1607,#3093,.T.);
#3093 = LINE('',#3094,#3095);
#3094 = CARTESIAN_POINT('',(19.607899056697,-12.4,0.));
#3095 = VECTOR('',#3096,1.);
#3096 = DIRECTION('',(0.,0.,1.));
#3097 = PLANE('',#3098);
#3098 = AXIS2_PLACEMENT_3D('',#3099,#3100,#3101);
#3099 = CARTESIAN_POINT('',(20.207899056697,-12.4,0.));
#3100 = DIRECTION('',(0.,-1.,0.));
#3101 = DIRECTION('',(-1.,0.,0.));
#3102 = ADVANCED_FACE('',(#3103),#3109,.T.);
#3103 = FACE_BOUND('',#3104,.T.);
#3104 = EDGE_LOOP('',(#3105,#3106,#3107,#3108));
#3105 = ORIENTED_EDGE('',*,*,#245,.F.);
#3106 = ORIENTED_EDGE('',*,*,#3092,.T.);
#3107 = ORIENTED_EDGE('',*,*,#1606,.F.);
#3108 = ORIENTED_EDGE('',*,*,#3051,.F.);
#3109 = PLANE('',#3110);
#3110 = AXIS2_PLACEMENT_3D('',#3111,#3112,#3113);
#3111 = CARTESIAN_POINT('',(19.607899056697,-12.4,0.));
#3112 = DIRECTION('',(1.,0.,0.));
#3113 = DIRECTION('',(0.,-1.,0.));
#3114 = ADVANCED_FACE('',(#3115),#3131,.T.);
#3115 = FACE_BOUND('',#3116,.T.);
#3116 = EDGE_LOOP('',(#3117,#3118,#3124,#3125));
#3117 = ORIENTED_EDGE('',*,*,#269,.F.);
#3118 = ORIENTED_EDGE('',*,*,#3119,.T.);
#3119 = EDGE_CURVE('',#270,#1633,#3120,.T.);
#3120 = LINE('',#3121,#3122);
#3121 = CARTESIAN_POINT('',(22.147899056697,-13.,0.));
#3122 = VECTOR('',#3123,1.);
#3123 = DIRECTION('',(0.,0.,1.));
#3124 = ORIENTED_EDGE('',*,*,#1632,.F.);
#3125 = ORIENTED_EDGE('',*,*,#3126,.F.);
#3126 = EDGE_CURVE('',#272,#1625,#3127,.T.);
#3127 = LINE('',#3128,#3129);
#3128 = CARTESIAN_POINT('',(22.747899056697,-13.,0.));
#3129 = VECTOR('',#3130,1.);
#3130 = DIRECTION('',(0.,0.,1.));
#3131 = PLANE('',#3132);
#3132 = AXIS2_PLACEMENT_3D('',#3133,#3134,#3135);
#3133 = CARTESIAN_POINT('',(22.147899056697,-13.,0.));
#3134 = DIRECTION('',(0.,1.,0.));
#3135 = DIRECTION('',(1.,0.,0.));
#3136 = ADVANCED_FACE('',(#3137),#3148,.T.);
#3137 = FACE_BOUND('',#3138,.T.);
#3138 = EDGE_LOOP('',(#3139,#3140,#3141,#3142));
#3139 = ORIENTED_EDGE('',*,*,#295,.F.);
#3140 = ORIENTED_EDGE('',*,*,#3126,.T.);
#3141 = ORIENTED_EDGE('',*,*,#1622,.F.);
#3142 = ORIENTED_EDGE('',*,*,#3143,.F.);
#3143 = EDGE_CURVE('',#288,#1623,#3144,.T.);
#3144 = LINE('',#3145,#3146);
#3145 = CARTESIAN_POINT('',(22.747899056697,-12.4,0.));
#3146 = VECTOR('',#3147,1.);
#3147 = DIRECTION('',(0.,0.,1.));
#3148 = PLANE('',#3149);
#3149 = AXIS2_PLACEMENT_3D('',#3150,#3151,#3152);
#3150 = CARTESIAN_POINT('',(22.747899056697,-13.,0.));
#3151 = DIRECTION('',(-1.,0.,0.));
#3152 = DIRECTION('',(0.,1.,0.));
#3153 = ADVANCED_FACE('',(#3154),#3165,.T.);
#3154 = FACE_BOUND('',#3155,.T.);
#3155 = EDGE_LOOP('',(#3156,#3157,#3158,#3159));
#3156 = ORIENTED_EDGE('',*,*,#287,.F.);
#3157 = ORIENTED_EDGE('',*,*,#3143,.T.);
#3158 = ORIENTED_EDGE('',*,*,#1648,.F.);
#3159 = ORIENTED_EDGE('',*,*,#3160,.F.);
#3160 = EDGE_CURVE('',#280,#1641,#3161,.T.);
#3161 = LINE('',#3162,#3163);
#3162 = CARTESIAN_POINT('',(22.147899056697,-12.4,0.));
#3163 = VECTOR('',#3164,1.);
#3164 = DIRECTION('',(0.,0.,1.));
#3165 = PLANE('',#3166);
#3166 = AXIS2_PLACEMENT_3D('',#3167,#3168,#3169);
#3167 = CARTESIAN_POINT('',(22.747899056697,-12.4,0.));
#3168 = DIRECTION('',(0.,-1.,0.));
#3169 = DIRECTION('',(-1.,0.,0.));
#3170 = ADVANCED_FACE('',(#3171),#3177,.T.);
#3171 = FACE_BOUND('',#3172,.T.);
#3172 = EDGE_LOOP('',(#3173,#3174,#3175,#3176));
#3173 = ORIENTED_EDGE('',*,*,#279,.F.);
#3174 = ORIENTED_EDGE('',*,*,#3160,.T.);
#3175 = ORIENTED_EDGE('',*,*,#1640,.F.);
#3176 = ORIENTED_EDGE('',*,*,#3119,.F.);
#3177 = PLANE('',#3178);
#3178 = AXIS2_PLACEMENT_3D('',#3179,#3180,#3181);
#3179 = CARTESIAN_POINT('',(22.147899056697,-12.4,0.));
#3180 = DIRECTION('',(1.,0.,0.));
#3181 = DIRECTION('',(0.,-1.,0.));
#3182 = ADVANCED_FACE('',(#3183),#3199,.T.);
#3183 = FACE_BOUND('',#3184,.T.);
#3184 = EDGE_LOOP('',(#3185,#3186,#3192,#3193));
#3185 = ORIENTED_EDGE('',*,*,#303,.F.);
#3186 = ORIENTED_EDGE('',*,*,#3187,.T.);
#3187 = EDGE_CURVE('',#304,#1667,#3188,.T.);
#3188 = LINE('',#3189,#3190);
#3189 = CARTESIAN_POINT('',(24.687899056697,-13.,0.));
#3190 = VECTOR('',#3191,1.);
#3191 = DIRECTION('',(0.,0.,1.));
#3192 = ORIENTED_EDGE('',*,*,#1666,.F.);
#3193 = ORIENTED_EDGE('',*,*,#3194,.F.);
#3194 = EDGE_CURVE('',#306,#1659,#3195,.T.);
#3195 = LINE('',#3196,#3197);
#3196 = CARTESIAN_POINT('',(25.287899056697,-13.,0.));
#3197 = VECTOR('',#3198,1.);
#3198 = DIRECTION('',(0.,0.,1.));
#3199 = PLANE('',#3200);
#3200 = AXIS2_PLACEMENT_3D('',#3201,#3202,#3203);
#3201 = CARTESIAN_POINT('',(24.687899056697,-13.,0.));
#3202 = DIRECTION('',(0.,1.,0.));
#3203 = DIRECTION('',(1.,0.,0.));
#3204 = ADVANCED_FACE('',(#3205),#3216,.T.);
#3205 = FACE_BOUND('',#3206,.T.);
#3206 = EDGE_LOOP('',(#3207,#3208,#3209,#3210));
#3207 = ORIENTED_EDGE('',*,*,#329,.F.);
#3208 = ORIENTED_EDGE('',*,*,#3194,.T.);
#3209 = ORIENTED_EDGE('',*,*,#1656,.F.);
#3210 = ORIENTED_EDGE('',*,*,#3211,.F.);
#3211 = EDGE_CURVE('',#322,#1657,#3212,.T.);
#3212 = LINE('',#3213,#3214);
#3213 = CARTESIAN_POINT('',(25.287899056697,-12.4,0.));
#3214 = VECTOR('',#3215,1.);
#3215 = DIRECTION('',(0.,0.,1.));
#3216 = PLANE('',#3217);
#3217 = AXIS2_PLACEMENT_3D('',#3218,#3219,#3220);
#3218 = CARTESIAN_POINT('',(25.287899056697,-13.,0.));
#3219 = DIRECTION('',(-1.,0.,0.));
#3220 = DIRECTION('',(0.,1.,0.));
#3221 = ADVANCED_FACE('',(#3222),#3233,.T.);
#3222 = FACE_BOUND('',#3223,.T.);
#3223 = EDGE_LOOP('',(#3224,#3225,#3226,#3227));
#3224 = ORIENTED_EDGE('',*,*,#321,.F.);
#3225 = ORIENTED_EDGE('',*,*,#3211,.T.);
#3226 = ORIENTED_EDGE('',*,*,#1682,.F.);
#3227 = ORIENTED_EDGE('',*,*,#3228,.F.);
#3228 = EDGE_CURVE('',#314,#1675,#3229,.T.);
#3229 = LINE('',#3230,#3231);
#3230 = CARTESIAN_POINT('',(24.687899056697,-12.4,0.));
#3231 = VECTOR('',#3232,1.);
#3232 = DIRECTION('',(0.,0.,1.));
#3233 = PLANE('',#3234);
#3234 = AXIS2_PLACEMENT_3D('',#3235,#3236,#3237);
#3235 = CARTESIAN_POINT('',(25.287899056697,-12.4,0.));
#3236 = DIRECTION('',(0.,-1.,0.));
#3237 = DIRECTION('',(-1.,0.,0.));
#3238 = ADVANCED_FACE('',(#3239),#3245,.T.);
#3239 = FACE_BOUND('',#3240,.T.);
#3240 = EDGE_LOOP('',(#3241,#3242,#3243,#3244));
#3241 = ORIENTED_EDGE('',*,*,#313,.F.);
#3242 = ORIENTED_EDGE('',*,*,#3228,.T.);
#3243 = ORIENTED_EDGE('',*,*,#1674,.F.);
#3244 = ORIENTED_EDGE('',*,*,#3187,.F.);
#3245 = PLANE('',#3246);
#3246 = AXIS2_PLACEMENT_3D('',#3247,#3248,#3249);
#3247 = CARTESIAN_POINT('',(24.687899056697,-12.4,0.));
#3248 = DIRECTION('',(1.,0.,0.));
#3249 = DIRECTION('',(0.,-1.,0.));
#3250 = ADVANCED_FACE('',(#3251),#3267,.T.);
#3251 = FACE_BOUND('',#3252,.T.);
#3252 = EDGE_LOOP('',(#3253,#3254,#3260,#3261));
#3253 = ORIENTED_EDGE('',*,*,#337,.F.);
#3254 = ORIENTED_EDGE('',*,*,#3255,.T.);
#3255 = EDGE_CURVE('',#338,#1701,#3256,.T.);
#3256 = LINE('',#3257,#3258);
#3257 = CARTESIAN_POINT('',(27.227899056697,-13.,0.));
#3258 = VECTOR('',#3259,1.);
#3259 = DIRECTION('',(0.,0.,1.));
#3260 = ORIENTED_EDGE('',*,*,#1700,.F.);
#3261 = ORIENTED_EDGE('',*,*,#3262,.F.);
#3262 = EDGE_CURVE('',#340,#1693,#3263,.T.);
#3263 = LINE('',#3264,#3265);
#3264 = CARTESIAN_POINT('',(27.827899056697,-13.,0.));
#3265 = VECTOR('',#3266,1.);
#3266 = DIRECTION('',(0.,0.,1.));
#3267 = PLANE('',#3268);
#3268 = AXIS2_PLACEMENT_3D('',#3269,#3270,#3271);
#3269 = CARTESIAN_POINT('',(27.227899056697,-13.,0.));
#3270 = DIRECTION('',(0.,1.,0.));
#3271 = DIRECTION('',(1.,0.,0.));
#3272 = ADVANCED_FACE('',(#3273),#3284,.T.);
#3273 = FACE_BOUND('',#3274,.T.);
#3274 = EDGE_LOOP('',(#3275,#3276,#3277,#3278));
#3275 = ORIENTED_EDGE('',*,*,#363,.F.);
#3276 = ORIENTED_EDGE('',*,*,#3262,.T.);
#3277 = ORIENTED_EDGE('',*,*,#1690,.F.);
#3278 = ORIENTED_EDGE('',*,*,#3279,.F.);
#3279 = EDGE_CURVE('',#356,#1691,#3280,.T.);
#3280 = LINE('',#3281,#3282);
#3281 = CARTESIAN_POINT('',(27.827899056697,-12.4,0.));
#3282 = VECTOR('',#3283,1.);
#3283 = DIRECTION('',(0.,0.,1.));
#3284 = PLANE('',#3285);
#3285 = AXIS2_PLACEMENT_3D('',#3286,#3287,#3288);
#3286 = CARTESIAN_POINT('',(27.827899056697,-13.,0.));
#3287 = DIRECTION('',(-1.,0.,0.));
#3288 = DIRECTION('',(0.,1.,0.));
#3289 = ADVANCED_FACE('',(#3290),#3301,.T.);
#3290 = FACE_BOUND('',#3291,.T.);
#3291 = EDGE_LOOP('',(#3292,#3293,#3294,#3295));
#3292 = ORIENTED_EDGE('',*,*,#355,.F.);
#3293 = ORIENTED_EDGE('',*,*,#3279,.T.);
#3294 = ORIENTED_EDGE('',*,*,#1716,.F.);
#3295 = ORIENTED_EDGE('',*,*,#3296,.F.);
#3296 = EDGE_CURVE('',#348,#1709,#3297,.T.);
#3297 = LINE('',#3298,#3299);
#3298 = CARTESIAN_POINT('',(27.227899056697,-12.4,0.));
#3299 = VECTOR('',#3300,1.);
#3300 = DIRECTION('',(0.,0.,1.));
#3301 = PLANE('',#3302);
#3302 = AXIS2_PLACEMENT_3D('',#3303,#3304,#3305);
#3303 = CARTESIAN_POINT('',(27.827899056697,-12.4,0.));
#3304 = DIRECTION('',(0.,-1.,0.));
#3305 = DIRECTION('',(-1.,0.,0.));
#3306 = ADVANCED_FACE('',(#3307),#3313,.T.);
#3307 = FACE_BOUND('',#3308,.T.);
#3308 = EDGE_LOOP('',(#3309,#3310,#3311,#3312));
#3309 = ORIENTED_EDGE('',*,*,#347,.F.);
#3310 = ORIENTED_EDGE('',*,*,#3296,.T.);
#3311 = ORIENTED_EDGE('',*,*,#1708,.F.);
#3312 = ORIENTED_EDGE('',*,*,#3255,.F.);
#3313 = PLANE('',#3314);
#3314 = AXIS2_PLACEMENT_3D('',#3315,#3316,#3317);
#3315 = CARTESIAN_POINT('',(27.227899056697,-12.4,0.));
#3316 = DIRECTION('',(1.,0.,0.));
#3317 = DIRECTION('',(0.,-1.,0.));
#3318 = ADVANCED_FACE('',(#3319),#3335,.T.);
#3319 = FACE_BOUND('',#3320,.T.);
#3320 = EDGE_LOOP('',(#3321,#3322,#3328,#3329));
#3321 = ORIENTED_EDGE('',*,*,#371,.F.);
#3322 = ORIENTED_EDGE('',*,*,#3323,.T.);
#3323 = EDGE_CURVE('',#372,#1735,#3324,.T.);
#3324 = LINE('',#3325,#3326);
#3325 = CARTESIAN_POINT('',(29.767899056697,-13.,0.));
#3326 = VECTOR('',#3327,1.);
#3327 = DIRECTION('',(0.,0.,1.));
#3328 = ORIENTED_EDGE('',*,*,#1734,.F.);
#3329 = ORIENTED_EDGE('',*,*,#3330,.F.);
#3330 = EDGE_CURVE('',#374,#1727,#3331,.T.);
#3331 = LINE('',#3332,#3333);
#3332 = CARTESIAN_POINT('',(30.367899056697,-13.,0.));
#3333 = VECTOR('',#3334,1.);
#3334 = DIRECTION('',(0.,0.,1.));
#3335 = PLANE('',#3336);
#3336 = AXIS2_PLACEMENT_3D('',#3337,#3338,#3339);
#3337 = CARTESIAN_POINT('',(29.767899056697,-13.,0.));
#3338 = DIRECTION('',(0.,1.,0.));
#3339 = DIRECTION('',(1.,0.,0.));
#3340 = ADVANCED_FACE('',(#3341),#3352,.T.);
#3341 = FACE_BOUND('',#3342,.T.);
#3342 = EDGE_LOOP('',(#3343,#3344,#3345,#3346));
#3343 = ORIENTED_EDGE('',*,*,#397,.F.);
#3344 = ORIENTED_EDGE('',*,*,#3330,.T.);
#3345 = ORIENTED_EDGE('',*,*,#1724,.F.);
#3346 = ORIENTED_EDGE('',*,*,#3347,.F.);
#3347 = EDGE_CURVE('',#390,#1725,#3348,.T.);
#3348 = LINE('',#3349,#3350);
#3349 = CARTESIAN_POINT('',(30.367899056697,-12.4,0.));
#3350 = VECTOR('',#3351,1.);
#3351 = DIRECTION('',(0.,0.,1.));
#3352 = PLANE('',#3353);
#3353 = AXIS2_PLACEMENT_3D('',#3354,#3355,#3356);
#3354 = CARTESIAN_POINT('',(30.367899056697,-13.,0.));
#3355 = DIRECTION('',(-1.,0.,0.));
#3356 = DIRECTION('',(0.,1.,0.));
#3357 = ADVANCED_FACE('',(#3358),#3369,.T.);
#3358 = FACE_BOUND('',#3359,.T.);
#3359 = EDGE_LOOP('',(#3360,#3361,#3362,#3363));
#3360 = ORIENTED_EDGE('',*,*,#389,.F.);
#3361 = ORIENTED_EDGE('',*,*,#3347,.T.);
#3362 = ORIENTED_EDGE('',*,*,#1750,.F.);
#3363 = ORIENTED_EDGE('',*,*,#3364,.F.);
#3364 = EDGE_CURVE('',#382,#1743,#3365,.T.);
#3365 = LINE('',#3366,#3367);
#3366 = CARTESIAN_POINT('',(29.767899056697,-12.4,0.));
#3367 = VECTOR('',#3368,1.);
#3368 = DIRECTION('',(0.,0.,1.));
#3369 = PLANE('',#3370);
#3370 = AXIS2_PLACEMENT_3D('',#3371,#3372,#3373);
#3371 = CARTESIAN_POINT('',(30.367899056697,-12.4,0.));
#3372 = DIRECTION('',(0.,-1.,0.));
#3373 = DIRECTION('',(-1.,0.,0.));
#3374 = ADVANCED_FACE('',(#3375),#3381,.T.);
#3375 = FACE_BOUND('',#3376,.T.);
#3376 = EDGE_LOOP('',(#3377,#3378,#3379,#3380));
#3377 = ORIENTED_EDGE('',*,*,#381,.F.);
#3378 = ORIENTED_EDGE('',*,*,#3364,.T.);
#3379 = ORIENTED_EDGE('',*,*,#1742,.F.);
#3380 = ORIENTED_EDGE('',*,*,#3323,.F.);
#3381 = PLANE('',#3382);
#3382 = AXIS2_PLACEMENT_3D('',#3383,#3384,#3385);
#3383 = CARTESIAN_POINT('',(29.767899056697,-12.4,0.));
#3384 = DIRECTION('',(1.,0.,0.));
#3385 = DIRECTION('',(0.,-1.,0.));
#3386 = ADVANCED_FACE('',(#3387),#3403,.T.);
#3387 = FACE_BOUND('',#3388,.T.);
#3388 = EDGE_LOOP('',(#3389,#3390,#3396,#3397));
#3389 = ORIENTED_EDGE('',*,*,#405,.F.);
#3390 = ORIENTED_EDGE('',*,*,#3391,.T.);
#3391 = EDGE_CURVE('',#406,#1769,#3392,.T.);
#3392 = LINE('',#3393,#3394);
#3393 = CARTESIAN_POINT('',(32.307899056697,-13.,0.));
#3394 = VECTOR('',#3395,1.);
#3395 = DIRECTION('',(0.,0.,1.));
#3396 = ORIENTED_EDGE('',*,*,#1768,.F.);
#3397 = ORIENTED_EDGE('',*,*,#3398,.F.);
#3398 = EDGE_CURVE('',#408,#1761,#3399,.T.);
#3399 = LINE('',#3400,#3401);
#3400 = CARTESIAN_POINT('',(32.907899056697,-13.,0.));
#3401 = VECTOR('',#3402,1.);
#3402 = DIRECTION('',(0.,0.,1.));
#3403 = PLANE('',#3404);
#3404 = AXIS2_PLACEMENT_3D('',#3405,#3406,#3407);
#3405 = CARTESIAN_POINT('',(32.307899056697,-13.,0.));
#3406 = DIRECTION('',(0.,1.,0.));
#3407 = DIRECTION('',(1.,0.,0.));
#3408 = ADVANCED_FACE('',(#3409),#3420,.T.);
#3409 = FACE_BOUND('',#3410,.T.);
#3410 = EDGE_LOOP('',(#3411,#3412,#3413,#3414));
#3411 = ORIENTED_EDGE('',*,*,#431,.F.);
#3412 = ORIENTED_EDGE('',*,*,#3398,.T.);
#3413 = ORIENTED_EDGE('',*,*,#1758,.F.);
#3414 = ORIENTED_EDGE('',*,*,#3415,.F.);
#3415 = EDGE_CURVE('',#424,#1759,#3416,.T.);
#3416 = LINE('',#3417,#3418);
#3417 = CARTESIAN_POINT('',(32.907899056697,-12.4,0.));
#3418 = VECTOR('',#3419,1.);
#3419 = DIRECTION('',(0.,0.,1.));
#3420 = PLANE('',#3421);
#3421 = AXIS2_PLACEMENT_3D('',#3422,#3423,#3424);
#3422 = CARTESIAN_POINT('',(32.907899056697,-13.,0.));
#3423 = DIRECTION('',(-1.,0.,0.));
#3424 = DIRECTION('',(0.,1.,0.));
#3425 = ADVANCED_FACE('',(#3426),#3437,.T.);
#3426 = FACE_BOUND('',#3427,.T.);
#3427 = EDGE_LOOP('',(#3428,#3429,#3430,#3431));
#3428 = ORIENTED_EDGE('',*,*,#423,.F.);
#3429 = ORIENTED_EDGE('',*,*,#3415,.T.);
#3430 = ORIENTED_EDGE('',*,*,#1784,.F.);
#3431 = ORIENTED_EDGE('',*,*,#3432,.F.);
#3432 = EDGE_CURVE('',#416,#1777,#3433,.T.);
#3433 = LINE('',#3434,#3435);
#3434 = CARTESIAN_POINT('',(32.307899056697,-12.4,0.));
#3435 = VECTOR('',#3436,1.);
#3436 = DIRECTION('',(0.,0.,1.));
#3437 = PLANE('',#3438);
#3438 = AXIS2_PLACEMENT_3D('',#3439,#3440,#3441);
#3439 = CARTESIAN_POINT('',(32.907899056697,-12.4,0.));
#3440 = DIRECTION('',(0.,-1.,0.));
#3441 = DIRECTION('',(-1.,0.,0.));
#3442 = ADVANCED_FACE('',(#3443),#3449,.T.);
#3443 = FACE_BOUND('',#3444,.T.);
#3444 = EDGE_LOOP('',(#3445,#3446,#3447,#3448));
#3445 = ORIENTED_EDGE('',*,*,#415,.F.);
#3446 = ORIENTED_EDGE('',*,*,#3432,.T.);
#3447 = ORIENTED_EDGE('',*,*,#1776,.F.);
#3448 = ORIENTED_EDGE('',*,*,#3391,.F.);
#3449 = PLANE('',#3450);
#3450 = AXIS2_PLACEMENT_3D('',#3451,#3452,#3453);
#3451 = CARTESIAN_POINT('',(32.307899056697,-12.4,0.));
#3452 = DIRECTION('',(1.,0.,0.));
#3453 = DIRECTION('',(0.,-1.,0.));
#3454 = ADVANCED_FACE('',(#3455),#3471,.T.);
#3455 = FACE_BOUND('',#3456,.T.);
#3456 = EDGE_LOOP('',(#3457,#3458,#3464,#3465));
#3457 = ORIENTED_EDGE('',*,*,#439,.F.);
#3458 = ORIENTED_EDGE('',*,*,#3459,.T.);
#3459 = EDGE_CURVE('',#440,#1803,#3460,.T.);
#3460 = LINE('',#3461,#3462);
#3461 = CARTESIAN_POINT('',(34.847899056697,-13.,0.));
#3462 = VECTOR('',#3463,1.);
#3463 = DIRECTION('',(0.,0.,1.));
#3464 = ORIENTED_EDGE('',*,*,#1802,.F.);
#3465 = ORIENTED_EDGE('',*,*,#3466,.F.);
#3466 = EDGE_CURVE('',#442,#1795,#3467,.T.);
#3467 = LINE('',#3468,#3469);
#3468 = CARTESIAN_POINT('',(35.447899056697,-13.,0.));
#3469 = VECTOR('',#3470,1.);
#3470 = DIRECTION('',(0.,0.,1.));
#3471 = PLANE('',#3472);
#3472 = AXIS2_PLACEMENT_3D('',#3473,#3474,#3475);
#3473 = CARTESIAN_POINT('',(34.847899056697,-13.,0.));
#3474 = DIRECTION('',(0.,1.,0.));
#3475 = DIRECTION('',(1.,0.,0.));
#3476 = ADVANCED_FACE('',(#3477),#3488,.T.);
#3477 = FACE_BOUND('',#3478,.T.);
#3478 = EDGE_LOOP('',(#3479,#3480,#3481,#3482));
#3479 = ORIENTED_EDGE('',*,*,#465,.F.);
#3480 = ORIENTED_EDGE('',*,*,#3466,.T.);
#3481 = ORIENTED_EDGE('',*,*,#1792,.F.);
#3482 = ORIENTED_EDGE('',*,*,#3483,.F.);
#3483 = EDGE_CURVE('',#458,#1793,#3484,.T.);
#3484 = LINE('',#3485,#3486);
#3485 = CARTESIAN_POINT('',(35.447899056697,-12.4,0.));
#3486 = VECTOR('',#3487,1.);
#3487 = DIRECTION('',(0.,0.,1.));
#3488 = PLANE('',#3489);
#3489 = AXIS2_PLACEMENT_3D('',#3490,#3491,#3492);
#3490 = CARTESIAN_POINT('',(35.447899056697,-13.,0.));
#3491 = DIRECTION('',(-1.,0.,0.));
#3492 = DIRECTION('',(0.,1.,0.));
#3493 = ADVANCED_FACE('',(#3494),#3505,.T.);
#3494 = FACE_BOUND('',#3495,.T.);
#3495 = EDGE_LOOP('',(#3496,#3497,#3498,#3499));
#3496 = ORIENTED_EDGE('',*,*,#457,.F.);
#3497 = ORIENTED_EDGE('',*,*,#3483,.T.);
#3498 = ORIENTED_EDGE('',*,*,#1818,.F.);
#3499 = ORIENTED_EDGE('',*,*,#3500,.F.);
#3500 = EDGE_CURVE('',#450,#1811,#3501,.T.);
#3501 = LINE('',#3502,#3503);
#3502 = CARTESIAN_POINT('',(34.847899056697,-12.4,0.));
#3503 = VECTOR('',#3504,1.);
#3504 = DIRECTION('',(0.,0.,1.));
#3505 = PLANE('',#3506);
#3506 = AXIS2_PLACEMENT_3D('',#3507,#3508,#3509);
#3507 = CARTESIAN_POINT('',(35.447899056697,-12.4,0.));
#3508 = DIRECTION('',(0.,-1.,0.));
#3509 = DIRECTION('',(-1.,0.,0.));
#3510 = ADVANCED_FACE('',(#3511),#3517,.T.);
#3511 = FACE_BOUND('',#3512,.T.);
#3512 = EDGE_LOOP('',(#3513,#3514,#3515,#3516));
#3513 = ORIENTED_EDGE('',*,*,#449,.F.);
#3514 = ORIENTED_EDGE('',*,*,#3500,.T.);
#3515 = ORIENTED_EDGE('',*,*,#1810,.F.);
#3516 = ORIENTED_EDGE('',*,*,#3459,.F.);
#3517 = PLANE('',#3518);
#3518 = AXIS2_PLACEMENT_3D('',#3519,#3520,#3521);
#3519 = CARTESIAN_POINT('',(34.847899056697,-12.4,0.));
#3520 = DIRECTION('',(1.,0.,0.));
#3521 = DIRECTION('',(0.,-1.,0.));
#3522 = ADVANCED_FACE('',(#3523),#3539,.T.);
#3523 = FACE_BOUND('',#3524,.T.);
#3524 = EDGE_LOOP('',(#3525,#3526,#3532,#3533));
#3525 = ORIENTED_EDGE('',*,*,#473,.F.);
#3526 = ORIENTED_EDGE('',*,*,#3527,.T.);
#3527 = EDGE_CURVE('',#474,#1837,#3528,.T.);
#3528 = LINE('',#3529,#3530);
#3529 = CARTESIAN_POINT('',(37.387899056697,-13.,0.));
#3530 = VECTOR('',#3531,1.);
#3531 = DIRECTION('',(0.,0.,1.));
#3532 = ORIENTED_EDGE('',*,*,#1836,.F.);
#3533 = ORIENTED_EDGE('',*,*,#3534,.F.);
#3534 = EDGE_CURVE('',#476,#1829,#3535,.T.);
#3535 = LINE('',#3536,#3537);
#3536 = CARTESIAN_POINT('',(37.987899056697,-13.,0.));
#3537 = VECTOR('',#3538,1.);
#3538 = DIRECTION('',(0.,0.,1.));
#3539 = PLANE('',#3540);
#3540 = AXIS2_PLACEMENT_3D('',#3541,#3542,#3543);
#3541 = CARTESIAN_POINT('',(37.387899056697,-13.,0.));
#3542 = DIRECTION('',(0.,1.,0.));
#3543 = DIRECTION('',(1.,0.,0.));
#3544 = ADVANCED_FACE('',(#3545),#3556,.T.);
#3545 = FACE_BOUND('',#3546,.T.);
#3546 = EDGE_LOOP('',(#3547,#3548,#3549,#3550));
#3547 = ORIENTED_EDGE('',*,*,#499,.F.);
#3548 = ORIENTED_EDGE('',*,*,#3534,.T.);
#3549 = ORIENTED_EDGE('',*,*,#1826,.F.);
#3550 = ORIENTED_EDGE('',*,*,#3551,.F.);
#3551 = EDGE_CURVE('',#492,#1827,#3552,.T.);
#3552 = LINE('',#3553,#3554);
#3553 = CARTESIAN_POINT('',(37.987899056697,-12.4,0.));
#3554 = VECTOR('',#3555,1.);
#3555 = DIRECTION('',(0.,0.,1.));
#3556 = PLANE('',#3557);
#3557 = AXIS2_PLACEMENT_3D('',#3558,#3559,#3560);
#3558 = CARTESIAN_POINT('',(37.987899056697,-13.,0.));
#3559 = DIRECTION('',(-1.,0.,0.));
#3560 = DIRECTION('',(0.,1.,0.));
#3561 = ADVANCED_FACE('',(#3562),#3573,.T.);
#3562 = FACE_BOUND('',#3563,.T.);
#3563 = EDGE_LOOP('',(#3564,#3565,#3566,#3567));
#3564 = ORIENTED_EDGE('',*,*,#491,.F.);
#3565 = ORIENTED_EDGE('',*,*,#3551,.T.);
#3566 = ORIENTED_EDGE('',*,*,#1852,.F.);
#3567 = ORIENTED_EDGE('',*,*,#3568,.F.);
#3568 = EDGE_CURVE('',#484,#1845,#3569,.T.);
#3569 = LINE('',#3570,#3571);
#3570 = CARTESIAN_POINT('',(37.387899056697,-12.4,0.));
#3571 = VECTOR('',#3572,1.);
#3572 = DIRECTION('',(0.,0.,1.));
#3573 = PLANE('',#3574);
#3574 = AXIS2_PLACEMENT_3D('',#3575,#3576,#3577);
#3575 = CARTESIAN_POINT('',(37.987899056697,-12.4,0.));
#3576 = DIRECTION('',(0.,-1.,0.));
#3577 = DIRECTION('',(-1.,0.,0.));
#3578 = ADVANCED_FACE('',(#3579),#3585,.T.);
#3579 = FACE_BOUND('',#3580,.T.);
#3580 = EDGE_LOOP('',(#3581,#3582,#3583,#3584));
#3581 = ORIENTED_EDGE('',*,*,#483,.F.);
#3582 = ORIENTED_EDGE('',*,*,#3568,.T.);
#3583 = ORIENTED_EDGE('',*,*,#1844,.F.);
#3584 = ORIENTED_EDGE('',*,*,#3527,.F.);
#3585 = PLANE('',#3586);
#3586 = AXIS2_PLACEMENT_3D('',#3587,#3588,#3589);
#3587 = CARTESIAN_POINT('',(37.387899056697,-12.4,0.));
#3588 = DIRECTION('',(1.,0.,0.));
#3589 = DIRECTION('',(0.,-1.,0.));
#3590 = ADVANCED_FACE('',(#3591),#3607,.T.);
#3591 = FACE_BOUND('',#3592,.T.);
#3592 = EDGE_LOOP('',(#3593,#3594,#3600,#3601));
#3593 = ORIENTED_EDGE('',*,*,#507,.F.);
#3594 = ORIENTED_EDGE('',*,*,#3595,.T.);
#3595 = EDGE_CURVE('',#508,#1871,#3596,.T.);
#3596 = LINE('',#3597,#3598);
#3597 = CARTESIAN_POINT('',(39.927899056697,-13.,0.));
#3598 = VECTOR('',#3599,1.);
#3599 = DIRECTION('',(0.,0.,1.));
#3600 = ORIENTED_EDGE('',*,*,#1870,.F.);
#3601 = ORIENTED_EDGE('',*,*,#3602,.F.);
#3602 = EDGE_CURVE('',#510,#1863,#3603,.T.);
#3603 = LINE('',#3604,#3605);
#3604 = CARTESIAN_POINT('',(40.527899056697,-13.,0.));
#3605 = VECTOR('',#3606,1.);
#3606 = DIRECTION('',(0.,0.,1.));
#3607 = PLANE('',#3608);
#3608 = AXIS2_PLACEMENT_3D('',#3609,#3610,#3611);
#3609 = CARTESIAN_POINT('',(39.927899056697,-13.,0.));
#3610 = DIRECTION('',(0.,1.,0.));
#3611 = DIRECTION('',(1.,0.,0.));
#3612 = ADVANCED_FACE('',(#3613),#3624,.T.);
#3613 = FACE_BOUND('',#3614,.T.);
#3614 = EDGE_LOOP('',(#3615,#3616,#3617,#3618));
#3615 = ORIENTED_EDGE('',*,*,#533,.F.);
#3616 = ORIENTED_EDGE('',*,*,#3602,.T.);
#3617 = ORIENTED_EDGE('',*,*,#1860,.F.);
#3618 = ORIENTED_EDGE('',*,*,#3619,.F.);
#3619 = EDGE_CURVE('',#526,#1861,#3620,.T.);
#3620 = LINE('',#3621,#3622);
#3621 = CARTESIAN_POINT('',(40.527899056697,-12.4,0.));
#3622 = VECTOR('',#3623,1.);
#3623 = DIRECTION('',(0.,0.,1.));
#3624 = PLANE('',#3625);
#3625 = AXIS2_PLACEMENT_3D('',#3626,#3627,#3628);
#3626 = CARTESIAN_POINT('',(40.527899056697,-13.,0.));
#3627 = DIRECTION('',(-1.,0.,0.));
#3628 = DIRECTION('',(0.,1.,0.));
#3629 = ADVANCED_FACE('',(#3630),#3641,.T.);
#3630 = FACE_BOUND('',#3631,.T.);
#3631 = EDGE_LOOP('',(#3632,#3633,#3634,#3635));
#3632 = ORIENTED_EDGE('',*,*,#525,.F.);
#3633 = ORIENTED_EDGE('',*,*,#3619,.T.);
#3634 = ORIENTED_EDGE('',*,*,#1886,.F.);
#3635 = ORIENTED_EDGE('',*,*,#3636,.F.);
#3636 = EDGE_CURVE('',#518,#1879,#3637,.T.);
#3637 = LINE('',#3638,#3639);
#3638 = CARTESIAN_POINT('',(39.927899056697,-12.4,0.));
#3639 = VECTOR('',#3640,1.);
#3640 = DIRECTION('',(0.,0.,1.));
#3641 = PLANE('',#3642);
#3642 = AXIS2_PLACEMENT_3D('',#3643,#3644,#3645);
#3643 = CARTESIAN_POINT('',(40.527899056697,-12.4,0.));
#3644 = DIRECTION('',(0.,-1.,0.));
#3645 = DIRECTION('',(-1.,0.,0.));
#3646 = ADVANCED_FACE('',(#3647),#3653,.T.);
#3647 = FACE_BOUND('',#3648,.T.);
#3648 = EDGE_LOOP('',(#3649,#3650,#3651,#3652));
#3649 = ORIENTED_EDGE('',*,*,#517,.F.);
#3650 = ORIENTED_EDGE('',*,*,#3636,.T.);
#3651 = ORIENTED_EDGE('',*,*,#1878,.F.);
#3652 = ORIENTED_EDGE('',*,*,#3595,.F.);
#3653 = PLANE('',#3654);
#3654 = AXIS2_PLACEMENT_3D('',#3655,#3656,#3657);
#3655 = CARTESIAN_POINT('',(39.927899056697,-12.4,0.));
#3656 = DIRECTION('',(1.,0.,0.));
#3657 = DIRECTION('',(0.,-1.,0.));
#3658 = ADVANCED_FACE('',(#3659),#3675,.T.);
#3659 = FACE_BOUND('',#3660,.T.);
#3660 = EDGE_LOOP('',(#3661,#3662,#3668,#3669));
#3661 = ORIENTED_EDGE('',*,*,#541,.F.);
#3662 = ORIENTED_EDGE('',*,*,#3663,.T.);
#3663 = EDGE_CURVE('',#542,#1905,#3664,.T.);
#3664 = LINE('',#3665,#3666);
#3665 = CARTESIAN_POINT('',(42.467899056697,-13.,0.));
#3666 = VECTOR('',#3667,1.);
#3667 = DIRECTION('',(0.,0.,1.));
#3668 = ORIENTED_EDGE('',*,*,#1904,.F.);
#3669 = ORIENTED_EDGE('',*,*,#3670,.F.);
#3670 = EDGE_CURVE('',#544,#1897,#3671,.T.);
#3671 = LINE('',#3672,#3673);
#3672 = CARTESIAN_POINT('',(43.067899056697,-13.,0.));
#3673 = VECTOR('',#3674,1.);
#3674 = DIRECTION('',(0.,0.,1.));
#3675 = PLANE('',#3676);
#3676 = AXIS2_PLACEMENT_3D('',#3677,#3678,#3679);
#3677 = CARTESIAN_POINT('',(42.467899056697,-13.,0.));
#3678 = DIRECTION('',(0.,1.,0.));
#3679 = DIRECTION('',(1.,0.,0.));
#3680 = ADVANCED_FACE('',(#3681),#3692,.T.);
#3681 = FACE_BOUND('',#3682,.T.);
#3682 = EDGE_LOOP('',(#3683,#3684,#3685,#3686));
#3683 = ORIENTED_EDGE('',*,*,#567,.F.);
#3684 = ORIENTED_EDGE('',*,*,#3670,.T.);
#3685 = ORIENTED_EDGE('',*,*,#1894,.F.);
#3686 = ORIENTED_EDGE('',*,*,#3687,.F.);
#3687 = EDGE_CURVE('',#560,#1895,#3688,.T.);
#3688 = LINE('',#3689,#3690);
#3689 = CARTESIAN_POINT('',(43.067899056697,-12.4,0.));
#3690 = VECTOR('',#3691,1.);
#3691 = DIRECTION('',(0.,0.,1.));
#3692 = PLANE('',#3693);
#3693 = AXIS2_PLACEMENT_3D('',#3694,#3695,#3696);
#3694 = CARTESIAN_POINT('',(43.067899056697,-13.,0.));
#3695 = DIRECTION('',(-1.,0.,0.));
#3696 = DIRECTION('',(0.,1.,0.));
#3697 = ADVANCED_FACE('',(#3698),#3709,.T.);
#3698 = FACE_BOUND('',#3699,.T.);
#3699 = EDGE_LOOP('',(#3700,#3701,#3702,#3703));
#3700 = ORIENTED_EDGE('',*,*,#559,.F.);
#3701 = ORIENTED_EDGE('',*,*,#3687,.T.);
#3702 = ORIENTED_EDGE('',*,*,#1920,.F.);
#3703 = ORIENTED_EDGE('',*,*,#3704,.F.);
#3704 = EDGE_CURVE('',#552,#1913,#3705,.T.);
#3705 = LINE('',#3706,#3707);
#3706 = CARTESIAN_POINT('',(42.467899056697,-12.4,0.));
#3707 = VECTOR('',#3708,1.);
#3708 = DIRECTION('',(0.,0.,1.));
#3709 = PLANE('',#3710);
#3710 = AXIS2_PLACEMENT_3D('',#3711,#3712,#3713);
#3711 = CARTESIAN_POINT('',(43.067899056697,-12.4,0.));
#3712 = DIRECTION('',(0.,-1.,0.));
#3713 = DIRECTION('',(-1.,0.,0.));
#3714 = ADVANCED_FACE('',(#3715),#3721,.T.);
#3715 = FACE_BOUND('',#3716,.T.);
#3716 = EDGE_LOOP('',(#3717,#3718,#3719,#3720));
#3717 = ORIENTED_EDGE('',*,*,#551,.F.);
#3718 = ORIENTED_EDGE('',*,*,#3704,.T.);
#3719 = ORIENTED_EDGE('',*,*,#1912,.F.);
#3720 = ORIENTED_EDGE('',*,*,#3663,.F.);
#3721 = PLANE('',#3722);
#3722 = AXIS2_PLACEMENT_3D('',#3723,#3724,#3725);
#3723 = CARTESIAN_POINT('',(42.467899056697,-12.4,0.));
#3724 = DIRECTION('',(1.,0.,0.));
#3725 = DIRECTION('',(0.,-1.,0.));
#3726 = ADVANCED_FACE('',(#3727),#3743,.T.);
#3727 = FACE_BOUND('',#3728,.T.);
#3728 = EDGE_LOOP('',(#3729,#3730,#3736,#3737));
#3729 = ORIENTED_EDGE('',*,*,#575,.F.);
#3730 = ORIENTED_EDGE('',*,*,#3731,.T.);
#3731 = EDGE_CURVE('',#576,#1939,#3732,.T.);
#3732 = LINE('',#3733,#3734);
#3733 = CARTESIAN_POINT('',(45.007899056697,-13.,0.));
#3734 = VECTOR('',#3735,1.);
#3735 = DIRECTION('',(0.,0.,1.));
#3736 = ORIENTED_EDGE('',*,*,#1938,.F.);
#3737 = ORIENTED_EDGE('',*,*,#3738,.F.);
#3738 = EDGE_CURVE('',#578,#1931,#3739,.T.);
#3739 = LINE('',#3740,#3741);
#3740 = CARTESIAN_POINT('',(45.607899056697,-13.,0.));
#3741 = VECTOR('',#3742,1.);
#3742 = DIRECTION('',(0.,0.,1.));
#3743 = PLANE('',#3744);
#3744 = AXIS2_PLACEMENT_3D('',#3745,#3746,#3747);
#3745 = CARTESIAN_POINT('',(45.007899056697,-13.,0.));
#3746 = DIRECTION('',(0.,1.,0.));
#3747 = DIRECTION('',(1.,0.,0.));
#3748 = ADVANCED_FACE('',(#3749),#3760,.T.);
#3749 = FACE_BOUND('',#3750,.T.);
#3750 = EDGE_LOOP('',(#3751,#3752,#3753,#3754));
#3751 = ORIENTED_EDGE('',*,*,#601,.F.);
#3752 = ORIENTED_EDGE('',*,*,#3738,.T.);
#3753 = ORIENTED_EDGE('',*,*,#1928,.F.);
#3754 = ORIENTED_EDGE('',*,*,#3755,.F.);
#3755 = EDGE_CURVE('',#594,#1929,#3756,.T.);
#3756 = LINE('',#3757,#3758);
#3757 = CARTESIAN_POINT('',(45.607899056697,-12.4,0.));
#3758 = VECTOR('',#3759,1.);
#3759 = DIRECTION('',(0.,0.,1.));
#3760 = PLANE('',#3761);
#3761 = AXIS2_PLACEMENT_3D('',#3762,#3763,#3764);
#3762 = CARTESIAN_POINT('',(45.607899056697,-13.,0.));
#3763 = DIRECTION('',(-1.,0.,0.));
#3764 = DIRECTION('',(0.,1.,0.));
#3765 = ADVANCED_FACE('',(#3766),#3777,.T.);
#3766 = FACE_BOUND('',#3767,.T.);
#3767 = EDGE_LOOP('',(#3768,#3769,#3770,#3771));
#3768 = ORIENTED_EDGE('',*,*,#593,.F.);
#3769 = ORIENTED_EDGE('',*,*,#3755,.T.);
#3770 = ORIENTED_EDGE('',*,*,#1954,.F.);
#3771 = ORIENTED_EDGE('',*,*,#3772,.F.);
#3772 = EDGE_CURVE('',#586,#1947,#3773,.T.);
#3773 = LINE('',#3774,#3775);
#3774 = CARTESIAN_POINT('',(45.007899056697,-12.4,0.));
#3775 = VECTOR('',#3776,1.);
#3776 = DIRECTION('',(0.,0.,1.));
#3777 = PLANE('',#3778);
#3778 = AXIS2_PLACEMENT_3D('',#3779,#3780,#3781);
#3779 = CARTESIAN_POINT('',(45.607899056697,-12.4,0.));
#3780 = DIRECTION('',(0.,-1.,0.));
#3781 = DIRECTION('',(-1.,0.,0.));
#3782 = ADVANCED_FACE('',(#3783),#3789,.T.);
#3783 = FACE_BOUND('',#3784,.T.);
#3784 = EDGE_LOOP('',(#3785,#3786,#3787,#3788));
#3785 = ORIENTED_EDGE('',*,*,#585,.F.);
#3786 = ORIENTED_EDGE('',*,*,#3772,.T.);
#3787 = ORIENTED_EDGE('',*,*,#1946,.F.);
#3788 = ORIENTED_EDGE('',*,*,#3731,.F.);
#3789 = PLANE('',#3790);
#3790 = AXIS2_PLACEMENT_3D('',#3791,#3792,#3793);
#3791 = CARTESIAN_POINT('',(45.007899056697,-12.4,0.));
#3792 = DIRECTION('',(1.,0.,0.));
#3793 = DIRECTION('',(0.,-1.,0.));
#3794 = ADVANCED_FACE('',(#3795),#3811,.T.);
#3795 = FACE_BOUND('',#3796,.T.);
#3796 = EDGE_LOOP('',(#3797,#3798,#3804,#3805));
#3797 = ORIENTED_EDGE('',*,*,#609,.F.);
#3798 = ORIENTED_EDGE('',*,*,#3799,.T.);
#3799 = EDGE_CURVE('',#610,#1973,#3800,.T.);
#3800 = LINE('',#3801,#3802);
#3801 = CARTESIAN_POINT('',(47.547899056697,-13.,0.));
#3802 = VECTOR('',#3803,1.);
#3803 = DIRECTION('',(0.,0.,1.));
#3804 = ORIENTED_EDGE('',*,*,#1972,.F.);
#3805 = ORIENTED_EDGE('',*,*,#3806,.F.);
#3806 = EDGE_CURVE('',#612,#1965,#3807,.T.);
#3807 = LINE('',#3808,#3809);
#3808 = CARTESIAN_POINT('',(48.147899056697,-13.,0.));
#3809 = VECTOR('',#3810,1.);
#3810 = DIRECTION('',(0.,0.,1.));
#3811 = PLANE('',#3812);
#3812 = AXIS2_PLACEMENT_3D('',#3813,#3814,#3815);
#3813 = CARTESIAN_POINT('',(47.547899056697,-13.,0.));
#3814 = DIRECTION('',(0.,1.,0.));
#3815 = DIRECTION('',(1.,0.,0.));
#3816 = ADVANCED_FACE('',(#3817),#3828,.T.);
#3817 = FACE_BOUND('',#3818,.T.);
#3818 = EDGE_LOOP('',(#3819,#3820,#3821,#3822));
#3819 = ORIENTED_EDGE('',*,*,#635,.F.);
#3820 = ORIENTED_EDGE('',*,*,#3806,.T.);
#3821 = ORIENTED_EDGE('',*,*,#1962,.F.);
#3822 = ORIENTED_EDGE('',*,*,#3823,.F.);
#3823 = EDGE_CURVE('',#628,#1963,#3824,.T.);
#3824 = LINE('',#3825,#3826);
#3825 = CARTESIAN_POINT('',(48.147899056697,-12.4,0.));
#3826 = VECTOR('',#3827,1.);
#3827 = DIRECTION('',(0.,0.,1.));
#3828 = PLANE('',#3829);
#3829 = AXIS2_PLACEMENT_3D('',#3830,#3831,#3832);
#3830 = CARTESIAN_POINT('',(48.147899056697,-13.,0.));
#3831 = DIRECTION('',(-1.,0.,0.));
#3832 = DIRECTION('',(0.,1.,0.));
#3833 = ADVANCED_FACE('',(#3834),#3845,.T.);
#3834 = FACE_BOUND('',#3835,.T.);
#3835 = EDGE_LOOP('',(#3836,#3837,#3838,#3839));
#3836 = ORIENTED_EDGE('',*,*,#627,.F.);
#3837 = ORIENTED_EDGE('',*,*,#3823,.T.);
#3838 = ORIENTED_EDGE('',*,*,#1988,.F.);
#3839 = ORIENTED_EDGE('',*,*,#3840,.F.);
#3840 = EDGE_CURVE('',#620,#1981,#3841,.T.);
#3841 = LINE('',#3842,#3843);
#3842 = CARTESIAN_POINT('',(47.547899056697,-12.4,0.));
#3843 = VECTOR('',#3844,1.);
#3844 = DIRECTION('',(0.,0.,1.));
#3845 = PLANE('',#3846);
#3846 = AXIS2_PLACEMENT_3D('',#3847,#3848,#3849);
#3847 = CARTESIAN_POINT('',(48.147899056697,-12.4,0.));
#3848 = DIRECTION('',(0.,-1.,0.));
#3849 = DIRECTION('',(-1.,0.,0.));
#3850 = ADVANCED_FACE('',(#3851),#3857,.T.);
#3851 = FACE_BOUND('',#3852,.T.);
#3852 = EDGE_LOOP('',(#3853,#3854,#3855,#3856));
#3853 = ORIENTED_EDGE('',*,*,#619,.F.);
#3854 = ORIENTED_EDGE('',*,*,#3840,.T.);
#3855 = ORIENTED_EDGE('',*,*,#1980,.F.);
#3856 = ORIENTED_EDGE('',*,*,#3799,.F.);
#3857 = PLANE('',#3858);
#3858 = AXIS2_PLACEMENT_3D('',#3859,#3860,#3861);
#3859 = CARTESIAN_POINT('',(47.547899056697,-12.4,0.));
#3860 = DIRECTION('',(1.,0.,0.));
#3861 = DIRECTION('',(0.,-1.,0.));
#3862 = ADVANCED_FACE('',(#3863),#3879,.T.);
#3863 = FACE_BOUND('',#3864,.T.);
#3864 = EDGE_LOOP('',(#3865,#3866,#3872,#3873));
#3865 = ORIENTED_EDGE('',*,*,#643,.F.);
#3866 = ORIENTED_EDGE('',*,*,#3867,.T.);
#3867 = EDGE_CURVE('',#644,#2007,#3868,.T.);
#3868 = LINE('',#3869,#3870);
#3869 = CARTESIAN_POINT('',(50.087899056697,-13.,0.));
#3870 = VECTOR('',#3871,1.);
#3871 = DIRECTION('',(0.,0.,1.));
#3872 = ORIENTED_EDGE('',*,*,#2006,.F.);
#3873 = ORIENTED_EDGE('',*,*,#3874,.F.);
#3874 = EDGE_CURVE('',#646,#1999,#3875,.T.);
#3875 = LINE('',#3876,#3877);
#3876 = CARTESIAN_POINT('',(50.687899056697,-13.,0.));
#3877 = VECTOR('',#3878,1.);
#3878 = DIRECTION('',(0.,0.,1.));
#3879 = PLANE('',#3880);
#3880 = AXIS2_PLACEMENT_3D('',#3881,#3882,#3883);
#3881 = CARTESIAN_POINT('',(50.087899056697,-13.,0.));
#3882 = DIRECTION('',(0.,1.,0.));
#3883 = DIRECTION('',(1.,0.,0.));
#3884 = ADVANCED_FACE('',(#3885),#3896,.T.);
#3885 = FACE_BOUND('',#3886,.T.);
#3886 = EDGE_LOOP('',(#3887,#3888,#3889,#3890));
#3887 = ORIENTED_EDGE('',*,*,#669,.F.);
#3888 = ORIENTED_EDGE('',*,*,#3874,.T.);
#3889 = ORIENTED_EDGE('',*,*,#1996,.F.);
#3890 = ORIENTED_EDGE('',*,*,#3891,.F.);
#3891 = EDGE_CURVE('',#662,#1997,#3892,.T.);
#3892 = LINE('',#3893,#3894);
#3893 = CARTESIAN_POINT('',(50.687899056697,-12.4,0.));
#3894 = VECTOR('',#3895,1.);
#3895 = DIRECTION('',(0.,0.,1.));
#3896 = PLANE('',#3897);
#3897 = AXIS2_PLACEMENT_3D('',#3898,#3899,#3900);
#3898 = CARTESIAN_POINT('',(50.687899056697,-13.,0.));
#3899 = DIRECTION('',(-1.,0.,0.));
#3900 = DIRECTION('',(0.,1.,0.));
#3901 = ADVANCED_FACE('',(#3902),#3913,.T.);
#3902 = FACE_BOUND('',#3903,.T.);
#3903 = EDGE_LOOP('',(#3904,#3905,#3906,#3907));
#3904 = ORIENTED_EDGE('',*,*,#661,.F.);
#3905 = ORIENTED_EDGE('',*,*,#3891,.T.);
#3906 = ORIENTED_EDGE('',*,*,#2022,.F.);
#3907 = ORIENTED_EDGE('',*,*,#3908,.F.);
#3908 = EDGE_CURVE('',#654,#2015,#3909,.T.);
#3909 = LINE('',#3910,#3911);
#3910 = CARTESIAN_POINT('',(50.087899056697,-12.4,0.));
#3911 = VECTOR('',#3912,1.);
#3912 = DIRECTION('',(0.,0.,1.));
#3913 = PLANE('',#3914);
#3914 = AXIS2_PLACEMENT_3D('',#3915,#3916,#3917);
#3915 = CARTESIAN_POINT('',(50.687899056697,-12.4,0.));
#3916 = DIRECTION('',(0.,-1.,0.));
#3917 = DIRECTION('',(-1.,0.,0.));
#3918 = ADVANCED_FACE('',(#3919),#3925,.T.);
#3919 = FACE_BOUND('',#3920,.T.);
#3920 = EDGE_LOOP('',(#3921,#3922,#3923,#3924));
#3921 = ORIENTED_EDGE('',*,*,#653,.F.);
#3922 = ORIENTED_EDGE('',*,*,#3908,.T.);
#3923 = ORIENTED_EDGE('',*,*,#2014,.F.);
#3924 = ORIENTED_EDGE('',*,*,#3867,.F.);
#3925 = PLANE('',#3926);
#3926 = AXIS2_PLACEMENT_3D('',#3927,#3928,#3929);
#3927 = CARTESIAN_POINT('',(50.087899056697,-12.4,0.));
#3928 = DIRECTION('',(1.,0.,0.));
#3929 = DIRECTION('',(0.,-1.,0.));
#3930 = ADVANCED_FACE('',(#3931),#3947,.T.);
#3931 = FACE_BOUND('',#3932,.T.);
#3932 = EDGE_LOOP('',(#3933,#3934,#3940,#3941));
#3933 = ORIENTED_EDGE('',*,*,#677,.F.);
#3934 = ORIENTED_EDGE('',*,*,#3935,.T.);
#3935 = EDGE_CURVE('',#678,#2041,#3936,.T.);
#3936 = LINE('',#3937,#3938);
#3937 = CARTESIAN_POINT('',(52.627899056697,-13.,0.));
#3938 = VECTOR('',#3939,1.);
#3939 = DIRECTION('',(0.,0.,1.));
#3940 = ORIENTED_EDGE('',*,*,#2040,.F.);
#3941 = ORIENTED_EDGE('',*,*,#3942,.F.);
#3942 = EDGE_CURVE('',#680,#2033,#3943,.T.);
#3943 = LINE('',#3944,#3945);
#3944 = CARTESIAN_POINT('',(53.227899056697,-13.,0.));
#3945 = VECTOR('',#3946,1.);
#3946 = DIRECTION('',(0.,0.,1.));
#3947 = PLANE('',#3948);
#3948 = AXIS2_PLACEMENT_3D('',#3949,#3950,#3951);
#3949 = CARTESIAN_POINT('',(52.627899056697,-13.,0.));
#3950 = DIRECTION('',(0.,1.,0.));
#3951 = DIRECTION('',(1.,0.,0.));
#3952 = ADVANCED_FACE('',(#3953),#3964,.T.);
#3953 = FACE_BOUND('',#3954,.T.);
#3954 = EDGE_LOOP('',(#3955,#3956,#3957,#3958));
#3955 = ORIENTED_EDGE('',*,*,#703,.F.);
#3956 = ORIENTED_EDGE('',*,*,#3942,.T.);
#3957 = ORIENTED_EDGE('',*,*,#2030,.F.);
#3958 = ORIENTED_EDGE('',*,*,#3959,.F.);
#3959 = EDGE_CURVE('',#696,#2031,#3960,.T.);
#3960 = LINE('',#3961,#3962);
#3961 = CARTESIAN_POINT('',(53.227899056697,-12.4,0.));
#3962 = VECTOR('',#3963,1.);
#3963 = DIRECTION('',(0.,0.,1.));
#3964 = PLANE('',#3965);
#3965 = AXIS2_PLACEMENT_3D('',#3966,#3967,#3968);
#3966 = CARTESIAN_POINT('',(53.227899056697,-13.,0.));
#3967 = DIRECTION('',(-1.,0.,0.));
#3968 = DIRECTION('',(0.,1.,0.));
#3969 = ADVANCED_FACE('',(#3970),#3981,.T.);
#3970 = FACE_BOUND('',#3971,.T.);
#3971 = EDGE_LOOP('',(#3972,#3973,#3974,#3975));
#3972 = ORIENTED_EDGE('',*,*,#695,.F.);
#3973 = ORIENTED_EDGE('',*,*,#3959,.T.);
#3974 = ORIENTED_EDGE('',*,*,#2056,.F.);
#3975 = ORIENTED_EDGE('',*,*,#3976,.F.);
#3976 = EDGE_CURVE('',#688,#2049,#3977,.T.);
#3977 = LINE('',#3978,#3979);
#3978 = CARTESIAN_POINT('',(52.627899056697,-12.4,0.));
#3979 = VECTOR('',#3980,1.);
#3980 = DIRECTION('',(0.,0.,1.));
#3981 = PLANE('',#3982);
#3982 = AXIS2_PLACEMENT_3D('',#3983,#3984,#3985);
#3983 = CARTESIAN_POINT('',(53.227899056697,-12.4,0.));
#3984 = DIRECTION('',(0.,-1.,0.));
#3985 = DIRECTION('',(-1.,0.,0.));
#3986 = ADVANCED_FACE('',(#3987),#3993,.T.);
#3987 = FACE_BOUND('',#3988,.T.);
#3988 = EDGE_LOOP('',(#3989,#3990,#3991,#3992));
#3989 = ORIENTED_EDGE('',*,*,#687,.F.);
#3990 = ORIENTED_EDGE('',*,*,#3976,.T.);
#3991 = ORIENTED_EDGE('',*,*,#2048,.F.);
#3992 = ORIENTED_EDGE('',*,*,#3935,.F.);
#3993 = PLANE('',#3994);
#3994 = AXIS2_PLACEMENT_3D('',#3995,#3996,#3997);
#3995 = CARTESIAN_POINT('',(52.627899056697,-12.4,0.));
#3996 = DIRECTION('',(1.,0.,0.));
#3997 = DIRECTION('',(0.,-1.,0.));
#3998 = ADVANCED_FACE('',(#3999),#4015,.T.);
#3999 = FACE_BOUND('',#4000,.T.);
#4000 = EDGE_LOOP('',(#4001,#4002,#4008,#4009));
#4001 = ORIENTED_EDGE('',*,*,#711,.F.);
#4002 = ORIENTED_EDGE('',*,*,#4003,.T.);
#4003 = EDGE_CURVE('',#712,#2075,#4004,.T.);
#4004 = LINE('',#4005,#4006);
#4005 = CARTESIAN_POINT('',(55.167899056697,-13.,0.));
#4006 = VECTOR('',#4007,1.);
#4007 = DIRECTION('',(0.,0.,1.));
#4008 = ORIENTED_EDGE('',*,*,#2074,.F.);
#4009 = ORIENTED_EDGE('',*,*,#4010,.F.);
#4010 = EDGE_CURVE('',#714,#2067,#4011,.T.);
#4011 = LINE('',#4012,#4013);
#4012 = CARTESIAN_POINT('',(55.767899056697,-13.,0.));
#4013 = VECTOR('',#4014,1.);
#4014 = DIRECTION('',(0.,0.,1.));
#4015 = PLANE('',#4016);
#4016 = AXIS2_PLACEMENT_3D('',#4017,#4018,#4019);
#4017 = CARTESIAN_POINT('',(55.167899056697,-13.,0.));
#4018 = DIRECTION('',(0.,1.,0.));
#4019 = DIRECTION('',(1.,0.,0.));
#4020 = ADVANCED_FACE('',(#4021),#4032,.T.);
#4021 = FACE_BOUND('',#4022,.T.);
#4022 = EDGE_LOOP('',(#4023,#4024,#4025,#4026));
#4023 = ORIENTED_EDGE('',*,*,#737,.F.);
#4024 = ORIENTED_EDGE('',*,*,#4010,.T.);
#4025 = ORIENTED_EDGE('',*,*,#2064,.F.);
#4026 = ORIENTED_EDGE('',*,*,#4027,.F.);
#4027 = EDGE_CURVE('',#730,#2065,#4028,.T.);
#4028 = LINE('',#4029,#4030);
#4029 = CARTESIAN_POINT('',(55.767899056697,-12.4,0.));
#4030 = VECTOR('',#4031,1.);
#4031 = DIRECTION('',(0.,0.,1.));
#4032 = PLANE('',#4033);
#4033 = AXIS2_PLACEMENT_3D('',#4034,#4035,#4036);
#4034 = CARTESIAN_POINT('',(55.767899056697,-13.,0.));
#4035 = DIRECTION('',(-1.,0.,0.));
#4036 = DIRECTION('',(0.,1.,0.));
#4037 = ADVANCED_FACE('',(#4038),#4049,.T.);
#4038 = FACE_BOUND('',#4039,.T.);
#4039 = EDGE_LOOP('',(#4040,#4041,#4042,#4043));
#4040 = ORIENTED_EDGE('',*,*,#729,.F.);
#4041 = ORIENTED_EDGE('',*,*,#4027,.T.);
#4042 = ORIENTED_EDGE('',*,*,#2090,.F.);
#4043 = ORIENTED_EDGE('',*,*,#4044,.F.);
#4044 = EDGE_CURVE('',#722,#2083,#4045,.T.);
#4045 = LINE('',#4046,#4047);
#4046 = CARTESIAN_POINT('',(55.167899056697,-12.4,0.));
#4047 = VECTOR('',#4048,1.);
#4048 = DIRECTION('',(0.,0.,1.));
#4049 = PLANE('',#4050);
#4050 = AXIS2_PLACEMENT_3D('',#4051,#4052,#4053);
#4051 = CARTESIAN_POINT('',(55.767899056697,-12.4,0.));
#4052 = DIRECTION('',(0.,-1.,0.));
#4053 = DIRECTION('',(-1.,0.,0.));
#4054 = ADVANCED_FACE('',(#4055),#4061,.T.);
#4055 = FACE_BOUND('',#4056,.T.);
#4056 = EDGE_LOOP('',(#4057,#4058,#4059,#4060));
#4057 = ORIENTED_EDGE('',*,*,#721,.F.);
#4058 = ORIENTED_EDGE('',*,*,#4044,.T.);
#4059 = ORIENTED_EDGE('',*,*,#2082,.F.);
#4060 = ORIENTED_EDGE('',*,*,#4003,.F.);
#4061 = PLANE('',#4062);
#4062 = AXIS2_PLACEMENT_3D('',#4063,#4064,#4065);
#4063 = CARTESIAN_POINT('',(55.167899056697,-12.4,0.));
#4064 = DIRECTION('',(1.,0.,0.));
#4065 = DIRECTION('',(0.,-1.,0.));
#4066 = ADVANCED_FACE('',(#4067),#4083,.T.);
#4067 = FACE_BOUND('',#4068,.T.);
#4068 = EDGE_LOOP('',(#4069,#4070,#4076,#4077));
#4069 = ORIENTED_EDGE('',*,*,#745,.F.);
#4070 = ORIENTED_EDGE('',*,*,#4071,.T.);
#4071 = EDGE_CURVE('',#746,#2109,#4072,.T.);
#4072 = LINE('',#4073,#4074);
#4073 = CARTESIAN_POINT('',(57.707899056697,-13.,0.));
#4074 = VECTOR('',#4075,1.);
#4075 = DIRECTION('',(0.,0.,1.));
#4076 = ORIENTED_EDGE('',*,*,#2108,.F.);
#4077 = ORIENTED_EDGE('',*,*,#4078,.F.);
#4078 = EDGE_CURVE('',#748,#2101,#4079,.T.);
#4079 = LINE('',#4080,#4081);
#4080 = CARTESIAN_POINT('',(58.307899056697,-13.,0.));
#4081 = VECTOR('',#4082,1.);
#4082 = DIRECTION('',(0.,0.,1.));
#4083 = PLANE('',#4084);
#4084 = AXIS2_PLACEMENT_3D('',#4085,#4086,#4087);
#4085 = CARTESIAN_POINT('',(57.707899056697,-13.,0.));
#4086 = DIRECTION('',(0.,1.,0.));
#4087 = DIRECTION('',(1.,0.,0.));
#4088 = ADVANCED_FACE('',(#4089),#4100,.T.);
#4089 = FACE_BOUND('',#4090,.T.);
#4090 = EDGE_LOOP('',(#4091,#4092,#4093,#4094));
#4091 = ORIENTED_EDGE('',*,*,#771,.F.);
#4092 = ORIENTED_EDGE('',*,*,#4078,.T.);
#4093 = ORIENTED_EDGE('',*,*,#2098,.F.);
#4094 = ORIENTED_EDGE('',*,*,#4095,.F.);
#4095 = EDGE_CURVE('',#764,#2099,#4096,.T.);
#4096 = LINE('',#4097,#4098);
#4097 = CARTESIAN_POINT('',(58.307899056697,-12.4,0.));
#4098 = VECTOR('',#4099,1.);
#4099 = DIRECTION('',(0.,0.,1.));
#4100 = PLANE('',#4101);
#4101 = AXIS2_PLACEMENT_3D('',#4102,#4103,#4104);
#4102 = CARTESIAN_POINT('',(58.307899056697,-13.,0.));
#4103 = DIRECTION('',(-1.,0.,0.));
#4104 = DIRECTION('',(0.,1.,0.));
#4105 = ADVANCED_FACE('',(#4106),#4117,.T.);
#4106 = FACE_BOUND('',#4107,.T.);
#4107 = EDGE_LOOP('',(#4108,#4109,#4110,#4111));
#4108 = ORIENTED_EDGE('',*,*,#763,.F.);
#4109 = ORIENTED_EDGE('',*,*,#4095,.T.);
#4110 = ORIENTED_EDGE('',*,*,#2124,.F.);
#4111 = ORIENTED_EDGE('',*,*,#4112,.F.);
#4112 = EDGE_CURVE('',#756,#2117,#4113,.T.);
#4113 = LINE('',#4114,#4115);
#4114 = CARTESIAN_POINT('',(57.707899056697,-12.4,0.));
#4115 = VECTOR('',#4116,1.);
#4116 = DIRECTION('',(0.,0.,1.));
#4117 = PLANE('',#4118);
#4118 = AXIS2_PLACEMENT_3D('',#4119,#4120,#4121);
#4119 = CARTESIAN_POINT('',(58.307899056697,-12.4,0.));
#4120 = DIRECTION('',(0.,-1.,0.));
#4121 = DIRECTION('',(-1.,0.,0.));
#4122 = ADVANCED_FACE('',(#4123),#4129,.T.);
#4123 = FACE_BOUND('',#4124,.T.);
#4124 = EDGE_LOOP('',(#4125,#4126,#4127,#4128));
#4125 = ORIENTED_EDGE('',*,*,#755,.F.);
#4126 = ORIENTED_EDGE('',*,*,#4112,.T.);
#4127 = ORIENTED_EDGE('',*,*,#2116,.F.);
#4128 = ORIENTED_EDGE('',*,*,#4071,.F.);
#4129 = PLANE('',#4130);
#4130 = AXIS2_PLACEMENT_3D('',#4131,#4132,#4133);
#4131 = CARTESIAN_POINT('',(57.707899056697,-12.4,0.));
#4132 = DIRECTION('',(1.,0.,0.));
#4133 = DIRECTION('',(0.,-1.,0.));
#4134 = ADVANCED_FACE('',(#4135),#4151,.T.);
#4135 = FACE_BOUND('',#4136,.T.);
#4136 = EDGE_LOOP('',(#4137,#4138,#4144,#4145));
#4137 = ORIENTED_EDGE('',*,*,#779,.F.);
#4138 = ORIENTED_EDGE('',*,*,#4139,.T.);
#4139 = EDGE_CURVE('',#780,#2143,#4140,.T.);
#4140 = LINE('',#4141,#4142);
#4141 = CARTESIAN_POINT('',(60.247899056697,-13.,0.));
#4142 = VECTOR('',#4143,1.);
#4143 = DIRECTION('',(0.,0.,1.));
#4144 = ORIENTED_EDGE('',*,*,#2142,.F.);
#4145 = ORIENTED_EDGE('',*,*,#4146,.F.);
#4146 = EDGE_CURVE('',#782,#2135,#4147,.T.);
#4147 = LINE('',#4148,#4149);
#4148 = CARTESIAN_POINT('',(60.847899056697,-13.,0.));
#4149 = VECTOR('',#4150,1.);
#4150 = DIRECTION('',(0.,0.,1.));
#4151 = PLANE('',#4152);
#4152 = AXIS2_PLACEMENT_3D('',#4153,#4154,#4155);
#4153 = CARTESIAN_POINT('',(60.247899056697,-13.,0.));
#4154 = DIRECTION('',(0.,1.,0.));
#4155 = DIRECTION('',(1.,0.,0.));
#4156 = ADVANCED_FACE('',(#4157),#4168,.T.);
#4157 = FACE_BOUND('',#4158,.T.);
#4158 = EDGE_LOOP('',(#4159,#4160,#4161,#4162));
#4159 = ORIENTED_EDGE('',*,*,#805,.F.);
#4160 = ORIENTED_EDGE('',*,*,#4146,.T.);
#4161 = ORIENTED_EDGE('',*,*,#2132,.F.);
#4162 = ORIENTED_EDGE('',*,*,#4163,.F.);
#4163 = EDGE_CURVE('',#798,#2133,#4164,.T.);
#4164 = LINE('',#4165,#4166);
#4165 = CARTESIAN_POINT('',(60.847899056697,-12.4,0.));
#4166 = VECTOR('',#4167,1.);
#4167 = DIRECTION('',(0.,0.,1.));
#4168 = PLANE('',#4169);
#4169 = AXIS2_PLACEMENT_3D('',#4170,#4171,#4172);
#4170 = CARTESIAN_POINT('',(60.847899056697,-13.,0.));
#4171 = DIRECTION('',(-1.,0.,0.));
#4172 = DIRECTION('',(0.,1.,0.));
#4173 = ADVANCED_FACE('',(#4174),#4185,.T.);
#4174 = FACE_BOUND('',#4175,.T.);
#4175 = EDGE_LOOP('',(#4176,#4177,#4178,#4179));
#4176 = ORIENTED_EDGE('',*,*,#797,.F.);
#4177 = ORIENTED_EDGE('',*,*,#4163,.T.);
#4178 = ORIENTED_EDGE('',*,*,#2158,.F.);
#4179 = ORIENTED_EDGE('',*,*,#4180,.F.);
#4180 = EDGE_CURVE('',#790,#2151,#4181,.T.);
#4181 = LINE('',#4182,#4183);
#4182 = CARTESIAN_POINT('',(60.247899056697,-12.4,0.));
#4183 = VECTOR('',#4184,1.);
#4184 = DIRECTION('',(0.,0.,1.));
#4185 = PLANE('',#4186);
#4186 = AXIS2_PLACEMENT_3D('',#4187,#4188,#4189);
#4187 = CARTESIAN_POINT('',(60.847899056697,-12.4,0.));
#4188 = DIRECTION('',(0.,-1.,0.));
#4189 = DIRECTION('',(-1.,0.,0.));
#4190 = ADVANCED_FACE('',(#4191),#4197,.T.);
#4191 = FACE_BOUND('',#4192,.T.);
#4192 = EDGE_LOOP('',(#4193,#4194,#4195,#4196));
#4193 = ORIENTED_EDGE('',*,*,#789,.F.);
#4194 = ORIENTED_EDGE('',*,*,#4180,.T.);
#4195 = ORIENTED_EDGE('',*,*,#2150,.F.);
#4196 = ORIENTED_EDGE('',*,*,#4139,.F.);
#4197 = PLANE('',#4198);
#4198 = AXIS2_PLACEMENT_3D('',#4199,#4200,#4201);
#4199 = CARTESIAN_POINT('',(60.247899056697,-12.4,0.));
#4200 = DIRECTION('',(1.,0.,0.));
#4201 = DIRECTION('',(0.,-1.,0.));
#4202 = ADVANCED_FACE('',(#4203),#4214,.F.);
#4203 = FACE_BOUND('',#4204,.T.);
#4204 = EDGE_LOOP('',(#4205,#4211,#4212,#4213));
#4205 = ORIENTED_EDGE('',*,*,#4206,.T.);
#4206 = EDGE_CURVE('',#814,#2167,#4207,.T.);
#4207 = LINE('',#4208,#4209);
#4208 = CARTESIAN_POINT('',(64.337899056697,-11.3,0.));
#4209 = VECTOR('',#4210,1.);
#4210 = DIRECTION('',(0.,0.,1.));
#4211 = ORIENTED_EDGE('',*,*,#2166,.T.);
#4212 = ORIENTED_EDGE('',*,*,#4206,.F.);
#4213 = ORIENTED_EDGE('',*,*,#813,.F.);
#4214 = CYLINDRICAL_SURFACE('',#4215,1.25);
#4215 = AXIS2_PLACEMENT_3D('',#4216,#4217,#4218);
#4216 = CARTESIAN_POINT('',(63.087899056697,-11.3,0.));
#4217 = DIRECTION('',(-0.,-0.,-1.));
#4218 = DIRECTION('',(1.,0.,0.));
#4219 = ADVANCED_FACE('',(#4220),#4231,.F.);
#4220 = FACE_BOUND('',#4221,.T.);
#4221 = EDGE_LOOP('',(#4222,#4228,#4229,#4230));
#4222 = ORIENTED_EDGE('',*,*,#4223,.T.);
#4223 = EDGE_CURVE('',#825,#2178,#4224,.T.);
#4224 = LINE('',#4225,#4226);
#4225 = CARTESIAN_POINT('',(13.537899056697,11.3,0.));
#4226 = VECTOR('',#4227,1.);
#4227 = DIRECTION('',(0.,0.,1.));
#4228 = ORIENTED_EDGE('',*,*,#2177,.T.);
#4229 = ORIENTED_EDGE('',*,*,#4223,.F.);
#4230 = ORIENTED_EDGE('',*,*,#824,.F.);
#4231 = CYLINDRICAL_SURFACE('',#4232,1.25);
#4232 = AXIS2_PLACEMENT_3D('',#4233,#4234,#4235);
#4233 = CARTESIAN_POINT('',(12.287899056697,11.3,0.));
#4234 = DIRECTION('',(-0.,-0.,-1.));
#4235 = DIRECTION('',(1.,0.,0.));
#4236 = ADVANCED_FACE('',(#4237),#4253,.T.);
#4237 = FACE_BOUND('',#4238,.T.);
#4238 = EDGE_LOOP('',(#4239,#4240,#4246,#4247));
#4239 = ORIENTED_EDGE('',*,*,#835,.F.);
#4240 = ORIENTED_EDGE('',*,*,#4241,.T.);
#4241 = EDGE_CURVE('',#836,#2199,#4242,.T.);
#4242 = LINE('',#4243,#4244);
#4243 = CARTESIAN_POINT('',(14.527899056697,12.4,0.));
#4244 = VECTOR('',#4245,1.);
#4245 = DIRECTION('',(0.,0.,1.));
#4246 = ORIENTED_EDGE('',*,*,#2198,.F.);
#4247 = ORIENTED_EDGE('',*,*,#4248,.F.);
#4248 = EDGE_CURVE('',#838,#2191,#4249,.T.);
#4249 = LINE('',#4250,#4251);
#4250 = CARTESIAN_POINT('',(15.127899056697,12.4,0.));
#4251 = VECTOR('',#4252,1.);
#4252 = DIRECTION('',(0.,0.,1.));
#4253 = PLANE('',#4254);
#4254 = AXIS2_PLACEMENT_3D('',#4255,#4256,#4257);
#4255 = CARTESIAN_POINT('',(14.527899056697,12.4,0.));
#4256 = DIRECTION('',(0.,1.,0.));
#4257 = DIRECTION('',(1.,0.,0.));
#4258 = ADVANCED_FACE('',(#4259),#4270,.T.);
#4259 = FACE_BOUND('',#4260,.T.);
#4260 = EDGE_LOOP('',(#4261,#4262,#4268,#4269));
#4261 = ORIENTED_EDGE('',*,*,#845,.F.);
#4262 = ORIENTED_EDGE('',*,*,#4263,.T.);
#4263 = EDGE_CURVE('',#846,#2207,#4264,.T.);
#4264 = LINE('',#4265,#4266);
#4265 = CARTESIAN_POINT('',(14.527899056697,13.,0.));
#4266 = VECTOR('',#4267,1.);
#4267 = DIRECTION('',(0.,0.,1.));
#4268 = ORIENTED_EDGE('',*,*,#2206,.F.);
#4269 = ORIENTED_EDGE('',*,*,#4241,.F.);
#4270 = PLANE('',#4271);
#4271 = AXIS2_PLACEMENT_3D('',#4272,#4273,#4274);
#4272 = CARTESIAN_POINT('',(14.527899056697,13.,0.));
#4273 = DIRECTION('',(1.,0.,0.));
#4274 = DIRECTION('',(0.,-1.,0.));
#4275 = ADVANCED_FACE('',(#4276),#4287,.T.);
#4276 = FACE_BOUND('',#4277,.T.);
#4277 = EDGE_LOOP('',(#4278,#4279,#4280,#4281));
#4278 = ORIENTED_EDGE('',*,*,#861,.F.);
#4279 = ORIENTED_EDGE('',*,*,#4248,.T.);
#4280 = ORIENTED_EDGE('',*,*,#2188,.F.);
#4281 = ORIENTED_EDGE('',*,*,#4282,.F.);
#4282 = EDGE_CURVE('',#854,#2189,#4283,.T.);
#4283 = LINE('',#4284,#4285);
#4284 = CARTESIAN_POINT('',(15.127899056697,13.,0.));
#4285 = VECTOR('',#4286,1.);
#4286 = DIRECTION('',(0.,0.,1.));
#4287 = PLANE('',#4288);
#4288 = AXIS2_PLACEMENT_3D('',#4289,#4290,#4291);
#4289 = CARTESIAN_POINT('',(15.127899056697,12.4,0.));
#4290 = DIRECTION('',(-1.,0.,0.));
#4291 = DIRECTION('',(0.,1.,0.));
#4292 = ADVANCED_FACE('',(#4293),#4299,.T.);
#4293 = FACE_BOUND('',#4294,.T.);
#4294 = EDGE_LOOP('',(#4295,#4296,#4297,#4298));
#4295 = ORIENTED_EDGE('',*,*,#853,.F.);
#4296 = ORIENTED_EDGE('',*,*,#4282,.T.);
#4297 = ORIENTED_EDGE('',*,*,#2214,.F.);
#4298 = ORIENTED_EDGE('',*,*,#4263,.F.);
#4299 = PLANE('',#4300);
#4300 = AXIS2_PLACEMENT_3D('',#4301,#4302,#4303);
#4301 = CARTESIAN_POINT('',(15.127899056697,13.,0.));
#4302 = DIRECTION('',(0.,-1.,0.));
#4303 = DIRECTION('',(-1.,0.,0.));
#4304 = ADVANCED_FACE('',(#4305),#4321,.T.);
#4305 = FACE_BOUND('',#4306,.T.);
#4306 = EDGE_LOOP('',(#4307,#4308,#4314,#4315));
#4307 = ORIENTED_EDGE('',*,*,#869,.F.);
#4308 = ORIENTED_EDGE('',*,*,#4309,.T.);
#4309 = EDGE_CURVE('',#870,#2233,#4310,.T.);
#4310 = LINE('',#4311,#4312);
#4311 = CARTESIAN_POINT('',(17.067899056697,12.4,0.));
#4312 = VECTOR('',#4313,1.);
#4313 = DIRECTION('',(0.,0.,1.));
#4314 = ORIENTED_EDGE('',*,*,#2232,.F.);
#4315 = ORIENTED_EDGE('',*,*,#4316,.F.);
#4316 = EDGE_CURVE('',#872,#2225,#4317,.T.);
#4317 = LINE('',#4318,#4319);
#4318 = CARTESIAN_POINT('',(17.667899056697,12.4,0.));
#4319 = VECTOR('',#4320,1.);
#4320 = DIRECTION('',(0.,0.,1.));
#4321 = PLANE('',#4322);
#4322 = AXIS2_PLACEMENT_3D('',#4323,#4324,#4325);
#4323 = CARTESIAN_POINT('',(17.067899056697,12.4,0.));
#4324 = DIRECTION('',(0.,1.,0.));
#4325 = DIRECTION('',(1.,0.,0.));
#4326 = ADVANCED_FACE('',(#4327),#4338,.T.);
#4327 = FACE_BOUND('',#4328,.T.);
#4328 = EDGE_LOOP('',(#4329,#4330,#4331,#4332));
#4329 = ORIENTED_EDGE('',*,*,#895,.F.);
#4330 = ORIENTED_EDGE('',*,*,#4316,.T.);
#4331 = ORIENTED_EDGE('',*,*,#2222,.F.);
#4332 = ORIENTED_EDGE('',*,*,#4333,.F.);
#4333 = EDGE_CURVE('',#888,#2223,#4334,.T.);
#4334 = LINE('',#4335,#4336);
#4335 = CARTESIAN_POINT('',(17.667899056697,13.,0.));
#4336 = VECTOR('',#4337,1.);
#4337 = DIRECTION('',(0.,0.,1.));
#4338 = PLANE('',#4339);
#4339 = AXIS2_PLACEMENT_3D('',#4340,#4341,#4342);
#4340 = CARTESIAN_POINT('',(17.667899056697,12.4,0.));
#4341 = DIRECTION('',(-1.,0.,0.));
#4342 = DIRECTION('',(0.,1.,0.));
#4343 = ADVANCED_FACE('',(#4344),#4355,.T.);
#4344 = FACE_BOUND('',#4345,.T.);
#4345 = EDGE_LOOP('',(#4346,#4347,#4348,#4349));
#4346 = ORIENTED_EDGE('',*,*,#887,.F.);
#4347 = ORIENTED_EDGE('',*,*,#4333,.T.);
#4348 = ORIENTED_EDGE('',*,*,#2248,.F.);
#4349 = ORIENTED_EDGE('',*,*,#4350,.F.);
#4350 = EDGE_CURVE('',#880,#2241,#4351,.T.);
#4351 = LINE('',#4352,#4353);
#4352 = CARTESIAN_POINT('',(17.067899056697,13.,0.));
#4353 = VECTOR('',#4354,1.);
#4354 = DIRECTION('',(0.,0.,1.));
#4355 = PLANE('',#4356);
#4356 = AXIS2_PLACEMENT_3D('',#4357,#4358,#4359);
#4357 = CARTESIAN_POINT('',(17.667899056697,13.,0.));
#4358 = DIRECTION('',(0.,-1.,0.));
#4359 = DIRECTION('',(-1.,0.,0.));
#4360 = ADVANCED_FACE('',(#4361),#4367,.T.);
#4361 = FACE_BOUND('',#4362,.T.);
#4362 = EDGE_LOOP('',(#4363,#4364,#4365,#4366));
#4363 = ORIENTED_EDGE('',*,*,#879,.F.);
#4364 = ORIENTED_EDGE('',*,*,#4350,.T.);
#4365 = ORIENTED_EDGE('',*,*,#2240,.F.);
#4366 = ORIENTED_EDGE('',*,*,#4309,.F.);
#4367 = PLANE('',#4368);
#4368 = AXIS2_PLACEMENT_3D('',#4369,#4370,#4371);
#4369 = CARTESIAN_POINT('',(17.067899056697,13.,0.));
#4370 = DIRECTION('',(1.,0.,0.));
#4371 = DIRECTION('',(0.,-1.,0.));
#4372 = ADVANCED_FACE('',(#4373),#4389,.T.);
#4373 = FACE_BOUND('',#4374,.T.);
#4374 = EDGE_LOOP('',(#4375,#4376,#4382,#4383));
#4375 = ORIENTED_EDGE('',*,*,#903,.F.);
#4376 = ORIENTED_EDGE('',*,*,#4377,.T.);
#4377 = EDGE_CURVE('',#904,#2267,#4378,.T.);
#4378 = LINE('',#4379,#4380);
#4379 = CARTESIAN_POINT('',(19.607899056697,12.4,0.));
#4380 = VECTOR('',#4381,1.);
#4381 = DIRECTION('',(0.,0.,1.));
#4382 = ORIENTED_EDGE('',*,*,#2266,.F.);
#4383 = ORIENTED_EDGE('',*,*,#4384,.F.);
#4384 = EDGE_CURVE('',#906,#2259,#4385,.T.);
#4385 = LINE('',#4386,#4387);
#4386 = CARTESIAN_POINT('',(20.207899056697,12.4,0.));
#4387 = VECTOR('',#4388,1.);
#4388 = DIRECTION('',(0.,0.,1.));
#4389 = PLANE('',#4390);
#4390 = AXIS2_PLACEMENT_3D('',#4391,#4392,#4393);
#4391 = CARTESIAN_POINT('',(19.607899056697,12.4,0.));
#4392 = DIRECTION('',(0.,1.,0.));
#4393 = DIRECTION('',(1.,0.,0.));
#4394 = ADVANCED_FACE('',(#4395),#4406,.T.);
#4395 = FACE_BOUND('',#4396,.T.);
#4396 = EDGE_LOOP('',(#4397,#4398,#4399,#4400));
#4397 = ORIENTED_EDGE('',*,*,#929,.F.);
#4398 = ORIENTED_EDGE('',*,*,#4384,.T.);
#4399 = ORIENTED_EDGE('',*,*,#2256,.F.);
#4400 = ORIENTED_EDGE('',*,*,#4401,.F.);
#4401 = EDGE_CURVE('',#922,#2257,#4402,.T.);
#4402 = LINE('',#4403,#4404);
#4403 = CARTESIAN_POINT('',(20.207899056697,13.,0.));
#4404 = VECTOR('',#4405,1.);
#4405 = DIRECTION('',(0.,0.,1.));
#4406 = PLANE('',#4407);
#4407 = AXIS2_PLACEMENT_3D('',#4408,#4409,#4410);
#4408 = CARTESIAN_POINT('',(20.207899056697,12.4,0.));
#4409 = DIRECTION('',(-1.,0.,0.));
#4410 = DIRECTION('',(0.,1.,0.));
#4411 = ADVANCED_FACE('',(#4412),#4423,.T.);
#4412 = FACE_BOUND('',#4413,.T.);
#4413 = EDGE_LOOP('',(#4414,#4415,#4416,#4417));
#4414 = ORIENTED_EDGE('',*,*,#921,.F.);
#4415 = ORIENTED_EDGE('',*,*,#4401,.T.);
#4416 = ORIENTED_EDGE('',*,*,#2282,.F.);
#4417 = ORIENTED_EDGE('',*,*,#4418,.F.);
#4418 = EDGE_CURVE('',#914,#2275,#4419,.T.);
#4419 = LINE('',#4420,#4421);
#4420 = CARTESIAN_POINT('',(19.607899056697,13.,0.));
#4421 = VECTOR('',#4422,1.);
#4422 = DIRECTION('',(0.,0.,1.));
#4423 = PLANE('',#4424);
#4424 = AXIS2_PLACEMENT_3D('',#4425,#4426,#4427);
#4425 = CARTESIAN_POINT('',(20.207899056697,13.,0.));
#4426 = DIRECTION('',(0.,-1.,0.));
#4427 = DIRECTION('',(-1.,0.,0.));
#4428 = ADVANCED_FACE('',(#4429),#4435,.T.);
#4429 = FACE_BOUND('',#4430,.T.);
#4430 = EDGE_LOOP('',(#4431,#4432,#4433,#4434));
#4431 = ORIENTED_EDGE('',*,*,#913,.F.);
#4432 = ORIENTED_EDGE('',*,*,#4418,.T.);
#4433 = ORIENTED_EDGE('',*,*,#2274,.F.);
#4434 = ORIENTED_EDGE('',*,*,#4377,.F.);
#4435 = PLANE('',#4436);
#4436 = AXIS2_PLACEMENT_3D('',#4437,#4438,#4439);
#4437 = CARTESIAN_POINT('',(19.607899056697,13.,0.));
#4438 = DIRECTION('',(1.,0.,0.));
#4439 = DIRECTION('',(0.,-1.,0.));
#4440 = ADVANCED_FACE('',(#4441),#4457,.T.);
#4441 = FACE_BOUND('',#4442,.T.);
#4442 = EDGE_LOOP('',(#4443,#4444,#4450,#4451));
#4443 = ORIENTED_EDGE('',*,*,#937,.F.);
#4444 = ORIENTED_EDGE('',*,*,#4445,.T.);
#4445 = EDGE_CURVE('',#938,#2301,#4446,.T.);
#4446 = LINE('',#4447,#4448);
#4447 = CARTESIAN_POINT('',(22.147899056697,12.4,0.));
#4448 = VECTOR('',#4449,1.);
#4449 = DIRECTION('',(0.,0.,1.));
#4450 = ORIENTED_EDGE('',*,*,#2300,.F.);
#4451 = ORIENTED_EDGE('',*,*,#4452,.F.);
#4452 = EDGE_CURVE('',#940,#2293,#4453,.T.);
#4453 = LINE('',#4454,#4455);
#4454 = CARTESIAN_POINT('',(22.747899056697,12.4,0.));
#4455 = VECTOR('',#4456,1.);
#4456 = DIRECTION('',(0.,0.,1.));
#4457 = PLANE('',#4458);
#4458 = AXIS2_PLACEMENT_3D('',#4459,#4460,#4461);
#4459 = CARTESIAN_POINT('',(22.147899056697,12.4,0.));
#4460 = DIRECTION('',(0.,1.,0.));
#4461 = DIRECTION('',(1.,0.,0.));
#4462 = ADVANCED_FACE('',(#4463),#4474,.T.);
#4463 = FACE_BOUND('',#4464,.T.);
#4464 = EDGE_LOOP('',(#4465,#4466,#4467,#4468));
#4465 = ORIENTED_EDGE('',*,*,#963,.F.);
#4466 = ORIENTED_EDGE('',*,*,#4452,.T.);
#4467 = ORIENTED_EDGE('',*,*,#2290,.F.);
#4468 = ORIENTED_EDGE('',*,*,#4469,.F.);
#4469 = EDGE_CURVE('',#956,#2291,#4470,.T.);
#4470 = LINE('',#4471,#4472);
#4471 = CARTESIAN_POINT('',(22.747899056697,13.,0.));
#4472 = VECTOR('',#4473,1.);
#4473 = DIRECTION('',(0.,0.,1.));
#4474 = PLANE('',#4475);
#4475 = AXIS2_PLACEMENT_3D('',#4476,#4477,#4478);
#4476 = CARTESIAN_POINT('',(22.747899056697,12.4,0.));
#4477 = DIRECTION('',(-1.,0.,0.));
#4478 = DIRECTION('',(0.,1.,0.));
#4479 = ADVANCED_FACE('',(#4480),#4491,.T.);
#4480 = FACE_BOUND('',#4481,.T.);
#4481 = EDGE_LOOP('',(#4482,#4483,#4484,#4485));
#4482 = ORIENTED_EDGE('',*,*,#955,.F.);
#4483 = ORIENTED_EDGE('',*,*,#4469,.T.);
#4484 = ORIENTED_EDGE('',*,*,#2316,.F.);
#4485 = ORIENTED_EDGE('',*,*,#4486,.F.);
#4486 = EDGE_CURVE('',#948,#2309,#4487,.T.);
#4487 = LINE('',#4488,#4489);
#4488 = CARTESIAN_POINT('',(22.147899056697,13.,0.));
#4489 = VECTOR('',#4490,1.);
#4490 = DIRECTION('',(0.,0.,1.));
#4491 = PLANE('',#4492);
#4492 = AXIS2_PLACEMENT_3D('',#4493,#4494,#4495);
#4493 = CARTESIAN_POINT('',(22.747899056697,13.,0.));
#4494 = DIRECTION('',(0.,-1.,0.));
#4495 = DIRECTION('',(-1.,0.,0.));
#4496 = ADVANCED_FACE('',(#4497),#4503,.T.);
#4497 = FACE_BOUND('',#4498,.T.);
#4498 = EDGE_LOOP('',(#4499,#4500,#4501,#4502));
#4499 = ORIENTED_EDGE('',*,*,#947,.F.);
#4500 = ORIENTED_EDGE('',*,*,#4486,.T.);
#4501 = ORIENTED_EDGE('',*,*,#2308,.F.);
#4502 = ORIENTED_EDGE('',*,*,#4445,.F.);
#4503 = PLANE('',#4504);
#4504 = AXIS2_PLACEMENT_3D('',#4505,#4506,#4507);
#4505 = CARTESIAN_POINT('',(22.147899056697,13.,0.));
#4506 = DIRECTION('',(1.,0.,0.));
#4507 = DIRECTION('',(0.,-1.,0.));
#4508 = ADVANCED_FACE('',(#4509),#4525,.T.);
#4509 = FACE_BOUND('',#4510,.T.);
#4510 = EDGE_LOOP('',(#4511,#4512,#4518,#4519));
#4511 = ORIENTED_EDGE('',*,*,#971,.F.);
#4512 = ORIENTED_EDGE('',*,*,#4513,.T.);
#4513 = EDGE_CURVE('',#972,#2335,#4514,.T.);
#4514 = LINE('',#4515,#4516);
#4515 = CARTESIAN_POINT('',(24.687899056697,12.4,0.));
#4516 = VECTOR('',#4517,1.);
#4517 = DIRECTION('',(0.,0.,1.));
#4518 = ORIENTED_EDGE('',*,*,#2334,.F.);
#4519 = ORIENTED_EDGE('',*,*,#4520,.F.);
#4520 = EDGE_CURVE('',#974,#2327,#4521,.T.);
#4521 = LINE('',#4522,#4523);
#4522 = CARTESIAN_POINT('',(25.287899056697,12.4,0.));
#4523 = VECTOR('',#4524,1.);
#4524 = DIRECTION('',(0.,0.,1.));
#4525 = PLANE('',#4526);
#4526 = AXIS2_PLACEMENT_3D('',#4527,#4528,#4529);
#4527 = CARTESIAN_POINT('',(24.687899056697,12.4,0.));
#4528 = DIRECTION('',(0.,1.,0.));
#4529 = DIRECTION('',(1.,0.,0.));
#4530 = ADVANCED_FACE('',(#4531),#4542,.T.);
#4531 = FACE_BOUND('',#4532,.T.);
#4532 = EDGE_LOOP('',(#4533,#4534,#4535,#4536));
#4533 = ORIENTED_EDGE('',*,*,#997,.F.);
#4534 = ORIENTED_EDGE('',*,*,#4520,.T.);
#4535 = ORIENTED_EDGE('',*,*,#2324,.F.);
#4536 = ORIENTED_EDGE('',*,*,#4537,.F.);
#4537 = EDGE_CURVE('',#990,#2325,#4538,.T.);
#4538 = LINE('',#4539,#4540);
#4539 = CARTESIAN_POINT('',(25.287899056697,13.,0.));
#4540 = VECTOR('',#4541,1.);
#4541 = DIRECTION('',(0.,0.,1.));
#4542 = PLANE('',#4543);
#4543 = AXIS2_PLACEMENT_3D('',#4544,#4545,#4546);
#4544 = CARTESIAN_POINT('',(25.287899056697,12.4,0.));
#4545 = DIRECTION('',(-1.,0.,0.));
#4546 = DIRECTION('',(0.,1.,0.));
#4547 = ADVANCED_FACE('',(#4548),#4559,.T.);
#4548 = FACE_BOUND('',#4549,.T.);
#4549 = EDGE_LOOP('',(#4550,#4551,#4552,#4553));
#4550 = ORIENTED_EDGE('',*,*,#989,.F.);
#4551 = ORIENTED_EDGE('',*,*,#4537,.T.);
#4552 = ORIENTED_EDGE('',*,*,#2350,.F.);
#4553 = ORIENTED_EDGE('',*,*,#4554,.F.);
#4554 = EDGE_CURVE('',#982,#2343,#4555,.T.);
#4555 = LINE('',#4556,#4557);
#4556 = CARTESIAN_POINT('',(24.687899056697,13.,0.));
#4557 = VECTOR('',#4558,1.);
#4558 = DIRECTION('',(0.,0.,1.));
#4559 = PLANE('',#4560);
#4560 = AXIS2_PLACEMENT_3D('',#4561,#4562,#4563);
#4561 = CARTESIAN_POINT('',(25.287899056697,13.,0.));
#4562 = DIRECTION('',(0.,-1.,0.));
#4563 = DIRECTION('',(-1.,0.,0.));
#4564 = ADVANCED_FACE('',(#4565),#4571,.T.);
#4565 = FACE_BOUND('',#4566,.T.);
#4566 = EDGE_LOOP('',(#4567,#4568,#4569,#4570));
#4567 = ORIENTED_EDGE('',*,*,#981,.F.);
#4568 = ORIENTED_EDGE('',*,*,#4554,.T.);
#4569 = ORIENTED_EDGE('',*,*,#2342,.F.);
#4570 = ORIENTED_EDGE('',*,*,#4513,.F.);
#4571 = PLANE('',#4572);
#4572 = AXIS2_PLACEMENT_3D('',#4573,#4574,#4575);
#4573 = CARTESIAN_POINT('',(24.687899056697,13.,0.));
#4574 = DIRECTION('',(1.,0.,0.));
#4575 = DIRECTION('',(0.,-1.,0.));
#4576 = ADVANCED_FACE('',(#4577),#4593,.T.);
#4577 = FACE_BOUND('',#4578,.T.);
#4578 = EDGE_LOOP('',(#4579,#4580,#4586,#4587));
#4579 = ORIENTED_EDGE('',*,*,#1005,.F.);
#4580 = ORIENTED_EDGE('',*,*,#4581,.T.);
#4581 = EDGE_CURVE('',#1006,#2369,#4582,.T.);
#4582 = LINE('',#4583,#4584);
#4583 = CARTESIAN_POINT('',(27.227899056697,12.4,0.));
#4584 = VECTOR('',#4585,1.);
#4585 = DIRECTION('',(0.,0.,1.));
#4586 = ORIENTED_EDGE('',*,*,#2368,.F.);
#4587 = ORIENTED_EDGE('',*,*,#4588,.F.);
#4588 = EDGE_CURVE('',#1008,#2361,#4589,.T.);
#4589 = LINE('',#4590,#4591);
#4590 = CARTESIAN_POINT('',(27.827899056697,12.4,0.));
#4591 = VECTOR('',#4592,1.);
#4592 = DIRECTION('',(0.,0.,1.));
#4593 = PLANE('',#4594);
#4594 = AXIS2_PLACEMENT_3D('',#4595,#4596,#4597);
#4595 = CARTESIAN_POINT('',(27.227899056697,12.4,0.));
#4596 = DIRECTION('',(0.,1.,0.));
#4597 = DIRECTION('',(1.,0.,0.));
#4598 = ADVANCED_FACE('',(#4599),#4610,.T.);
#4599 = FACE_BOUND('',#4600,.T.);
#4600 = EDGE_LOOP('',(#4601,#4602,#4603,#4604));
#4601 = ORIENTED_EDGE('',*,*,#1031,.F.);
#4602 = ORIENTED_EDGE('',*,*,#4588,.T.);
#4603 = ORIENTED_EDGE('',*,*,#2358,.F.);
#4604 = ORIENTED_EDGE('',*,*,#4605,.F.);
#4605 = EDGE_CURVE('',#1024,#2359,#4606,.T.);
#4606 = LINE('',#4607,#4608);
#4607 = CARTESIAN_POINT('',(27.827899056697,13.,0.));
#4608 = VECTOR('',#4609,1.);
#4609 = DIRECTION('',(0.,0.,1.));
#4610 = PLANE('',#4611);
#4611 = AXIS2_PLACEMENT_3D('',#4612,#4613,#4614);
#4612 = CARTESIAN_POINT('',(27.827899056697,12.4,0.));
#4613 = DIRECTION('',(-1.,0.,0.));
#4614 = DIRECTION('',(0.,1.,0.));
#4615 = ADVANCED_FACE('',(#4616),#4627,.T.);
#4616 = FACE_BOUND('',#4617,.T.);
#4617 = EDGE_LOOP('',(#4618,#4619,#4620,#4621));
#4618 = ORIENTED_EDGE('',*,*,#1023,.F.);
#4619 = ORIENTED_EDGE('',*,*,#4605,.T.);
#4620 = ORIENTED_EDGE('',*,*,#2384,.F.);
#4621 = ORIENTED_EDGE('',*,*,#4622,.F.);
#4622 = EDGE_CURVE('',#1016,#2377,#4623,.T.);
#4623 = LINE('',#4624,#4625);
#4624 = CARTESIAN_POINT('',(27.227899056697,13.,0.));
#4625 = VECTOR('',#4626,1.);
#4626 = DIRECTION('',(0.,0.,1.));
#4627 = PLANE('',#4628);
#4628 = AXIS2_PLACEMENT_3D('',#4629,#4630,#4631);
#4629 = CARTESIAN_POINT('',(27.827899056697,13.,0.));
#4630 = DIRECTION('',(0.,-1.,0.));
#4631 = DIRECTION('',(-1.,0.,0.));
#4632 = ADVANCED_FACE('',(#4633),#4639,.T.);
#4633 = FACE_BOUND('',#4634,.T.);
#4634 = EDGE_LOOP('',(#4635,#4636,#4637,#4638));
#4635 = ORIENTED_EDGE('',*,*,#1015,.F.);
#4636 = ORIENTED_EDGE('',*,*,#4622,.T.);
#4637 = ORIENTED_EDGE('',*,*,#2376,.F.);
#4638 = ORIENTED_EDGE('',*,*,#4581,.F.);
#4639 = PLANE('',#4640);
#4640 = AXIS2_PLACEMENT_3D('',#4641,#4642,#4643);
#4641 = CARTESIAN_POINT('',(27.227899056697,13.,0.));
#4642 = DIRECTION('',(1.,0.,0.));
#4643 = DIRECTION('',(0.,-1.,0.));
#4644 = ADVANCED_FACE('',(#4645),#4661,.T.);
#4645 = FACE_BOUND('',#4646,.T.);
#4646 = EDGE_LOOP('',(#4647,#4648,#4654,#4655));
#4647 = ORIENTED_EDGE('',*,*,#1039,.F.);
#4648 = ORIENTED_EDGE('',*,*,#4649,.T.);
#4649 = EDGE_CURVE('',#1040,#2403,#4650,.T.);
#4650 = LINE('',#4651,#4652);
#4651 = CARTESIAN_POINT('',(29.767899056697,12.4,0.));
#4652 = VECTOR('',#4653,1.);
#4653 = DIRECTION('',(0.,0.,1.));
#4654 = ORIENTED_EDGE('',*,*,#2402,.F.);
#4655 = ORIENTED_EDGE('',*,*,#4656,.F.);
#4656 = EDGE_CURVE('',#1042,#2395,#4657,.T.);
#4657 = LINE('',#4658,#4659);
#4658 = CARTESIAN_POINT('',(30.367899056697,12.4,0.));
#4659 = VECTOR('',#4660,1.);
#4660 = DIRECTION('',(0.,0.,1.));
#4661 = PLANE('',#4662);
#4662 = AXIS2_PLACEMENT_3D('',#4663,#4664,#4665);
#4663 = CARTESIAN_POINT('',(29.767899056697,12.4,0.));
#4664 = DIRECTION('',(0.,1.,0.));
#4665 = DIRECTION('',(1.,0.,0.));
#4666 = ADVANCED_FACE('',(#4667),#4678,.T.);
#4667 = FACE_BOUND('',#4668,.T.);
#4668 = EDGE_LOOP('',(#4669,#4670,#4671,#4672));
#4669 = ORIENTED_EDGE('',*,*,#1065,.F.);
#4670 = ORIENTED_EDGE('',*,*,#4656,.T.);
#4671 = ORIENTED_EDGE('',*,*,#2392,.F.);
#4672 = ORIENTED_EDGE('',*,*,#4673,.F.);
#4673 = EDGE_CURVE('',#1058,#2393,#4674,.T.);
#4674 = LINE('',#4675,#4676);
#4675 = CARTESIAN_POINT('',(30.367899056697,13.,0.));
#4676 = VECTOR('',#4677,1.);
#4677 = DIRECTION('',(0.,0.,1.));
#4678 = PLANE('',#4679);
#4679 = AXIS2_PLACEMENT_3D('',#4680,#4681,#4682);
#4680 = CARTESIAN_POINT('',(30.367899056697,12.4,0.));
#4681 = DIRECTION('',(-1.,0.,0.));
#4682 = DIRECTION('',(0.,1.,0.));
#4683 = ADVANCED_FACE('',(#4684),#4695,.T.);
#4684 = FACE_BOUND('',#4685,.T.);
#4685 = EDGE_LOOP('',(#4686,#4687,#4688,#4689));
#4686 = ORIENTED_EDGE('',*,*,#1057,.F.);
#4687 = ORIENTED_EDGE('',*,*,#4673,.T.);
#4688 = ORIENTED_EDGE('',*,*,#2418,.F.);
#4689 = ORIENTED_EDGE('',*,*,#4690,.F.);
#4690 = EDGE_CURVE('',#1050,#2411,#4691,.T.);
#4691 = LINE('',#4692,#4693);
#4692 = CARTESIAN_POINT('',(29.767899056697,13.,0.));
#4693 = VECTOR('',#4694,1.);
#4694 = DIRECTION('',(0.,0.,1.));
#4695 = PLANE('',#4696);
#4696 = AXIS2_PLACEMENT_3D('',#4697,#4698,#4699);
#4697 = CARTESIAN_POINT('',(30.367899056697,13.,0.));
#4698 = DIRECTION('',(0.,-1.,0.));
#4699 = DIRECTION('',(-1.,0.,0.));
#4700 = ADVANCED_FACE('',(#4701),#4707,.T.);
#4701 = FACE_BOUND('',#4702,.T.);
#4702 = EDGE_LOOP('',(#4703,#4704,#4705,#4706));
#4703 = ORIENTED_EDGE('',*,*,#1049,.F.);
#4704 = ORIENTED_EDGE('',*,*,#4690,.T.);
#4705 = ORIENTED_EDGE('',*,*,#2410,.F.);
#4706 = ORIENTED_EDGE('',*,*,#4649,.F.);
#4707 = PLANE('',#4708);
#4708 = AXIS2_PLACEMENT_3D('',#4709,#4710,#4711);
#4709 = CARTESIAN_POINT('',(29.767899056697,13.,0.));
#4710 = DIRECTION('',(1.,0.,0.));
#4711 = DIRECTION('',(0.,-1.,0.));
#4712 = ADVANCED_FACE('',(#4713),#4729,.T.);
#4713 = FACE_BOUND('',#4714,.T.);
#4714 = EDGE_LOOP('',(#4715,#4716,#4722,#4723));
#4715 = ORIENTED_EDGE('',*,*,#1073,.F.);
#4716 = ORIENTED_EDGE('',*,*,#4717,.T.);
#4717 = EDGE_CURVE('',#1074,#2437,#4718,.T.);
#4718 = LINE('',#4719,#4720);
#4719 = CARTESIAN_POINT('',(32.307899056697,12.4,0.));
#4720 = VECTOR('',#4721,1.);
#4721 = DIRECTION('',(0.,0.,1.));
#4722 = ORIENTED_EDGE('',*,*,#2436,.F.);
#4723 = ORIENTED_EDGE('',*,*,#4724,.F.);
#4724 = EDGE_CURVE('',#1076,#2429,#4725,.T.);
#4725 = LINE('',#4726,#4727);
#4726 = CARTESIAN_POINT('',(32.907899056697,12.4,0.));
#4727 = VECTOR('',#4728,1.);
#4728 = DIRECTION('',(0.,0.,1.));
#4729 = PLANE('',#4730);
#4730 = AXIS2_PLACEMENT_3D('',#4731,#4732,#4733);
#4731 = CARTESIAN_POINT('',(32.307899056697,12.4,0.));
#4732 = DIRECTION('',(0.,1.,0.));
#4733 = DIRECTION('',(1.,0.,0.));
#4734 = ADVANCED_FACE('',(#4735),#4746,.T.);
#4735 = FACE_BOUND('',#4736,.T.);
#4736 = EDGE_LOOP('',(#4737,#4738,#4739,#4740));
#4737 = ORIENTED_EDGE('',*,*,#1099,.F.);
#4738 = ORIENTED_EDGE('',*,*,#4724,.T.);
#4739 = ORIENTED_EDGE('',*,*,#2426,.F.);
#4740 = ORIENTED_EDGE('',*,*,#4741,.F.);
#4741 = EDGE_CURVE('',#1092,#2427,#4742,.T.);
#4742 = LINE('',#4743,#4744);
#4743 = CARTESIAN_POINT('',(32.907899056697,13.,0.));
#4744 = VECTOR('',#4745,1.);
#4745 = DIRECTION('',(0.,0.,1.));
#4746 = PLANE('',#4747);
#4747 = AXIS2_PLACEMENT_3D('',#4748,#4749,#4750);
#4748 = CARTESIAN_POINT('',(32.907899056697,12.4,0.));
#4749 = DIRECTION('',(-1.,0.,0.));
#4750 = DIRECTION('',(0.,1.,0.));
#4751 = ADVANCED_FACE('',(#4752),#4763,.T.);
#4752 = FACE_BOUND('',#4753,.T.);
#4753 = EDGE_LOOP('',(#4754,#4755,#4756,#4757));
#4754 = ORIENTED_EDGE('',*,*,#1091,.F.);
#4755 = ORIENTED_EDGE('',*,*,#4741,.T.);
#4756 = ORIENTED_EDGE('',*,*,#2452,.F.);
#4757 = ORIENTED_EDGE('',*,*,#4758,.F.);
#4758 = EDGE_CURVE('',#1084,#2445,#4759,.T.);
#4759 = LINE('',#4760,#4761);
#4760 = CARTESIAN_POINT('',(32.307899056697,13.,0.));
#4761 = VECTOR('',#4762,1.);
#4762 = DIRECTION('',(0.,0.,1.));
#4763 = PLANE('',#4764);
#4764 = AXIS2_PLACEMENT_3D('',#4765,#4766,#4767);
#4765 = CARTESIAN_POINT('',(32.907899056697,13.,0.));
#4766 = DIRECTION('',(0.,-1.,0.));
#4767 = DIRECTION('',(-1.,0.,0.));
#4768 = ADVANCED_FACE('',(#4769),#4775,.T.);
#4769 = FACE_BOUND('',#4770,.T.);
#4770 = EDGE_LOOP('',(#4771,#4772,#4773,#4774));
#4771 = ORIENTED_EDGE('',*,*,#1083,.F.);
#4772 = ORIENTED_EDGE('',*,*,#4758,.T.);
#4773 = ORIENTED_EDGE('',*,*,#2444,.F.);
#4774 = ORIENTED_EDGE('',*,*,#4717,.F.);
#4775 = PLANE('',#4776);
#4776 = AXIS2_PLACEMENT_3D('',#4777,#4778,#4779);
#4777 = CARTESIAN_POINT('',(32.307899056697,13.,0.));
#4778 = DIRECTION('',(1.,0.,0.));
#4779 = DIRECTION('',(0.,-1.,0.));
#4780 = ADVANCED_FACE('',(#4781),#4797,.T.);
#4781 = FACE_BOUND('',#4782,.T.);
#4782 = EDGE_LOOP('',(#4783,#4784,#4790,#4791));
#4783 = ORIENTED_EDGE('',*,*,#1107,.F.);
#4784 = ORIENTED_EDGE('',*,*,#4785,.T.);
#4785 = EDGE_CURVE('',#1108,#2471,#4786,.T.);
#4786 = LINE('',#4787,#4788);
#4787 = CARTESIAN_POINT('',(34.847899056697,12.4,0.));
#4788 = VECTOR('',#4789,1.);
#4789 = DIRECTION('',(0.,0.,1.));
#4790 = ORIENTED_EDGE('',*,*,#2470,.F.);
#4791 = ORIENTED_EDGE('',*,*,#4792,.F.);
#4792 = EDGE_CURVE('',#1110,#2463,#4793,.T.);
#4793 = LINE('',#4794,#4795);
#4794 = CARTESIAN_POINT('',(35.447899056697,12.4,0.));
#4795 = VECTOR('',#4796,1.);
#4796 = DIRECTION('',(0.,0.,1.));
#4797 = PLANE('',#4798);
#4798 = AXIS2_PLACEMENT_3D('',#4799,#4800,#4801);
#4799 = CARTESIAN_POINT('',(34.847899056697,12.4,0.));
#4800 = DIRECTION('',(0.,1.,0.));
#4801 = DIRECTION('',(1.,0.,0.));
#4802 = ADVANCED_FACE('',(#4803),#4814,.T.);
#4803 = FACE_BOUND('',#4804,.T.);
#4804 = EDGE_LOOP('',(#4805,#4806,#4807,#4808));
#4805 = ORIENTED_EDGE('',*,*,#1133,.F.);
#4806 = ORIENTED_EDGE('',*,*,#4792,.T.);
#4807 = ORIENTED_EDGE('',*,*,#2460,.F.);
#4808 = ORIENTED_EDGE('',*,*,#4809,.F.);
#4809 = EDGE_CURVE('',#1126,#2461,#4810,.T.);
#4810 = LINE('',#4811,#4812);
#4811 = CARTESIAN_POINT('',(35.447899056697,13.,0.));
#4812 = VECTOR('',#4813,1.);
#4813 = DIRECTION('',(0.,0.,1.));
#4814 = PLANE('',#4815);
#4815 = AXIS2_PLACEMENT_3D('',#4816,#4817,#4818);
#4816 = CARTESIAN_POINT('',(35.447899056697,12.4,0.));
#4817 = DIRECTION('',(-1.,0.,0.));
#4818 = DIRECTION('',(0.,1.,0.));
#4819 = ADVANCED_FACE('',(#4820),#4831,.T.);
#4820 = FACE_BOUND('',#4821,.T.);
#4821 = EDGE_LOOP('',(#4822,#4823,#4824,#4825));
#4822 = ORIENTED_EDGE('',*,*,#1125,.F.);
#4823 = ORIENTED_EDGE('',*,*,#4809,.T.);
#4824 = ORIENTED_EDGE('',*,*,#2486,.F.);
#4825 = ORIENTED_EDGE('',*,*,#4826,.F.);
#4826 = EDGE_CURVE('',#1118,#2479,#4827,.T.);
#4827 = LINE('',#4828,#4829);
#4828 = CARTESIAN_POINT('',(34.847899056697,13.,0.));
#4829 = VECTOR('',#4830,1.);
#4830 = DIRECTION('',(0.,0.,1.));
#4831 = PLANE('',#4832);
#4832 = AXIS2_PLACEMENT_3D('',#4833,#4834,#4835);
#4833 = CARTESIAN_POINT('',(35.447899056697,13.,0.));
#4834 = DIRECTION('',(0.,-1.,0.));
#4835 = DIRECTION('',(-1.,0.,0.));
#4836 = ADVANCED_FACE('',(#4837),#4843,.T.);
#4837 = FACE_BOUND('',#4838,.T.);
#4838 = EDGE_LOOP('',(#4839,#4840,#4841,#4842));
#4839 = ORIENTED_EDGE('',*,*,#1117,.F.);
#4840 = ORIENTED_EDGE('',*,*,#4826,.T.);
#4841 = ORIENTED_EDGE('',*,*,#2478,.F.);
#4842 = ORIENTED_EDGE('',*,*,#4785,.F.);
#4843 = PLANE('',#4844);
#4844 = AXIS2_PLACEMENT_3D('',#4845,#4846,#4847);
#4845 = CARTESIAN_POINT('',(34.847899056697,13.,0.));
#4846 = DIRECTION('',(1.,0.,0.));
#4847 = DIRECTION('',(0.,-1.,0.));
#4848 = ADVANCED_FACE('',(#4849),#4865,.T.);
#4849 = FACE_BOUND('',#4850,.T.);
#4850 = EDGE_LOOP('',(#4851,#4852,#4858,#4859));
#4851 = ORIENTED_EDGE('',*,*,#1141,.F.);
#4852 = ORIENTED_EDGE('',*,*,#4853,.T.);
#4853 = EDGE_CURVE('',#1142,#2505,#4854,.T.);
#4854 = LINE('',#4855,#4856);
#4855 = CARTESIAN_POINT('',(37.387899056697,12.4,0.));
#4856 = VECTOR('',#4857,1.);
#4857 = DIRECTION('',(0.,0.,1.));
#4858 = ORIENTED_EDGE('',*,*,#2504,.F.);
#4859 = ORIENTED_EDGE('',*,*,#4860,.F.);
#4860 = EDGE_CURVE('',#1144,#2497,#4861,.T.);
#4861 = LINE('',#4862,#4863);
#4862 = CARTESIAN_POINT('',(37.987899056697,12.4,0.));
#4863 = VECTOR('',#4864,1.);
#4864 = DIRECTION('',(0.,0.,1.));
#4865 = PLANE('',#4866);
#4866 = AXIS2_PLACEMENT_3D('',#4867,#4868,#4869);
#4867 = CARTESIAN_POINT('',(37.387899056697,12.4,0.));
#4868 = DIRECTION('',(0.,1.,0.));
#4869 = DIRECTION('',(1.,0.,0.));
#4870 = ADVANCED_FACE('',(#4871),#4882,.T.);
#4871 = FACE_BOUND('',#4872,.T.);
#4872 = EDGE_LOOP('',(#4873,#4874,#4875,#4876));
#4873 = ORIENTED_EDGE('',*,*,#1167,.F.);
#4874 = ORIENTED_EDGE('',*,*,#4860,.T.);
#4875 = ORIENTED_EDGE('',*,*,#2494,.F.);
#4876 = ORIENTED_EDGE('',*,*,#4877,.F.);
#4877 = EDGE_CURVE('',#1160,#2495,#4878,.T.);
#4878 = LINE('',#4879,#4880);
#4879 = CARTESIAN_POINT('',(37.987899056697,13.,0.));
#4880 = VECTOR('',#4881,1.);
#4881 = DIRECTION('',(0.,0.,1.));
#4882 = PLANE('',#4883);
#4883 = AXIS2_PLACEMENT_3D('',#4884,#4885,#4886);
#4884 = CARTESIAN_POINT('',(37.987899056697,12.4,0.));
#4885 = DIRECTION('',(-1.,0.,0.));
#4886 = DIRECTION('',(0.,1.,0.));
#4887 = ADVANCED_FACE('',(#4888),#4899,.T.);
#4888 = FACE_BOUND('',#4889,.T.);
#4889 = EDGE_LOOP('',(#4890,#4891,#4892,#4893));
#4890 = ORIENTED_EDGE('',*,*,#1159,.F.);
#4891 = ORIENTED_EDGE('',*,*,#4877,.T.);
#4892 = ORIENTED_EDGE('',*,*,#2520,.F.);
#4893 = ORIENTED_EDGE('',*,*,#4894,.F.);
#4894 = EDGE_CURVE('',#1152,#2513,#4895,.T.);
#4895 = LINE('',#4896,#4897);
#4896 = CARTESIAN_POINT('',(37.387899056697,13.,0.));
#4897 = VECTOR('',#4898,1.);
#4898 = DIRECTION('',(0.,0.,1.));
#4899 = PLANE('',#4900);
#4900 = AXIS2_PLACEMENT_3D('',#4901,#4902,#4903);
#4901 = CARTESIAN_POINT('',(37.987899056697,13.,0.));
#4902 = DIRECTION('',(0.,-1.,0.));
#4903 = DIRECTION('',(-1.,0.,0.));
#4904 = ADVANCED_FACE('',(#4905),#4911,.T.);
#4905 = FACE_BOUND('',#4906,.T.);
#4906 = EDGE_LOOP('',(#4907,#4908,#4909,#4910));
#4907 = ORIENTED_EDGE('',*,*,#1151,.F.);
#4908 = ORIENTED_EDGE('',*,*,#4894,.T.);
#4909 = ORIENTED_EDGE('',*,*,#2512,.F.);
#4910 = ORIENTED_EDGE('',*,*,#4853,.F.);
#4911 = PLANE('',#4912);
#4912 = AXIS2_PLACEMENT_3D('',#4913,#4914,#4915);
#4913 = CARTESIAN_POINT('',(37.387899056697,13.,0.));
#4914 = DIRECTION('',(1.,0.,0.));
#4915 = DIRECTION('',(0.,-1.,0.));
#4916 = ADVANCED_FACE('',(#4917),#4933,.T.);
#4917 = FACE_BOUND('',#4918,.T.);
#4918 = EDGE_LOOP('',(#4919,#4920,#4926,#4927));
#4919 = ORIENTED_EDGE('',*,*,#1175,.F.);
#4920 = ORIENTED_EDGE('',*,*,#4921,.T.);
#4921 = EDGE_CURVE('',#1176,#2573,#4922,.T.);
#4922 = LINE('',#4923,#4924);
#4923 = CARTESIAN_POINT('',(39.927899056697,12.4,0.));
#4924 = VECTOR('',#4925,1.);
#4925 = DIRECTION('',(0.,0.,1.));
#4926 = ORIENTED_EDGE('',*,*,#2572,.F.);
#4927 = ORIENTED_EDGE('',*,*,#4928,.F.);
#4928 = EDGE_CURVE('',#1178,#2565,#4929,.T.);
#4929 = LINE('',#4930,#4931);
#4930 = CARTESIAN_POINT('',(40.527899056697,12.4,0.));
#4931 = VECTOR('',#4932,1.);
#4932 = DIRECTION('',(0.,0.,1.));
#4933 = PLANE('',#4934);
#4934 = AXIS2_PLACEMENT_3D('',#4935,#4936,#4937);
#4935 = CARTESIAN_POINT('',(39.927899056697,12.4,0.));
#4936 = DIRECTION('',(0.,1.,0.));
#4937 = DIRECTION('',(1.,0.,0.));
#4938 = ADVANCED_FACE('',(#4939),#4950,.T.);
#4939 = FACE_BOUND('',#4940,.T.);
#4940 = EDGE_LOOP('',(#4941,#4942,#4943,#4944));
#4941 = ORIENTED_EDGE('',*,*,#1201,.F.);
#4942 = ORIENTED_EDGE('',*,*,#4928,.T.);
#4943 = ORIENTED_EDGE('',*,*,#2562,.F.);
#4944 = ORIENTED_EDGE('',*,*,#4945,.F.);
#4945 = EDGE_CURVE('',#1194,#2563,#4946,.T.);
#4946 = LINE('',#4947,#4948);
#4947 = CARTESIAN_POINT('',(40.527899056697,13.,0.));
#4948 = VECTOR('',#4949,1.);
#4949 = DIRECTION('',(0.,0.,1.));
#4950 = PLANE('',#4951);
#4951 = AXIS2_PLACEMENT_3D('',#4952,#4953,#4954);
#4952 = CARTESIAN_POINT('',(40.527899056697,12.4,0.));
#4953 = DIRECTION('',(-1.,0.,0.));
#4954 = DIRECTION('',(0.,1.,0.));
#4955 = ADVANCED_FACE('',(#4956),#4967,.T.);
#4956 = FACE_BOUND('',#4957,.T.);
#4957 = EDGE_LOOP('',(#4958,#4959,#4960,#4961));
#4958 = ORIENTED_EDGE('',*,*,#1193,.F.);
#4959 = ORIENTED_EDGE('',*,*,#4945,.T.);
#4960 = ORIENTED_EDGE('',*,*,#2588,.F.);
#4961 = ORIENTED_EDGE('',*,*,#4962,.F.);
#4962 = EDGE_CURVE('',#1186,#2581,#4963,.T.);
#4963 = LINE('',#4964,#4965);
#4964 = CARTESIAN_POINT('',(39.927899056697,13.,0.));
#4965 = VECTOR('',#4966,1.);
#4966 = DIRECTION('',(0.,0.,1.));
#4967 = PLANE('',#4968);
#4968 = AXIS2_PLACEMENT_3D('',#4969,#4970,#4971);
#4969 = CARTESIAN_POINT('',(40.527899056697,13.,0.));
#4970 = DIRECTION('',(0.,-1.,0.));
#4971 = DIRECTION('',(-1.,0.,0.));
#4972 = ADVANCED_FACE('',(#4973),#4979,.T.);
#4973 = FACE_BOUND('',#4974,.T.);
#4974 = EDGE_LOOP('',(#4975,#4976,#4977,#4978));
#4975 = ORIENTED_EDGE('',*,*,#1185,.F.);
#4976 = ORIENTED_EDGE('',*,*,#4962,.T.);
#4977 = ORIENTED_EDGE('',*,*,#2580,.F.);
#4978 = ORIENTED_EDGE('',*,*,#4921,.F.);
#4979 = PLANE('',#4980);
#4980 = AXIS2_PLACEMENT_3D('',#4981,#4982,#4983);
#4981 = CARTESIAN_POINT('',(39.927899056697,13.,0.));
#4982 = DIRECTION('',(1.,0.,0.));
#4983 = DIRECTION('',(0.,-1.,0.));
#4984 = ADVANCED_FACE('',(#4985),#5001,.T.);
#4985 = FACE_BOUND('',#4986,.T.);
#4986 = EDGE_LOOP('',(#4987,#4988,#4994,#4995));
#4987 = ORIENTED_EDGE('',*,*,#1209,.F.);
#4988 = ORIENTED_EDGE('',*,*,#4989,.T.);
#4989 = EDGE_CURVE('',#1210,#2607,#4990,.T.);
#4990 = LINE('',#4991,#4992);
#4991 = CARTESIAN_POINT('',(42.467899056697,12.4,0.));
#4992 = VECTOR('',#4993,1.);
#4993 = DIRECTION('',(0.,0.,1.));
#4994 = ORIENTED_EDGE('',*,*,#2606,.F.);
#4995 = ORIENTED_EDGE('',*,*,#4996,.F.);
#4996 = EDGE_CURVE('',#1212,#2599,#4997,.T.);
#4997 = LINE('',#4998,#4999);
#4998 = CARTESIAN_POINT('',(43.067899056697,12.4,0.));
#4999 = VECTOR('',#5000,1.);
#5000 = DIRECTION('',(0.,0.,1.));
#5001 = PLANE('',#5002);
#5002 = AXIS2_PLACEMENT_3D('',#5003,#5004,#5005);
#5003 = CARTESIAN_POINT('',(42.467899056697,12.4,0.));
#5004 = DIRECTION('',(0.,1.,0.));
#5005 = DIRECTION('',(1.,0.,0.));
#5006 = ADVANCED_FACE('',(#5007),#5018,.T.);
#5007 = FACE_BOUND('',#5008,.T.);
#5008 = EDGE_LOOP('',(#5009,#5010,#5011,#5012));
#5009 = ORIENTED_EDGE('',*,*,#1235,.F.);
#5010 = ORIENTED_EDGE('',*,*,#4996,.T.);
#5011 = ORIENTED_EDGE('',*,*,#2596,.F.);
#5012 = ORIENTED_EDGE('',*,*,#5013,.F.);
#5013 = EDGE_CURVE('',#1228,#2597,#5014,.T.);
#5014 = LINE('',#5015,#5016);
#5015 = CARTESIAN_POINT('',(43.067899056697,13.,0.));
#5016 = VECTOR('',#5017,1.);
#5017 = DIRECTION('',(0.,0.,1.));
#5018 = PLANE('',#5019);
#5019 = AXIS2_PLACEMENT_3D('',#5020,#5021,#5022);
#5020 = CARTESIAN_POINT('',(43.067899056697,12.4,0.));
#5021 = DIRECTION('',(-1.,0.,0.));
#5022 = DIRECTION('',(0.,1.,0.));
#5023 = ADVANCED_FACE('',(#5024),#5035,.T.);
#5024 = FACE_BOUND('',#5025,.T.);
#5025 = EDGE_LOOP('',(#5026,#5027,#5028,#5029));
#5026 = ORIENTED_EDGE('',*,*,#1227,.F.);
#5027 = ORIENTED_EDGE('',*,*,#5013,.T.);
#5028 = ORIENTED_EDGE('',*,*,#2622,.F.);
#5029 = ORIENTED_EDGE('',*,*,#5030,.F.);
#5030 = EDGE_CURVE('',#1220,#2615,#5031,.T.);
#5031 = LINE('',#5032,#5033);
#5032 = CARTESIAN_POINT('',(42.467899056697,13.,0.));
#5033 = VECTOR('',#5034,1.);
#5034 = DIRECTION('',(0.,0.,1.));
#5035 = PLANE('',#5036);
#5036 = AXIS2_PLACEMENT_3D('',#5037,#5038,#5039);
#5037 = CARTESIAN_POINT('',(43.067899056697,13.,0.));
#5038 = DIRECTION('',(0.,-1.,0.));
#5039 = DIRECTION('',(-1.,0.,0.));
#5040 = ADVANCED_FACE('',(#5041),#5047,.T.);
#5041 = FACE_BOUND('',#5042,.T.);
#5042 = EDGE_LOOP('',(#5043,#5044,#5045,#5046));
#5043 = ORIENTED_EDGE('',*,*,#1219,.F.);
#5044 = ORIENTED_EDGE('',*,*,#5030,.T.);
#5045 = ORIENTED_EDGE('',*,*,#2614,.F.);
#5046 = ORIENTED_EDGE('',*,*,#4989,.F.);
#5047 = PLANE('',#5048);
#5048 = AXIS2_PLACEMENT_3D('',#5049,#5050,#5051);
#5049 = CARTESIAN_POINT('',(42.467899056697,13.,0.));
#5050 = DIRECTION('',(1.,0.,0.));
#5051 = DIRECTION('',(0.,-1.,0.));
#5052 = ADVANCED_FACE('',(#5053),#5069,.T.);
#5053 = FACE_BOUND('',#5054,.T.);
#5054 = EDGE_LOOP('',(#5055,#5056,#5062,#5063));
#5055 = ORIENTED_EDGE('',*,*,#1243,.F.);
#5056 = ORIENTED_EDGE('',*,*,#5057,.T.);
#5057 = EDGE_CURVE('',#1244,#2641,#5058,.T.);
#5058 = LINE('',#5059,#5060);
#5059 = CARTESIAN_POINT('',(45.007899056697,12.4,0.));
#5060 = VECTOR('',#5061,1.);
#5061 = DIRECTION('',(0.,0.,1.));
#5062 = ORIENTED_EDGE('',*,*,#2640,.F.);
#5063 = ORIENTED_EDGE('',*,*,#5064,.F.);
#5064 = EDGE_CURVE('',#1246,#2633,#5065,.T.);
#5065 = LINE('',#5066,#5067);
#5066 = CARTESIAN_POINT('',(45.607899056697,12.4,0.));
#5067 = VECTOR('',#5068,1.);
#5068 = DIRECTION('',(0.,0.,1.));
#5069 = PLANE('',#5070);
#5070 = AXIS2_PLACEMENT_3D('',#5071,#5072,#5073);
#5071 = CARTESIAN_POINT('',(45.007899056697,12.4,0.));
#5072 = DIRECTION('',(0.,1.,0.));
#5073 = DIRECTION('',(1.,0.,0.));
#5074 = ADVANCED_FACE('',(#5075),#5086,.T.);
#5075 = FACE_BOUND('',#5076,.T.);
#5076 = EDGE_LOOP('',(#5077,#5078,#5079,#5080));
#5077 = ORIENTED_EDGE('',*,*,#1269,.F.);
#5078 = ORIENTED_EDGE('',*,*,#5064,.T.);
#5079 = ORIENTED_EDGE('',*,*,#2630,.F.);
#5080 = ORIENTED_EDGE('',*,*,#5081,.F.);
#5081 = EDGE_CURVE('',#1262,#2631,#5082,.T.);
#5082 = LINE('',#5083,#5084);
#5083 = CARTESIAN_POINT('',(45.607899056697,13.,0.));
#5084 = VECTOR('',#5085,1.);
#5085 = DIRECTION('',(0.,0.,1.));
#5086 = PLANE('',#5087);
#5087 = AXIS2_PLACEMENT_3D('',#5088,#5089,#5090);
#5088 = CARTESIAN_POINT('',(45.607899056697,12.4,0.));
#5089 = DIRECTION('',(-1.,0.,0.));
#5090 = DIRECTION('',(0.,1.,0.));
#5091 = ADVANCED_FACE('',(#5092),#5103,.T.);
#5092 = FACE_BOUND('',#5093,.T.);
#5093 = EDGE_LOOP('',(#5094,#5095,#5096,#5097));
#5094 = ORIENTED_EDGE('',*,*,#1261,.F.);
#5095 = ORIENTED_EDGE('',*,*,#5081,.T.);
#5096 = ORIENTED_EDGE('',*,*,#2656,.F.);
#5097 = ORIENTED_EDGE('',*,*,#5098,.F.);
#5098 = EDGE_CURVE('',#1254,#2649,#5099,.T.);
#5099 = LINE('',#5100,#5101);
#5100 = CARTESIAN_POINT('',(45.007899056697,13.,0.));
#5101 = VECTOR('',#5102,1.);
#5102 = DIRECTION('',(0.,0.,1.));
#5103 = PLANE('',#5104);
#5104 = AXIS2_PLACEMENT_3D('',#5105,#5106,#5107);
#5105 = CARTESIAN_POINT('',(45.607899056697,13.,0.));
#5106 = DIRECTION('',(0.,-1.,0.));
#5107 = DIRECTION('',(-1.,0.,0.));
#5108 = ADVANCED_FACE('',(#5109),#5115,.T.);
#5109 = FACE_BOUND('',#5110,.T.);
#5110 = EDGE_LOOP('',(#5111,#5112,#5113,#5114));
#5111 = ORIENTED_EDGE('',*,*,#1253,.F.);
#5112 = ORIENTED_EDGE('',*,*,#5098,.T.);
#5113 = ORIENTED_EDGE('',*,*,#2648,.F.);
#5114 = ORIENTED_EDGE('',*,*,#5057,.F.);
#5115 = PLANE('',#5116);
#5116 = AXIS2_PLACEMENT_3D('',#5117,#5118,#5119);
#5117 = CARTESIAN_POINT('',(45.007899056697,13.,0.));
#5118 = DIRECTION('',(1.,0.,0.));
#5119 = DIRECTION('',(0.,-1.,0.));
#5120 = ADVANCED_FACE('',(#5121),#5137,.T.);
#5121 = FACE_BOUND('',#5122,.T.);
#5122 = EDGE_LOOP('',(#5123,#5124,#5130,#5131));
#5123 = ORIENTED_EDGE('',*,*,#1277,.F.);
#5124 = ORIENTED_EDGE('',*,*,#5125,.T.);
#5125 = EDGE_CURVE('',#1278,#2675,#5126,.T.);
#5126 = LINE('',#5127,#5128);
#5127 = CARTESIAN_POINT('',(47.547899056697,12.4,0.));
#5128 = VECTOR('',#5129,1.);
#5129 = DIRECTION('',(0.,0.,1.));
#5130 = ORIENTED_EDGE('',*,*,#2674,.F.);
#5131 = ORIENTED_EDGE('',*,*,#5132,.F.);
#5132 = EDGE_CURVE('',#1280,#2667,#5133,.T.);
#5133 = LINE('',#5134,#5135);
#5134 = CARTESIAN_POINT('',(48.147899056697,12.4,0.));
#5135 = VECTOR('',#5136,1.);
#5136 = DIRECTION('',(0.,0.,1.));
#5137 = PLANE('',#5138);
#5138 = AXIS2_PLACEMENT_3D('',#5139,#5140,#5141);
#5139 = CARTESIAN_POINT('',(47.547899056697,12.4,0.));
#5140 = DIRECTION('',(0.,1.,0.));
#5141 = DIRECTION('',(1.,0.,0.));
#5142 = ADVANCED_FACE('',(#5143),#5154,.T.);
#5143 = FACE_BOUND('',#5144,.T.);
#5144 = EDGE_LOOP('',(#5145,#5146,#5147,#5148));
#5145 = ORIENTED_EDGE('',*,*,#1303,.F.);
#5146 = ORIENTED_EDGE('',*,*,#5132,.T.);
#5147 = ORIENTED_EDGE('',*,*,#2664,.F.);
#5148 = ORIENTED_EDGE('',*,*,#5149,.F.);
#5149 = EDGE_CURVE('',#1296,#2665,#5150,.T.);
#5150 = LINE('',#5151,#5152);
#5151 = CARTESIAN_POINT('',(48.147899056697,13.,0.));
#5152 = VECTOR('',#5153,1.);
#5153 = DIRECTION('',(0.,0.,1.));
#5154 = PLANE('',#5155);
#5155 = AXIS2_PLACEMENT_3D('',#5156,#5157,#5158);
#5156 = CARTESIAN_POINT('',(48.147899056697,12.4,0.));
#5157 = DIRECTION('',(-1.,0.,0.));
#5158 = DIRECTION('',(0.,1.,0.));
#5159 = ADVANCED_FACE('',(#5160),#5171,.T.);
#5160 = FACE_BOUND('',#5161,.T.);
#5161 = EDGE_LOOP('',(#5162,#5163,#5164,#5165));
#5162 = ORIENTED_EDGE('',*,*,#1295,.F.);
#5163 = ORIENTED_EDGE('',*,*,#5149,.T.);
#5164 = ORIENTED_EDGE('',*,*,#2690,.F.);
#5165 = ORIENTED_EDGE('',*,*,#5166,.F.);
#5166 = EDGE_CURVE('',#1288,#2683,#5167,.T.);
#5167 = LINE('',#5168,#5169);
#5168 = CARTESIAN_POINT('',(47.547899056697,13.,0.));
#5169 = VECTOR('',#5170,1.);
#5170 = DIRECTION('',(0.,0.,1.));
#5171 = PLANE('',#5172);
#5172 = AXIS2_PLACEMENT_3D('',#5173,#5174,#5175);
#5173 = CARTESIAN_POINT('',(48.147899056697,13.,0.));
#5174 = DIRECTION('',(0.,-1.,0.));
#5175 = DIRECTION('',(-1.,0.,0.));
#5176 = ADVANCED_FACE('',(#5177),#5183,.T.);
#5177 = FACE_BOUND('',#5178,.T.);
#5178 = EDGE_LOOP('',(#5179,#5180,#5181,#5182));
#5179 = ORIENTED_EDGE('',*,*,#1287,.F.);
#5180 = ORIENTED_EDGE('',*,*,#5166,.T.);
#5181 = ORIENTED_EDGE('',*,*,#2682,.F.);
#5182 = ORIENTED_EDGE('',*,*,#5125,.F.);
#5183 = PLANE('',#5184);
#5184 = AXIS2_PLACEMENT_3D('',#5185,#5186,#5187);
#5185 = CARTESIAN_POINT('',(47.547899056697,13.,0.));
#5186 = DIRECTION('',(1.,0.,0.));
#5187 = DIRECTION('',(0.,-1.,0.));
#5188 = ADVANCED_FACE('',(#5189),#5205,.T.);
#5189 = FACE_BOUND('',#5190,.T.);
#5190 = EDGE_LOOP('',(#5191,#5192,#5198,#5199));
#5191 = ORIENTED_EDGE('',*,*,#1311,.F.);
#5192 = ORIENTED_EDGE('',*,*,#5193,.T.);
#5193 = EDGE_CURVE('',#1312,#2709,#5194,.T.);
#5194 = LINE('',#5195,#5196);
#5195 = CARTESIAN_POINT('',(50.087899056697,12.4,0.));
#5196 = VECTOR('',#5197,1.);
#5197 = DIRECTION('',(0.,0.,1.));
#5198 = ORIENTED_EDGE('',*,*,#2708,.F.);
#5199 = ORIENTED_EDGE('',*,*,#5200,.F.);
#5200 = EDGE_CURVE('',#1314,#2701,#5201,.T.);
#5201 = LINE('',#5202,#5203);
#5202 = CARTESIAN_POINT('',(50.687899056697,12.4,0.));
#5203 = VECTOR('',#5204,1.);
#5204 = DIRECTION('',(0.,0.,1.));
#5205 = PLANE('',#5206);
#5206 = AXIS2_PLACEMENT_3D('',#5207,#5208,#5209);
#5207 = CARTESIAN_POINT('',(50.087899056697,12.4,0.));
#5208 = DIRECTION('',(0.,1.,0.));
#5209 = DIRECTION('',(1.,0.,0.));
#5210 = ADVANCED_FACE('',(#5211),#5222,.T.);
#5211 = FACE_BOUND('',#5212,.T.);
#5212 = EDGE_LOOP('',(#5213,#5214,#5215,#5216));
#5213 = ORIENTED_EDGE('',*,*,#1337,.F.);
#5214 = ORIENTED_EDGE('',*,*,#5200,.T.);
#5215 = ORIENTED_EDGE('',*,*,#2698,.F.);
#5216 = ORIENTED_EDGE('',*,*,#5217,.F.);
#5217 = EDGE_CURVE('',#1330,#2699,#5218,.T.);
#5218 = LINE('',#5219,#5220);
#5219 = CARTESIAN_POINT('',(50.687899056697,13.,0.));
#5220 = VECTOR('',#5221,1.);
#5221 = DIRECTION('',(0.,0.,1.));
#5222 = PLANE('',#5223);
#5223 = AXIS2_PLACEMENT_3D('',#5224,#5225,#5226);
#5224 = CARTESIAN_POINT('',(50.687899056697,12.4,0.));
#5225 = DIRECTION('',(-1.,0.,0.));
#5226 = DIRECTION('',(0.,1.,0.));
#5227 = ADVANCED_FACE('',(#5228),#5239,.T.);
#5228 = FACE_BOUND('',#5229,.T.);
#5229 = EDGE_LOOP('',(#5230,#5231,#5232,#5233));
#5230 = ORIENTED_EDGE('',*,*,#1329,.F.);
#5231 = ORIENTED_EDGE('',*,*,#5217,.T.);
#5232 = ORIENTED_EDGE('',*,*,#2724,.F.);
#5233 = ORIENTED_EDGE('',*,*,#5234,.F.);
#5234 = EDGE_CURVE('',#1322,#2717,#5235,.T.);
#5235 = LINE('',#5236,#5237);
#5236 = CARTESIAN_POINT('',(50.087899056697,13.,0.));
#5237 = VECTOR('',#5238,1.);
#5238 = DIRECTION('',(0.,0.,1.));
#5239 = PLANE('',#5240);
#5240 = AXIS2_PLACEMENT_3D('',#5241,#5242,#5243);
#5241 = CARTESIAN_POINT('',(50.687899056697,13.,0.));
#5242 = DIRECTION('',(0.,-1.,0.));
#5243 = DIRECTION('',(-1.,0.,0.));
#5244 = ADVANCED_FACE('',(#5245),#5251,.T.);
#5245 = FACE_BOUND('',#5246,.T.);
#5246 = EDGE_LOOP('',(#5247,#5248,#5249,#5250));
#5247 = ORIENTED_EDGE('',*,*,#1321,.F.);
#5248 = ORIENTED_EDGE('',*,*,#5234,.T.);
#5249 = ORIENTED_EDGE('',*,*,#2716,.F.);
#5250 = ORIENTED_EDGE('',*,*,#5193,.F.);
#5251 = PLANE('',#5252);
#5252 = AXIS2_PLACEMENT_3D('',#5253,#5254,#5255);
#5253 = CARTESIAN_POINT('',(50.087899056697,13.,0.));
#5254 = DIRECTION('',(1.,0.,0.));
#5255 = DIRECTION('',(0.,-1.,0.));
#5256 = ADVANCED_FACE('',(#5257),#5273,.T.);
#5257 = FACE_BOUND('',#5258,.T.);
#5258 = EDGE_LOOP('',(#5259,#5260,#5266,#5267));
#5259 = ORIENTED_EDGE('',*,*,#1345,.F.);
#5260 = ORIENTED_EDGE('',*,*,#5261,.T.);
#5261 = EDGE_CURVE('',#1346,#2743,#5262,.T.);
#5262 = LINE('',#5263,#5264);
#5263 = CARTESIAN_POINT('',(52.627899056697,12.4,0.));
#5264 = VECTOR('',#5265,1.);
#5265 = DIRECTION('',(0.,0.,1.));
#5266 = ORIENTED_EDGE('',*,*,#2742,.F.);
#5267 = ORIENTED_EDGE('',*,*,#5268,.F.);
#5268 = EDGE_CURVE('',#1348,#2735,#5269,.T.);
#5269 = LINE('',#5270,#5271);
#5270 = CARTESIAN_POINT('',(53.227899056697,12.4,0.));
#5271 = VECTOR('',#5272,1.);
#5272 = DIRECTION('',(0.,0.,1.));
#5273 = PLANE('',#5274);
#5274 = AXIS2_PLACEMENT_3D('',#5275,#5276,#5277);
#5275 = CARTESIAN_POINT('',(52.627899056697,12.4,0.));
#5276 = DIRECTION('',(0.,1.,0.));
#5277 = DIRECTION('',(1.,0.,0.));
#5278 = ADVANCED_FACE('',(#5279),#5290,.T.);
#5279 = FACE_BOUND('',#5280,.T.);
#5280 = EDGE_LOOP('',(#5281,#5282,#5283,#5284));
#5281 = ORIENTED_EDGE('',*,*,#1371,.F.);
#5282 = ORIENTED_EDGE('',*,*,#5268,.T.);
#5283 = ORIENTED_EDGE('',*,*,#2732,.F.);
#5284 = ORIENTED_EDGE('',*,*,#5285,.F.);
#5285 = EDGE_CURVE('',#1364,#2733,#5286,.T.);
#5286 = LINE('',#5287,#5288);
#5287 = CARTESIAN_POINT('',(53.227899056697,13.,0.));
#5288 = VECTOR('',#5289,1.);
#5289 = DIRECTION('',(0.,0.,1.));
#5290 = PLANE('',#5291);
#5291 = AXIS2_PLACEMENT_3D('',#5292,#5293,#5294);
#5292 = CARTESIAN_POINT('',(53.227899056697,12.4,0.));
#5293 = DIRECTION('',(-1.,0.,0.));
#5294 = DIRECTION('',(0.,1.,0.));
#5295 = ADVANCED_FACE('',(#5296),#5307,.T.);
#5296 = FACE_BOUND('',#5297,.T.);
#5297 = EDGE_LOOP('',(#5298,#5299,#5300,#5301));
#5298 = ORIENTED_EDGE('',*,*,#1363,.F.);
#5299 = ORIENTED_EDGE('',*,*,#5285,.T.);
#5300 = ORIENTED_EDGE('',*,*,#2758,.F.);
#5301 = ORIENTED_EDGE('',*,*,#5302,.F.);
#5302 = EDGE_CURVE('',#1356,#2751,#5303,.T.);
#5303 = LINE('',#5304,#5305);
#5304 = CARTESIAN_POINT('',(52.627899056697,13.,0.));
#5305 = VECTOR('',#5306,1.);
#5306 = DIRECTION('',(0.,0.,1.));
#5307 = PLANE('',#5308);
#5308 = AXIS2_PLACEMENT_3D('',#5309,#5310,#5311);
#5309 = CARTESIAN_POINT('',(53.227899056697,13.,0.));
#5310 = DIRECTION('',(0.,-1.,0.));
#5311 = DIRECTION('',(-1.,0.,0.));
#5312 = ADVANCED_FACE('',(#5313),#5319,.T.);
#5313 = FACE_BOUND('',#5314,.T.);
#5314 = EDGE_LOOP('',(#5315,#5316,#5317,#5318));
#5315 = ORIENTED_EDGE('',*,*,#1355,.F.);
#5316 = ORIENTED_EDGE('',*,*,#5302,.T.);
#5317 = ORIENTED_EDGE('',*,*,#2750,.F.);
#5318 = ORIENTED_EDGE('',*,*,#5261,.F.);
#5319 = PLANE('',#5320);
#5320 = AXIS2_PLACEMENT_3D('',#5321,#5322,#5323);
#5321 = CARTESIAN_POINT('',(52.627899056697,13.,0.));
#5322 = DIRECTION('',(1.,0.,0.));
#5323 = DIRECTION('',(0.,-1.,0.));
#5324 = ADVANCED_FACE('',(#5325),#5341,.T.);
#5325 = FACE_BOUND('',#5326,.T.);
#5326 = EDGE_LOOP('',(#5327,#5328,#5334,#5335));
#5327 = ORIENTED_EDGE('',*,*,#1379,.F.);
#5328 = ORIENTED_EDGE('',*,*,#5329,.T.);
#5329 = EDGE_CURVE('',#1380,#2777,#5330,.T.);
#5330 = LINE('',#5331,#5332);
#5331 = CARTESIAN_POINT('',(55.167899056697,12.4,0.));
#5332 = VECTOR('',#5333,1.);
#5333 = DIRECTION('',(0.,0.,1.));
#5334 = ORIENTED_EDGE('',*,*,#2776,.F.);
#5335 = ORIENTED_EDGE('',*,*,#5336,.F.);
#5336 = EDGE_CURVE('',#1382,#2769,#5337,.T.);
#5337 = LINE('',#5338,#5339);
#5338 = CARTESIAN_POINT('',(55.767899056697,12.4,0.));
#5339 = VECTOR('',#5340,1.);
#5340 = DIRECTION('',(0.,0.,1.));
#5341 = PLANE('',#5342);
#5342 = AXIS2_PLACEMENT_3D('',#5343,#5344,#5345);
#5343 = CARTESIAN_POINT('',(55.167899056697,12.4,0.));
#5344 = DIRECTION('',(0.,1.,0.));
#5345 = DIRECTION('',(1.,0.,0.));
#5346 = ADVANCED_FACE('',(#5347),#5358,.T.);
#5347 = FACE_BOUND('',#5348,.T.);
#5348 = EDGE_LOOP('',(#5349,#5350,#5351,#5352));
#5349 = ORIENTED_EDGE('',*,*,#1405,.F.);
#5350 = ORIENTED_EDGE('',*,*,#5336,.T.);
#5351 = ORIENTED_EDGE('',*,*,#2766,.F.);
#5352 = ORIENTED_EDGE('',*,*,#5353,.F.);
#5353 = EDGE_CURVE('',#1398,#2767,#5354,.T.);
#5354 = LINE('',#5355,#5356);
#5355 = CARTESIAN_POINT('',(55.767899056697,13.,0.));
#5356 = VECTOR('',#5357,1.);
#5357 = DIRECTION('',(0.,0.,1.));
#5358 = PLANE('',#5359);
#5359 = AXIS2_PLACEMENT_3D('',#5360,#5361,#5362);
#5360 = CARTESIAN_POINT('',(55.767899056697,12.4,0.));
#5361 = DIRECTION('',(-1.,0.,0.));
#5362 = DIRECTION('',(0.,1.,0.));
#5363 = ADVANCED_FACE('',(#5364),#5375,.T.);
#5364 = FACE_BOUND('',#5365,.T.);
#5365 = EDGE_LOOP('',(#5366,#5367,#5368,#5369));
#5366 = ORIENTED_EDGE('',*,*,#1397,.F.);
#5367 = ORIENTED_EDGE('',*,*,#5353,.T.);
#5368 = ORIENTED_EDGE('',*,*,#2792,.F.);
#5369 = ORIENTED_EDGE('',*,*,#5370,.F.);
#5370 = EDGE_CURVE('',#1390,#2785,#5371,.T.);
#5371 = LINE('',#5372,#5373);
#5372 = CARTESIAN_POINT('',(55.167899056697,13.,0.));
#5373 = VECTOR('',#5374,1.);
#5374 = DIRECTION('',(0.,0.,1.));
#5375 = PLANE('',#5376);
#5376 = AXIS2_PLACEMENT_3D('',#5377,#5378,#5379);
#5377 = CARTESIAN_POINT('',(55.767899056697,13.,0.));
#5378 = DIRECTION('',(0.,-1.,0.));
#5379 = DIRECTION('',(-1.,0.,0.));
#5380 = ADVANCED_FACE('',(#5381),#5387,.T.);
#5381 = FACE_BOUND('',#5382,.T.);
#5382 = EDGE_LOOP('',(#5383,#5384,#5385,#5386));
#5383 = ORIENTED_EDGE('',*,*,#1389,.F.);
#5384 = ORIENTED_EDGE('',*,*,#5370,.T.);
#5385 = ORIENTED_EDGE('',*,*,#2784,.F.);
#5386 = ORIENTED_EDGE('',*,*,#5329,.F.);
#5387 = PLANE('',#5388);
#5388 = AXIS2_PLACEMENT_3D('',#5389,#5390,#5391);
#5389 = CARTESIAN_POINT('',(55.167899056697,13.,0.));
#5390 = DIRECTION('',(1.,0.,0.));
#5391 = DIRECTION('',(0.,-1.,0.));
#5392 = ADVANCED_FACE('',(#5393),#5404,.F.);
#5393 = FACE_BOUND('',#5394,.T.);
#5394 = EDGE_LOOP('',(#5395,#5401,#5402,#5403));
#5395 = ORIENTED_EDGE('',*,*,#5396,.T.);
#5396 = EDGE_CURVE('',#1414,#2835,#5397,.T.);
#5397 = LINE('',#5398,#5399);
#5398 = CARTESIAN_POINT('',(64.337899056697,11.3,0.));
#5399 = VECTOR('',#5400,1.);
#5400 = DIRECTION('',(0.,0.,1.));
#5401 = ORIENTED_EDGE('',*,*,#2834,.T.);
#5402 = ORIENTED_EDGE('',*,*,#5396,.F.);
#5403 = ORIENTED_EDGE('',*,*,#1413,.F.);
#5404 = CYLINDRICAL_SURFACE('',#5405,1.25);
#5405 = AXIS2_PLACEMENT_3D('',#5406,#5407,#5408);
#5406 = CARTESIAN_POINT('',(63.087899056697,11.3,0.));
#5407 = DIRECTION('',(-0.,-0.,-1.));
#5408 = DIRECTION('',(1.,0.,0.));
#5409 = ADVANCED_FACE('',(#5410),#5426,.T.);
#5410 = FACE_BOUND('',#5411,.T.);
#5411 = EDGE_LOOP('',(#5412,#5413,#5419,#5420));
#5412 = ORIENTED_EDGE('',*,*,#1424,.F.);
#5413 = ORIENTED_EDGE('',*,*,#5414,.T.);
#5414 = EDGE_CURVE('',#1425,#2811,#5415,.T.);
#5415 = LINE('',#5416,#5417);
#5416 = CARTESIAN_POINT('',(57.707899056697,12.4,0.));
#5417 = VECTOR('',#5418,1.);
#5418 = DIRECTION('',(0.,0.,1.));
#5419 = ORIENTED_EDGE('',*,*,#2810,.F.);
#5420 = ORIENTED_EDGE('',*,*,#5421,.F.);
#5421 = EDGE_CURVE('',#1427,#2803,#5422,.T.);
#5422 = LINE('',#5423,#5424);
#5423 = CARTESIAN_POINT('',(58.307899056697,12.4,0.));
#5424 = VECTOR('',#5425,1.);
#5425 = DIRECTION('',(0.,0.,1.));
#5426 = PLANE('',#5427);
#5427 = AXIS2_PLACEMENT_3D('',#5428,#5429,#5430);
#5428 = CARTESIAN_POINT('',(57.707899056697,12.4,0.));
#5429 = DIRECTION('',(0.,1.,0.));
#5430 = DIRECTION('',(1.,0.,0.));
#5431 = ADVANCED_FACE('',(#5432),#5443,.T.);
#5432 = FACE_BOUND('',#5433,.T.);
#5433 = EDGE_LOOP('',(#5434,#5435,#5436,#5437));
#5434 = ORIENTED_EDGE('',*,*,#1450,.F.);
#5435 = ORIENTED_EDGE('',*,*,#5421,.T.);
#5436 = ORIENTED_EDGE('',*,*,#2800,.F.);
#5437 = ORIENTED_EDGE('',*,*,#5438,.F.);
#5438 = EDGE_CURVE('',#1443,#2801,#5439,.T.);
#5439 = LINE('',#5440,#5441);
#5440 = CARTESIAN_POINT('',(58.307899056697,13.,0.));
#5441 = VECTOR('',#5442,1.);
#5442 = DIRECTION('',(0.,0.,1.));
#5443 = PLANE('',#5444);
#5444 = AXIS2_PLACEMENT_3D('',#5445,#5446,#5447);
#5445 = CARTESIAN_POINT('',(58.307899056697,12.4,0.));
#5446 = DIRECTION('',(-1.,0.,0.));
#5447 = DIRECTION('',(0.,1.,0.));
#5448 = ADVANCED_FACE('',(#5449),#5460,.T.);
#5449 = FACE_BOUND('',#5450,.T.);
#5450 = EDGE_LOOP('',(#5451,#5452,#5453,#5454));
#5451 = ORIENTED_EDGE('',*,*,#1442,.F.);
#5452 = ORIENTED_EDGE('',*,*,#5438,.T.);
#5453 = ORIENTED_EDGE('',*,*,#2826,.F.);
#5454 = ORIENTED_EDGE('',*,*,#5455,.F.);
#5455 = EDGE_CURVE('',#1435,#2819,#5456,.T.);
#5456 = LINE('',#5457,#5458);
#5457 = CARTESIAN_POINT('',(57.707899056697,13.,0.));
#5458 = VECTOR('',#5459,1.);
#5459 = DIRECTION('',(0.,0.,1.));
#5460 = PLANE('',#5461);
#5461 = AXIS2_PLACEMENT_3D('',#5462,#5463,#5464);
#5462 = CARTESIAN_POINT('',(58.307899056697,13.,0.));
#5463 = DIRECTION('',(0.,-1.,0.));
#5464 = DIRECTION('',(-1.,0.,0.));
#5465 = ADVANCED_FACE('',(#5466),#5472,.T.);
#5466 = FACE_BOUND('',#5467,.T.);
#5467 = EDGE_LOOP('',(#5468,#5469,#5470,#5471));
#5468 = ORIENTED_EDGE('',*,*,#1434,.F.);
#5469 = ORIENTED_EDGE('',*,*,#5455,.T.);
#5470 = ORIENTED_EDGE('',*,*,#2818,.F.);
#5471 = ORIENTED_EDGE('',*,*,#5414,.F.);
#5472 = PLANE('',#5473);
#5473 = AXIS2_PLACEMENT_3D('',#5474,#5475,#5476);
#5474 = CARTESIAN_POINT('',(57.707899056697,13.,0.));
#5475 = DIRECTION('',(1.,0.,0.));
#5476 = DIRECTION('',(0.,-1.,0.));
#5477 = ADVANCED_FACE('',(#5478),#5494,.T.);
#5478 = FACE_BOUND('',#5479,.T.);
#5479 = EDGE_LOOP('',(#5480,#5481,#5487,#5488));
#5480 = ORIENTED_EDGE('',*,*,#1458,.F.);
#5481 = ORIENTED_EDGE('',*,*,#5482,.T.);
#5482 = EDGE_CURVE('',#1459,#2856,#5483,.T.);
#5483 = LINE('',#5484,#5485);
#5484 = CARTESIAN_POINT('',(60.247899056697,12.4,0.));
#5485 = VECTOR('',#5486,1.);
#5486 = DIRECTION('',(0.,0.,1.));
#5487 = ORIENTED_EDGE('',*,*,#2855,.F.);
#5488 = ORIENTED_EDGE('',*,*,#5489,.F.);
#5489 = EDGE_CURVE('',#1461,#2848,#5490,.T.);
#5490 = LINE('',#5491,#5492);
#5491 = CARTESIAN_POINT('',(60.847899056697,12.4,0.));
#5492 = VECTOR('',#5493,1.);
#5493 = DIRECTION('',(0.,0.,1.));
#5494 = PLANE('',#5495);
#5495 = AXIS2_PLACEMENT_3D('',#5496,#5497,#5498);
#5496 = CARTESIAN_POINT('',(60.247899056697,12.4,0.));
#5497 = DIRECTION('',(0.,1.,0.));
#5498 = DIRECTION('',(1.,0.,0.));
#5499 = ADVANCED_FACE('',(#5500),#5511,.T.);
#5500 = FACE_BOUND('',#5501,.T.);
#5501 = EDGE_LOOP('',(#5502,#5503,#5504,#5505));
#5502 = ORIENTED_EDGE('',*,*,#1484,.F.);
#5503 = ORIENTED_EDGE('',*,*,#5489,.T.);
#5504 = ORIENTED_EDGE('',*,*,#2845,.F.);
#5505 = ORIENTED_EDGE('',*,*,#5506,.F.);
#5506 = EDGE_CURVE('',#1477,#2846,#5507,.T.);
#5507 = LINE('',#5508,#5509);
#5508 = CARTESIAN_POINT('',(60.847899056697,13.,0.));
#5509 = VECTOR('',#5510,1.);
#5510 = DIRECTION('',(0.,0.,1.));
#5511 = PLANE('',#5512);
#5512 = AXIS2_PLACEMENT_3D('',#5513,#5514,#5515);
#5513 = CARTESIAN_POINT('',(60.847899056697,12.4,0.));
#5514 = DIRECTION('',(-1.,0.,0.));
#5515 = DIRECTION('',(0.,1.,0.));
#5516 = ADVANCED_FACE('',(#5517),#5528,.T.);
#5517 = FACE_BOUND('',#5518,.T.);
#5518 = EDGE_LOOP('',(#5519,#5520,#5521,#5522));
#5519 = ORIENTED_EDGE('',*,*,#1476,.F.);
#5520 = ORIENTED_EDGE('',*,*,#5506,.T.);
#5521 = ORIENTED_EDGE('',*,*,#2871,.F.);
#5522 = ORIENTED_EDGE('',*,*,#5523,.F.);
#5523 = EDGE_CURVE('',#1469,#2864,#5524,.T.);
#5524 = LINE('',#5525,#5526);
#5525 = CARTESIAN_POINT('',(60.247899056697,13.,0.));
#5526 = VECTOR('',#5527,1.);
#5527 = DIRECTION('',(0.,0.,1.));
#5528 = PLANE('',#5529);
#5529 = AXIS2_PLACEMENT_3D('',#5530,#5531,#5532);
#5530 = CARTESIAN_POINT('',(60.847899056697,13.,0.));
#5531 = DIRECTION('',(0.,-1.,0.));
#5532 = DIRECTION('',(-1.,0.,0.));
#5533 = ADVANCED_FACE('',(#5534),#5540,.T.);
#5534 = FACE_BOUND('',#5535,.T.);
#5535 = EDGE_LOOP('',(#5536,#5537,#5538,#5539));
#5536 = ORIENTED_EDGE('',*,*,#1468,.F.);
#5537 = ORIENTED_EDGE('',*,*,#5523,.T.);
#5538 = ORIENTED_EDGE('',*,*,#2863,.F.);
#5539 = ORIENTED_EDGE('',*,*,#5482,.F.);
#5540 = PLANE('',#5541);
#5541 = AXIS2_PLACEMENT_3D('',#5542,#5543,#5544);
#5542 = CARTESIAN_POINT('',(60.247899056697,13.,0.));
#5543 = DIRECTION('',(1.,0.,0.));
#5544 = DIRECTION('',(0.,-1.,0.));
#5545 = ADVANCED_FACE('',(#5546),#5571,.F.);
#5546 = FACE_BOUND('',#5547,.F.);
#5547 = EDGE_LOOP('',(#5548,#5556,#5564,#5570));
#5548 = ORIENTED_EDGE('',*,*,#5549,.T.);
#5549 = EDGE_CURVE('',#2529,#5550,#5552,.T.);
#5550 = VERTEX_POINT('',#5551);
#5551 = CARTESIAN_POINT('',(39.727899056697,-9.,2.2));
#5552 = LINE('',#5553,#5554);
#5553 = CARTESIAN_POINT('',(39.727899056697,-9.,1.6));
#5554 = VECTOR('',#5555,1.);
#5555 = DIRECTION('',(0.,0.,1.));
#5556 = ORIENTED_EDGE('',*,*,#5557,.T.);
#5557 = EDGE_CURVE('',#5550,#5558,#5560,.T.);
#5558 = VERTEX_POINT('',#5559);
#5559 = CARTESIAN_POINT('',(64.727899056697,-9.,2.2));
#5560 = LINE('',#5561,#5562);
#5561 = CARTESIAN_POINT('',(39.727899056697,-9.,2.2));
#5562 = VECTOR('',#5563,1.);
#5563 = DIRECTION('',(1.,0.,0.));
#5564 = ORIENTED_EDGE('',*,*,#5565,.F.);
#5565 = EDGE_CURVE('',#2531,#5558,#5566,.T.);
#5566 = LINE('',#5567,#5568);
#5567 = CARTESIAN_POINT('',(64.727899056697,-9.,1.6));
#5568 = VECTOR('',#5569,1.);
#5569 = DIRECTION('',(0.,0.,1.));
#5570 = ORIENTED_EDGE('',*,*,#2528,.F.);
#5571 = PLANE('',#5572);
#5572 = AXIS2_PLACEMENT_3D('',#5573,#5574,#5575);
#5573 = CARTESIAN_POINT('',(39.727899056697,-9.,1.6));
#5574 = DIRECTION('',(0.,1.,0.));
#5575 = DIRECTION('',(1.,0.,0.));
#5576 = ADVANCED_FACE('',(#5577),#5595,.F.);
#5577 = FACE_BOUND('',#5578,.F.);
#5578 = EDGE_LOOP('',(#5579,#5580,#5588,#5594));
#5579 = ORIENTED_EDGE('',*,*,#5565,.T.);
#5580 = ORIENTED_EDGE('',*,*,#5581,.T.);
#5581 = EDGE_CURVE('',#5558,#5582,#5584,.T.);
#5582 = VERTEX_POINT('',#5583);
#5583 = CARTESIAN_POINT('',(64.727899056697,9.,2.2));
#5584 = LINE('',#5585,#5586);
#5585 = CARTESIAN_POINT('',(64.727899056697,-9.,2.2));
#5586 = VECTOR('',#5587,1.);
#5587 = DIRECTION('',(0.,1.,0.));
#5588 = ORIENTED_EDGE('',*,*,#5589,.F.);
#5589 = EDGE_CURVE('',#2547,#5582,#5590,.T.);
#5590 = LINE('',#5591,#5592);
#5591 = CARTESIAN_POINT('',(64.727899056697,9.,1.6));
#5592 = VECTOR('',#5593,1.);
#5593 = DIRECTION('',(0.,0.,1.));
#5594 = ORIENTED_EDGE('',*,*,#2554,.F.);
#5595 = PLANE('',#5596);
#5596 = AXIS2_PLACEMENT_3D('',#5597,#5598,#5599);
#5597 = CARTESIAN_POINT('',(64.727899056697,-9.,1.6));
#5598 = DIRECTION('',(-1.,0.,0.));
#5599 = DIRECTION('',(0.,1.,0.));
#5600 = ADVANCED_FACE('',(#5601),#5619,.F.);
#5601 = FACE_BOUND('',#5602,.F.);
#5602 = EDGE_LOOP('',(#5603,#5604,#5612,#5618));
#5603 = ORIENTED_EDGE('',*,*,#5589,.T.);
#5604 = ORIENTED_EDGE('',*,*,#5605,.T.);
#5605 = EDGE_CURVE('',#5582,#5606,#5608,.T.);
#5606 = VERTEX_POINT('',#5607);
#5607 = CARTESIAN_POINT('',(39.727899056697,9.,2.2));
#5608 = LINE('',#5609,#5610);
#5609 = CARTESIAN_POINT('',(64.727899056697,9.,2.2));
#5610 = VECTOR('',#5611,1.);
#5611 = DIRECTION('',(-1.,0.,0.));
#5612 = ORIENTED_EDGE('',*,*,#5613,.F.);
#5613 = EDGE_CURVE('',#2539,#5606,#5614,.T.);
#5614 = LINE('',#5615,#5616);
#5615 = CARTESIAN_POINT('',(39.727899056697,9.,1.6));
#5616 = VECTOR('',#5617,1.);
#5617 = DIRECTION('',(0.,0.,1.));
#5618 = ORIENTED_EDGE('',*,*,#2546,.F.);
#5619 = PLANE('',#5620);
#5620 = AXIS2_PLACEMENT_3D('',#5621,#5622,#5623);
#5621 = CARTESIAN_POINT('',(64.727899056697,9.,1.6));
#5622 = DIRECTION('',(0.,-1.,0.));
#5623 = DIRECTION('',(-1.,0.,0.));
#5624 = ADVANCED_FACE('',(#5625),#5636,.F.);
#5625 = FACE_BOUND('',#5626,.F.);
#5626 = EDGE_LOOP('',(#5627,#5628,#5634,#5635));
#5627 = ORIENTED_EDGE('',*,*,#5613,.T.);
#5628 = ORIENTED_EDGE('',*,*,#5629,.T.);
#5629 = EDGE_CURVE('',#5606,#5550,#5630,.T.);
#5630 = LINE('',#5631,#5632);
#5631 = CARTESIAN_POINT('',(39.727899056697,9.,2.2));
#5632 = VECTOR('',#5633,1.);
#5633 = DIRECTION('',(0.,-1.,0.));
#5634 = ORIENTED_EDGE('',*,*,#5549,.F.);
#5635 = ORIENTED_EDGE('',*,*,#2538,.F.);
#5636 = PLANE('',#5637);
#5637 = AXIS2_PLACEMENT_3D('',#5638,#5639,#5640);
#5638 = CARTESIAN_POINT('',(39.727899056697,9.,1.6));
#5639 = DIRECTION('',(1.,0.,0.));
#5640 = DIRECTION('',(0.,-1.,0.));
#5641 = ADVANCED_FACE('',(#5642,#5648),#5682,.T.);
#5642 = FACE_BOUND('',#5643,.T.);
#5643 = EDGE_LOOP('',(#5644,#5645,#5646,#5647));
#5644 = ORIENTED_EDGE('',*,*,#5557,.T.);
#5645 = ORIENTED_EDGE('',*,*,#5581,.T.);
#5646 = ORIENTED_EDGE('',*,*,#5605,.T.);
#5647 = ORIENTED_EDGE('',*,*,#5629,.T.);
#5648 = FACE_BOUND('',#5649,.T.);
#5649 = EDGE_LOOP('',(#5650,#5660,#5668,#5676));
#5650 = ORIENTED_EDGE('',*,*,#5651,.F.);
#5651 = EDGE_CURVE('',#5652,#5654,#5656,.T.);
#5652 = VERTEX_POINT('',#5653);
#5653 = CARTESIAN_POINT('',(58.727899056697,8.,2.2));
#5654 = VERTEX_POINT('',#5655);
#5655 = CARTESIAN_POINT('',(40.727899056697,8.,2.2));
#5656 = LINE('',#5657,#5658);
#5657 = CARTESIAN_POINT('',(55.477899056697,8.,2.2));
#5658 = VECTOR('',#5659,1.);
#5659 = DIRECTION('',(-1.,0.,0.));
#5660 = ORIENTED_EDGE('',*,*,#5661,.F.);
#5661 = EDGE_CURVE('',#5662,#5652,#5664,.T.);
#5662 = VERTEX_POINT('',#5663);
#5663 = CARTESIAN_POINT('',(58.727899056697,-8.,2.2));
#5664 = LINE('',#5665,#5666);
#5665 = CARTESIAN_POINT('',(58.727899056697,-4.,2.2));
#5666 = VECTOR('',#5667,1.);
#5667 = DIRECTION('',(0.,1.,0.));
#5668 = ORIENTED_EDGE('',*,*,#5669,.F.);
#5669 = EDGE_CURVE('',#5670,#5662,#5672,.T.);
#5670 = VERTEX_POINT('',#5671);
#5671 = CARTESIAN_POINT('',(40.727899056697,-8.,2.2));
#5672 = LINE('',#5673,#5674);
#5673 = CARTESIAN_POINT('',(46.477899056697,-8.,2.2));
#5674 = VECTOR('',#5675,1.);
#5675 = DIRECTION('',(1.,0.,0.));
#5676 = ORIENTED_EDGE('',*,*,#5677,.F.);
#5677 = EDGE_CURVE('',#5654,#5670,#5678,.T.);
#5678 = LINE('',#5679,#5680);
#5679 = CARTESIAN_POINT('',(40.727899056697,4.,2.2));
#5680 = VECTOR('',#5681,1.);
#5681 = DIRECTION('',(0.,-1.,0.));
#5682 = PLANE('',#5683);
#5683 = AXIS2_PLACEMENT_3D('',#5684,#5685,#5686);
#5684 = CARTESIAN_POINT('',(52.227899056697,1.321939973507E-15,2.2));
#5685 = DIRECTION('',(0.,0.,1.));
#5686 = DIRECTION('',(1.,0.,0.));
#5687 = ADVANCED_FACE('',(#5688),#5713,.F.);
#5688 = FACE_BOUND('',#5689,.F.);
#5689 = EDGE_LOOP('',(#5690,#5691,#5699,#5707));
#5690 = ORIENTED_EDGE('',*,*,#5651,.F.);
#5691 = ORIENTED_EDGE('',*,*,#5692,.T.);
#5692 = EDGE_CURVE('',#5652,#5693,#5695,.T.);
#5693 = VERTEX_POINT('',#5694);
#5694 = CARTESIAN_POINT('',(58.727899056697,8.,5.2));
#5695 = LINE('',#5696,#5697);
#5696 = CARTESIAN_POINT('',(58.727899056697,8.,1.6));
#5697 = VECTOR('',#5698,1.);
#5698 = DIRECTION('',(0.,0.,1.));
#5699 = ORIENTED_EDGE('',*,*,#5700,.T.);
#5700 = EDGE_CURVE('',#5693,#5701,#5703,.T.);
#5701 = VERTEX_POINT('',#5702);
#5702 = CARTESIAN_POINT('',(40.727899056697,8.,5.2));
#5703 = LINE('',#5704,#5705);
#5704 = CARTESIAN_POINT('',(58.727899056697,8.,5.2));
#5705 = VECTOR('',#5706,1.);
#5706 = DIRECTION('',(-1.,0.,0.));
#5707 = ORIENTED_EDGE('',*,*,#5708,.F.);
#5708 = EDGE_CURVE('',#5654,#5701,#5709,.T.);
#5709 = LINE('',#5710,#5711);
#5710 = CARTESIAN_POINT('',(40.727899056697,8.,1.6));
#5711 = VECTOR('',#5712,1.);
#5712 = DIRECTION('',(0.,0.,1.));
#5713 = PLANE('',#5714);
#5714 = AXIS2_PLACEMENT_3D('',#5715,#5716,#5717);
#5715 = CARTESIAN_POINT('',(58.727899056697,8.,1.6));
#5716 = DIRECTION('',(0.,-1.,0.));
#5717 = DIRECTION('',(-1.,0.,0.));
#5718 = ADVANCED_FACE('',(#5719),#5737,.F.);
#5719 = FACE_BOUND('',#5720,.F.);
#5720 = EDGE_LOOP('',(#5721,#5722,#5723,#5731));
#5721 = ORIENTED_EDGE('',*,*,#5677,.F.);
#5722 = ORIENTED_EDGE('',*,*,#5708,.T.);
#5723 = ORIENTED_EDGE('',*,*,#5724,.T.);
#5724 = EDGE_CURVE('',#5701,#5725,#5727,.T.);
#5725 = VERTEX_POINT('',#5726);
#5726 = CARTESIAN_POINT('',(40.727899056697,-8.,5.2));
#5727 = LINE('',#5728,#5729);
#5728 = CARTESIAN_POINT('',(40.727899056697,8.,5.2));
#5729 = VECTOR('',#5730,1.);
#5730 = DIRECTION('',(0.,-1.,0.));
#5731 = ORIENTED_EDGE('',*,*,#5732,.F.);
#5732 = EDGE_CURVE('',#5670,#5725,#5733,.T.);
#5733 = LINE('',#5734,#5735);
#5734 = CARTESIAN_POINT('',(40.727899056697,-8.,1.6));
#5735 = VECTOR('',#5736,1.);
#5736 = DIRECTION('',(0.,0.,1.));
#5737 = PLANE('',#5738);
#5738 = AXIS2_PLACEMENT_3D('',#5739,#5740,#5741);
#5739 = CARTESIAN_POINT('',(40.727899056697,8.,1.6));
#5740 = DIRECTION('',(1.,0.,0.));
#5741 = DIRECTION('',(0.,-1.,0.));
#5742 = ADVANCED_FACE('',(#5743),#5761,.F.);
#5743 = FACE_BOUND('',#5744,.F.);
#5744 = EDGE_LOOP('',(#5745,#5746,#5747,#5755));
#5745 = ORIENTED_EDGE('',*,*,#5669,.F.);
#5746 = ORIENTED_EDGE('',*,*,#5732,.T.);
#5747 = ORIENTED_EDGE('',*,*,#5748,.T.);
#5748 = EDGE_CURVE('',#5725,#5749,#5751,.T.);
#5749 = VERTEX_POINT('',#5750);
#5750 = CARTESIAN_POINT('',(58.727899056697,-8.,5.2));
#5751 = LINE('',#5752,#5753);
#5752 = CARTESIAN_POINT('',(40.727899056697,-8.,5.2));
#5753 = VECTOR('',#5754,1.);
#5754 = DIRECTION('',(1.,0.,0.));
#5755 = ORIENTED_EDGE('',*,*,#5756,.F.);
#5756 = EDGE_CURVE('',#5662,#5749,#5757,.T.);
#5757 = LINE('',#5758,#5759);
#5758 = CARTESIAN_POINT('',(58.727899056697,-8.,1.6));
#5759 = VECTOR('',#5760,1.);
#5760 = DIRECTION('',(0.,0.,1.));
#5761 = PLANE('',#5762);
#5762 = AXIS2_PLACEMENT_3D('',#5763,#5764,#5765);
#5763 = CARTESIAN_POINT('',(40.727899056697,-8.,1.6));
#5764 = DIRECTION('',(0.,1.,0.));
#5765 = DIRECTION('',(1.,0.,0.));
#5766 = ADVANCED_FACE('',(#5767),#5778,.F.);
#5767 = FACE_BOUND('',#5768,.F.);
#5768 = EDGE_LOOP('',(#5769,#5770,#5771,#5777));
#5769 = ORIENTED_EDGE('',*,*,#5661,.F.);
#5770 = ORIENTED_EDGE('',*,*,#5756,.T.);
#5771 = ORIENTED_EDGE('',*,*,#5772,.T.);
#5772 = EDGE_CURVE('',#5749,#5693,#5773,.T.);
#5773 = LINE('',#5774,#5775);
#5774 = CARTESIAN_POINT('',(58.727899056697,-8.,5.2));
#5775 = VECTOR('',#5776,1.);
#5776 = DIRECTION('',(0.,1.,0.));
#5777 = ORIENTED_EDGE('',*,*,#5692,.F.);
#5778 = PLANE('',#5779);
#5779 = AXIS2_PLACEMENT_3D('',#5780,#5781,#5782);
#5780 = CARTESIAN_POINT('',(58.727899056697,-8.,1.6));
#5781 = DIRECTION('',(-1.,0.,0.));
#5782 = DIRECTION('',(0.,1.,0.));
#5783 = ADVANCED_FACE('',(#5784),#5790,.T.);
#5784 = FACE_BOUND('',#5785,.T.);
#5785 = EDGE_LOOP('',(#5786,#5787,#5788,#5789));
#5786 = ORIENTED_EDGE('',*,*,#5700,.T.);
#5787 = ORIENTED_EDGE('',*,*,#5724,.T.);
#5788 = ORIENTED_EDGE('',*,*,#5748,.T.);
#5789 = ORIENTED_EDGE('',*,*,#5772,.T.);
#5790 = PLANE('',#5791);
#5791 = AXIS2_PLACEMENT_3D('',#5792,#5793,#5794);
#5792 = CARTESIAN_POINT('',(49.727899056697,0.,5.2));
#5793 = DIRECTION('',(0.,0.,1.));
#5794 = DIRECTION('',(1.,0.,0.));
#5795 = ( GEOMETRIC_REPRESENTATION_CONTEXT(3) 
GLOBAL_UNCERTAINTY_ASSIGNED_CONTEXT((#5799)) 
GLOBAL_UNIT_ASSIGNED_CONTEXT((#5796,#5797,#5798)) REPRESENTATION_CONTEXT
('Context #1','3D Context with UNIT and UNCERTAINTY') );
#5796 = ( LENGTH_UNIT() NAMED_UNIT(*) SI_UNIT(.MILLI.,.METRE.) );
#5797 = ( NAMED_UNIT(*) PLANE_ANGLE_UNIT() SI_UNIT($,.RADIAN.) );
#5798 = ( NAMED_UNIT(*) SI_UNIT($,.STERADIAN.) SOLID_ANGLE_UNIT() );
#5799 = UNCERTAINTY_MEASURE_WITH_UNIT(LENGTH_MEASURE(2.E-05),#5796,
  'distance_accuracy_value','confusion accuracy');
#5800 = CONTEXT_DEPENDENT_SHAPE_REPRESENTATION(#5801,#5803);
#5801 = ( REPRESENTATION_RELATIONSHIP('','',#36,#10) 
REPRESENTATION_RELATIONSHIP_WITH_TRANSFORMATION(#5802) 
SHAPE_REPRESENTATION_RELATIONSHIP() );
#5802 = ITEM_DEFINED_TRANSFORMATION('','',#11,#15);
#5803 = PRODUCT_DEFINITION_SHAPE('Placement','Placement of an item',
  #5804);
#5804 = NEXT_ASSEMBLY_USAGE_OCCURRENCE('1','Body001','',#5,#31,$);
#5805 = PRODUCT_RELATED_PRODUCT_CATEGORY('part',$,(#33));
#5806 = SHAPE_DEFINITION_REPRESENTATION(#5807,#5813);
#5807 = PRODUCT_DEFINITION_SHAPE('','',#5808);
#5808 = PRODUCT_DEFINITION('design','',#5809,#5812);
#5809 = PRODUCT_DEFINITION_FORMATION('','',#5810);
#5810 = PRODUCT('Body002','Body002','',(#5811));
#5811 = PRODUCT_CONTEXT('',#2,'mechanical');
#5812 = PRODUCT_DEFINITION_CONTEXT('part definition',#2,'design');
#5813 = SHAPE_REPRESENTATION('',(#11,#5814,#5964,#6114,#6264,#6414,#6564
    ,#6714,#6864,#7014,#7164,#7314,#7464,#7614,#7764,#7914,#8064,#8214,
    #8364,#8514,#8664,#8814,#8964,#9114,#9264,#9414,#9564,#9714,#9864,
    #10014,#10164,#10314,#10464,#10614,#10764,#10914,#11064,#11214,
    #11364),#11514);
#5814 = MANIFOLD_SOLID_BREP('',#5815);
#5815 = CLOSED_SHELL('',(#5816,#5856,#5887,#5918,#5940,#5952));
#5816 = ADVANCED_FACE('',(#5817),#5851,.T.);
#5817 = FACE_BOUND('',#5818,.T.);
#5818 = EDGE_LOOP('',(#5819,#5829,#5837,#5845));
#5819 = ORIENTED_EDGE('',*,*,#5820,.T.);
#5820 = EDGE_CURVE('',#5821,#5823,#5825,.T.);
#5821 = VERTEX_POINT('',#5822);
#5822 = CARTESIAN_POINT('',(14.527899056697,12.4,2.5));
#5823 = VERTEX_POINT('',#5824);
#5824 = CARTESIAN_POINT('',(14.527899056697,12.4,-8.5));
#5825 = LINE('',#5826,#5827);
#5826 = CARTESIAN_POINT('',(14.527899056697,12.4,2.5));
#5827 = VECTOR('',#5828,1.);
#5828 = DIRECTION('',(-0.,-0.,-1.));
#5829 = ORIENTED_EDGE('',*,*,#5830,.T.);
#5830 = EDGE_CURVE('',#5823,#5831,#5833,.T.);
#5831 = VERTEX_POINT('',#5832);
#5832 = CARTESIAN_POINT('',(15.127899056697,12.4,-8.5));
#5833 = LINE('',#5834,#5835);
#5834 = CARTESIAN_POINT('',(14.527899056697,12.4,-8.5));
#5835 = VECTOR('',#5836,1.);
#5836 = DIRECTION('',(1.,0.,0.));
#5837 = ORIENTED_EDGE('',*,*,#5838,.F.);
#5838 = EDGE_CURVE('',#5839,#5831,#5841,.T.);
#5839 = VERTEX_POINT('',#5840);
#5840 = CARTESIAN_POINT('',(15.127899056697,12.4,2.5));
#5841 = LINE('',#5842,#5843);
#5842 = CARTESIAN_POINT('',(15.127899056697,12.4,2.5));
#5843 = VECTOR('',#5844,1.);
#5844 = DIRECTION('',(-0.,-0.,-1.));
#5845 = ORIENTED_EDGE('',*,*,#5846,.F.);
#5846 = EDGE_CURVE('',#5821,#5839,#5847,.T.);
#5847 = LINE('',#5848,#5849);
#5848 = CARTESIAN_POINT('',(14.527899056697,12.4,2.5));
#5849 = VECTOR('',#5850,1.);
#5850 = DIRECTION('',(1.,0.,0.));
#5851 = PLANE('',#5852);
#5852 = AXIS2_PLACEMENT_3D('',#5853,#5854,#5855);
#5853 = CARTESIAN_POINT('',(14.527899056697,12.4,2.5));
#5854 = DIRECTION('',(0.,-1.,0.));
#5855 = DIRECTION('',(1.,0.,0.));
#5856 = ADVANCED_FACE('',(#5857),#5882,.T.);
#5857 = FACE_BOUND('',#5858,.T.);
#5858 = EDGE_LOOP('',(#5859,#5860,#5868,#5876));
#5859 = ORIENTED_EDGE('',*,*,#5838,.T.);
#5860 = ORIENTED_EDGE('',*,*,#5861,.T.);
#5861 = EDGE_CURVE('',#5831,#5862,#5864,.T.);
#5862 = VERTEX_POINT('',#5863);
#5863 = CARTESIAN_POINT('',(15.127899056697,13.,-8.5));
#5864 = LINE('',#5865,#5866);
#5865 = CARTESIAN_POINT('',(15.127899056697,12.4,-8.5));
#5866 = VECTOR('',#5867,1.);
#5867 = DIRECTION('',(0.,1.,0.));
#5868 = ORIENTED_EDGE('',*,*,#5869,.F.);
#5869 = EDGE_CURVE('',#5870,#5862,#5872,.T.);
#5870 = VERTEX_POINT('',#5871);
#5871 = CARTESIAN_POINT('',(15.127899056697,13.,2.5));
#5872 = LINE('',#5873,#5874);
#5873 = CARTESIAN_POINT('',(15.127899056697,13.,2.5));
#5874 = VECTOR('',#5875,1.);
#5875 = DIRECTION('',(-0.,-0.,-1.));
#5876 = ORIENTED_EDGE('',*,*,#5877,.F.);
#5877 = EDGE_CURVE('',#5839,#5870,#5878,.T.);
#5878 = LINE('',#5879,#5880);
#5879 = CARTESIAN_POINT('',(15.127899056697,12.4,2.5));
#5880 = VECTOR('',#5881,1.);
#5881 = DIRECTION('',(0.,1.,0.));
#5882 = PLANE('',#5883);
#5883 = AXIS2_PLACEMENT_3D('',#5884,#5885,#5886);
#5884 = CARTESIAN_POINT('',(15.127899056697,12.4,2.5));
#5885 = DIRECTION('',(1.,0.,0.));
#5886 = DIRECTION('',(0.,1.,0.));
#5887 = ADVANCED_FACE('',(#5888),#5913,.T.);
#5888 = FACE_BOUND('',#5889,.T.);
#5889 = EDGE_LOOP('',(#5890,#5891,#5899,#5907));
#5890 = ORIENTED_EDGE('',*,*,#5869,.T.);
#5891 = ORIENTED_EDGE('',*,*,#5892,.T.);
#5892 = EDGE_CURVE('',#5862,#5893,#5895,.T.);
#5893 = VERTEX_POINT('',#5894);
#5894 = CARTESIAN_POINT('',(14.527899056697,13.,-8.5));
#5895 = LINE('',#5896,#5897);
#5896 = CARTESIAN_POINT('',(15.127899056697,13.,-8.5));
#5897 = VECTOR('',#5898,1.);
#5898 = DIRECTION('',(-1.,0.,0.));
#5899 = ORIENTED_EDGE('',*,*,#5900,.F.);
#5900 = EDGE_CURVE('',#5901,#5893,#5903,.T.);
#5901 = VERTEX_POINT('',#5902);
#5902 = CARTESIAN_POINT('',(14.527899056697,13.,2.5));
#5903 = LINE('',#5904,#5905);
#5904 = CARTESIAN_POINT('',(14.527899056697,13.,2.5));
#5905 = VECTOR('',#5906,1.);
#5906 = DIRECTION('',(-0.,-0.,-1.));
#5907 = ORIENTED_EDGE('',*,*,#5908,.F.);
#5908 = EDGE_CURVE('',#5870,#5901,#5909,.T.);
#5909 = LINE('',#5910,#5911);
#5910 = CARTESIAN_POINT('',(15.127899056697,13.,2.5));
#5911 = VECTOR('',#5912,1.);
#5912 = DIRECTION('',(-1.,0.,0.));
#5913 = PLANE('',#5914);
#5914 = AXIS2_PLACEMENT_3D('',#5915,#5916,#5917);
#5915 = CARTESIAN_POINT('',(15.127899056697,13.,2.5));
#5916 = DIRECTION('',(0.,1.,0.));
#5917 = DIRECTION('',(-1.,0.,0.));
#5918 = ADVANCED_FACE('',(#5919),#5935,.T.);
#5919 = FACE_BOUND('',#5920,.T.);
#5920 = EDGE_LOOP('',(#5921,#5922,#5928,#5929));
#5921 = ORIENTED_EDGE('',*,*,#5900,.T.);
#5922 = ORIENTED_EDGE('',*,*,#5923,.T.);
#5923 = EDGE_CURVE('',#5893,#5823,#5924,.T.);
#5924 = LINE('',#5925,#5926);
#5925 = CARTESIAN_POINT('',(14.527899056697,13.,-8.5));
#5926 = VECTOR('',#5927,1.);
#5927 = DIRECTION('',(0.,-1.,0.));
#5928 = ORIENTED_EDGE('',*,*,#5820,.F.);
#5929 = ORIENTED_EDGE('',*,*,#5930,.F.);
#5930 = EDGE_CURVE('',#5901,#5821,#5931,.T.);
#5931 = LINE('',#5932,#5933);
#5932 = CARTESIAN_POINT('',(14.527899056697,13.,2.5));
#5933 = VECTOR('',#5934,1.);
#5934 = DIRECTION('',(0.,-1.,0.));
#5935 = PLANE('',#5936);
#5936 = AXIS2_PLACEMENT_3D('',#5937,#5938,#5939);
#5937 = CARTESIAN_POINT('',(14.527899056697,13.,2.5));
#5938 = DIRECTION('',(-1.,0.,0.));
#5939 = DIRECTION('',(0.,-1.,0.));
#5940 = ADVANCED_FACE('',(#5941),#5947,.T.);
#5941 = FACE_BOUND('',#5942,.T.);
#5942 = EDGE_LOOP('',(#5943,#5944,#5945,#5946));
#5943 = ORIENTED_EDGE('',*,*,#5846,.T.);
#5944 = ORIENTED_EDGE('',*,*,#5877,.T.);
#5945 = ORIENTED_EDGE('',*,*,#5908,.T.);
#5946 = ORIENTED_EDGE('',*,*,#5930,.T.);
#5947 = PLANE('',#5948);
#5948 = AXIS2_PLACEMENT_3D('',#5949,#5950,#5951);
#5949 = CARTESIAN_POINT('',(14.827899056697,-3.68223969834E-14,2.5));
#5950 = DIRECTION('',(0.,0.,1.));
#5951 = DIRECTION('',(1.,0.,0.));
#5952 = ADVANCED_FACE('',(#5953),#5959,.F.);
#5953 = FACE_BOUND('',#5954,.F.);
#5954 = EDGE_LOOP('',(#5955,#5956,#5957,#5958));
#5955 = ORIENTED_EDGE('',*,*,#5830,.T.);
#5956 = ORIENTED_EDGE('',*,*,#5861,.T.);
#5957 = ORIENTED_EDGE('',*,*,#5892,.T.);
#5958 = ORIENTED_EDGE('',*,*,#5923,.T.);
#5959 = PLANE('',#5960);
#5960 = AXIS2_PLACEMENT_3D('',#5961,#5962,#5963);
#5961 = CARTESIAN_POINT('',(14.827899056697,-3.68223969834E-14,-8.5));
#5962 = DIRECTION('',(0.,0.,1.));
#5963 = DIRECTION('',(1.,0.,0.));
#5964 = MANIFOLD_SOLID_BREP('',#5965);
#5965 = CLOSED_SHELL('',(#5966,#6006,#6037,#6068,#6090,#6102));
#5966 = ADVANCED_FACE('',(#5967),#6001,.T.);
#5967 = FACE_BOUND('',#5968,.T.);
#5968 = EDGE_LOOP('',(#5969,#5979,#5987,#5995));
#5969 = ORIENTED_EDGE('',*,*,#5970,.T.);
#5970 = EDGE_CURVE('',#5971,#5973,#5975,.T.);
#5971 = VERTEX_POINT('',#5972);
#5972 = CARTESIAN_POINT('',(14.527899056697,-13.,2.5));
#5973 = VERTEX_POINT('',#5974);
#5974 = CARTESIAN_POINT('',(14.527899056697,-13.,-8.5));
#5975 = LINE('',#5976,#5977);
#5976 = CARTESIAN_POINT('',(14.527899056697,-13.,2.5));
#5977 = VECTOR('',#5978,1.);
#5978 = DIRECTION('',(-0.,-0.,-1.));
#5979 = ORIENTED_EDGE('',*,*,#5980,.T.);
#5980 = EDGE_CURVE('',#5973,#5981,#5983,.T.);
#5981 = VERTEX_POINT('',#5982);
#5982 = CARTESIAN_POINT('',(15.127899056697,-13.,-8.5));
#5983 = LINE('',#5984,#5985);
#5984 = CARTESIAN_POINT('',(14.527899056697,-13.,-8.5));
#5985 = VECTOR('',#5986,1.);
#5986 = DIRECTION('',(1.,0.,0.));
#5987 = ORIENTED_EDGE('',*,*,#5988,.F.);
#5988 = EDGE_CURVE('',#5989,#5981,#5991,.T.);
#5989 = VERTEX_POINT('',#5990);
#5990 = CARTESIAN_POINT('',(15.127899056697,-13.,2.5));
#5991 = LINE('',#5992,#5993);
#5992 = CARTESIAN_POINT('',(15.127899056697,-13.,2.5));
#5993 = VECTOR('',#5994,1.);
#5994 = DIRECTION('',(-0.,-0.,-1.));
#5995 = ORIENTED_EDGE('',*,*,#5996,.F.);
#5996 = EDGE_CURVE('',#5971,#5989,#5997,.T.);
#5997 = LINE('',#5998,#5999);
#5998 = CARTESIAN_POINT('',(14.527899056697,-13.,2.5));
#5999 = VECTOR('',#6000,1.);
#6000 = DIRECTION('',(1.,0.,0.));
#6001 = PLANE('',#6002);
#6002 = AXIS2_PLACEMENT_3D('',#6003,#6004,#6005);
#6003 = CARTESIAN_POINT('',(14.527899056697,-13.,2.5));
#6004 = DIRECTION('',(0.,-1.,0.));
#6005 = DIRECTION('',(1.,0.,0.));
#6006 = ADVANCED_FACE('',(#6007),#6032,.T.);
#6007 = FACE_BOUND('',#6008,.T.);
#6008 = EDGE_LOOP('',(#6009,#6010,#6018,#6026));
#6009 = ORIENTED_EDGE('',*,*,#5988,.T.);
#6010 = ORIENTED_EDGE('',*,*,#6011,.T.);
#6011 = EDGE_CURVE('',#5981,#6012,#6014,.T.);
#6012 = VERTEX_POINT('',#6013);
#6013 = CARTESIAN_POINT('',(15.127899056697,-12.4,-8.5));
#6014 = LINE('',#6015,#6016);
#6015 = CARTESIAN_POINT('',(15.127899056697,-13.,-8.5));
#6016 = VECTOR('',#6017,1.);
#6017 = DIRECTION('',(0.,1.,0.));
#6018 = ORIENTED_EDGE('',*,*,#6019,.F.);
#6019 = EDGE_CURVE('',#6020,#6012,#6022,.T.);
#6020 = VERTEX_POINT('',#6021);
#6021 = CARTESIAN_POINT('',(15.127899056697,-12.4,2.5));
#6022 = LINE('',#6023,#6024);
#6023 = CARTESIAN_POINT('',(15.127899056697,-12.4,2.5));
#6024 = VECTOR('',#6025,1.);
#6025 = DIRECTION('',(-0.,-0.,-1.));
#6026 = ORIENTED_EDGE('',*,*,#6027,.F.);
#6027 = EDGE_CURVE('',#5989,#6020,#6028,.T.);
#6028 = LINE('',#6029,#6030);
#6029 = CARTESIAN_POINT('',(15.127899056697,-13.,2.5));
#6030 = VECTOR('',#6031,1.);
#6031 = DIRECTION('',(0.,1.,0.));
#6032 = PLANE('',#6033);
#6033 = AXIS2_PLACEMENT_3D('',#6034,#6035,#6036);
#6034 = CARTESIAN_POINT('',(15.127899056697,-13.,2.5));
#6035 = DIRECTION('',(1.,0.,0.));
#6036 = DIRECTION('',(0.,1.,0.));
#6037 = ADVANCED_FACE('',(#6038),#6063,.T.);
#6038 = FACE_BOUND('',#6039,.T.);
#6039 = EDGE_LOOP('',(#6040,#6041,#6049,#6057));
#6040 = ORIENTED_EDGE('',*,*,#6019,.T.);
#6041 = ORIENTED_EDGE('',*,*,#6042,.T.);
#6042 = EDGE_CURVE('',#6012,#6043,#6045,.T.);
#6043 = VERTEX_POINT('',#6044);
#6044 = CARTESIAN_POINT('',(14.527899056697,-12.4,-8.5));
#6045 = LINE('',#6046,#6047);
#6046 = CARTESIAN_POINT('',(15.127899056697,-12.4,-8.5));
#6047 = VECTOR('',#6048,1.);
#6048 = DIRECTION('',(-1.,0.,0.));
#6049 = ORIENTED_EDGE('',*,*,#6050,.F.);
#6050 = EDGE_CURVE('',#6051,#6043,#6053,.T.);
#6051 = VERTEX_POINT('',#6052);
#6052 = CARTESIAN_POINT('',(14.527899056697,-12.4,2.5));
#6053 = LINE('',#6054,#6055);
#6054 = CARTESIAN_POINT('',(14.527899056697,-12.4,2.5));
#6055 = VECTOR('',#6056,1.);
#6056 = DIRECTION('',(-0.,-0.,-1.));
#6057 = ORIENTED_EDGE('',*,*,#6058,.F.);
#6058 = EDGE_CURVE('',#6020,#6051,#6059,.T.);
#6059 = LINE('',#6060,#6061);
#6060 = CARTESIAN_POINT('',(15.127899056697,-12.4,2.5));
#6061 = VECTOR('',#6062,1.);
#6062 = DIRECTION('',(-1.,0.,0.));
#6063 = PLANE('',#6064);
#6064 = AXIS2_PLACEMENT_3D('',#6065,#6066,#6067);
#6065 = CARTESIAN_POINT('',(15.127899056697,-12.4,2.5));
#6066 = DIRECTION('',(0.,1.,0.));
#6067 = DIRECTION('',(-1.,0.,0.));
#6068 = ADVANCED_FACE('',(#6069),#6085,.T.);
#6069 = FACE_BOUND('',#6070,.T.);
#6070 = EDGE_LOOP('',(#6071,#6072,#6078,#6079));
#6071 = ORIENTED_EDGE('',*,*,#6050,.T.);
#6072 = ORIENTED_EDGE('',*,*,#6073,.T.);
#6073 = EDGE_CURVE('',#6043,#5973,#6074,.T.);
#6074 = LINE('',#6075,#6076);
#6075 = CARTESIAN_POINT('',(14.527899056697,-12.4,-8.5));
#6076 = VECTOR('',#6077,1.);
#6077 = DIRECTION('',(0.,-1.,0.));
#6078 = ORIENTED_EDGE('',*,*,#5970,.F.);
#6079 = ORIENTED_EDGE('',*,*,#6080,.F.);
#6080 = EDGE_CURVE('',#6051,#5971,#6081,.T.);
#6081 = LINE('',#6082,#6083);
#6082 = CARTESIAN_POINT('',(14.527899056697,-12.4,2.5));
#6083 = VECTOR('',#6084,1.);
#6084 = DIRECTION('',(0.,-1.,0.));
#6085 = PLANE('',#6086);
#6086 = AXIS2_PLACEMENT_3D('',#6087,#6088,#6089);
#6087 = CARTESIAN_POINT('',(14.527899056697,-12.4,2.5));
#6088 = DIRECTION('',(-1.,0.,0.));
#6089 = DIRECTION('',(0.,-1.,0.));
#6090 = ADVANCED_FACE('',(#6091),#6097,.T.);
#6091 = FACE_BOUND('',#6092,.T.);
#6092 = EDGE_LOOP('',(#6093,#6094,#6095,#6096));
#6093 = ORIENTED_EDGE('',*,*,#5996,.T.);
#6094 = ORIENTED_EDGE('',*,*,#6027,.T.);
#6095 = ORIENTED_EDGE('',*,*,#6058,.T.);
#6096 = ORIENTED_EDGE('',*,*,#6080,.T.);
#6097 = PLANE('',#6098);
#6098 = AXIS2_PLACEMENT_3D('',#6099,#6100,#6101);
#6099 = CARTESIAN_POINT('',(14.827899056697,-3.68223969834E-14,2.5));
#6100 = DIRECTION('',(0.,0.,1.));
#6101 = DIRECTION('',(1.,0.,0.));
#6102 = ADVANCED_FACE('',(#6103),#6109,.F.);
#6103 = FACE_BOUND('',#6104,.F.);
#6104 = EDGE_LOOP('',(#6105,#6106,#6107,#6108));
#6105 = ORIENTED_EDGE('',*,*,#5980,.T.);
#6106 = ORIENTED_EDGE('',*,*,#6011,.T.);
#6107 = ORIENTED_EDGE('',*,*,#6042,.T.);
#6108 = ORIENTED_EDGE('',*,*,#6073,.T.);
#6109 = PLANE('',#6110);
#6110 = AXIS2_PLACEMENT_3D('',#6111,#6112,#6113);
#6111 = CARTESIAN_POINT('',(14.827899056697,-3.68223969834E-14,-8.5));
#6112 = DIRECTION('',(0.,0.,1.));
#6113 = DIRECTION('',(1.,0.,0.));
#6114 = MANIFOLD_SOLID_BREP('',#6115);
#6115 = CLOSED_SHELL('',(#6116,#6156,#6187,#6218,#6240,#6252));
#6116 = ADVANCED_FACE('',(#6117),#6151,.T.);
#6117 = FACE_BOUND('',#6118,.T.);
#6118 = EDGE_LOOP('',(#6119,#6129,#6137,#6145));
#6119 = ORIENTED_EDGE('',*,*,#6120,.T.);
#6120 = EDGE_CURVE('',#6121,#6123,#6125,.T.);
#6121 = VERTEX_POINT('',#6122);
#6122 = CARTESIAN_POINT('',(17.067899056697,12.4,2.5));
#6123 = VERTEX_POINT('',#6124);
#6124 = CARTESIAN_POINT('',(17.067899056697,12.4,-8.5));
#6125 = LINE('',#6126,#6127);
#6126 = CARTESIAN_POINT('',(17.067899056697,12.4,2.5));
#6127 = VECTOR('',#6128,1.);
#6128 = DIRECTION('',(-0.,-0.,-1.));
#6129 = ORIENTED_EDGE('',*,*,#6130,.T.);
#6130 = EDGE_CURVE('',#6123,#6131,#6133,.T.);
#6131 = VERTEX_POINT('',#6132);
#6132 = CARTESIAN_POINT('',(17.667899056697,12.4,-8.5));
#6133 = LINE('',#6134,#6135);
#6134 = CARTESIAN_POINT('',(17.067899056697,12.4,-8.5));
#6135 = VECTOR('',#6136,1.);
#6136 = DIRECTION('',(1.,0.,0.));
#6137 = ORIENTED_EDGE('',*,*,#6138,.F.);
#6138 = EDGE_CURVE('',#6139,#6131,#6141,.T.);
#6139 = VERTEX_POINT('',#6140);
#6140 = CARTESIAN_POINT('',(17.667899056697,12.4,2.5));
#6141 = LINE('',#6142,#6143);
#6142 = CARTESIAN_POINT('',(17.667899056697,12.4,2.5));
#6143 = VECTOR('',#6144,1.);
#6144 = DIRECTION('',(-0.,-0.,-1.));
#6145 = ORIENTED_EDGE('',*,*,#6146,.F.);
#6146 = EDGE_CURVE('',#6121,#6139,#6147,.T.);
#6147 = LINE('',#6148,#6149);
#6148 = CARTESIAN_POINT('',(17.067899056697,12.4,2.5));
#6149 = VECTOR('',#6150,1.);
#6150 = DIRECTION('',(1.,0.,0.));
#6151 = PLANE('',#6152);
#6152 = AXIS2_PLACEMENT_3D('',#6153,#6154,#6155);
#6153 = CARTESIAN_POINT('',(17.067899056697,12.4,2.5));
#6154 = DIRECTION('',(0.,-1.,0.));
#6155 = DIRECTION('',(1.,0.,0.));
#6156 = ADVANCED_FACE('',(#6157),#6182,.T.);
#6157 = FACE_BOUND('',#6158,.T.);
#6158 = EDGE_LOOP('',(#6159,#6160,#6168,#6176));
#6159 = ORIENTED_EDGE('',*,*,#6138,.T.);
#6160 = ORIENTED_EDGE('',*,*,#6161,.T.);
#6161 = EDGE_CURVE('',#6131,#6162,#6164,.T.);
#6162 = VERTEX_POINT('',#6163);
#6163 = CARTESIAN_POINT('',(17.667899056697,13.,-8.5));
#6164 = LINE('',#6165,#6166);
#6165 = CARTESIAN_POINT('',(17.667899056697,12.4,-8.5));
#6166 = VECTOR('',#6167,1.);
#6167 = DIRECTION('',(0.,1.,0.));
#6168 = ORIENTED_EDGE('',*,*,#6169,.F.);
#6169 = EDGE_CURVE('',#6170,#6162,#6172,.T.);
#6170 = VERTEX_POINT('',#6171);
#6171 = CARTESIAN_POINT('',(17.667899056697,13.,2.5));
#6172 = LINE('',#6173,#6174);
#6173 = CARTESIAN_POINT('',(17.667899056697,13.,2.5));
#6174 = VECTOR('',#6175,1.);
#6175 = DIRECTION('',(-0.,-0.,-1.));
#6176 = ORIENTED_EDGE('',*,*,#6177,.F.);
#6177 = EDGE_CURVE('',#6139,#6170,#6178,.T.);
#6178 = LINE('',#6179,#6180);
#6179 = CARTESIAN_POINT('',(17.667899056697,12.4,2.5));
#6180 = VECTOR('',#6181,1.);
#6181 = DIRECTION('',(0.,1.,0.));
#6182 = PLANE('',#6183);
#6183 = AXIS2_PLACEMENT_3D('',#6184,#6185,#6186);
#6184 = CARTESIAN_POINT('',(17.667899056697,12.4,2.5));
#6185 = DIRECTION('',(1.,0.,0.));
#6186 = DIRECTION('',(0.,1.,0.));
#6187 = ADVANCED_FACE('',(#6188),#6213,.T.);
#6188 = FACE_BOUND('',#6189,.T.);
#6189 = EDGE_LOOP('',(#6190,#6191,#6199,#6207));
#6190 = ORIENTED_EDGE('',*,*,#6169,.T.);
#6191 = ORIENTED_EDGE('',*,*,#6192,.T.);
#6192 = EDGE_CURVE('',#6162,#6193,#6195,.T.);
#6193 = VERTEX_POINT('',#6194);
#6194 = CARTESIAN_POINT('',(17.067899056697,13.,-8.5));
#6195 = LINE('',#6196,#6197);
#6196 = CARTESIAN_POINT('',(17.667899056697,13.,-8.5));
#6197 = VECTOR('',#6198,1.);
#6198 = DIRECTION('',(-1.,0.,0.));
#6199 = ORIENTED_EDGE('',*,*,#6200,.F.);
#6200 = EDGE_CURVE('',#6201,#6193,#6203,.T.);
#6201 = VERTEX_POINT('',#6202);
#6202 = CARTESIAN_POINT('',(17.067899056697,13.,2.5));
#6203 = LINE('',#6204,#6205);
#6204 = CARTESIAN_POINT('',(17.067899056697,13.,2.5));
#6205 = VECTOR('',#6206,1.);
#6206 = DIRECTION('',(-0.,-0.,-1.));
#6207 = ORIENTED_EDGE('',*,*,#6208,.F.);
#6208 = EDGE_CURVE('',#6170,#6201,#6209,.T.);
#6209 = LINE('',#6210,#6211);
#6210 = CARTESIAN_POINT('',(17.667899056697,13.,2.5));
#6211 = VECTOR('',#6212,1.);
#6212 = DIRECTION('',(-1.,0.,0.));
#6213 = PLANE('',#6214);
#6214 = AXIS2_PLACEMENT_3D('',#6215,#6216,#6217);
#6215 = CARTESIAN_POINT('',(17.667899056697,13.,2.5));
#6216 = DIRECTION('',(0.,1.,0.));
#6217 = DIRECTION('',(-1.,0.,0.));
#6218 = ADVANCED_FACE('',(#6219),#6235,.T.);
#6219 = FACE_BOUND('',#6220,.T.);
#6220 = EDGE_LOOP('',(#6221,#6222,#6228,#6229));
#6221 = ORIENTED_EDGE('',*,*,#6200,.T.);
#6222 = ORIENTED_EDGE('',*,*,#6223,.T.);
#6223 = EDGE_CURVE('',#6193,#6123,#6224,.T.);
#6224 = LINE('',#6225,#6226);
#6225 = CARTESIAN_POINT('',(17.067899056697,13.,-8.5));
#6226 = VECTOR('',#6227,1.);
#6227 = DIRECTION('',(0.,-1.,0.));
#6228 = ORIENTED_EDGE('',*,*,#6120,.F.);
#6229 = ORIENTED_EDGE('',*,*,#6230,.F.);
#6230 = EDGE_CURVE('',#6201,#6121,#6231,.T.);
#6231 = LINE('',#6232,#6233);
#6232 = CARTESIAN_POINT('',(17.067899056697,13.,2.5));
#6233 = VECTOR('',#6234,1.);
#6234 = DIRECTION('',(0.,-1.,0.));
#6235 = PLANE('',#6236);
#6236 = AXIS2_PLACEMENT_3D('',#6237,#6238,#6239);
#6237 = CARTESIAN_POINT('',(17.067899056697,13.,2.5));
#6238 = DIRECTION('',(-1.,0.,0.));
#6239 = DIRECTION('',(0.,-1.,0.));
#6240 = ADVANCED_FACE('',(#6241),#6247,.T.);
#6241 = FACE_BOUND('',#6242,.T.);
#6242 = EDGE_LOOP('',(#6243,#6244,#6245,#6246));
#6243 = ORIENTED_EDGE('',*,*,#6146,.T.);
#6244 = ORIENTED_EDGE('',*,*,#6177,.T.);
#6245 = ORIENTED_EDGE('',*,*,#6208,.T.);
#6246 = ORIENTED_EDGE('',*,*,#6230,.T.);
#6247 = PLANE('',#6248);
#6248 = AXIS2_PLACEMENT_3D('',#6249,#6250,#6251);
#6249 = CARTESIAN_POINT('',(17.367899056697,-3.68223969834E-14,2.5));
#6250 = DIRECTION('',(0.,0.,1.));
#6251 = DIRECTION('',(1.,0.,0.));
#6252 = ADVANCED_FACE('',(#6253),#6259,.F.);
#6253 = FACE_BOUND('',#6254,.F.);
#6254 = EDGE_LOOP('',(#6255,#6256,#6257,#6258));
#6255 = ORIENTED_EDGE('',*,*,#6130,.T.);
#6256 = ORIENTED_EDGE('',*,*,#6161,.T.);
#6257 = ORIENTED_EDGE('',*,*,#6192,.T.);
#6258 = ORIENTED_EDGE('',*,*,#6223,.T.);
#6259 = PLANE('',#6260);
#6260 = AXIS2_PLACEMENT_3D('',#6261,#6262,#6263);
#6261 = CARTESIAN_POINT('',(17.367899056697,-3.68223969834E-14,-8.5));
#6262 = DIRECTION('',(0.,0.,1.));
#6263 = DIRECTION('',(1.,0.,0.));
#6264 = MANIFOLD_SOLID_BREP('',#6265);
#6265 = CLOSED_SHELL('',(#6266,#6306,#6337,#6368,#6390,#6402));
#6266 = ADVANCED_FACE('',(#6267),#6301,.T.);
#6267 = FACE_BOUND('',#6268,.T.);
#6268 = EDGE_LOOP('',(#6269,#6279,#6287,#6295));
#6269 = ORIENTED_EDGE('',*,*,#6270,.T.);
#6270 = EDGE_CURVE('',#6271,#6273,#6275,.T.);
#6271 = VERTEX_POINT('',#6272);
#6272 = CARTESIAN_POINT('',(17.067899056697,-13.,2.5));
#6273 = VERTEX_POINT('',#6274);
#6274 = CARTESIAN_POINT('',(17.067899056697,-13.,-8.5));
#6275 = LINE('',#6276,#6277);
#6276 = CARTESIAN_POINT('',(17.067899056697,-13.,2.5));
#6277 = VECTOR('',#6278,1.);
#6278 = DIRECTION('',(-0.,-0.,-1.));
#6279 = ORIENTED_EDGE('',*,*,#6280,.T.);
#6280 = EDGE_CURVE('',#6273,#6281,#6283,.T.);
#6281 = VERTEX_POINT('',#6282);
#6282 = CARTESIAN_POINT('',(17.667899056697,-13.,-8.5));
#6283 = LINE('',#6284,#6285);
#6284 = CARTESIAN_POINT('',(17.067899056697,-13.,-8.5));
#6285 = VECTOR('',#6286,1.);
#6286 = DIRECTION('',(1.,0.,0.));
#6287 = ORIENTED_EDGE('',*,*,#6288,.F.);
#6288 = EDGE_CURVE('',#6289,#6281,#6291,.T.);
#6289 = VERTEX_POINT('',#6290);
#6290 = CARTESIAN_POINT('',(17.667899056697,-13.,2.5));
#6291 = LINE('',#6292,#6293);
#6292 = CARTESIAN_POINT('',(17.667899056697,-13.,2.5));
#6293 = VECTOR('',#6294,1.);
#6294 = DIRECTION('',(-0.,-0.,-1.));
#6295 = ORIENTED_EDGE('',*,*,#6296,.F.);
#6296 = EDGE_CURVE('',#6271,#6289,#6297,.T.);
#6297 = LINE('',#6298,#6299);
#6298 = CARTESIAN_POINT('',(17.067899056697,-13.,2.5));
#6299 = VECTOR('',#6300,1.);
#6300 = DIRECTION('',(1.,0.,0.));
#6301 = PLANE('',#6302);
#6302 = AXIS2_PLACEMENT_3D('',#6303,#6304,#6305);
#6303 = CARTESIAN_POINT('',(17.067899056697,-13.,2.5));
#6304 = DIRECTION('',(0.,-1.,0.));
#6305 = DIRECTION('',(1.,0.,0.));
#6306 = ADVANCED_FACE('',(#6307),#6332,.T.);
#6307 = FACE_BOUND('',#6308,.T.);
#6308 = EDGE_LOOP('',(#6309,#6310,#6318,#6326));
#6309 = ORIENTED_EDGE('',*,*,#6288,.T.);
#6310 = ORIENTED_EDGE('',*,*,#6311,.T.);
#6311 = EDGE_CURVE('',#6281,#6312,#6314,.T.);
#6312 = VERTEX_POINT('',#6313);
#6313 = CARTESIAN_POINT('',(17.667899056697,-12.4,-8.5));
#6314 = LINE('',#6315,#6316);
#6315 = CARTESIAN_POINT('',(17.667899056697,-13.,-8.5));
#6316 = VECTOR('',#6317,1.);
#6317 = DIRECTION('',(0.,1.,0.));
#6318 = ORIENTED_EDGE('',*,*,#6319,.F.);
#6319 = EDGE_CURVE('',#6320,#6312,#6322,.T.);
#6320 = VERTEX_POINT('',#6321);
#6321 = CARTESIAN_POINT('',(17.667899056697,-12.4,2.5));
#6322 = LINE('',#6323,#6324);
#6323 = CARTESIAN_POINT('',(17.667899056697,-12.4,2.5));
#6324 = VECTOR('',#6325,1.);
#6325 = DIRECTION('',(-0.,-0.,-1.));
#6326 = ORIENTED_EDGE('',*,*,#6327,.F.);
#6327 = EDGE_CURVE('',#6289,#6320,#6328,.T.);
#6328 = LINE('',#6329,#6330);
#6329 = CARTESIAN_POINT('',(17.667899056697,-13.,2.5));
#6330 = VECTOR('',#6331,1.);
#6331 = DIRECTION('',(0.,1.,0.));
#6332 = PLANE('',#6333);
#6333 = AXIS2_PLACEMENT_3D('',#6334,#6335,#6336);
#6334 = CARTESIAN_POINT('',(17.667899056697,-13.,2.5));
#6335 = DIRECTION('',(1.,0.,0.));
#6336 = DIRECTION('',(0.,1.,0.));
#6337 = ADVANCED_FACE('',(#6338),#6363,.T.);
#6338 = FACE_BOUND('',#6339,.T.);
#6339 = EDGE_LOOP('',(#6340,#6341,#6349,#6357));
#6340 = ORIENTED_EDGE('',*,*,#6319,.T.);
#6341 = ORIENTED_EDGE('',*,*,#6342,.T.);
#6342 = EDGE_CURVE('',#6312,#6343,#6345,.T.);
#6343 = VERTEX_POINT('',#6344);
#6344 = CARTESIAN_POINT('',(17.067899056697,-12.4,-8.5));
#6345 = LINE('',#6346,#6347);
#6346 = CARTESIAN_POINT('',(17.667899056697,-12.4,-8.5));
#6347 = VECTOR('',#6348,1.);
#6348 = DIRECTION('',(-1.,0.,0.));
#6349 = ORIENTED_EDGE('',*,*,#6350,.F.);
#6350 = EDGE_CURVE('',#6351,#6343,#6353,.T.);
#6351 = VERTEX_POINT('',#6352);
#6352 = CARTESIAN_POINT('',(17.067899056697,-12.4,2.5));
#6353 = LINE('',#6354,#6355);
#6354 = CARTESIAN_POINT('',(17.067899056697,-12.4,2.5));
#6355 = VECTOR('',#6356,1.);
#6356 = DIRECTION('',(-0.,-0.,-1.));
#6357 = ORIENTED_EDGE('',*,*,#6358,.F.);
#6358 = EDGE_CURVE('',#6320,#6351,#6359,.T.);
#6359 = LINE('',#6360,#6361);
#6360 = CARTESIAN_POINT('',(17.667899056697,-12.4,2.5));
#6361 = VECTOR('',#6362,1.);
#6362 = DIRECTION('',(-1.,0.,0.));
#6363 = PLANE('',#6364);
#6364 = AXIS2_PLACEMENT_3D('',#6365,#6366,#6367);
#6365 = CARTESIAN_POINT('',(17.667899056697,-12.4,2.5));
#6366 = DIRECTION('',(0.,1.,0.));
#6367 = DIRECTION('',(-1.,0.,0.));
#6368 = ADVANCED_FACE('',(#6369),#6385,.T.);
#6369 = FACE_BOUND('',#6370,.T.);
#6370 = EDGE_LOOP('',(#6371,#6372,#6378,#6379));
#6371 = ORIENTED_EDGE('',*,*,#6350,.T.);
#6372 = ORIENTED_EDGE('',*,*,#6373,.T.);
#6373 = EDGE_CURVE('',#6343,#6273,#6374,.T.);
#6374 = LINE('',#6375,#6376);
#6375 = CARTESIAN_POINT('',(17.067899056697,-12.4,-8.5));
#6376 = VECTOR('',#6377,1.);
#6377 = DIRECTION('',(0.,-1.,0.));
#6378 = ORIENTED_EDGE('',*,*,#6270,.F.);
#6379 = ORIENTED_EDGE('',*,*,#6380,.F.);
#6380 = EDGE_CURVE('',#6351,#6271,#6381,.T.);
#6381 = LINE('',#6382,#6383);
#6382 = CARTESIAN_POINT('',(17.067899056697,-12.4,2.5));
#6383 = VECTOR('',#6384,1.);
#6384 = DIRECTION('',(0.,-1.,0.));
#6385 = PLANE('',#6386);
#6386 = AXIS2_PLACEMENT_3D('',#6387,#6388,#6389);
#6387 = CARTESIAN_POINT('',(17.067899056697,-12.4,2.5));
#6388 = DIRECTION('',(-1.,0.,0.));
#6389 = DIRECTION('',(0.,-1.,0.));
#6390 = ADVANCED_FACE('',(#6391),#6397,.T.);
#6391 = FACE_BOUND('',#6392,.T.);
#6392 = EDGE_LOOP('',(#6393,#6394,#6395,#6396));
#6393 = ORIENTED_EDGE('',*,*,#6296,.T.);
#6394 = ORIENTED_EDGE('',*,*,#6327,.T.);
#6395 = ORIENTED_EDGE('',*,*,#6358,.T.);
#6396 = ORIENTED_EDGE('',*,*,#6380,.T.);
#6397 = PLANE('',#6398);
#6398 = AXIS2_PLACEMENT_3D('',#6399,#6400,#6401);
#6399 = CARTESIAN_POINT('',(17.367899056697,-3.68223969834E-14,2.5));
#6400 = DIRECTION('',(0.,0.,1.));
#6401 = DIRECTION('',(1.,0.,0.));
#6402 = ADVANCED_FACE('',(#6403),#6409,.F.);
#6403 = FACE_BOUND('',#6404,.F.);
#6404 = EDGE_LOOP('',(#6405,#6406,#6407,#6408));
#6405 = ORIENTED_EDGE('',*,*,#6280,.T.);
#6406 = ORIENTED_EDGE('',*,*,#6311,.T.);
#6407 = ORIENTED_EDGE('',*,*,#6342,.T.);
#6408 = ORIENTED_EDGE('',*,*,#6373,.T.);
#6409 = PLANE('',#6410);
#6410 = AXIS2_PLACEMENT_3D('',#6411,#6412,#6413);
#6411 = CARTESIAN_POINT('',(17.367899056697,-3.68223969834E-14,-8.5));
#6412 = DIRECTION('',(0.,0.,1.));
#6413 = DIRECTION('',(1.,0.,0.));
#6414 = MANIFOLD_SOLID_BREP('',#6415);
#6415 = CLOSED_SHELL('',(#6416,#6456,#6487,#6518,#6540,#6552));
#6416 = ADVANCED_FACE('',(#6417),#6451,.T.);
#6417 = FACE_BOUND('',#6418,.T.);
#6418 = EDGE_LOOP('',(#6419,#6429,#6437,#6445));
#6419 = ORIENTED_EDGE('',*,*,#6420,.T.);
#6420 = EDGE_CURVE('',#6421,#6423,#6425,.T.);
#6421 = VERTEX_POINT('',#6422);
#6422 = CARTESIAN_POINT('',(19.607899056697,12.4,2.5));
#6423 = VERTEX_POINT('',#6424);
#6424 = CARTESIAN_POINT('',(19.607899056697,12.4,-8.5));
#6425 = LINE('',#6426,#6427);
#6426 = CARTESIAN_POINT('',(19.607899056697,12.4,2.5));
#6427 = VECTOR('',#6428,1.);
#6428 = DIRECTION('',(-0.,-0.,-1.));
#6429 = ORIENTED_EDGE('',*,*,#6430,.T.);
#6430 = EDGE_CURVE('',#6423,#6431,#6433,.T.);
#6431 = VERTEX_POINT('',#6432);
#6432 = CARTESIAN_POINT('',(20.207899056697,12.4,-8.5));
#6433 = LINE('',#6434,#6435);
#6434 = CARTESIAN_POINT('',(19.607899056697,12.4,-8.5));
#6435 = VECTOR('',#6436,1.);
#6436 = DIRECTION('',(1.,0.,0.));
#6437 = ORIENTED_EDGE('',*,*,#6438,.F.);
#6438 = EDGE_CURVE('',#6439,#6431,#6441,.T.);
#6439 = VERTEX_POINT('',#6440);
#6440 = CARTESIAN_POINT('',(20.207899056697,12.4,2.5));
#6441 = LINE('',#6442,#6443);
#6442 = CARTESIAN_POINT('',(20.207899056697,12.4,2.5));
#6443 = VECTOR('',#6444,1.);
#6444 = DIRECTION('',(-0.,-0.,-1.));
#6445 = ORIENTED_EDGE('',*,*,#6446,.F.);
#6446 = EDGE_CURVE('',#6421,#6439,#6447,.T.);
#6447 = LINE('',#6448,#6449);
#6448 = CARTESIAN_POINT('',(19.607899056697,12.4,2.5));
#6449 = VECTOR('',#6450,1.);
#6450 = DIRECTION('',(1.,0.,0.));
#6451 = PLANE('',#6452);
#6452 = AXIS2_PLACEMENT_3D('',#6453,#6454,#6455);
#6453 = CARTESIAN_POINT('',(19.607899056697,12.4,2.5));
#6454 = DIRECTION('',(0.,-1.,0.));
#6455 = DIRECTION('',(1.,0.,0.));
#6456 = ADVANCED_FACE('',(#6457),#6482,.T.);
#6457 = FACE_BOUND('',#6458,.T.);
#6458 = EDGE_LOOP('',(#6459,#6460,#6468,#6476));
#6459 = ORIENTED_EDGE('',*,*,#6438,.T.);
#6460 = ORIENTED_EDGE('',*,*,#6461,.T.);
#6461 = EDGE_CURVE('',#6431,#6462,#6464,.T.);
#6462 = VERTEX_POINT('',#6463);
#6463 = CARTESIAN_POINT('',(20.207899056697,13.,-8.5));
#6464 = LINE('',#6465,#6466);
#6465 = CARTESIAN_POINT('',(20.207899056697,12.4,-8.5));
#6466 = VECTOR('',#6467,1.);
#6467 = DIRECTION('',(0.,1.,0.));
#6468 = ORIENTED_EDGE('',*,*,#6469,.F.);
#6469 = EDGE_CURVE('',#6470,#6462,#6472,.T.);
#6470 = VERTEX_POINT('',#6471);
#6471 = CARTESIAN_POINT('',(20.207899056697,13.,2.5));
#6472 = LINE('',#6473,#6474);
#6473 = CARTESIAN_POINT('',(20.207899056697,13.,2.5));
#6474 = VECTOR('',#6475,1.);
#6475 = DIRECTION('',(-0.,-0.,-1.));
#6476 = ORIENTED_EDGE('',*,*,#6477,.F.);
#6477 = EDGE_CURVE('',#6439,#6470,#6478,.T.);
#6478 = LINE('',#6479,#6480);
#6479 = CARTESIAN_POINT('',(20.207899056697,12.4,2.5));
#6480 = VECTOR('',#6481,1.);
#6481 = DIRECTION('',(0.,1.,0.));
#6482 = PLANE('',#6483);
#6483 = AXIS2_PLACEMENT_3D('',#6484,#6485,#6486);
#6484 = CARTESIAN_POINT('',(20.207899056697,12.4,2.5));
#6485 = DIRECTION('',(1.,0.,0.));
#6486 = DIRECTION('',(0.,1.,0.));
#6487 = ADVANCED_FACE('',(#6488),#6513,.T.);
#6488 = FACE_BOUND('',#6489,.T.);
#6489 = EDGE_LOOP('',(#6490,#6491,#6499,#6507));
#6490 = ORIENTED_EDGE('',*,*,#6469,.T.);
#6491 = ORIENTED_EDGE('',*,*,#6492,.T.);
#6492 = EDGE_CURVE('',#6462,#6493,#6495,.T.);
#6493 = VERTEX_POINT('',#6494);
#6494 = CARTESIAN_POINT('',(19.607899056697,13.,-8.5));
#6495 = LINE('',#6496,#6497);
#6496 = CARTESIAN_POINT('',(20.207899056697,13.,-8.5));
#6497 = VECTOR('',#6498,1.);
#6498 = DIRECTION('',(-1.,0.,0.));
#6499 = ORIENTED_EDGE('',*,*,#6500,.F.);
#6500 = EDGE_CURVE('',#6501,#6493,#6503,.T.);
#6501 = VERTEX_POINT('',#6502);
#6502 = CARTESIAN_POINT('',(19.607899056697,13.,2.5));
#6503 = LINE('',#6504,#6505);
#6504 = CARTESIAN_POINT('',(19.607899056697,13.,2.5));
#6505 = VECTOR('',#6506,1.);
#6506 = DIRECTION('',(-0.,-0.,-1.));
#6507 = ORIENTED_EDGE('',*,*,#6508,.F.);
#6508 = EDGE_CURVE('',#6470,#6501,#6509,.T.);
#6509 = LINE('',#6510,#6511);
#6510 = CARTESIAN_POINT('',(20.207899056697,13.,2.5));
#6511 = VECTOR('',#6512,1.);
#6512 = DIRECTION('',(-1.,0.,0.));
#6513 = PLANE('',#6514);
#6514 = AXIS2_PLACEMENT_3D('',#6515,#6516,#6517);
#6515 = CARTESIAN_POINT('',(20.207899056697,13.,2.5));
#6516 = DIRECTION('',(0.,1.,0.));
#6517 = DIRECTION('',(-1.,0.,0.));
#6518 = ADVANCED_FACE('',(#6519),#6535,.T.);
#6519 = FACE_BOUND('',#6520,.T.);
#6520 = EDGE_LOOP('',(#6521,#6522,#6528,#6529));
#6521 = ORIENTED_EDGE('',*,*,#6500,.T.);
#6522 = ORIENTED_EDGE('',*,*,#6523,.T.);
#6523 = EDGE_CURVE('',#6493,#6423,#6524,.T.);
#6524 = LINE('',#6525,#6526);
#6525 = CARTESIAN_POINT('',(19.607899056697,13.,-8.5));
#6526 = VECTOR('',#6527,1.);
#6527 = DIRECTION('',(0.,-1.,0.));
#6528 = ORIENTED_EDGE('',*,*,#6420,.F.);
#6529 = ORIENTED_EDGE('',*,*,#6530,.F.);
#6530 = EDGE_CURVE('',#6501,#6421,#6531,.T.);
#6531 = LINE('',#6532,#6533);
#6532 = CARTESIAN_POINT('',(19.607899056697,13.,2.5));
#6533 = VECTOR('',#6534,1.);
#6534 = DIRECTION('',(0.,-1.,0.));
#6535 = PLANE('',#6536);
#6536 = AXIS2_PLACEMENT_3D('',#6537,#6538,#6539);
#6537 = CARTESIAN_POINT('',(19.607899056697,13.,2.5));
#6538 = DIRECTION('',(-1.,0.,0.));
#6539 = DIRECTION('',(0.,-1.,0.));
#6540 = ADVANCED_FACE('',(#6541),#6547,.T.);
#6541 = FACE_BOUND('',#6542,.T.);
#6542 = EDGE_LOOP('',(#6543,#6544,#6545,#6546));
#6543 = ORIENTED_EDGE('',*,*,#6446,.T.);
#6544 = ORIENTED_EDGE('',*,*,#6477,.T.);
#6545 = ORIENTED_EDGE('',*,*,#6508,.T.);
#6546 = ORIENTED_EDGE('',*,*,#6530,.T.);
#6547 = PLANE('',#6548);
#6548 = AXIS2_PLACEMENT_3D('',#6549,#6550,#6551);
#6549 = CARTESIAN_POINT('',(19.907899056697,-3.68223969834E-14,2.5));
#6550 = DIRECTION('',(0.,0.,1.));
#6551 = DIRECTION('',(1.,0.,0.));
#6552 = ADVANCED_FACE('',(#6553),#6559,.F.);
#6553 = FACE_BOUND('',#6554,.F.);
#6554 = EDGE_LOOP('',(#6555,#6556,#6557,#6558));
#6555 = ORIENTED_EDGE('',*,*,#6430,.T.);
#6556 = ORIENTED_EDGE('',*,*,#6461,.T.);
#6557 = ORIENTED_EDGE('',*,*,#6492,.T.);
#6558 = ORIENTED_EDGE('',*,*,#6523,.T.);
#6559 = PLANE('',#6560);
#6560 = AXIS2_PLACEMENT_3D('',#6561,#6562,#6563);
#6561 = CARTESIAN_POINT('',(19.907899056697,-3.68223969834E-14,-8.5));
#6562 = DIRECTION('',(0.,0.,1.));
#6563 = DIRECTION('',(1.,0.,0.));
#6564 = MANIFOLD_SOLID_BREP('',#6565);
#6565 = CLOSED_SHELL('',(#6566,#6606,#6637,#6668,#6690,#6702));
#6566 = ADVANCED_FACE('',(#6567),#6601,.T.);
#6567 = FACE_BOUND('',#6568,.T.);
#6568 = EDGE_LOOP('',(#6569,#6579,#6587,#6595));
#6569 = ORIENTED_EDGE('',*,*,#6570,.T.);
#6570 = EDGE_CURVE('',#6571,#6573,#6575,.T.);
#6571 = VERTEX_POINT('',#6572);
#6572 = CARTESIAN_POINT('',(19.607899056697,-13.,2.5));
#6573 = VERTEX_POINT('',#6574);
#6574 = CARTESIAN_POINT('',(19.607899056697,-13.,-8.5));
#6575 = LINE('',#6576,#6577);
#6576 = CARTESIAN_POINT('',(19.607899056697,-13.,2.5));
#6577 = VECTOR('',#6578,1.);
#6578 = DIRECTION('',(-0.,-0.,-1.));
#6579 = ORIENTED_EDGE('',*,*,#6580,.T.);
#6580 = EDGE_CURVE('',#6573,#6581,#6583,.T.);
#6581 = VERTEX_POINT('',#6582);
#6582 = CARTESIAN_POINT('',(20.207899056697,-13.,-8.5));
#6583 = LINE('',#6584,#6585);
#6584 = CARTESIAN_POINT('',(19.607899056697,-13.,-8.5));
#6585 = VECTOR('',#6586,1.);
#6586 = DIRECTION('',(1.,0.,0.));
#6587 = ORIENTED_EDGE('',*,*,#6588,.F.);
#6588 = EDGE_CURVE('',#6589,#6581,#6591,.T.);
#6589 = VERTEX_POINT('',#6590);
#6590 = CARTESIAN_POINT('',(20.207899056697,-13.,2.5));
#6591 = LINE('',#6592,#6593);
#6592 = CARTESIAN_POINT('',(20.207899056697,-13.,2.5));
#6593 = VECTOR('',#6594,1.);
#6594 = DIRECTION('',(-0.,-0.,-1.));
#6595 = ORIENTED_EDGE('',*,*,#6596,.F.);
#6596 = EDGE_CURVE('',#6571,#6589,#6597,.T.);
#6597 = LINE('',#6598,#6599);
#6598 = CARTESIAN_POINT('',(19.607899056697,-13.,2.5));
#6599 = VECTOR('',#6600,1.);
#6600 = DIRECTION('',(1.,0.,0.));
#6601 = PLANE('',#6602);
#6602 = AXIS2_PLACEMENT_3D('',#6603,#6604,#6605);
#6603 = CARTESIAN_POINT('',(19.607899056697,-13.,2.5));
#6604 = DIRECTION('',(0.,-1.,0.));
#6605 = DIRECTION('',(1.,0.,0.));
#6606 = ADVANCED_FACE('',(#6607),#6632,.T.);
#6607 = FACE_BOUND('',#6608,.T.);
#6608 = EDGE_LOOP('',(#6609,#6610,#6618,#6626));
#6609 = ORIENTED_EDGE('',*,*,#6588,.T.);
#6610 = ORIENTED_EDGE('',*,*,#6611,.T.);
#6611 = EDGE_CURVE('',#6581,#6612,#6614,.T.);
#6612 = VERTEX_POINT('',#6613);
#6613 = CARTESIAN_POINT('',(20.207899056697,-12.4,-8.5));
#6614 = LINE('',#6615,#6616);
#6615 = CARTESIAN_POINT('',(20.207899056697,-13.,-8.5));
#6616 = VECTOR('',#6617,1.);
#6617 = DIRECTION('',(0.,1.,0.));
#6618 = ORIENTED_EDGE('',*,*,#6619,.F.);
#6619 = EDGE_CURVE('',#6620,#6612,#6622,.T.);
#6620 = VERTEX_POINT('',#6621);
#6621 = CARTESIAN_POINT('',(20.207899056697,-12.4,2.5));
#6622 = LINE('',#6623,#6624);
#6623 = CARTESIAN_POINT('',(20.207899056697,-12.4,2.5));
#6624 = VECTOR('',#6625,1.);
#6625 = DIRECTION('',(-0.,-0.,-1.));
#6626 = ORIENTED_EDGE('',*,*,#6627,.F.);
#6627 = EDGE_CURVE('',#6589,#6620,#6628,.T.);
#6628 = LINE('',#6629,#6630);
#6629 = CARTESIAN_POINT('',(20.207899056697,-13.,2.5));
#6630 = VECTOR('',#6631,1.);
#6631 = DIRECTION('',(0.,1.,0.));
#6632 = PLANE('',#6633);
#6633 = AXIS2_PLACEMENT_3D('',#6634,#6635,#6636);
#6634 = CARTESIAN_POINT('',(20.207899056697,-13.,2.5));
#6635 = DIRECTION('',(1.,0.,0.));
#6636 = DIRECTION('',(0.,1.,0.));
#6637 = ADVANCED_FACE('',(#6638),#6663,.T.);
#6638 = FACE_BOUND('',#6639,.T.);
#6639 = EDGE_LOOP('',(#6640,#6641,#6649,#6657));
#6640 = ORIENTED_EDGE('',*,*,#6619,.T.);
#6641 = ORIENTED_EDGE('',*,*,#6642,.T.);
#6642 = EDGE_CURVE('',#6612,#6643,#6645,.T.);
#6643 = VERTEX_POINT('',#6644);
#6644 = CARTESIAN_POINT('',(19.607899056697,-12.4,-8.5));
#6645 = LINE('',#6646,#6647);
#6646 = CARTESIAN_POINT('',(20.207899056697,-12.4,-8.5));
#6647 = VECTOR('',#6648,1.);
#6648 = DIRECTION('',(-1.,0.,0.));
#6649 = ORIENTED_EDGE('',*,*,#6650,.F.);
#6650 = EDGE_CURVE('',#6651,#6643,#6653,.T.);
#6651 = VERTEX_POINT('',#6652);
#6652 = CARTESIAN_POINT('',(19.607899056697,-12.4,2.5));
#6653 = LINE('',#6654,#6655);
#6654 = CARTESIAN_POINT('',(19.607899056697,-12.4,2.5));
#6655 = VECTOR('',#6656,1.);
#6656 = DIRECTION('',(-0.,-0.,-1.));
#6657 = ORIENTED_EDGE('',*,*,#6658,.F.);
#6658 = EDGE_CURVE('',#6620,#6651,#6659,.T.);
#6659 = LINE('',#6660,#6661);
#6660 = CARTESIAN_POINT('',(20.207899056697,-12.4,2.5));
#6661 = VECTOR('',#6662,1.);
#6662 = DIRECTION('',(-1.,0.,0.));
#6663 = PLANE('',#6664);
#6664 = AXIS2_PLACEMENT_3D('',#6665,#6666,#6667);
#6665 = CARTESIAN_POINT('',(20.207899056697,-12.4,2.5));
#6666 = DIRECTION('',(0.,1.,0.));
#6667 = DIRECTION('',(-1.,0.,0.));
#6668 = ADVANCED_FACE('',(#6669),#6685,.T.);
#6669 = FACE_BOUND('',#6670,.T.);
#6670 = EDGE_LOOP('',(#6671,#6672,#6678,#6679));
#6671 = ORIENTED_EDGE('',*,*,#6650,.T.);
#6672 = ORIENTED_EDGE('',*,*,#6673,.T.);
#6673 = EDGE_CURVE('',#6643,#6573,#6674,.T.);
#6674 = LINE('',#6675,#6676);
#6675 = CARTESIAN_POINT('',(19.607899056697,-12.4,-8.5));
#6676 = VECTOR('',#6677,1.);
#6677 = DIRECTION('',(0.,-1.,0.));
#6678 = ORIENTED_EDGE('',*,*,#6570,.F.);
#6679 = ORIENTED_EDGE('',*,*,#6680,.F.);
#6680 = EDGE_CURVE('',#6651,#6571,#6681,.T.);
#6681 = LINE('',#6682,#6683);
#6682 = CARTESIAN_POINT('',(19.607899056697,-12.4,2.5));
#6683 = VECTOR('',#6684,1.);
#6684 = DIRECTION('',(0.,-1.,0.));
#6685 = PLANE('',#6686);
#6686 = AXIS2_PLACEMENT_3D('',#6687,#6688,#6689);
#6687 = CARTESIAN_POINT('',(19.607899056697,-12.4,2.5));
#6688 = DIRECTION('',(-1.,0.,0.));
#6689 = DIRECTION('',(0.,-1.,0.));
#6690 = ADVANCED_FACE('',(#6691),#6697,.T.);
#6691 = FACE_BOUND('',#6692,.T.);
#6692 = EDGE_LOOP('',(#6693,#6694,#6695,#6696));
#6693 = ORIENTED_EDGE('',*,*,#6596,.T.);
#6694 = ORIENTED_EDGE('',*,*,#6627,.T.);
#6695 = ORIENTED_EDGE('',*,*,#6658,.T.);
#6696 = ORIENTED_EDGE('',*,*,#6680,.T.);
#6697 = PLANE('',#6698);
#6698 = AXIS2_PLACEMENT_3D('',#6699,#6700,#6701);
#6699 = CARTESIAN_POINT('',(19.907899056697,-3.68223969834E-14,2.5));
#6700 = DIRECTION('',(0.,0.,1.));
#6701 = DIRECTION('',(1.,0.,0.));
#6702 = ADVANCED_FACE('',(#6703),#6709,.F.);
#6703 = FACE_BOUND('',#6704,.F.);
#6704 = EDGE_LOOP('',(#6705,#6706,#6707,#6708));
#6705 = ORIENTED_EDGE('',*,*,#6580,.T.);
#6706 = ORIENTED_EDGE('',*,*,#6611,.T.);
#6707 = ORIENTED_EDGE('',*,*,#6642,.T.);
#6708 = ORIENTED_EDGE('',*,*,#6673,.T.);
#6709 = PLANE('',#6710);
#6710 = AXIS2_PLACEMENT_3D('',#6711,#6712,#6713);
#6711 = CARTESIAN_POINT('',(19.907899056697,-3.68223969834E-14,-8.5));
#6712 = DIRECTION('',(0.,0.,1.));
#6713 = DIRECTION('',(1.,0.,0.));
#6714 = MANIFOLD_SOLID_BREP('',#6715);
#6715 = CLOSED_SHELL('',(#6716,#6756,#6787,#6818,#6840,#6852));
#6716 = ADVANCED_FACE('',(#6717),#6751,.T.);
#6717 = FACE_BOUND('',#6718,.T.);
#6718 = EDGE_LOOP('',(#6719,#6729,#6737,#6745));
#6719 = ORIENTED_EDGE('',*,*,#6720,.T.);
#6720 = EDGE_CURVE('',#6721,#6723,#6725,.T.);
#6721 = VERTEX_POINT('',#6722);
#6722 = CARTESIAN_POINT('',(22.147899056697,12.4,2.5));
#6723 = VERTEX_POINT('',#6724);
#6724 = CARTESIAN_POINT('',(22.147899056697,12.4,-8.5));
#6725 = LINE('',#6726,#6727);
#6726 = CARTESIAN_POINT('',(22.147899056697,12.4,2.5));
#6727 = VECTOR('',#6728,1.);
#6728 = DIRECTION('',(-0.,-0.,-1.));
#6729 = ORIENTED_EDGE('',*,*,#6730,.T.);
#6730 = EDGE_CURVE('',#6723,#6731,#6733,.T.);
#6731 = VERTEX_POINT('',#6732);
#6732 = CARTESIAN_POINT('',(22.747899056697,12.4,-8.5));
#6733 = LINE('',#6734,#6735);
#6734 = CARTESIAN_POINT('',(22.147899056697,12.4,-8.5));
#6735 = VECTOR('',#6736,1.);
#6736 = DIRECTION('',(1.,0.,0.));
#6737 = ORIENTED_EDGE('',*,*,#6738,.F.);
#6738 = EDGE_CURVE('',#6739,#6731,#6741,.T.);
#6739 = VERTEX_POINT('',#6740);
#6740 = CARTESIAN_POINT('',(22.747899056697,12.4,2.5));
#6741 = LINE('',#6742,#6743);
#6742 = CARTESIAN_POINT('',(22.747899056697,12.4,2.5));
#6743 = VECTOR('',#6744,1.);
#6744 = DIRECTION('',(-0.,-0.,-1.));
#6745 = ORIENTED_EDGE('',*,*,#6746,.F.);
#6746 = EDGE_CURVE('',#6721,#6739,#6747,.T.);
#6747 = LINE('',#6748,#6749);
#6748 = CARTESIAN_POINT('',(22.147899056697,12.4,2.5));
#6749 = VECTOR('',#6750,1.);
#6750 = DIRECTION('',(1.,0.,0.));
#6751 = PLANE('',#6752);
#6752 = AXIS2_PLACEMENT_3D('',#6753,#6754,#6755);
#6753 = CARTESIAN_POINT('',(22.147899056697,12.4,2.5));
#6754 = DIRECTION('',(0.,-1.,0.));
#6755 = DIRECTION('',(1.,0.,0.));
#6756 = ADVANCED_FACE('',(#6757),#6782,.T.);
#6757 = FACE_BOUND('',#6758,.T.);
#6758 = EDGE_LOOP('',(#6759,#6760,#6768,#6776));
#6759 = ORIENTED_EDGE('',*,*,#6738,.T.);
#6760 = ORIENTED_EDGE('',*,*,#6761,.T.);
#6761 = EDGE_CURVE('',#6731,#6762,#6764,.T.);
#6762 = VERTEX_POINT('',#6763);
#6763 = CARTESIAN_POINT('',(22.747899056697,13.,-8.5));
#6764 = LINE('',#6765,#6766);
#6765 = CARTESIAN_POINT('',(22.747899056697,12.4,-8.5));
#6766 = VECTOR('',#6767,1.);
#6767 = DIRECTION('',(0.,1.,0.));
#6768 = ORIENTED_EDGE('',*,*,#6769,.F.);
#6769 = EDGE_CURVE('',#6770,#6762,#6772,.T.);
#6770 = VERTEX_POINT('',#6771);
#6771 = CARTESIAN_POINT('',(22.747899056697,13.,2.5));
#6772 = LINE('',#6773,#6774);
#6773 = CARTESIAN_POINT('',(22.747899056697,13.,2.5));
#6774 = VECTOR('',#6775,1.);
#6775 = DIRECTION('',(-0.,-0.,-1.));
#6776 = ORIENTED_EDGE('',*,*,#6777,.F.);
#6777 = EDGE_CURVE('',#6739,#6770,#6778,.T.);
#6778 = LINE('',#6779,#6780);
#6779 = CARTESIAN_POINT('',(22.747899056697,12.4,2.5));
#6780 = VECTOR('',#6781,1.);
#6781 = DIRECTION('',(0.,1.,0.));
#6782 = PLANE('',#6783);
#6783 = AXIS2_PLACEMENT_3D('',#6784,#6785,#6786);
#6784 = CARTESIAN_POINT('',(22.747899056697,12.4,2.5));
#6785 = DIRECTION('',(1.,0.,0.));
#6786 = DIRECTION('',(0.,1.,0.));
#6787 = ADVANCED_FACE('',(#6788),#6813,.T.);
#6788 = FACE_BOUND('',#6789,.T.);
#6789 = EDGE_LOOP('',(#6790,#6791,#6799,#6807));
#6790 = ORIENTED_EDGE('',*,*,#6769,.T.);
#6791 = ORIENTED_EDGE('',*,*,#6792,.T.);
#6792 = EDGE_CURVE('',#6762,#6793,#6795,.T.);
#6793 = VERTEX_POINT('',#6794);
#6794 = CARTESIAN_POINT('',(22.147899056697,13.,-8.5));
#6795 = LINE('',#6796,#6797);
#6796 = CARTESIAN_POINT('',(22.747899056697,13.,-8.5));
#6797 = VECTOR('',#6798,1.);
#6798 = DIRECTION('',(-1.,0.,0.));
#6799 = ORIENTED_EDGE('',*,*,#6800,.F.);
#6800 = EDGE_CURVE('',#6801,#6793,#6803,.T.);
#6801 = VERTEX_POINT('',#6802);
#6802 = CARTESIAN_POINT('',(22.147899056697,13.,2.5));
#6803 = LINE('',#6804,#6805);
#6804 = CARTESIAN_POINT('',(22.147899056697,13.,2.5));
#6805 = VECTOR('',#6806,1.);
#6806 = DIRECTION('',(-0.,-0.,-1.));
#6807 = ORIENTED_EDGE('',*,*,#6808,.F.);
#6808 = EDGE_CURVE('',#6770,#6801,#6809,.T.);
#6809 = LINE('',#6810,#6811);
#6810 = CARTESIAN_POINT('',(22.747899056697,13.,2.5));
#6811 = VECTOR('',#6812,1.);
#6812 = DIRECTION('',(-1.,0.,0.));
#6813 = PLANE('',#6814);
#6814 = AXIS2_PLACEMENT_3D('',#6815,#6816,#6817);
#6815 = CARTESIAN_POINT('',(22.747899056697,13.,2.5));
#6816 = DIRECTION('',(0.,1.,0.));
#6817 = DIRECTION('',(-1.,0.,0.));
#6818 = ADVANCED_FACE('',(#6819),#6835,.T.);
#6819 = FACE_BOUND('',#6820,.T.);
#6820 = EDGE_LOOP('',(#6821,#6822,#6828,#6829));
#6821 = ORIENTED_EDGE('',*,*,#6800,.T.);
#6822 = ORIENTED_EDGE('',*,*,#6823,.T.);
#6823 = EDGE_CURVE('',#6793,#6723,#6824,.T.);
#6824 = LINE('',#6825,#6826);
#6825 = CARTESIAN_POINT('',(22.147899056697,13.,-8.5));
#6826 = VECTOR('',#6827,1.);
#6827 = DIRECTION('',(0.,-1.,0.));
#6828 = ORIENTED_EDGE('',*,*,#6720,.F.);
#6829 = ORIENTED_EDGE('',*,*,#6830,.F.);
#6830 = EDGE_CURVE('',#6801,#6721,#6831,.T.);
#6831 = LINE('',#6832,#6833);
#6832 = CARTESIAN_POINT('',(22.147899056697,13.,2.5));
#6833 = VECTOR('',#6834,1.);
#6834 = DIRECTION('',(0.,-1.,0.));
#6835 = PLANE('',#6836);
#6836 = AXIS2_PLACEMENT_3D('',#6837,#6838,#6839);
#6837 = CARTESIAN_POINT('',(22.147899056697,13.,2.5));
#6838 = DIRECTION('',(-1.,0.,0.));
#6839 = DIRECTION('',(0.,-1.,0.));
#6840 = ADVANCED_FACE('',(#6841),#6847,.T.);
#6841 = FACE_BOUND('',#6842,.T.);
#6842 = EDGE_LOOP('',(#6843,#6844,#6845,#6846));
#6843 = ORIENTED_EDGE('',*,*,#6746,.T.);
#6844 = ORIENTED_EDGE('',*,*,#6777,.T.);
#6845 = ORIENTED_EDGE('',*,*,#6808,.T.);
#6846 = ORIENTED_EDGE('',*,*,#6830,.T.);
#6847 = PLANE('',#6848);
#6848 = AXIS2_PLACEMENT_3D('',#6849,#6850,#6851);
#6849 = CARTESIAN_POINT('',(22.447899056697,-3.68223969834E-14,2.5));
#6850 = DIRECTION('',(0.,0.,1.));
#6851 = DIRECTION('',(1.,0.,0.));
#6852 = ADVANCED_FACE('',(#6853),#6859,.F.);
#6853 = FACE_BOUND('',#6854,.F.);
#6854 = EDGE_LOOP('',(#6855,#6856,#6857,#6858));
#6855 = ORIENTED_EDGE('',*,*,#6730,.T.);
#6856 = ORIENTED_EDGE('',*,*,#6761,.T.);
#6857 = ORIENTED_EDGE('',*,*,#6792,.T.);
#6858 = ORIENTED_EDGE('',*,*,#6823,.T.);
#6859 = PLANE('',#6860);
#6860 = AXIS2_PLACEMENT_3D('',#6861,#6862,#6863);
#6861 = CARTESIAN_POINT('',(22.447899056697,-3.68223969834E-14,-8.5));
#6862 = DIRECTION('',(0.,0.,1.));
#6863 = DIRECTION('',(1.,0.,0.));
#6864 = MANIFOLD_SOLID_BREP('',#6865);
#6865 = CLOSED_SHELL('',(#6866,#6906,#6937,#6968,#6990,#7002));
#6866 = ADVANCED_FACE('',(#6867),#6901,.T.);
#6867 = FACE_BOUND('',#6868,.T.);
#6868 = EDGE_LOOP('',(#6869,#6879,#6887,#6895));
#6869 = ORIENTED_EDGE('',*,*,#6870,.T.);
#6870 = EDGE_CURVE('',#6871,#6873,#6875,.T.);
#6871 = VERTEX_POINT('',#6872);
#6872 = CARTESIAN_POINT('',(22.147899056697,-13.,2.5));
#6873 = VERTEX_POINT('',#6874);
#6874 = CARTESIAN_POINT('',(22.147899056697,-13.,-8.5));
#6875 = LINE('',#6876,#6877);
#6876 = CARTESIAN_POINT('',(22.147899056697,-13.,2.5));
#6877 = VECTOR('',#6878,1.);
#6878 = DIRECTION('',(-0.,-0.,-1.));
#6879 = ORIENTED_EDGE('',*,*,#6880,.T.);
#6880 = EDGE_CURVE('',#6873,#6881,#6883,.T.);
#6881 = VERTEX_POINT('',#6882);
#6882 = CARTESIAN_POINT('',(22.747899056697,-13.,-8.5));
#6883 = LINE('',#6884,#6885);
#6884 = CARTESIAN_POINT('',(22.147899056697,-13.,-8.5));
#6885 = VECTOR('',#6886,1.);
#6886 = DIRECTION('',(1.,0.,0.));
#6887 = ORIENTED_EDGE('',*,*,#6888,.F.);
#6888 = EDGE_CURVE('',#6889,#6881,#6891,.T.);
#6889 = VERTEX_POINT('',#6890);
#6890 = CARTESIAN_POINT('',(22.747899056697,-13.,2.5));
#6891 = LINE('',#6892,#6893);
#6892 = CARTESIAN_POINT('',(22.747899056697,-13.,2.5));
#6893 = VECTOR('',#6894,1.);
#6894 = DIRECTION('',(-0.,-0.,-1.));
#6895 = ORIENTED_EDGE('',*,*,#6896,.F.);
#6896 = EDGE_CURVE('',#6871,#6889,#6897,.T.);
#6897 = LINE('',#6898,#6899);
#6898 = CARTESIAN_POINT('',(22.147899056697,-13.,2.5));
#6899 = VECTOR('',#6900,1.);
#6900 = DIRECTION('',(1.,0.,0.));
#6901 = PLANE('',#6902);
#6902 = AXIS2_PLACEMENT_3D('',#6903,#6904,#6905);
#6903 = CARTESIAN_POINT('',(22.147899056697,-13.,2.5));
#6904 = DIRECTION('',(0.,-1.,0.));
#6905 = DIRECTION('',(1.,0.,0.));
#6906 = ADVANCED_FACE('',(#6907),#6932,.T.);
#6907 = FACE_BOUND('',#6908,.T.);
#6908 = EDGE_LOOP('',(#6909,#6910,#6918,#6926));
#6909 = ORIENTED_EDGE('',*,*,#6888,.T.);
#6910 = ORIENTED_EDGE('',*,*,#6911,.T.);
#6911 = EDGE_CURVE('',#6881,#6912,#6914,.T.);
#6912 = VERTEX_POINT('',#6913);
#6913 = CARTESIAN_POINT('',(22.747899056697,-12.4,-8.5));
#6914 = LINE('',#6915,#6916);
#6915 = CARTESIAN_POINT('',(22.747899056697,-13.,-8.5));
#6916 = VECTOR('',#6917,1.);
#6917 = DIRECTION('',(0.,1.,0.));
#6918 = ORIENTED_EDGE('',*,*,#6919,.F.);
#6919 = EDGE_CURVE('',#6920,#6912,#6922,.T.);
#6920 = VERTEX_POINT('',#6921);
#6921 = CARTESIAN_POINT('',(22.747899056697,-12.4,2.5));
#6922 = LINE('',#6923,#6924);
#6923 = CARTESIAN_POINT('',(22.747899056697,-12.4,2.5));
#6924 = VECTOR('',#6925,1.);
#6925 = DIRECTION('',(-0.,-0.,-1.));
#6926 = ORIENTED_EDGE('',*,*,#6927,.F.);
#6927 = EDGE_CURVE('',#6889,#6920,#6928,.T.);
#6928 = LINE('',#6929,#6930);
#6929 = CARTESIAN_POINT('',(22.747899056697,-13.,2.5));
#6930 = VECTOR('',#6931,1.);
#6931 = DIRECTION('',(0.,1.,0.));
#6932 = PLANE('',#6933);
#6933 = AXIS2_PLACEMENT_3D('',#6934,#6935,#6936);
#6934 = CARTESIAN_POINT('',(22.747899056697,-13.,2.5));
#6935 = DIRECTION('',(1.,0.,0.));
#6936 = DIRECTION('',(0.,1.,0.));
#6937 = ADVANCED_FACE('',(#6938),#6963,.T.);
#6938 = FACE_BOUND('',#6939,.T.);
#6939 = EDGE_LOOP('',(#6940,#6941,#6949,#6957));
#6940 = ORIENTED_EDGE('',*,*,#6919,.T.);
#6941 = ORIENTED_EDGE('',*,*,#6942,.T.);
#6942 = EDGE_CURVE('',#6912,#6943,#6945,.T.);
#6943 = VERTEX_POINT('',#6944);
#6944 = CARTESIAN_POINT('',(22.147899056697,-12.4,-8.5));
#6945 = LINE('',#6946,#6947);
#6946 = CARTESIAN_POINT('',(22.747899056697,-12.4,-8.5));
#6947 = VECTOR('',#6948,1.);
#6948 = DIRECTION('',(-1.,0.,0.));
#6949 = ORIENTED_EDGE('',*,*,#6950,.F.);
#6950 = EDGE_CURVE('',#6951,#6943,#6953,.T.);
#6951 = VERTEX_POINT('',#6952);
#6952 = CARTESIAN_POINT('',(22.147899056697,-12.4,2.5));
#6953 = LINE('',#6954,#6955);
#6954 = CARTESIAN_POINT('',(22.147899056697,-12.4,2.5));
#6955 = VECTOR('',#6956,1.);
#6956 = DIRECTION('',(-0.,-0.,-1.));
#6957 = ORIENTED_EDGE('',*,*,#6958,.F.);
#6958 = EDGE_CURVE('',#6920,#6951,#6959,.T.);
#6959 = LINE('',#6960,#6961);
#6960 = CARTESIAN_POINT('',(22.747899056697,-12.4,2.5));
#6961 = VECTOR('',#6962,1.);
#6962 = DIRECTION('',(-1.,0.,0.));
#6963 = PLANE('',#6964);
#6964 = AXIS2_PLACEMENT_3D('',#6965,#6966,#6967);
#6965 = CARTESIAN_POINT('',(22.747899056697,-12.4,2.5));
#6966 = DIRECTION('',(0.,1.,0.));
#6967 = DIRECTION('',(-1.,0.,0.));
#6968 = ADVANCED_FACE('',(#6969),#6985,.T.);
#6969 = FACE_BOUND('',#6970,.T.);
#6970 = EDGE_LOOP('',(#6971,#6972,#6978,#6979));
#6971 = ORIENTED_EDGE('',*,*,#6950,.T.);
#6972 = ORIENTED_EDGE('',*,*,#6973,.T.);
#6973 = EDGE_CURVE('',#6943,#6873,#6974,.T.);
#6974 = LINE('',#6975,#6976);
#6975 = CARTESIAN_POINT('',(22.147899056697,-12.4,-8.5));
#6976 = VECTOR('',#6977,1.);
#6977 = DIRECTION('',(0.,-1.,0.));
#6978 = ORIENTED_EDGE('',*,*,#6870,.F.);
#6979 = ORIENTED_EDGE('',*,*,#6980,.F.);
#6980 = EDGE_CURVE('',#6951,#6871,#6981,.T.);
#6981 = LINE('',#6982,#6983);
#6982 = CARTESIAN_POINT('',(22.147899056697,-12.4,2.5));
#6983 = VECTOR('',#6984,1.);
#6984 = DIRECTION('',(0.,-1.,0.));
#6985 = PLANE('',#6986);
#6986 = AXIS2_PLACEMENT_3D('',#6987,#6988,#6989);
#6987 = CARTESIAN_POINT('',(22.147899056697,-12.4,2.5));
#6988 = DIRECTION('',(-1.,0.,0.));
#6989 = DIRECTION('',(0.,-1.,0.));
#6990 = ADVANCED_FACE('',(#6991),#6997,.T.);
#6991 = FACE_BOUND('',#6992,.T.);
#6992 = EDGE_LOOP('',(#6993,#6994,#6995,#6996));
#6993 = ORIENTED_EDGE('',*,*,#6896,.T.);
#6994 = ORIENTED_EDGE('',*,*,#6927,.T.);
#6995 = ORIENTED_EDGE('',*,*,#6958,.T.);
#6996 = ORIENTED_EDGE('',*,*,#6980,.T.);
#6997 = PLANE('',#6998);
#6998 = AXIS2_PLACEMENT_3D('',#6999,#7000,#7001);
#6999 = CARTESIAN_POINT('',(22.447899056697,-3.68223969834E-14,2.5));
#7000 = DIRECTION('',(0.,0.,1.));
#7001 = DIRECTION('',(1.,0.,0.));
#7002 = ADVANCED_FACE('',(#7003),#7009,.F.);
#7003 = FACE_BOUND('',#7004,.F.);
#7004 = EDGE_LOOP('',(#7005,#7006,#7007,#7008));
#7005 = ORIENTED_EDGE('',*,*,#6880,.T.);
#7006 = ORIENTED_EDGE('',*,*,#6911,.T.);
#7007 = ORIENTED_EDGE('',*,*,#6942,.T.);
#7008 = ORIENTED_EDGE('',*,*,#6973,.T.);
#7009 = PLANE('',#7010);
#7010 = AXIS2_PLACEMENT_3D('',#7011,#7012,#7013);
#7011 = CARTESIAN_POINT('',(22.447899056697,-3.68223969834E-14,-8.5));
#7012 = DIRECTION('',(0.,0.,1.));
#7013 = DIRECTION('',(1.,0.,0.));
#7014 = MANIFOLD_SOLID_BREP('',#7015);
#7015 = CLOSED_SHELL('',(#7016,#7056,#7087,#7118,#7140,#7152));
#7016 = ADVANCED_FACE('',(#7017),#7051,.T.);
#7017 = FACE_BOUND('',#7018,.T.);
#7018 = EDGE_LOOP('',(#7019,#7029,#7037,#7045));
#7019 = ORIENTED_EDGE('',*,*,#7020,.T.);
#7020 = EDGE_CURVE('',#7021,#7023,#7025,.T.);
#7021 = VERTEX_POINT('',#7022);
#7022 = CARTESIAN_POINT('',(24.687899056697,12.4,2.5));
#7023 = VERTEX_POINT('',#7024);
#7024 = CARTESIAN_POINT('',(24.687899056697,12.4,-8.5));
#7025 = LINE('',#7026,#7027);
#7026 = CARTESIAN_POINT('',(24.687899056697,12.4,2.5));
#7027 = VECTOR('',#7028,1.);
#7028 = DIRECTION('',(-0.,-0.,-1.));
#7029 = ORIENTED_EDGE('',*,*,#7030,.T.);
#7030 = EDGE_CURVE('',#7023,#7031,#7033,.T.);
#7031 = VERTEX_POINT('',#7032);
#7032 = CARTESIAN_POINT('',(25.287899056697,12.4,-8.5));
#7033 = LINE('',#7034,#7035);
#7034 = CARTESIAN_POINT('',(24.687899056697,12.4,-8.5));
#7035 = VECTOR('',#7036,1.);
#7036 = DIRECTION('',(1.,0.,0.));
#7037 = ORIENTED_EDGE('',*,*,#7038,.F.);
#7038 = EDGE_CURVE('',#7039,#7031,#7041,.T.);
#7039 = VERTEX_POINT('',#7040);
#7040 = CARTESIAN_POINT('',(25.287899056697,12.4,2.5));
#7041 = LINE('',#7042,#7043);
#7042 = CARTESIAN_POINT('',(25.287899056697,12.4,2.5));
#7043 = VECTOR('',#7044,1.);
#7044 = DIRECTION('',(-0.,-0.,-1.));
#7045 = ORIENTED_EDGE('',*,*,#7046,.F.);
#7046 = EDGE_CURVE('',#7021,#7039,#7047,.T.);
#7047 = LINE('',#7048,#7049);
#7048 = CARTESIAN_POINT('',(24.687899056697,12.4,2.5));
#7049 = VECTOR('',#7050,1.);
#7050 = DIRECTION('',(1.,0.,0.));
#7051 = PLANE('',#7052);
#7052 = AXIS2_PLACEMENT_3D('',#7053,#7054,#7055);
#7053 = CARTESIAN_POINT('',(24.687899056697,12.4,2.5));
#7054 = DIRECTION('',(0.,-1.,0.));
#7055 = DIRECTION('',(1.,0.,0.));
#7056 = ADVANCED_FACE('',(#7057),#7082,.T.);
#7057 = FACE_BOUND('',#7058,.T.);
#7058 = EDGE_LOOP('',(#7059,#7060,#7068,#7076));
#7059 = ORIENTED_EDGE('',*,*,#7038,.T.);
#7060 = ORIENTED_EDGE('',*,*,#7061,.T.);
#7061 = EDGE_CURVE('',#7031,#7062,#7064,.T.);
#7062 = VERTEX_POINT('',#7063);
#7063 = CARTESIAN_POINT('',(25.287899056697,13.,-8.5));
#7064 = LINE('',#7065,#7066);
#7065 = CARTESIAN_POINT('',(25.287899056697,12.4,-8.5));
#7066 = VECTOR('',#7067,1.);
#7067 = DIRECTION('',(0.,1.,0.));
#7068 = ORIENTED_EDGE('',*,*,#7069,.F.);
#7069 = EDGE_CURVE('',#7070,#7062,#7072,.T.);
#7070 = VERTEX_POINT('',#7071);
#7071 = CARTESIAN_POINT('',(25.287899056697,13.,2.5));
#7072 = LINE('',#7073,#7074);
#7073 = CARTESIAN_POINT('',(25.287899056697,13.,2.5));
#7074 = VECTOR('',#7075,1.);
#7075 = DIRECTION('',(-0.,-0.,-1.));
#7076 = ORIENTED_EDGE('',*,*,#7077,.F.);
#7077 = EDGE_CURVE('',#7039,#7070,#7078,.T.);
#7078 = LINE('',#7079,#7080);
#7079 = CARTESIAN_POINT('',(25.287899056697,12.4,2.5));
#7080 = VECTOR('',#7081,1.);
#7081 = DIRECTION('',(0.,1.,0.));
#7082 = PLANE('',#7083);
#7083 = AXIS2_PLACEMENT_3D('',#7084,#7085,#7086);
#7084 = CARTESIAN_POINT('',(25.287899056697,12.4,2.5));
#7085 = DIRECTION('',(1.,0.,0.));
#7086 = DIRECTION('',(0.,1.,0.));
#7087 = ADVANCED_FACE('',(#7088),#7113,.T.);
#7088 = FACE_BOUND('',#7089,.T.);
#7089 = EDGE_LOOP('',(#7090,#7091,#7099,#7107));
#7090 = ORIENTED_EDGE('',*,*,#7069,.T.);
#7091 = ORIENTED_EDGE('',*,*,#7092,.T.);
#7092 = EDGE_CURVE('',#7062,#7093,#7095,.T.);
#7093 = VERTEX_POINT('',#7094);
#7094 = CARTESIAN_POINT('',(24.687899056697,13.,-8.5));
#7095 = LINE('',#7096,#7097);
#7096 = CARTESIAN_POINT('',(25.287899056697,13.,-8.5));
#7097 = VECTOR('',#7098,1.);
#7098 = DIRECTION('',(-1.,0.,0.));
#7099 = ORIENTED_EDGE('',*,*,#7100,.F.);
#7100 = EDGE_CURVE('',#7101,#7093,#7103,.T.);
#7101 = VERTEX_POINT('',#7102);
#7102 = CARTESIAN_POINT('',(24.687899056697,13.,2.5));
#7103 = LINE('',#7104,#7105);
#7104 = CARTESIAN_POINT('',(24.687899056697,13.,2.5));
#7105 = VECTOR('',#7106,1.);
#7106 = DIRECTION('',(-0.,-0.,-1.));
#7107 = ORIENTED_EDGE('',*,*,#7108,.F.);
#7108 = EDGE_CURVE('',#7070,#7101,#7109,.T.);
#7109 = LINE('',#7110,#7111);
#7110 = CARTESIAN_POINT('',(25.287899056697,13.,2.5));
#7111 = VECTOR('',#7112,1.);
#7112 = DIRECTION('',(-1.,0.,0.));
#7113 = PLANE('',#7114);
#7114 = AXIS2_PLACEMENT_3D('',#7115,#7116,#7117);
#7115 = CARTESIAN_POINT('',(25.287899056697,13.,2.5));
#7116 = DIRECTION('',(0.,1.,0.));
#7117 = DIRECTION('',(-1.,0.,0.));
#7118 = ADVANCED_FACE('',(#7119),#7135,.T.);
#7119 = FACE_BOUND('',#7120,.T.);
#7120 = EDGE_LOOP('',(#7121,#7122,#7128,#7129));
#7121 = ORIENTED_EDGE('',*,*,#7100,.T.);
#7122 = ORIENTED_EDGE('',*,*,#7123,.T.);
#7123 = EDGE_CURVE('',#7093,#7023,#7124,.T.);
#7124 = LINE('',#7125,#7126);
#7125 = CARTESIAN_POINT('',(24.687899056697,13.,-8.5));
#7126 = VECTOR('',#7127,1.);
#7127 = DIRECTION('',(0.,-1.,0.));
#7128 = ORIENTED_EDGE('',*,*,#7020,.F.);
#7129 = ORIENTED_EDGE('',*,*,#7130,.F.);
#7130 = EDGE_CURVE('',#7101,#7021,#7131,.T.);
#7131 = LINE('',#7132,#7133);
#7132 = CARTESIAN_POINT('',(24.687899056697,13.,2.5));
#7133 = VECTOR('',#7134,1.);
#7134 = DIRECTION('',(0.,-1.,0.));
#7135 = PLANE('',#7136);
#7136 = AXIS2_PLACEMENT_3D('',#7137,#7138,#7139);
#7137 = CARTESIAN_POINT('',(24.687899056697,13.,2.5));
#7138 = DIRECTION('',(-1.,0.,0.));
#7139 = DIRECTION('',(0.,-1.,0.));
#7140 = ADVANCED_FACE('',(#7141),#7147,.T.);
#7141 = FACE_BOUND('',#7142,.T.);
#7142 = EDGE_LOOP('',(#7143,#7144,#7145,#7146));
#7143 = ORIENTED_EDGE('',*,*,#7046,.T.);
#7144 = ORIENTED_EDGE('',*,*,#7077,.T.);
#7145 = ORIENTED_EDGE('',*,*,#7108,.T.);
#7146 = ORIENTED_EDGE('',*,*,#7130,.T.);
#7147 = PLANE('',#7148);
#7148 = AXIS2_PLACEMENT_3D('',#7149,#7150,#7151);
#7149 = CARTESIAN_POINT('',(24.987899056697,-3.68223969834E-14,2.5));
#7150 = DIRECTION('',(0.,0.,1.));
#7151 = DIRECTION('',(1.,0.,0.));
#7152 = ADVANCED_FACE('',(#7153),#7159,.F.);
#7153 = FACE_BOUND('',#7154,.F.);
#7154 = EDGE_LOOP('',(#7155,#7156,#7157,#7158));
#7155 = ORIENTED_EDGE('',*,*,#7030,.T.);
#7156 = ORIENTED_EDGE('',*,*,#7061,.T.);
#7157 = ORIENTED_EDGE('',*,*,#7092,.T.);
#7158 = ORIENTED_EDGE('',*,*,#7123,.T.);
#7159 = PLANE('',#7160);
#7160 = AXIS2_PLACEMENT_3D('',#7161,#7162,#7163);
#7161 = CARTESIAN_POINT('',(24.987899056697,-3.68223969834E-14,-8.5));
#7162 = DIRECTION('',(0.,0.,1.));
#7163 = DIRECTION('',(1.,0.,0.));
#7164 = MANIFOLD_SOLID_BREP('',#7165);
#7165 = CLOSED_SHELL('',(#7166,#7206,#7237,#7268,#7290,#7302));
#7166 = ADVANCED_FACE('',(#7167),#7201,.T.);
#7167 = FACE_BOUND('',#7168,.T.);
#7168 = EDGE_LOOP('',(#7169,#7179,#7187,#7195));
#7169 = ORIENTED_EDGE('',*,*,#7170,.T.);
#7170 = EDGE_CURVE('',#7171,#7173,#7175,.T.);
#7171 = VERTEX_POINT('',#7172);
#7172 = CARTESIAN_POINT('',(24.687899056697,-13.,2.5));
#7173 = VERTEX_POINT('',#7174);
#7174 = CARTESIAN_POINT('',(24.687899056697,-13.,-8.5));
#7175 = LINE('',#7176,#7177);
#7176 = CARTESIAN_POINT('',(24.687899056697,-13.,2.5));
#7177 = VECTOR('',#7178,1.);
#7178 = DIRECTION('',(-0.,-0.,-1.));
#7179 = ORIENTED_EDGE('',*,*,#7180,.T.);
#7180 = EDGE_CURVE('',#7173,#7181,#7183,.T.);
#7181 = VERTEX_POINT('',#7182);
#7182 = CARTESIAN_POINT('',(25.287899056697,-13.,-8.5));
#7183 = LINE('',#7184,#7185);
#7184 = CARTESIAN_POINT('',(24.687899056697,-13.,-8.5));
#7185 = VECTOR('',#7186,1.);
#7186 = DIRECTION('',(1.,0.,0.));
#7187 = ORIENTED_EDGE('',*,*,#7188,.F.);
#7188 = EDGE_CURVE('',#7189,#7181,#7191,.T.);
#7189 = VERTEX_POINT('',#7190);
#7190 = CARTESIAN_POINT('',(25.287899056697,-13.,2.5));
#7191 = LINE('',#7192,#7193);
#7192 = CARTESIAN_POINT('',(25.287899056697,-13.,2.5));
#7193 = VECTOR('',#7194,1.);
#7194 = DIRECTION('',(-0.,-0.,-1.));
#7195 = ORIENTED_EDGE('',*,*,#7196,.F.);
#7196 = EDGE_CURVE('',#7171,#7189,#7197,.T.);
#7197 = LINE('',#7198,#7199);
#7198 = CARTESIAN_POINT('',(24.687899056697,-13.,2.5));
#7199 = VECTOR('',#7200,1.);
#7200 = DIRECTION('',(1.,0.,0.));
#7201 = PLANE('',#7202);
#7202 = AXIS2_PLACEMENT_3D('',#7203,#7204,#7205);
#7203 = CARTESIAN_POINT('',(24.687899056697,-13.,2.5));
#7204 = DIRECTION('',(0.,-1.,0.));
#7205 = DIRECTION('',(1.,0.,0.));
#7206 = ADVANCED_FACE('',(#7207),#7232,.T.);
#7207 = FACE_BOUND('',#7208,.T.);
#7208 = EDGE_LOOP('',(#7209,#7210,#7218,#7226));
#7209 = ORIENTED_EDGE('',*,*,#7188,.T.);
#7210 = ORIENTED_EDGE('',*,*,#7211,.T.);
#7211 = EDGE_CURVE('',#7181,#7212,#7214,.T.);
#7212 = VERTEX_POINT('',#7213);
#7213 = CARTESIAN_POINT('',(25.287899056697,-12.4,-8.5));
#7214 = LINE('',#7215,#7216);
#7215 = CARTESIAN_POINT('',(25.287899056697,-13.,-8.5));
#7216 = VECTOR('',#7217,1.);
#7217 = DIRECTION('',(0.,1.,0.));
#7218 = ORIENTED_EDGE('',*,*,#7219,.F.);
#7219 = EDGE_CURVE('',#7220,#7212,#7222,.T.);
#7220 = VERTEX_POINT('',#7221);
#7221 = CARTESIAN_POINT('',(25.287899056697,-12.4,2.5));
#7222 = LINE('',#7223,#7224);
#7223 = CARTESIAN_POINT('',(25.287899056697,-12.4,2.5));
#7224 = VECTOR('',#7225,1.);
#7225 = DIRECTION('',(-0.,-0.,-1.));
#7226 = ORIENTED_EDGE('',*,*,#7227,.F.);
#7227 = EDGE_CURVE('',#7189,#7220,#7228,.T.);
#7228 = LINE('',#7229,#7230);
#7229 = CARTESIAN_POINT('',(25.287899056697,-13.,2.5));
#7230 = VECTOR('',#7231,1.);
#7231 = DIRECTION('',(0.,1.,0.));
#7232 = PLANE('',#7233);
#7233 = AXIS2_PLACEMENT_3D('',#7234,#7235,#7236);
#7234 = CARTESIAN_POINT('',(25.287899056697,-13.,2.5));
#7235 = DIRECTION('',(1.,0.,0.));
#7236 = DIRECTION('',(0.,1.,0.));
#7237 = ADVANCED_FACE('',(#7238),#7263,.T.);
#7238 = FACE_BOUND('',#7239,.T.);
#7239 = EDGE_LOOP('',(#7240,#7241,#7249,#7257));
#7240 = ORIENTED_EDGE('',*,*,#7219,.T.);
#7241 = ORIENTED_EDGE('',*,*,#7242,.T.);
#7242 = EDGE_CURVE('',#7212,#7243,#7245,.T.);
#7243 = VERTEX_POINT('',#7244);
#7244 = CARTESIAN_POINT('',(24.687899056697,-12.4,-8.5));
#7245 = LINE('',#7246,#7247);
#7246 = CARTESIAN_POINT('',(25.287899056697,-12.4,-8.5));
#7247 = VECTOR('',#7248,1.);
#7248 = DIRECTION('',(-1.,0.,0.));
#7249 = ORIENTED_EDGE('',*,*,#7250,.F.);
#7250 = EDGE_CURVE('',#7251,#7243,#7253,.T.);
#7251 = VERTEX_POINT('',#7252);
#7252 = CARTESIAN_POINT('',(24.687899056697,-12.4,2.5));
#7253 = LINE('',#7254,#7255);
#7254 = CARTESIAN_POINT('',(24.687899056697,-12.4,2.5));
#7255 = VECTOR('',#7256,1.);
#7256 = DIRECTION('',(-0.,-0.,-1.));
#7257 = ORIENTED_EDGE('',*,*,#7258,.F.);
#7258 = EDGE_CURVE('',#7220,#7251,#7259,.T.);
#7259 = LINE('',#7260,#7261);
#7260 = CARTESIAN_POINT('',(25.287899056697,-12.4,2.5));
#7261 = VECTOR('',#7262,1.);
#7262 = DIRECTION('',(-1.,0.,0.));
#7263 = PLANE('',#7264);
#7264 = AXIS2_PLACEMENT_3D('',#7265,#7266,#7267);
#7265 = CARTESIAN_POINT('',(25.287899056697,-12.4,2.5));
#7266 = DIRECTION('',(0.,1.,0.));
#7267 = DIRECTION('',(-1.,0.,0.));
#7268 = ADVANCED_FACE('',(#7269),#7285,.T.);
#7269 = FACE_BOUND('',#7270,.T.);
#7270 = EDGE_LOOP('',(#7271,#7272,#7278,#7279));
#7271 = ORIENTED_EDGE('',*,*,#7250,.T.);
#7272 = ORIENTED_EDGE('',*,*,#7273,.T.);
#7273 = EDGE_CURVE('',#7243,#7173,#7274,.T.);
#7274 = LINE('',#7275,#7276);
#7275 = CARTESIAN_POINT('',(24.687899056697,-12.4,-8.5));
#7276 = VECTOR('',#7277,1.);
#7277 = DIRECTION('',(0.,-1.,0.));
#7278 = ORIENTED_EDGE('',*,*,#7170,.F.);
#7279 = ORIENTED_EDGE('',*,*,#7280,.F.);
#7280 = EDGE_CURVE('',#7251,#7171,#7281,.T.);
#7281 = LINE('',#7282,#7283);
#7282 = CARTESIAN_POINT('',(24.687899056697,-12.4,2.5));
#7283 = VECTOR('',#7284,1.);
#7284 = DIRECTION('',(0.,-1.,0.));
#7285 = PLANE('',#7286);
#7286 = AXIS2_PLACEMENT_3D('',#7287,#7288,#7289);
#7287 = CARTESIAN_POINT('',(24.687899056697,-12.4,2.5));
#7288 = DIRECTION('',(-1.,0.,0.));
#7289 = DIRECTION('',(0.,-1.,0.));
#7290 = ADVANCED_FACE('',(#7291),#7297,.T.);
#7291 = FACE_BOUND('',#7292,.T.);
#7292 = EDGE_LOOP('',(#7293,#7294,#7295,#7296));
#7293 = ORIENTED_EDGE('',*,*,#7196,.T.);
#7294 = ORIENTED_EDGE('',*,*,#7227,.T.);
#7295 = ORIENTED_EDGE('',*,*,#7258,.T.);
#7296 = ORIENTED_EDGE('',*,*,#7280,.T.);
#7297 = PLANE('',#7298);
#7298 = AXIS2_PLACEMENT_3D('',#7299,#7300,#7301);
#7299 = CARTESIAN_POINT('',(24.987899056697,-3.68223969834E-14,2.5));
#7300 = DIRECTION('',(0.,0.,1.));
#7301 = DIRECTION('',(1.,0.,0.));
#7302 = ADVANCED_FACE('',(#7303),#7309,.F.);
#7303 = FACE_BOUND('',#7304,.F.);
#7304 = EDGE_LOOP('',(#7305,#7306,#7307,#7308));
#7305 = ORIENTED_EDGE('',*,*,#7180,.T.);
#7306 = ORIENTED_EDGE('',*,*,#7211,.T.);
#7307 = ORIENTED_EDGE('',*,*,#7242,.T.);
#7308 = ORIENTED_EDGE('',*,*,#7273,.T.);
#7309 = PLANE('',#7310);
#7310 = AXIS2_PLACEMENT_3D('',#7311,#7312,#7313);
#7311 = CARTESIAN_POINT('',(24.987899056697,-3.68223969834E-14,-8.5));
#7312 = DIRECTION('',(0.,0.,1.));
#7313 = DIRECTION('',(1.,0.,0.));
#7314 = MANIFOLD_SOLID_BREP('',#7315);
#7315 = CLOSED_SHELL('',(#7316,#7356,#7387,#7418,#7440,#7452));
#7316 = ADVANCED_FACE('',(#7317),#7351,.T.);
#7317 = FACE_BOUND('',#7318,.T.);
#7318 = EDGE_LOOP('',(#7319,#7329,#7337,#7345));
#7319 = ORIENTED_EDGE('',*,*,#7320,.T.);
#7320 = EDGE_CURVE('',#7321,#7323,#7325,.T.);
#7321 = VERTEX_POINT('',#7322);
#7322 = CARTESIAN_POINT('',(27.227899056697,12.4,2.5));
#7323 = VERTEX_POINT('',#7324);
#7324 = CARTESIAN_POINT('',(27.227899056697,12.4,-8.5));
#7325 = LINE('',#7326,#7327);
#7326 = CARTESIAN_POINT('',(27.227899056697,12.4,2.5));
#7327 = VECTOR('',#7328,1.);
#7328 = DIRECTION('',(-0.,-0.,-1.));
#7329 = ORIENTED_EDGE('',*,*,#7330,.T.);
#7330 = EDGE_CURVE('',#7323,#7331,#7333,.T.);
#7331 = VERTEX_POINT('',#7332);
#7332 = CARTESIAN_POINT('',(27.827899056697,12.4,-8.5));
#7333 = LINE('',#7334,#7335);
#7334 = CARTESIAN_POINT('',(27.227899056697,12.4,-8.5));
#7335 = VECTOR('',#7336,1.);
#7336 = DIRECTION('',(1.,0.,0.));
#7337 = ORIENTED_EDGE('',*,*,#7338,.F.);
#7338 = EDGE_CURVE('',#7339,#7331,#7341,.T.);
#7339 = VERTEX_POINT('',#7340);
#7340 = CARTESIAN_POINT('',(27.827899056697,12.4,2.5));
#7341 = LINE('',#7342,#7343);
#7342 = CARTESIAN_POINT('',(27.827899056697,12.4,2.5));
#7343 = VECTOR('',#7344,1.);
#7344 = DIRECTION('',(-0.,-0.,-1.));
#7345 = ORIENTED_EDGE('',*,*,#7346,.F.);
#7346 = EDGE_CURVE('',#7321,#7339,#7347,.T.);
#7347 = LINE('',#7348,#7349);
#7348 = CARTESIAN_POINT('',(27.227899056697,12.4,2.5));
#7349 = VECTOR('',#7350,1.);
#7350 = DIRECTION('',(1.,0.,0.));
#7351 = PLANE('',#7352);
#7352 = AXIS2_PLACEMENT_3D('',#7353,#7354,#7355);
#7353 = CARTESIAN_POINT('',(27.227899056697,12.4,2.5));
#7354 = DIRECTION('',(0.,-1.,0.));
#7355 = DIRECTION('',(1.,0.,0.));
#7356 = ADVANCED_FACE('',(#7357),#7382,.T.);
#7357 = FACE_BOUND('',#7358,.T.);
#7358 = EDGE_LOOP('',(#7359,#7360,#7368,#7376));
#7359 = ORIENTED_EDGE('',*,*,#7338,.T.);
#7360 = ORIENTED_EDGE('',*,*,#7361,.T.);
#7361 = EDGE_CURVE('',#7331,#7362,#7364,.T.);
#7362 = VERTEX_POINT('',#7363);
#7363 = CARTESIAN_POINT('',(27.827899056697,13.,-8.5));
#7364 = LINE('',#7365,#7366);
#7365 = CARTESIAN_POINT('',(27.827899056697,12.4,-8.5));
#7366 = VECTOR('',#7367,1.);
#7367 = DIRECTION('',(0.,1.,0.));
#7368 = ORIENTED_EDGE('',*,*,#7369,.F.);
#7369 = EDGE_CURVE('',#7370,#7362,#7372,.T.);
#7370 = VERTEX_POINT('',#7371);
#7371 = CARTESIAN_POINT('',(27.827899056697,13.,2.5));
#7372 = LINE('',#7373,#7374);
#7373 = CARTESIAN_POINT('',(27.827899056697,13.,2.5));
#7374 = VECTOR('',#7375,1.);
#7375 = DIRECTION('',(-0.,-0.,-1.));
#7376 = ORIENTED_EDGE('',*,*,#7377,.F.);
#7377 = EDGE_CURVE('',#7339,#7370,#7378,.T.);
#7378 = LINE('',#7379,#7380);
#7379 = CARTESIAN_POINT('',(27.827899056697,12.4,2.5));
#7380 = VECTOR('',#7381,1.);
#7381 = DIRECTION('',(0.,1.,0.));
#7382 = PLANE('',#7383);
#7383 = AXIS2_PLACEMENT_3D('',#7384,#7385,#7386);
#7384 = CARTESIAN_POINT('',(27.827899056697,12.4,2.5));
#7385 = DIRECTION('',(1.,0.,0.));
#7386 = DIRECTION('',(0.,1.,0.));
#7387 = ADVANCED_FACE('',(#7388),#7413,.T.);
#7388 = FACE_BOUND('',#7389,.T.);
#7389 = EDGE_LOOP('',(#7390,#7391,#7399,#7407));
#7390 = ORIENTED_EDGE('',*,*,#7369,.T.);
#7391 = ORIENTED_EDGE('',*,*,#7392,.T.);
#7392 = EDGE_CURVE('',#7362,#7393,#7395,.T.);
#7393 = VERTEX_POINT('',#7394);
#7394 = CARTESIAN_POINT('',(27.227899056697,13.,-8.5));
#7395 = LINE('',#7396,#7397);
#7396 = CARTESIAN_POINT('',(27.827899056697,13.,-8.5));
#7397 = VECTOR('',#7398,1.);
#7398 = DIRECTION('',(-1.,0.,0.));
#7399 = ORIENTED_EDGE('',*,*,#7400,.F.);
#7400 = EDGE_CURVE('',#7401,#7393,#7403,.T.);
#7401 = VERTEX_POINT('',#7402);
#7402 = CARTESIAN_POINT('',(27.227899056697,13.,2.5));
#7403 = LINE('',#7404,#7405);
#7404 = CARTESIAN_POINT('',(27.227899056697,13.,2.5));
#7405 = VECTOR('',#7406,1.);
#7406 = DIRECTION('',(-0.,-0.,-1.));
#7407 = ORIENTED_EDGE('',*,*,#7408,.F.);
#7408 = EDGE_CURVE('',#7370,#7401,#7409,.T.);
#7409 = LINE('',#7410,#7411);
#7410 = CARTESIAN_POINT('',(27.827899056697,13.,2.5));
#7411 = VECTOR('',#7412,1.);
#7412 = DIRECTION('',(-1.,0.,0.));
#7413 = PLANE('',#7414);
#7414 = AXIS2_PLACEMENT_3D('',#7415,#7416,#7417);
#7415 = CARTESIAN_POINT('',(27.827899056697,13.,2.5));
#7416 = DIRECTION('',(0.,1.,0.));
#7417 = DIRECTION('',(-1.,0.,0.));
#7418 = ADVANCED_FACE('',(#7419),#7435,.T.);
#7419 = FACE_BOUND('',#7420,.T.);
#7420 = EDGE_LOOP('',(#7421,#7422,#7428,#7429));
#7421 = ORIENTED_EDGE('',*,*,#7400,.T.);
#7422 = ORIENTED_EDGE('',*,*,#7423,.T.);
#7423 = EDGE_CURVE('',#7393,#7323,#7424,.T.);
#7424 = LINE('',#7425,#7426);
#7425 = CARTESIAN_POINT('',(27.227899056697,13.,-8.5));
#7426 = VECTOR('',#7427,1.);
#7427 = DIRECTION('',(0.,-1.,0.));
#7428 = ORIENTED_EDGE('',*,*,#7320,.F.);
#7429 = ORIENTED_EDGE('',*,*,#7430,.F.);
#7430 = EDGE_CURVE('',#7401,#7321,#7431,.T.);
#7431 = LINE('',#7432,#7433);
#7432 = CARTESIAN_POINT('',(27.227899056697,13.,2.5));
#7433 = VECTOR('',#7434,1.);
#7434 = DIRECTION('',(0.,-1.,0.));
#7435 = PLANE('',#7436);
#7436 = AXIS2_PLACEMENT_3D('',#7437,#7438,#7439);
#7437 = CARTESIAN_POINT('',(27.227899056697,13.,2.5));
#7438 = DIRECTION('',(-1.,0.,0.));
#7439 = DIRECTION('',(0.,-1.,0.));
#7440 = ADVANCED_FACE('',(#7441),#7447,.T.);
#7441 = FACE_BOUND('',#7442,.T.);
#7442 = EDGE_LOOP('',(#7443,#7444,#7445,#7446));
#7443 = ORIENTED_EDGE('',*,*,#7346,.T.);
#7444 = ORIENTED_EDGE('',*,*,#7377,.T.);
#7445 = ORIENTED_EDGE('',*,*,#7408,.T.);
#7446 = ORIENTED_EDGE('',*,*,#7430,.T.);
#7447 = PLANE('',#7448);
#7448 = AXIS2_PLACEMENT_3D('',#7449,#7450,#7451);
#7449 = CARTESIAN_POINT('',(27.527899056697,-3.68223969834E-14,2.5));
#7450 = DIRECTION('',(0.,0.,1.));
#7451 = DIRECTION('',(1.,0.,0.));
#7452 = ADVANCED_FACE('',(#7453),#7459,.F.);
#7453 = FACE_BOUND('',#7454,.F.);
#7454 = EDGE_LOOP('',(#7455,#7456,#7457,#7458));
#7455 = ORIENTED_EDGE('',*,*,#7330,.T.);
#7456 = ORIENTED_EDGE('',*,*,#7361,.T.);
#7457 = ORIENTED_EDGE('',*,*,#7392,.T.);
#7458 = ORIENTED_EDGE('',*,*,#7423,.T.);
#7459 = PLANE('',#7460);
#7460 = AXIS2_PLACEMENT_3D('',#7461,#7462,#7463);
#7461 = CARTESIAN_POINT('',(27.527899056697,-3.68223969834E-14,-8.5));
#7462 = DIRECTION('',(0.,0.,1.));
#7463 = DIRECTION('',(1.,0.,0.));
#7464 = MANIFOLD_SOLID_BREP('',#7465);
#7465 = CLOSED_SHELL('',(#7466,#7506,#7537,#7568,#7590,#7602));
#7466 = ADVANCED_FACE('',(#7467),#7501,.T.);
#7467 = FACE_BOUND('',#7468,.T.);
#7468 = EDGE_LOOP('',(#7469,#7479,#7487,#7495));
#7469 = ORIENTED_EDGE('',*,*,#7470,.T.);
#7470 = EDGE_CURVE('',#7471,#7473,#7475,.T.);
#7471 = VERTEX_POINT('',#7472);
#7472 = CARTESIAN_POINT('',(27.227899056697,-13.,2.5));
#7473 = VERTEX_POINT('',#7474);
#7474 = CARTESIAN_POINT('',(27.227899056697,-13.,-8.5));
#7475 = LINE('',#7476,#7477);
#7476 = CARTESIAN_POINT('',(27.227899056697,-13.,2.5));
#7477 = VECTOR('',#7478,1.);
#7478 = DIRECTION('',(-0.,-0.,-1.));
#7479 = ORIENTED_EDGE('',*,*,#7480,.T.);
#7480 = EDGE_CURVE('',#7473,#7481,#7483,.T.);
#7481 = VERTEX_POINT('',#7482);
#7482 = CARTESIAN_POINT('',(27.827899056697,-13.,-8.5));
#7483 = LINE('',#7484,#7485);
#7484 = CARTESIAN_POINT('',(27.227899056697,-13.,-8.5));
#7485 = VECTOR('',#7486,1.);
#7486 = DIRECTION('',(1.,0.,0.));
#7487 = ORIENTED_EDGE('',*,*,#7488,.F.);
#7488 = EDGE_CURVE('',#7489,#7481,#7491,.T.);
#7489 = VERTEX_POINT('',#7490);
#7490 = CARTESIAN_POINT('',(27.827899056697,-13.,2.5));
#7491 = LINE('',#7492,#7493);
#7492 = CARTESIAN_POINT('',(27.827899056697,-13.,2.5));
#7493 = VECTOR('',#7494,1.);
#7494 = DIRECTION('',(-0.,-0.,-1.));
#7495 = ORIENTED_EDGE('',*,*,#7496,.F.);
#7496 = EDGE_CURVE('',#7471,#7489,#7497,.T.);
#7497 = LINE('',#7498,#7499);
#7498 = CARTESIAN_POINT('',(27.227899056697,-13.,2.5));
#7499 = VECTOR('',#7500,1.);
#7500 = DIRECTION('',(1.,0.,0.));
#7501 = PLANE('',#7502);
#7502 = AXIS2_PLACEMENT_3D('',#7503,#7504,#7505);
#7503 = CARTESIAN_POINT('',(27.227899056697,-13.,2.5));
#7504 = DIRECTION('',(0.,-1.,0.));
#7505 = DIRECTION('',(1.,0.,0.));
#7506 = ADVANCED_FACE('',(#7507),#7532,.T.);
#7507 = FACE_BOUND('',#7508,.T.);
#7508 = EDGE_LOOP('',(#7509,#7510,#7518,#7526));
#7509 = ORIENTED_EDGE('',*,*,#7488,.T.);
#7510 = ORIENTED_EDGE('',*,*,#7511,.T.);
#7511 = EDGE_CURVE('',#7481,#7512,#7514,.T.);
#7512 = VERTEX_POINT('',#7513);
#7513 = CARTESIAN_POINT('',(27.827899056697,-12.4,-8.5));
#7514 = LINE('',#7515,#7516);
#7515 = CARTESIAN_POINT('',(27.827899056697,-13.,-8.5));
#7516 = VECTOR('',#7517,1.);
#7517 = DIRECTION('',(0.,1.,0.));
#7518 = ORIENTED_EDGE('',*,*,#7519,.F.);
#7519 = EDGE_CURVE('',#7520,#7512,#7522,.T.);
#7520 = VERTEX_POINT('',#7521);
#7521 = CARTESIAN_POINT('',(27.827899056697,-12.4,2.5));
#7522 = LINE('',#7523,#7524);
#7523 = CARTESIAN_POINT('',(27.827899056697,-12.4,2.5));
#7524 = VECTOR('',#7525,1.);
#7525 = DIRECTION('',(-0.,-0.,-1.));
#7526 = ORIENTED_EDGE('',*,*,#7527,.F.);
#7527 = EDGE_CURVE('',#7489,#7520,#7528,.T.);
#7528 = LINE('',#7529,#7530);
#7529 = CARTESIAN_POINT('',(27.827899056697,-13.,2.5));
#7530 = VECTOR('',#7531,1.);
#7531 = DIRECTION('',(0.,1.,0.));
#7532 = PLANE('',#7533);
#7533 = AXIS2_PLACEMENT_3D('',#7534,#7535,#7536);
#7534 = CARTESIAN_POINT('',(27.827899056697,-13.,2.5));
#7535 = DIRECTION('',(1.,0.,0.));
#7536 = DIRECTION('',(0.,1.,0.));
#7537 = ADVANCED_FACE('',(#7538),#7563,.T.);
#7538 = FACE_BOUND('',#7539,.T.);
#7539 = EDGE_LOOP('',(#7540,#7541,#7549,#7557));
#7540 = ORIENTED_EDGE('',*,*,#7519,.T.);
#7541 = ORIENTED_EDGE('',*,*,#7542,.T.);
#7542 = EDGE_CURVE('',#7512,#7543,#7545,.T.);
#7543 = VERTEX_POINT('',#7544);
#7544 = CARTESIAN_POINT('',(27.227899056697,-12.4,-8.5));
#7545 = LINE('',#7546,#7547);
#7546 = CARTESIAN_POINT('',(27.827899056697,-12.4,-8.5));
#7547 = VECTOR('',#7548,1.);
#7548 = DIRECTION('',(-1.,0.,0.));
#7549 = ORIENTED_EDGE('',*,*,#7550,.F.);
#7550 = EDGE_CURVE('',#7551,#7543,#7553,.T.);
#7551 = VERTEX_POINT('',#7552);
#7552 = CARTESIAN_POINT('',(27.227899056697,-12.4,2.5));
#7553 = LINE('',#7554,#7555);
#7554 = CARTESIAN_POINT('',(27.227899056697,-12.4,2.5));
#7555 = VECTOR('',#7556,1.);
#7556 = DIRECTION('',(-0.,-0.,-1.));
#7557 = ORIENTED_EDGE('',*,*,#7558,.F.);
#7558 = EDGE_CURVE('',#7520,#7551,#7559,.T.);
#7559 = LINE('',#7560,#7561);
#7560 = CARTESIAN_POINT('',(27.827899056697,-12.4,2.5));
#7561 = VECTOR('',#7562,1.);
#7562 = DIRECTION('',(-1.,0.,0.));
#7563 = PLANE('',#7564);
#7564 = AXIS2_PLACEMENT_3D('',#7565,#7566,#7567);
#7565 = CARTESIAN_POINT('',(27.827899056697,-12.4,2.5));
#7566 = DIRECTION('',(0.,1.,0.));
#7567 = DIRECTION('',(-1.,0.,0.));
#7568 = ADVANCED_FACE('',(#7569),#7585,.T.);
#7569 = FACE_BOUND('',#7570,.T.);
#7570 = EDGE_LOOP('',(#7571,#7572,#7578,#7579));
#7571 = ORIENTED_EDGE('',*,*,#7550,.T.);
#7572 = ORIENTED_EDGE('',*,*,#7573,.T.);
#7573 = EDGE_CURVE('',#7543,#7473,#7574,.T.);
#7574 = LINE('',#7575,#7576);
#7575 = CARTESIAN_POINT('',(27.227899056697,-12.4,-8.5));
#7576 = VECTOR('',#7577,1.);
#7577 = DIRECTION('',(0.,-1.,0.));
#7578 = ORIENTED_EDGE('',*,*,#7470,.F.);
#7579 = ORIENTED_EDGE('',*,*,#7580,.F.);
#7580 = EDGE_CURVE('',#7551,#7471,#7581,.T.);
#7581 = LINE('',#7582,#7583);
#7582 = CARTESIAN_POINT('',(27.227899056697,-12.4,2.5));
#7583 = VECTOR('',#7584,1.);
#7584 = DIRECTION('',(0.,-1.,0.));
#7585 = PLANE('',#7586);
#7586 = AXIS2_PLACEMENT_3D('',#7587,#7588,#7589);
#7587 = CARTESIAN_POINT('',(27.227899056697,-12.4,2.5));
#7588 = DIRECTION('',(-1.,0.,0.));
#7589 = DIRECTION('',(0.,-1.,0.));
#7590 = ADVANCED_FACE('',(#7591),#7597,.T.);
#7591 = FACE_BOUND('',#7592,.T.);
#7592 = EDGE_LOOP('',(#7593,#7594,#7595,#7596));
#7593 = ORIENTED_EDGE('',*,*,#7496,.T.);
#7594 = ORIENTED_EDGE('',*,*,#7527,.T.);
#7595 = ORIENTED_EDGE('',*,*,#7558,.T.);
#7596 = ORIENTED_EDGE('',*,*,#7580,.T.);
#7597 = PLANE('',#7598);
#7598 = AXIS2_PLACEMENT_3D('',#7599,#7600,#7601);
#7599 = CARTESIAN_POINT('',(27.527899056697,-3.68223969834E-14,2.5));
#7600 = DIRECTION('',(0.,0.,1.));
#7601 = DIRECTION('',(1.,0.,0.));
#7602 = ADVANCED_FACE('',(#7603),#7609,.F.);
#7603 = FACE_BOUND('',#7604,.F.);
#7604 = EDGE_LOOP('',(#7605,#7606,#7607,#7608));
#7605 = ORIENTED_EDGE('',*,*,#7480,.T.);
#7606 = ORIENTED_EDGE('',*,*,#7511,.T.);
#7607 = ORIENTED_EDGE('',*,*,#7542,.T.);
#7608 = ORIENTED_EDGE('',*,*,#7573,.T.);
#7609 = PLANE('',#7610);
#7610 = AXIS2_PLACEMENT_3D('',#7611,#7612,#7613);
#7611 = CARTESIAN_POINT('',(27.527899056697,-3.68223969834E-14,-8.5));
#7612 = DIRECTION('',(0.,0.,1.));
#7613 = DIRECTION('',(1.,0.,0.));
#7614 = MANIFOLD_SOLID_BREP('',#7615);
#7615 = CLOSED_SHELL('',(#7616,#7656,#7687,#7718,#7740,#7752));
#7616 = ADVANCED_FACE('',(#7617),#7651,.T.);
#7617 = FACE_BOUND('',#7618,.T.);
#7618 = EDGE_LOOP('',(#7619,#7629,#7637,#7645));
#7619 = ORIENTED_EDGE('',*,*,#7620,.T.);
#7620 = EDGE_CURVE('',#7621,#7623,#7625,.T.);
#7621 = VERTEX_POINT('',#7622);
#7622 = CARTESIAN_POINT('',(29.767899056697,12.4,2.5));
#7623 = VERTEX_POINT('',#7624);
#7624 = CARTESIAN_POINT('',(29.767899056697,12.4,-8.5));
#7625 = LINE('',#7626,#7627);
#7626 = CARTESIAN_POINT('',(29.767899056697,12.4,2.5));
#7627 = VECTOR('',#7628,1.);
#7628 = DIRECTION('',(-0.,-0.,-1.));
#7629 = ORIENTED_EDGE('',*,*,#7630,.T.);
#7630 = EDGE_CURVE('',#7623,#7631,#7633,.T.);
#7631 = VERTEX_POINT('',#7632);
#7632 = CARTESIAN_POINT('',(30.367899056697,12.4,-8.5));
#7633 = LINE('',#7634,#7635);
#7634 = CARTESIAN_POINT('',(29.767899056697,12.4,-8.5));
#7635 = VECTOR('',#7636,1.);
#7636 = DIRECTION('',(1.,0.,0.));
#7637 = ORIENTED_EDGE('',*,*,#7638,.F.);
#7638 = EDGE_CURVE('',#7639,#7631,#7641,.T.);
#7639 = VERTEX_POINT('',#7640);
#7640 = CARTESIAN_POINT('',(30.367899056697,12.4,2.5));
#7641 = LINE('',#7642,#7643);
#7642 = CARTESIAN_POINT('',(30.367899056697,12.4,2.5));
#7643 = VECTOR('',#7644,1.);
#7644 = DIRECTION('',(-0.,-0.,-1.));
#7645 = ORIENTED_EDGE('',*,*,#7646,.F.);
#7646 = EDGE_CURVE('',#7621,#7639,#7647,.T.);
#7647 = LINE('',#7648,#7649);
#7648 = CARTESIAN_POINT('',(29.767899056697,12.4,2.5));
#7649 = VECTOR('',#7650,1.);
#7650 = DIRECTION('',(1.,0.,0.));
#7651 = PLANE('',#7652);
#7652 = AXIS2_PLACEMENT_3D('',#7653,#7654,#7655);
#7653 = CARTESIAN_POINT('',(29.767899056697,12.4,2.5));
#7654 = DIRECTION('',(0.,-1.,0.));
#7655 = DIRECTION('',(1.,0.,0.));
#7656 = ADVANCED_FACE('',(#7657),#7682,.T.);
#7657 = FACE_BOUND('',#7658,.T.);
#7658 = EDGE_LOOP('',(#7659,#7660,#7668,#7676));
#7659 = ORIENTED_EDGE('',*,*,#7638,.T.);
#7660 = ORIENTED_EDGE('',*,*,#7661,.T.);
#7661 = EDGE_CURVE('',#7631,#7662,#7664,.T.);
#7662 = VERTEX_POINT('',#7663);
#7663 = CARTESIAN_POINT('',(30.367899056697,13.,-8.5));
#7664 = LINE('',#7665,#7666);
#7665 = CARTESIAN_POINT('',(30.367899056697,12.4,-8.5));
#7666 = VECTOR('',#7667,1.);
#7667 = DIRECTION('',(0.,1.,0.));
#7668 = ORIENTED_EDGE('',*,*,#7669,.F.);
#7669 = EDGE_CURVE('',#7670,#7662,#7672,.T.);
#7670 = VERTEX_POINT('',#7671);
#7671 = CARTESIAN_POINT('',(30.367899056697,13.,2.5));
#7672 = LINE('',#7673,#7674);
#7673 = CARTESIAN_POINT('',(30.367899056697,13.,2.5));
#7674 = VECTOR('',#7675,1.);
#7675 = DIRECTION('',(-0.,-0.,-1.));
#7676 = ORIENTED_EDGE('',*,*,#7677,.F.);
#7677 = EDGE_CURVE('',#7639,#7670,#7678,.T.);
#7678 = LINE('',#7679,#7680);
#7679 = CARTESIAN_POINT('',(30.367899056697,12.4,2.5));
#7680 = VECTOR('',#7681,1.);
#7681 = DIRECTION('',(0.,1.,0.));
#7682 = PLANE('',#7683);
#7683 = AXIS2_PLACEMENT_3D('',#7684,#7685,#7686);
#7684 = CARTESIAN_POINT('',(30.367899056697,12.4,2.5));
#7685 = DIRECTION('',(1.,0.,0.));
#7686 = DIRECTION('',(0.,1.,0.));
#7687 = ADVANCED_FACE('',(#7688),#7713,.T.);
#7688 = FACE_BOUND('',#7689,.T.);
#7689 = EDGE_LOOP('',(#7690,#7691,#7699,#7707));
#7690 = ORIENTED_EDGE('',*,*,#7669,.T.);
#7691 = ORIENTED_EDGE('',*,*,#7692,.T.);
#7692 = EDGE_CURVE('',#7662,#7693,#7695,.T.);
#7693 = VERTEX_POINT('',#7694);
#7694 = CARTESIAN_POINT('',(29.767899056697,13.,-8.5));
#7695 = LINE('',#7696,#7697);
#7696 = CARTESIAN_POINT('',(30.367899056697,13.,-8.5));
#7697 = VECTOR('',#7698,1.);
#7698 = DIRECTION('',(-1.,0.,0.));
#7699 = ORIENTED_EDGE('',*,*,#7700,.F.);
#7700 = EDGE_CURVE('',#7701,#7693,#7703,.T.);
#7701 = VERTEX_POINT('',#7702);
#7702 = CARTESIAN_POINT('',(29.767899056697,13.,2.5));
#7703 = LINE('',#7704,#7705);
#7704 = CARTESIAN_POINT('',(29.767899056697,13.,2.5));
#7705 = VECTOR('',#7706,1.);
#7706 = DIRECTION('',(-0.,-0.,-1.));
#7707 = ORIENTED_EDGE('',*,*,#7708,.F.);
#7708 = EDGE_CURVE('',#7670,#7701,#7709,.T.);
#7709 = LINE('',#7710,#7711);
#7710 = CARTESIAN_POINT('',(30.367899056697,13.,2.5));
#7711 = VECTOR('',#7712,1.);
#7712 = DIRECTION('',(-1.,0.,0.));
#7713 = PLANE('',#7714);
#7714 = AXIS2_PLACEMENT_3D('',#7715,#7716,#7717);
#7715 = CARTESIAN_POINT('',(30.367899056697,13.,2.5));
#7716 = DIRECTION('',(0.,1.,0.));
#7717 = DIRECTION('',(-1.,0.,0.));
#7718 = ADVANCED_FACE('',(#7719),#7735,.T.);
#7719 = FACE_BOUND('',#7720,.T.);
#7720 = EDGE_LOOP('',(#7721,#7722,#7728,#7729));
#7721 = ORIENTED_EDGE('',*,*,#7700,.T.);
#7722 = ORIENTED_EDGE('',*,*,#7723,.T.);
#7723 = EDGE_CURVE('',#7693,#7623,#7724,.T.);
#7724 = LINE('',#7725,#7726);
#7725 = CARTESIAN_POINT('',(29.767899056697,13.,-8.5));
#7726 = VECTOR('',#7727,1.);
#7727 = DIRECTION('',(0.,-1.,0.));
#7728 = ORIENTED_EDGE('',*,*,#7620,.F.);
#7729 = ORIENTED_EDGE('',*,*,#7730,.F.);
#7730 = EDGE_CURVE('',#7701,#7621,#7731,.T.);
#7731 = LINE('',#7732,#7733);
#7732 = CARTESIAN_POINT('',(29.767899056697,13.,2.5));
#7733 = VECTOR('',#7734,1.);
#7734 = DIRECTION('',(0.,-1.,0.));
#7735 = PLANE('',#7736);
#7736 = AXIS2_PLACEMENT_3D('',#7737,#7738,#7739);
#7737 = CARTESIAN_POINT('',(29.767899056697,13.,2.5));
#7738 = DIRECTION('',(-1.,0.,0.));
#7739 = DIRECTION('',(0.,-1.,0.));
#7740 = ADVANCED_FACE('',(#7741),#7747,.T.);
#7741 = FACE_BOUND('',#7742,.T.);
#7742 = EDGE_LOOP('',(#7743,#7744,#7745,#7746));
#7743 = ORIENTED_EDGE('',*,*,#7646,.T.);
#7744 = ORIENTED_EDGE('',*,*,#7677,.T.);
#7745 = ORIENTED_EDGE('',*,*,#7708,.T.);
#7746 = ORIENTED_EDGE('',*,*,#7730,.T.);
#7747 = PLANE('',#7748);
#7748 = AXIS2_PLACEMENT_3D('',#7749,#7750,#7751);
#7749 = CARTESIAN_POINT('',(30.067899056697,-3.68223969834E-14,2.5));
#7750 = DIRECTION('',(0.,0.,1.));
#7751 = DIRECTION('',(1.,0.,0.));
#7752 = ADVANCED_FACE('',(#7753),#7759,.F.);
#7753 = FACE_BOUND('',#7754,.F.);
#7754 = EDGE_LOOP('',(#7755,#7756,#7757,#7758));
#7755 = ORIENTED_EDGE('',*,*,#7630,.T.);
#7756 = ORIENTED_EDGE('',*,*,#7661,.T.);
#7757 = ORIENTED_EDGE('',*,*,#7692,.T.);
#7758 = ORIENTED_EDGE('',*,*,#7723,.T.);
#7759 = PLANE('',#7760);
#7760 = AXIS2_PLACEMENT_3D('',#7761,#7762,#7763);
#7761 = CARTESIAN_POINT('',(30.067899056697,-3.68223969834E-14,-8.5));
#7762 = DIRECTION('',(0.,0.,1.));
#7763 = DIRECTION('',(1.,0.,0.));
#7764 = MANIFOLD_SOLID_BREP('',#7765);
#7765 = CLOSED_SHELL('',(#7766,#7806,#7837,#7868,#7890,#7902));
#7766 = ADVANCED_FACE('',(#7767),#7801,.T.);
#7767 = FACE_BOUND('',#7768,.T.);
#7768 = EDGE_LOOP('',(#7769,#7779,#7787,#7795));
#7769 = ORIENTED_EDGE('',*,*,#7770,.T.);
#7770 = EDGE_CURVE('',#7771,#7773,#7775,.T.);
#7771 = VERTEX_POINT('',#7772);
#7772 = CARTESIAN_POINT('',(29.767899056697,-13.,2.5));
#7773 = VERTEX_POINT('',#7774);
#7774 = CARTESIAN_POINT('',(29.767899056697,-13.,-8.5));
#7775 = LINE('',#7776,#7777);
#7776 = CARTESIAN_POINT('',(29.767899056697,-13.,2.5));
#7777 = VECTOR('',#7778,1.);
#7778 = DIRECTION('',(-0.,-0.,-1.));
#7779 = ORIENTED_EDGE('',*,*,#7780,.T.);
#7780 = EDGE_CURVE('',#7773,#7781,#7783,.T.);
#7781 = VERTEX_POINT('',#7782);
#7782 = CARTESIAN_POINT('',(30.367899056697,-13.,-8.5));
#7783 = LINE('',#7784,#7785);
#7784 = CARTESIAN_POINT('',(29.767899056697,-13.,-8.5));
#7785 = VECTOR('',#7786,1.);
#7786 = DIRECTION('',(1.,0.,0.));
#7787 = ORIENTED_EDGE('',*,*,#7788,.F.);
#7788 = EDGE_CURVE('',#7789,#7781,#7791,.T.);
#7789 = VERTEX_POINT('',#7790);
#7790 = CARTESIAN_POINT('',(30.367899056697,-13.,2.5));
#7791 = LINE('',#7792,#7793);
#7792 = CARTESIAN_POINT('',(30.367899056697,-13.,2.5));
#7793 = VECTOR('',#7794,1.);
#7794 = DIRECTION('',(-0.,-0.,-1.));
#7795 = ORIENTED_EDGE('',*,*,#7796,.F.);
#7796 = EDGE_CURVE('',#7771,#7789,#7797,.T.);
#7797 = LINE('',#7798,#7799);
#7798 = CARTESIAN_POINT('',(29.767899056697,-13.,2.5));
#7799 = VECTOR('',#7800,1.);
#7800 = DIRECTION('',(1.,0.,0.));
#7801 = PLANE('',#7802);
#7802 = AXIS2_PLACEMENT_3D('',#7803,#7804,#7805);
#7803 = CARTESIAN_POINT('',(29.767899056697,-13.,2.5));
#7804 = DIRECTION('',(0.,-1.,0.));
#7805 = DIRECTION('',(1.,0.,0.));
#7806 = ADVANCED_FACE('',(#7807),#7832,.T.);
#7807 = FACE_BOUND('',#7808,.T.);
#7808 = EDGE_LOOP('',(#7809,#7810,#7818,#7826));
#7809 = ORIENTED_EDGE('',*,*,#7788,.T.);
#7810 = ORIENTED_EDGE('',*,*,#7811,.T.);
#7811 = EDGE_CURVE('',#7781,#7812,#7814,.T.);
#7812 = VERTEX_POINT('',#7813);
#7813 = CARTESIAN_POINT('',(30.367899056697,-12.4,-8.5));
#7814 = LINE('',#7815,#7816);
#7815 = CARTESIAN_POINT('',(30.367899056697,-13.,-8.5));
#7816 = VECTOR('',#7817,1.);
#7817 = DIRECTION('',(0.,1.,0.));
#7818 = ORIENTED_EDGE('',*,*,#7819,.F.);
#7819 = EDGE_CURVE('',#7820,#7812,#7822,.T.);
#7820 = VERTEX_POINT('',#7821);
#7821 = CARTESIAN_POINT('',(30.367899056697,-12.4,2.5));
#7822 = LINE('',#7823,#7824);
#7823 = CARTESIAN_POINT('',(30.367899056697,-12.4,2.5));
#7824 = VECTOR('',#7825,1.);
#7825 = DIRECTION('',(-0.,-0.,-1.));
#7826 = ORIENTED_EDGE('',*,*,#7827,.F.);
#7827 = EDGE_CURVE('',#7789,#7820,#7828,.T.);
#7828 = LINE('',#7829,#7830);
#7829 = CARTESIAN_POINT('',(30.367899056697,-13.,2.5));
#7830 = VECTOR('',#7831,1.);
#7831 = DIRECTION('',(0.,1.,0.));
#7832 = PLANE('',#7833);
#7833 = AXIS2_PLACEMENT_3D('',#7834,#7835,#7836);
#7834 = CARTESIAN_POINT('',(30.367899056697,-13.,2.5));
#7835 = DIRECTION('',(1.,0.,0.));
#7836 = DIRECTION('',(0.,1.,0.));
#7837 = ADVANCED_FACE('',(#7838),#7863,.T.);
#7838 = FACE_BOUND('',#7839,.T.);
#7839 = EDGE_LOOP('',(#7840,#7841,#7849,#7857));
#7840 = ORIENTED_EDGE('',*,*,#7819,.T.);
#7841 = ORIENTED_EDGE('',*,*,#7842,.T.);
#7842 = EDGE_CURVE('',#7812,#7843,#7845,.T.);
#7843 = VERTEX_POINT('',#7844);
#7844 = CARTESIAN_POINT('',(29.767899056697,-12.4,-8.5));
#7845 = LINE('',#7846,#7847);
#7846 = CARTESIAN_POINT('',(30.367899056697,-12.4,-8.5));
#7847 = VECTOR('',#7848,1.);
#7848 = DIRECTION('',(-1.,0.,0.));
#7849 = ORIENTED_EDGE('',*,*,#7850,.F.);
#7850 = EDGE_CURVE('',#7851,#7843,#7853,.T.);
#7851 = VERTEX_POINT('',#7852);
#7852 = CARTESIAN_POINT('',(29.767899056697,-12.4,2.5));
#7853 = LINE('',#7854,#7855);
#7854 = CARTESIAN_POINT('',(29.767899056697,-12.4,2.5));
#7855 = VECTOR('',#7856,1.);
#7856 = DIRECTION('',(-0.,-0.,-1.));
#7857 = ORIENTED_EDGE('',*,*,#7858,.F.);
#7858 = EDGE_CURVE('',#7820,#7851,#7859,.T.);
#7859 = LINE('',#7860,#7861);
#7860 = CARTESIAN_POINT('',(30.367899056697,-12.4,2.5));
#7861 = VECTOR('',#7862,1.);
#7862 = DIRECTION('',(-1.,0.,0.));
#7863 = PLANE('',#7864);
#7864 = AXIS2_PLACEMENT_3D('',#7865,#7866,#7867);
#7865 = CARTESIAN_POINT('',(30.367899056697,-12.4,2.5));
#7866 = DIRECTION('',(0.,1.,0.));
#7867 = DIRECTION('',(-1.,0.,0.));
#7868 = ADVANCED_FACE('',(#7869),#7885,.T.);
#7869 = FACE_BOUND('',#7870,.T.);
#7870 = EDGE_LOOP('',(#7871,#7872,#7878,#7879));
#7871 = ORIENTED_EDGE('',*,*,#7850,.T.);
#7872 = ORIENTED_EDGE('',*,*,#7873,.T.);
#7873 = EDGE_CURVE('',#7843,#7773,#7874,.T.);
#7874 = LINE('',#7875,#7876);
#7875 = CARTESIAN_POINT('',(29.767899056697,-12.4,-8.5));
#7876 = VECTOR('',#7877,1.);
#7877 = DIRECTION('',(0.,-1.,0.));
#7878 = ORIENTED_EDGE('',*,*,#7770,.F.);
#7879 = ORIENTED_EDGE('',*,*,#7880,.F.);
#7880 = EDGE_CURVE('',#7851,#7771,#7881,.T.);
#7881 = LINE('',#7882,#7883);
#7882 = CARTESIAN_POINT('',(29.767899056697,-12.4,2.5));
#7883 = VECTOR('',#7884,1.);
#7884 = DIRECTION('',(0.,-1.,0.));
#7885 = PLANE('',#7886);
#7886 = AXIS2_PLACEMENT_3D('',#7887,#7888,#7889);
#7887 = CARTESIAN_POINT('',(29.767899056697,-12.4,2.5));
#7888 = DIRECTION('',(-1.,0.,0.));
#7889 = DIRECTION('',(0.,-1.,0.));
#7890 = ADVANCED_FACE('',(#7891),#7897,.T.);
#7891 = FACE_BOUND('',#7892,.T.);
#7892 = EDGE_LOOP('',(#7893,#7894,#7895,#7896));
#7893 = ORIENTED_EDGE('',*,*,#7796,.T.);
#7894 = ORIENTED_EDGE('',*,*,#7827,.T.);
#7895 = ORIENTED_EDGE('',*,*,#7858,.T.);
#7896 = ORIENTED_EDGE('',*,*,#7880,.T.);
#7897 = PLANE('',#7898);
#7898 = AXIS2_PLACEMENT_3D('',#7899,#7900,#7901);
#7899 = CARTESIAN_POINT('',(30.067899056697,-3.68223969834E-14,2.5));
#7900 = DIRECTION('',(0.,0.,1.));
#7901 = DIRECTION('',(1.,0.,0.));
#7902 = ADVANCED_FACE('',(#7903),#7909,.F.);
#7903 = FACE_BOUND('',#7904,.F.);
#7904 = EDGE_LOOP('',(#7905,#7906,#7907,#7908));
#7905 = ORIENTED_EDGE('',*,*,#7780,.T.);
#7906 = ORIENTED_EDGE('',*,*,#7811,.T.);
#7907 = ORIENTED_EDGE('',*,*,#7842,.T.);
#7908 = ORIENTED_EDGE('',*,*,#7873,.T.);
#7909 = PLANE('',#7910);
#7910 = AXIS2_PLACEMENT_3D('',#7911,#7912,#7913);
#7911 = CARTESIAN_POINT('',(30.067899056697,-3.68223969834E-14,-8.5));
#7912 = DIRECTION('',(0.,0.,1.));
#7913 = DIRECTION('',(1.,0.,0.));
#7914 = MANIFOLD_SOLID_BREP('',#7915);
#7915 = CLOSED_SHELL('',(#7916,#7956,#7987,#8018,#8040,#8052));
#7916 = ADVANCED_FACE('',(#7917),#7951,.T.);
#7917 = FACE_BOUND('',#7918,.T.);
#7918 = EDGE_LOOP('',(#7919,#7929,#7937,#7945));
#7919 = ORIENTED_EDGE('',*,*,#7920,.T.);
#7920 = EDGE_CURVE('',#7921,#7923,#7925,.T.);
#7921 = VERTEX_POINT('',#7922);
#7922 = CARTESIAN_POINT('',(32.307899056697,12.4,2.5));
#7923 = VERTEX_POINT('',#7924);
#7924 = CARTESIAN_POINT('',(32.307899056697,12.4,-8.5));
#7925 = LINE('',#7926,#7927);
#7926 = CARTESIAN_POINT('',(32.307899056697,12.4,2.5));
#7927 = VECTOR('',#7928,1.);
#7928 = DIRECTION('',(-0.,-0.,-1.));
#7929 = ORIENTED_EDGE('',*,*,#7930,.T.);
#7930 = EDGE_CURVE('',#7923,#7931,#7933,.T.);
#7931 = VERTEX_POINT('',#7932);
#7932 = CARTESIAN_POINT('',(32.907899056697,12.4,-8.5));
#7933 = LINE('',#7934,#7935);
#7934 = CARTESIAN_POINT('',(32.307899056697,12.4,-8.5));
#7935 = VECTOR('',#7936,1.);
#7936 = DIRECTION('',(1.,0.,0.));
#7937 = ORIENTED_EDGE('',*,*,#7938,.F.);
#7938 = EDGE_CURVE('',#7939,#7931,#7941,.T.);
#7939 = VERTEX_POINT('',#7940);
#7940 = CARTESIAN_POINT('',(32.907899056697,12.4,2.5));
#7941 = LINE('',#7942,#7943);
#7942 = CARTESIAN_POINT('',(32.907899056697,12.4,2.5));
#7943 = VECTOR('',#7944,1.);
#7944 = DIRECTION('',(-0.,-0.,-1.));
#7945 = ORIENTED_EDGE('',*,*,#7946,.F.);
#7946 = EDGE_CURVE('',#7921,#7939,#7947,.T.);
#7947 = LINE('',#7948,#7949);
#7948 = CARTESIAN_POINT('',(32.307899056697,12.4,2.5));
#7949 = VECTOR('',#7950,1.);
#7950 = DIRECTION('',(1.,0.,0.));
#7951 = PLANE('',#7952);
#7952 = AXIS2_PLACEMENT_3D('',#7953,#7954,#7955);
#7953 = CARTESIAN_POINT('',(32.307899056697,12.4,2.5));
#7954 = DIRECTION('',(0.,-1.,0.));
#7955 = DIRECTION('',(1.,0.,0.));
#7956 = ADVANCED_FACE('',(#7957),#7982,.T.);
#7957 = FACE_BOUND('',#7958,.T.);
#7958 = EDGE_LOOP('',(#7959,#7960,#7968,#7976));
#7959 = ORIENTED_EDGE('',*,*,#7938,.T.);
#7960 = ORIENTED_EDGE('',*,*,#7961,.T.);
#7961 = EDGE_CURVE('',#7931,#7962,#7964,.T.);
#7962 = VERTEX_POINT('',#7963);
#7963 = CARTESIAN_POINT('',(32.907899056697,13.,-8.5));
#7964 = LINE('',#7965,#7966);
#7965 = CARTESIAN_POINT('',(32.907899056697,12.4,-8.5));
#7966 = VECTOR('',#7967,1.);
#7967 = DIRECTION('',(0.,1.,0.));
#7968 = ORIENTED_EDGE('',*,*,#7969,.F.);
#7969 = EDGE_CURVE('',#7970,#7962,#7972,.T.);
#7970 = VERTEX_POINT('',#7971);
#7971 = CARTESIAN_POINT('',(32.907899056697,13.,2.5));
#7972 = LINE('',#7973,#7974);
#7973 = CARTESIAN_POINT('',(32.907899056697,13.,2.5));
#7974 = VECTOR('',#7975,1.);
#7975 = DIRECTION('',(-0.,-0.,-1.));
#7976 = ORIENTED_EDGE('',*,*,#7977,.F.);
#7977 = EDGE_CURVE('',#7939,#7970,#7978,.T.);
#7978 = LINE('',#7979,#7980);
#7979 = CARTESIAN_POINT('',(32.907899056697,12.4,2.5));
#7980 = VECTOR('',#7981,1.);
#7981 = DIRECTION('',(0.,1.,0.));
#7982 = PLANE('',#7983);
#7983 = AXIS2_PLACEMENT_3D('',#7984,#7985,#7986);
#7984 = CARTESIAN_POINT('',(32.907899056697,12.4,2.5));
#7985 = DIRECTION('',(1.,0.,0.));
#7986 = DIRECTION('',(0.,1.,0.));
#7987 = ADVANCED_FACE('',(#7988),#8013,.T.);
#7988 = FACE_BOUND('',#7989,.T.);
#7989 = EDGE_LOOP('',(#7990,#7991,#7999,#8007));
#7990 = ORIENTED_EDGE('',*,*,#7969,.T.);
#7991 = ORIENTED_EDGE('',*,*,#7992,.T.);
#7992 = EDGE_CURVE('',#7962,#7993,#7995,.T.);
#7993 = VERTEX_POINT('',#7994);
#7994 = CARTESIAN_POINT('',(32.307899056697,13.,-8.5));
#7995 = LINE('',#7996,#7997);
#7996 = CARTESIAN_POINT('',(32.907899056697,13.,-8.5));
#7997 = VECTOR('',#7998,1.);
#7998 = DIRECTION('',(-1.,0.,0.));
#7999 = ORIENTED_EDGE('',*,*,#8000,.F.);
#8000 = EDGE_CURVE('',#8001,#7993,#8003,.T.);
#8001 = VERTEX_POINT('',#8002);
#8002 = CARTESIAN_POINT('',(32.307899056697,13.,2.5));
#8003 = LINE('',#8004,#8005);
#8004 = CARTESIAN_POINT('',(32.307899056697,13.,2.5));
#8005 = VECTOR('',#8006,1.);
#8006 = DIRECTION('',(-0.,-0.,-1.));
#8007 = ORIENTED_EDGE('',*,*,#8008,.F.);
#8008 = EDGE_CURVE('',#7970,#8001,#8009,.T.);
#8009 = LINE('',#8010,#8011);
#8010 = CARTESIAN_POINT('',(32.907899056697,13.,2.5));
#8011 = VECTOR('',#8012,1.);
#8012 = DIRECTION('',(-1.,0.,0.));
#8013 = PLANE('',#8014);
#8014 = AXIS2_PLACEMENT_3D('',#8015,#8016,#8017);
#8015 = CARTESIAN_POINT('',(32.907899056697,13.,2.5));
#8016 = DIRECTION('',(0.,1.,0.));
#8017 = DIRECTION('',(-1.,0.,0.));
#8018 = ADVANCED_FACE('',(#8019),#8035,.T.);
#8019 = FACE_BOUND('',#8020,.T.);
#8020 = EDGE_LOOP('',(#8021,#8022,#8028,#8029));
#8021 = ORIENTED_EDGE('',*,*,#8000,.T.);
#8022 = ORIENTED_EDGE('',*,*,#8023,.T.);
#8023 = EDGE_CURVE('',#7993,#7923,#8024,.T.);
#8024 = LINE('',#8025,#8026);
#8025 = CARTESIAN_POINT('',(32.307899056697,13.,-8.5));
#8026 = VECTOR('',#8027,1.);
#8027 = DIRECTION('',(0.,-1.,0.));
#8028 = ORIENTED_EDGE('',*,*,#7920,.F.);
#8029 = ORIENTED_EDGE('',*,*,#8030,.F.);
#8030 = EDGE_CURVE('',#8001,#7921,#8031,.T.);
#8031 = LINE('',#8032,#8033);
#8032 = CARTESIAN_POINT('',(32.307899056697,13.,2.5));
#8033 = VECTOR('',#8034,1.);
#8034 = DIRECTION('',(0.,-1.,0.));
#8035 = PLANE('',#8036);
#8036 = AXIS2_PLACEMENT_3D('',#8037,#8038,#8039);
#8037 = CARTESIAN_POINT('',(32.307899056697,13.,2.5));
#8038 = DIRECTION('',(-1.,0.,0.));
#8039 = DIRECTION('',(0.,-1.,0.));
#8040 = ADVANCED_FACE('',(#8041),#8047,.T.);
#8041 = FACE_BOUND('',#8042,.T.);
#8042 = EDGE_LOOP('',(#8043,#8044,#8045,#8046));
#8043 = ORIENTED_EDGE('',*,*,#7946,.T.);
#8044 = ORIENTED_EDGE('',*,*,#7977,.T.);
#8045 = ORIENTED_EDGE('',*,*,#8008,.T.);
#8046 = ORIENTED_EDGE('',*,*,#8030,.T.);
#8047 = PLANE('',#8048);
#8048 = AXIS2_PLACEMENT_3D('',#8049,#8050,#8051);
#8049 = CARTESIAN_POINT('',(32.607899056697,-3.68223969834E-14,2.5));
#8050 = DIRECTION('',(0.,0.,1.));
#8051 = DIRECTION('',(1.,0.,0.));
#8052 = ADVANCED_FACE('',(#8053),#8059,.F.);
#8053 = FACE_BOUND('',#8054,.F.);
#8054 = EDGE_LOOP('',(#8055,#8056,#8057,#8058));
#8055 = ORIENTED_EDGE('',*,*,#7930,.T.);
#8056 = ORIENTED_EDGE('',*,*,#7961,.T.);
#8057 = ORIENTED_EDGE('',*,*,#7992,.T.);
#8058 = ORIENTED_EDGE('',*,*,#8023,.T.);
#8059 = PLANE('',#8060);
#8060 = AXIS2_PLACEMENT_3D('',#8061,#8062,#8063);
#8061 = CARTESIAN_POINT('',(32.607899056697,-3.68223969834E-14,-8.5));
#8062 = DIRECTION('',(0.,0.,1.));
#8063 = DIRECTION('',(1.,0.,0.));
#8064 = MANIFOLD_SOLID_BREP('',#8065);
#8065 = CLOSED_SHELL('',(#8066,#8106,#8137,#8168,#8190,#8202));
#8066 = ADVANCED_FACE('',(#8067),#8101,.T.);
#8067 = FACE_BOUND('',#8068,.T.);
#8068 = EDGE_LOOP('',(#8069,#8079,#8087,#8095));
#8069 = ORIENTED_EDGE('',*,*,#8070,.T.);
#8070 = EDGE_CURVE('',#8071,#8073,#8075,.T.);
#8071 = VERTEX_POINT('',#8072);
#8072 = CARTESIAN_POINT('',(32.307899056697,-13.,2.5));
#8073 = VERTEX_POINT('',#8074);
#8074 = CARTESIAN_POINT('',(32.307899056697,-13.,-8.5));
#8075 = LINE('',#8076,#8077);
#8076 = CARTESIAN_POINT('',(32.307899056697,-13.,2.5));
#8077 = VECTOR('',#8078,1.);
#8078 = DIRECTION('',(-0.,-0.,-1.));
#8079 = ORIENTED_EDGE('',*,*,#8080,.T.);
#8080 = EDGE_CURVE('',#8073,#8081,#8083,.T.);
#8081 = VERTEX_POINT('',#8082);
#8082 = CARTESIAN_POINT('',(32.907899056697,-13.,-8.5));
#8083 = LINE('',#8084,#8085);
#8084 = CARTESIAN_POINT('',(32.307899056697,-13.,-8.5));
#8085 = VECTOR('',#8086,1.);
#8086 = DIRECTION('',(1.,0.,0.));
#8087 = ORIENTED_EDGE('',*,*,#8088,.F.);
#8088 = EDGE_CURVE('',#8089,#8081,#8091,.T.);
#8089 = VERTEX_POINT('',#8090);
#8090 = CARTESIAN_POINT('',(32.907899056697,-13.,2.5));
#8091 = LINE('',#8092,#8093);
#8092 = CARTESIAN_POINT('',(32.907899056697,-13.,2.5));
#8093 = VECTOR('',#8094,1.);
#8094 = DIRECTION('',(-0.,-0.,-1.));
#8095 = ORIENTED_EDGE('',*,*,#8096,.F.);
#8096 = EDGE_CURVE('',#8071,#8089,#8097,.T.);
#8097 = LINE('',#8098,#8099);
#8098 = CARTESIAN_POINT('',(32.307899056697,-13.,2.5));
#8099 = VECTOR('',#8100,1.);
#8100 = DIRECTION('',(1.,0.,0.));
#8101 = PLANE('',#8102);
#8102 = AXIS2_PLACEMENT_3D('',#8103,#8104,#8105);
#8103 = CARTESIAN_POINT('',(32.307899056697,-13.,2.5));
#8104 = DIRECTION('',(0.,-1.,0.));
#8105 = DIRECTION('',(1.,0.,0.));
#8106 = ADVANCED_FACE('',(#8107),#8132,.T.);
#8107 = FACE_BOUND('',#8108,.T.);
#8108 = EDGE_LOOP('',(#8109,#8110,#8118,#8126));
#8109 = ORIENTED_EDGE('',*,*,#8088,.T.);
#8110 = ORIENTED_EDGE('',*,*,#8111,.T.);
#8111 = EDGE_CURVE('',#8081,#8112,#8114,.T.);
#8112 = VERTEX_POINT('',#8113);
#8113 = CARTESIAN_POINT('',(32.907899056697,-12.4,-8.5));
#8114 = LINE('',#8115,#8116);
#8115 = CARTESIAN_POINT('',(32.907899056697,-13.,-8.5));
#8116 = VECTOR('',#8117,1.);
#8117 = DIRECTION('',(0.,1.,0.));
#8118 = ORIENTED_EDGE('',*,*,#8119,.F.);
#8119 = EDGE_CURVE('',#8120,#8112,#8122,.T.);
#8120 = VERTEX_POINT('',#8121);
#8121 = CARTESIAN_POINT('',(32.907899056697,-12.4,2.5));
#8122 = LINE('',#8123,#8124);
#8123 = CARTESIAN_POINT('',(32.907899056697,-12.4,2.5));
#8124 = VECTOR('',#8125,1.);
#8125 = DIRECTION('',(-0.,-0.,-1.));
#8126 = ORIENTED_EDGE('',*,*,#8127,.F.);
#8127 = EDGE_CURVE('',#8089,#8120,#8128,.T.);
#8128 = LINE('',#8129,#8130);
#8129 = CARTESIAN_POINT('',(32.907899056697,-13.,2.5));
#8130 = VECTOR('',#8131,1.);
#8131 = DIRECTION('',(0.,1.,0.));
#8132 = PLANE('',#8133);
#8133 = AXIS2_PLACEMENT_3D('',#8134,#8135,#8136);
#8134 = CARTESIAN_POINT('',(32.907899056697,-13.,2.5));
#8135 = DIRECTION('',(1.,0.,0.));
#8136 = DIRECTION('',(0.,1.,0.));
#8137 = ADVANCED_FACE('',(#8138),#8163,.T.);
#8138 = FACE_BOUND('',#8139,.T.);
#8139 = EDGE_LOOP('',(#8140,#8141,#8149,#8157));
#8140 = ORIENTED_EDGE('',*,*,#8119,.T.);
#8141 = ORIENTED_EDGE('',*,*,#8142,.T.);
#8142 = EDGE_CURVE('',#8112,#8143,#8145,.T.);
#8143 = VERTEX_POINT('',#8144);
#8144 = CARTESIAN_POINT('',(32.307899056697,-12.4,-8.5));
#8145 = LINE('',#8146,#8147);
#8146 = CARTESIAN_POINT('',(32.907899056697,-12.4,-8.5));
#8147 = VECTOR('',#8148,1.);
#8148 = DIRECTION('',(-1.,0.,0.));
#8149 = ORIENTED_EDGE('',*,*,#8150,.F.);
#8150 = EDGE_CURVE('',#8151,#8143,#8153,.T.);
#8151 = VERTEX_POINT('',#8152);
#8152 = CARTESIAN_POINT('',(32.307899056697,-12.4,2.5));
#8153 = LINE('',#8154,#8155);
#8154 = CARTESIAN_POINT('',(32.307899056697,-12.4,2.5));
#8155 = VECTOR('',#8156,1.);
#8156 = DIRECTION('',(-0.,-0.,-1.));
#8157 = ORIENTED_EDGE('',*,*,#8158,.F.);
#8158 = EDGE_CURVE('',#8120,#8151,#8159,.T.);
#8159 = LINE('',#8160,#8161);
#8160 = CARTESIAN_POINT('',(32.907899056697,-12.4,2.5));
#8161 = VECTOR('',#8162,1.);
#8162 = DIRECTION('',(-1.,0.,0.));
#8163 = PLANE('',#8164);
#8164 = AXIS2_PLACEMENT_3D('',#8165,#8166,#8167);
#8165 = CARTESIAN_POINT('',(32.907899056697,-12.4,2.5));
#8166 = DIRECTION('',(0.,1.,0.));
#8167 = DIRECTION('',(-1.,0.,0.));
#8168 = ADVANCED_FACE('',(#8169),#8185,.T.);
#8169 = FACE_BOUND('',#8170,.T.);
#8170 = EDGE_LOOP('',(#8171,#8172,#8178,#8179));
#8171 = ORIENTED_EDGE('',*,*,#8150,.T.);
#8172 = ORIENTED_EDGE('',*,*,#8173,.T.);
#8173 = EDGE_CURVE('',#8143,#8073,#8174,.T.);
#8174 = LINE('',#8175,#8176);
#8175 = CARTESIAN_POINT('',(32.307899056697,-12.4,-8.5));
#8176 = VECTOR('',#8177,1.);
#8177 = DIRECTION('',(0.,-1.,0.));
#8178 = ORIENTED_EDGE('',*,*,#8070,.F.);
#8179 = ORIENTED_EDGE('',*,*,#8180,.F.);
#8180 = EDGE_CURVE('',#8151,#8071,#8181,.T.);
#8181 = LINE('',#8182,#8183);
#8182 = CARTESIAN_POINT('',(32.307899056697,-12.4,2.5));
#8183 = VECTOR('',#8184,1.);
#8184 = DIRECTION('',(0.,-1.,0.));
#8185 = PLANE('',#8186);
#8186 = AXIS2_PLACEMENT_3D('',#8187,#8188,#8189);
#8187 = CARTESIAN_POINT('',(32.307899056697,-12.4,2.5));
#8188 = DIRECTION('',(-1.,0.,0.));
#8189 = DIRECTION('',(0.,-1.,0.));
#8190 = ADVANCED_FACE('',(#8191),#8197,.T.);
#8191 = FACE_BOUND('',#8192,.T.);
#8192 = EDGE_LOOP('',(#8193,#8194,#8195,#8196));
#8193 = ORIENTED_EDGE('',*,*,#8096,.T.);
#8194 = ORIENTED_EDGE('',*,*,#8127,.T.);
#8195 = ORIENTED_EDGE('',*,*,#8158,.T.);
#8196 = ORIENTED_EDGE('',*,*,#8180,.T.);
#8197 = PLANE('',#8198);
#8198 = AXIS2_PLACEMENT_3D('',#8199,#8200,#8201);
#8199 = CARTESIAN_POINT('',(32.607899056697,-3.68223969834E-14,2.5));
#8200 = DIRECTION('',(0.,0.,1.));
#8201 = DIRECTION('',(1.,0.,0.));
#8202 = ADVANCED_FACE('',(#8203),#8209,.F.);
#8203 = FACE_BOUND('',#8204,.F.);
#8204 = EDGE_LOOP('',(#8205,#8206,#8207,#8208));
#8205 = ORIENTED_EDGE('',*,*,#8080,.T.);
#8206 = ORIENTED_EDGE('',*,*,#8111,.T.);
#8207 = ORIENTED_EDGE('',*,*,#8142,.T.);
#8208 = ORIENTED_EDGE('',*,*,#8173,.T.);
#8209 = PLANE('',#8210);
#8210 = AXIS2_PLACEMENT_3D('',#8211,#8212,#8213);
#8211 = CARTESIAN_POINT('',(32.607899056697,-3.68223969834E-14,-8.5));
#8212 = DIRECTION('',(0.,0.,1.));
#8213 = DIRECTION('',(1.,0.,0.));
#8214 = MANIFOLD_SOLID_BREP('',#8215);
#8215 = CLOSED_SHELL('',(#8216,#8256,#8287,#8318,#8340,#8352));
#8216 = ADVANCED_FACE('',(#8217),#8251,.T.);
#8217 = FACE_BOUND('',#8218,.T.);
#8218 = EDGE_LOOP('',(#8219,#8229,#8237,#8245));
#8219 = ORIENTED_EDGE('',*,*,#8220,.T.);
#8220 = EDGE_CURVE('',#8221,#8223,#8225,.T.);
#8221 = VERTEX_POINT('',#8222);
#8222 = CARTESIAN_POINT('',(34.847899056697,12.4,2.5));
#8223 = VERTEX_POINT('',#8224);
#8224 = CARTESIAN_POINT('',(34.847899056697,12.4,-8.5));
#8225 = LINE('',#8226,#8227);
#8226 = CARTESIAN_POINT('',(34.847899056697,12.4,2.5));
#8227 = VECTOR('',#8228,1.);
#8228 = DIRECTION('',(-0.,-0.,-1.));
#8229 = ORIENTED_EDGE('',*,*,#8230,.T.);
#8230 = EDGE_CURVE('',#8223,#8231,#8233,.T.);
#8231 = VERTEX_POINT('',#8232);
#8232 = CARTESIAN_POINT('',(35.447899056697,12.4,-8.5));
#8233 = LINE('',#8234,#8235);
#8234 = CARTESIAN_POINT('',(34.847899056697,12.4,-8.5));
#8235 = VECTOR('',#8236,1.);
#8236 = DIRECTION('',(1.,0.,0.));
#8237 = ORIENTED_EDGE('',*,*,#8238,.F.);
#8238 = EDGE_CURVE('',#8239,#8231,#8241,.T.);
#8239 = VERTEX_POINT('',#8240);
#8240 = CARTESIAN_POINT('',(35.447899056697,12.4,2.5));
#8241 = LINE('',#8242,#8243);
#8242 = CARTESIAN_POINT('',(35.447899056697,12.4,2.5));
#8243 = VECTOR('',#8244,1.);
#8244 = DIRECTION('',(-0.,-0.,-1.));
#8245 = ORIENTED_EDGE('',*,*,#8246,.F.);
#8246 = EDGE_CURVE('',#8221,#8239,#8247,.T.);
#8247 = LINE('',#8248,#8249);
#8248 = CARTESIAN_POINT('',(34.847899056697,12.4,2.5));
#8249 = VECTOR('',#8250,1.);
#8250 = DIRECTION('',(1.,0.,0.));
#8251 = PLANE('',#8252);
#8252 = AXIS2_PLACEMENT_3D('',#8253,#8254,#8255);
#8253 = CARTESIAN_POINT('',(34.847899056697,12.4,2.5));
#8254 = DIRECTION('',(0.,-1.,0.));
#8255 = DIRECTION('',(1.,0.,0.));
#8256 = ADVANCED_FACE('',(#8257),#8282,.T.);
#8257 = FACE_BOUND('',#8258,.T.);
#8258 = EDGE_LOOP('',(#8259,#8260,#8268,#8276));
#8259 = ORIENTED_EDGE('',*,*,#8238,.T.);
#8260 = ORIENTED_EDGE('',*,*,#8261,.T.);
#8261 = EDGE_CURVE('',#8231,#8262,#8264,.T.);
#8262 = VERTEX_POINT('',#8263);
#8263 = CARTESIAN_POINT('',(35.447899056697,13.,-8.5));
#8264 = LINE('',#8265,#8266);
#8265 = CARTESIAN_POINT('',(35.447899056697,12.4,-8.5));
#8266 = VECTOR('',#8267,1.);
#8267 = DIRECTION('',(0.,1.,0.));
#8268 = ORIENTED_EDGE('',*,*,#8269,.F.);
#8269 = EDGE_CURVE('',#8270,#8262,#8272,.T.);
#8270 = VERTEX_POINT('',#8271);
#8271 = CARTESIAN_POINT('',(35.447899056697,13.,2.5));
#8272 = LINE('',#8273,#8274);
#8273 = CARTESIAN_POINT('',(35.447899056697,13.,2.5));
#8274 = VECTOR('',#8275,1.);
#8275 = DIRECTION('',(-0.,-0.,-1.));
#8276 = ORIENTED_EDGE('',*,*,#8277,.F.);
#8277 = EDGE_CURVE('',#8239,#8270,#8278,.T.);
#8278 = LINE('',#8279,#8280);
#8279 = CARTESIAN_POINT('',(35.447899056697,12.4,2.5));
#8280 = VECTOR('',#8281,1.);
#8281 = DIRECTION('',(0.,1.,0.));
#8282 = PLANE('',#8283);
#8283 = AXIS2_PLACEMENT_3D('',#8284,#8285,#8286);
#8284 = CARTESIAN_POINT('',(35.447899056697,12.4,2.5));
#8285 = DIRECTION('',(1.,0.,0.));
#8286 = DIRECTION('',(0.,1.,0.));
#8287 = ADVANCED_FACE('',(#8288),#8313,.T.);
#8288 = FACE_BOUND('',#8289,.T.);
#8289 = EDGE_LOOP('',(#8290,#8291,#8299,#8307));
#8290 = ORIENTED_EDGE('',*,*,#8269,.T.);
#8291 = ORIENTED_EDGE('',*,*,#8292,.T.);
#8292 = EDGE_CURVE('',#8262,#8293,#8295,.T.);
#8293 = VERTEX_POINT('',#8294);
#8294 = CARTESIAN_POINT('',(34.847899056697,13.,-8.5));
#8295 = LINE('',#8296,#8297);
#8296 = CARTESIAN_POINT('',(35.447899056697,13.,-8.5));
#8297 = VECTOR('',#8298,1.);
#8298 = DIRECTION('',(-1.,0.,0.));
#8299 = ORIENTED_EDGE('',*,*,#8300,.F.);
#8300 = EDGE_CURVE('',#8301,#8293,#8303,.T.);
#8301 = VERTEX_POINT('',#8302);
#8302 = CARTESIAN_POINT('',(34.847899056697,13.,2.5));
#8303 = LINE('',#8304,#8305);
#8304 = CARTESIAN_POINT('',(34.847899056697,13.,2.5));
#8305 = VECTOR('',#8306,1.);
#8306 = DIRECTION('',(-0.,-0.,-1.));
#8307 = ORIENTED_EDGE('',*,*,#8308,.F.);
#8308 = EDGE_CURVE('',#8270,#8301,#8309,.T.);
#8309 = LINE('',#8310,#8311);
#8310 = CARTESIAN_POINT('',(35.447899056697,13.,2.5));
#8311 = VECTOR('',#8312,1.);
#8312 = DIRECTION('',(-1.,0.,0.));
#8313 = PLANE('',#8314);
#8314 = AXIS2_PLACEMENT_3D('',#8315,#8316,#8317);
#8315 = CARTESIAN_POINT('',(35.447899056697,13.,2.5));
#8316 = DIRECTION('',(0.,1.,0.));
#8317 = DIRECTION('',(-1.,0.,0.));
#8318 = ADVANCED_FACE('',(#8319),#8335,.T.);
#8319 = FACE_BOUND('',#8320,.T.);
#8320 = EDGE_LOOP('',(#8321,#8322,#8328,#8329));
#8321 = ORIENTED_EDGE('',*,*,#8300,.T.);
#8322 = ORIENTED_EDGE('',*,*,#8323,.T.);
#8323 = EDGE_CURVE('',#8293,#8223,#8324,.T.);
#8324 = LINE('',#8325,#8326);
#8325 = CARTESIAN_POINT('',(34.847899056697,13.,-8.5));
#8326 = VECTOR('',#8327,1.);
#8327 = DIRECTION('',(0.,-1.,0.));
#8328 = ORIENTED_EDGE('',*,*,#8220,.F.);
#8329 = ORIENTED_EDGE('',*,*,#8330,.F.);
#8330 = EDGE_CURVE('',#8301,#8221,#8331,.T.);
#8331 = LINE('',#8332,#8333);
#8332 = CARTESIAN_POINT('',(34.847899056697,13.,2.5));
#8333 = VECTOR('',#8334,1.);
#8334 = DIRECTION('',(0.,-1.,0.));
#8335 = PLANE('',#8336);
#8336 = AXIS2_PLACEMENT_3D('',#8337,#8338,#8339);
#8337 = CARTESIAN_POINT('',(34.847899056697,13.,2.5));
#8338 = DIRECTION('',(-1.,0.,0.));
#8339 = DIRECTION('',(0.,-1.,0.));
#8340 = ADVANCED_FACE('',(#8341),#8347,.T.);
#8341 = FACE_BOUND('',#8342,.T.);
#8342 = EDGE_LOOP('',(#8343,#8344,#8345,#8346));
#8343 = ORIENTED_EDGE('',*,*,#8246,.T.);
#8344 = ORIENTED_EDGE('',*,*,#8277,.T.);
#8345 = ORIENTED_EDGE('',*,*,#8308,.T.);
#8346 = ORIENTED_EDGE('',*,*,#8330,.T.);
#8347 = PLANE('',#8348);
#8348 = AXIS2_PLACEMENT_3D('',#8349,#8350,#8351);
#8349 = CARTESIAN_POINT('',(35.147899056697,-3.68223969834E-14,2.5));
#8350 = DIRECTION('',(0.,0.,1.));
#8351 = DIRECTION('',(1.,0.,0.));
#8352 = ADVANCED_FACE('',(#8353),#8359,.F.);
#8353 = FACE_BOUND('',#8354,.F.);
#8354 = EDGE_LOOP('',(#8355,#8356,#8357,#8358));
#8355 = ORIENTED_EDGE('',*,*,#8230,.T.);
#8356 = ORIENTED_EDGE('',*,*,#8261,.T.);
#8357 = ORIENTED_EDGE('',*,*,#8292,.T.);
#8358 = ORIENTED_EDGE('',*,*,#8323,.T.);
#8359 = PLANE('',#8360);
#8360 = AXIS2_PLACEMENT_3D('',#8361,#8362,#8363);
#8361 = CARTESIAN_POINT('',(35.147899056697,-3.68223969834E-14,-8.5));
#8362 = DIRECTION('',(0.,0.,1.));
#8363 = DIRECTION('',(1.,0.,0.));
#8364 = MANIFOLD_SOLID_BREP('',#8365);
#8365 = CLOSED_SHELL('',(#8366,#8406,#8437,#8468,#8490,#8502));
#8366 = ADVANCED_FACE('',(#8367),#8401,.T.);
#8367 = FACE_BOUND('',#8368,.T.);
#8368 = EDGE_LOOP('',(#8369,#8379,#8387,#8395));
#8369 = ORIENTED_EDGE('',*,*,#8370,.T.);
#8370 = EDGE_CURVE('',#8371,#8373,#8375,.T.);
#8371 = VERTEX_POINT('',#8372);
#8372 = CARTESIAN_POINT('',(34.847899056697,-13.,2.5));
#8373 = VERTEX_POINT('',#8374);
#8374 = CARTESIAN_POINT('',(34.847899056697,-13.,-8.5));
#8375 = LINE('',#8376,#8377);
#8376 = CARTESIAN_POINT('',(34.847899056697,-13.,2.5));
#8377 = VECTOR('',#8378,1.);
#8378 = DIRECTION('',(-0.,-0.,-1.));
#8379 = ORIENTED_EDGE('',*,*,#8380,.T.);
#8380 = EDGE_CURVE('',#8373,#8381,#8383,.T.);
#8381 = VERTEX_POINT('',#8382);
#8382 = CARTESIAN_POINT('',(35.447899056697,-13.,-8.5));
#8383 = LINE('',#8384,#8385);
#8384 = CARTESIAN_POINT('',(34.847899056697,-13.,-8.5));
#8385 = VECTOR('',#8386,1.);
#8386 = DIRECTION('',(1.,0.,0.));
#8387 = ORIENTED_EDGE('',*,*,#8388,.F.);
#8388 = EDGE_CURVE('',#8389,#8381,#8391,.T.);
#8389 = VERTEX_POINT('',#8390);
#8390 = CARTESIAN_POINT('',(35.447899056697,-13.,2.5));
#8391 = LINE('',#8392,#8393);
#8392 = CARTESIAN_POINT('',(35.447899056697,-13.,2.5));
#8393 = VECTOR('',#8394,1.);
#8394 = DIRECTION('',(-0.,-0.,-1.));
#8395 = ORIENTED_EDGE('',*,*,#8396,.F.);
#8396 = EDGE_CURVE('',#8371,#8389,#8397,.T.);
#8397 = LINE('',#8398,#8399);
#8398 = CARTESIAN_POINT('',(34.847899056697,-13.,2.5));
#8399 = VECTOR('',#8400,1.);
#8400 = DIRECTION('',(1.,0.,0.));
#8401 = PLANE('',#8402);
#8402 = AXIS2_PLACEMENT_3D('',#8403,#8404,#8405);
#8403 = CARTESIAN_POINT('',(34.847899056697,-13.,2.5));
#8404 = DIRECTION('',(0.,-1.,0.));
#8405 = DIRECTION('',(1.,0.,0.));
#8406 = ADVANCED_FACE('',(#8407),#8432,.T.);
#8407 = FACE_BOUND('',#8408,.T.);
#8408 = EDGE_LOOP('',(#8409,#8410,#8418,#8426));
#8409 = ORIENTED_EDGE('',*,*,#8388,.T.);
#8410 = ORIENTED_EDGE('',*,*,#8411,.T.);
#8411 = EDGE_CURVE('',#8381,#8412,#8414,.T.);
#8412 = VERTEX_POINT('',#8413);
#8413 = CARTESIAN_POINT('',(35.447899056697,-12.4,-8.5));
#8414 = LINE('',#8415,#8416);
#8415 = CARTESIAN_POINT('',(35.447899056697,-13.,-8.5));
#8416 = VECTOR('',#8417,1.);
#8417 = DIRECTION('',(0.,1.,0.));
#8418 = ORIENTED_EDGE('',*,*,#8419,.F.);
#8419 = EDGE_CURVE('',#8420,#8412,#8422,.T.);
#8420 = VERTEX_POINT('',#8421);
#8421 = CARTESIAN_POINT('',(35.447899056697,-12.4,2.5));
#8422 = LINE('',#8423,#8424);
#8423 = CARTESIAN_POINT('',(35.447899056697,-12.4,2.5));
#8424 = VECTOR('',#8425,1.);
#8425 = DIRECTION('',(-0.,-0.,-1.));
#8426 = ORIENTED_EDGE('',*,*,#8427,.F.);
#8427 = EDGE_CURVE('',#8389,#8420,#8428,.T.);
#8428 = LINE('',#8429,#8430);
#8429 = CARTESIAN_POINT('',(35.447899056697,-13.,2.5));
#8430 = VECTOR('',#8431,1.);
#8431 = DIRECTION('',(0.,1.,0.));
#8432 = PLANE('',#8433);
#8433 = AXIS2_PLACEMENT_3D('',#8434,#8435,#8436);
#8434 = CARTESIAN_POINT('',(35.447899056697,-13.,2.5));
#8435 = DIRECTION('',(1.,0.,0.));
#8436 = DIRECTION('',(0.,1.,0.));
#8437 = ADVANCED_FACE('',(#8438),#8463,.T.);
#8438 = FACE_BOUND('',#8439,.T.);
#8439 = EDGE_LOOP('',(#8440,#8441,#8449,#8457));
#8440 = ORIENTED_EDGE('',*,*,#8419,.T.);
#8441 = ORIENTED_EDGE('',*,*,#8442,.T.);
#8442 = EDGE_CURVE('',#8412,#8443,#8445,.T.);
#8443 = VERTEX_POINT('',#8444);
#8444 = CARTESIAN_POINT('',(34.847899056697,-12.4,-8.5));
#8445 = LINE('',#8446,#8447);
#8446 = CARTESIAN_POINT('',(35.447899056697,-12.4,-8.5));
#8447 = VECTOR('',#8448,1.);
#8448 = DIRECTION('',(-1.,0.,0.));
#8449 = ORIENTED_EDGE('',*,*,#8450,.F.);
#8450 = EDGE_CURVE('',#8451,#8443,#8453,.T.);
#8451 = VERTEX_POINT('',#8452);
#8452 = CARTESIAN_POINT('',(34.847899056697,-12.4,2.5));
#8453 = LINE('',#8454,#8455);
#8454 = CARTESIAN_POINT('',(34.847899056697,-12.4,2.5));
#8455 = VECTOR('',#8456,1.);
#8456 = DIRECTION('',(-0.,-0.,-1.));
#8457 = ORIENTED_EDGE('',*,*,#8458,.F.);
#8458 = EDGE_CURVE('',#8420,#8451,#8459,.T.);
#8459 = LINE('',#8460,#8461);
#8460 = CARTESIAN_POINT('',(35.447899056697,-12.4,2.5));
#8461 = VECTOR('',#8462,1.);
#8462 = DIRECTION('',(-1.,0.,0.));
#8463 = PLANE('',#8464);
#8464 = AXIS2_PLACEMENT_3D('',#8465,#8466,#8467);
#8465 = CARTESIAN_POINT('',(35.447899056697,-12.4,2.5));
#8466 = DIRECTION('',(0.,1.,0.));
#8467 = DIRECTION('',(-1.,0.,0.));
#8468 = ADVANCED_FACE('',(#8469),#8485,.T.);
#8469 = FACE_BOUND('',#8470,.T.);
#8470 = EDGE_LOOP('',(#8471,#8472,#8478,#8479));
#8471 = ORIENTED_EDGE('',*,*,#8450,.T.);
#8472 = ORIENTED_EDGE('',*,*,#8473,.T.);
#8473 = EDGE_CURVE('',#8443,#8373,#8474,.T.);
#8474 = LINE('',#8475,#8476);
#8475 = CARTESIAN_POINT('',(34.847899056697,-12.4,-8.5));
#8476 = VECTOR('',#8477,1.);
#8477 = DIRECTION('',(0.,-1.,0.));
#8478 = ORIENTED_EDGE('',*,*,#8370,.F.);
#8479 = ORIENTED_EDGE('',*,*,#8480,.F.);
#8480 = EDGE_CURVE('',#8451,#8371,#8481,.T.);
#8481 = LINE('',#8482,#8483);
#8482 = CARTESIAN_POINT('',(34.847899056697,-12.4,2.5));
#8483 = VECTOR('',#8484,1.);
#8484 = DIRECTION('',(0.,-1.,0.));
#8485 = PLANE('',#8486);
#8486 = AXIS2_PLACEMENT_3D('',#8487,#8488,#8489);
#8487 = CARTESIAN_POINT('',(34.847899056697,-12.4,2.5));
#8488 = DIRECTION('',(-1.,0.,0.));
#8489 = DIRECTION('',(0.,-1.,0.));
#8490 = ADVANCED_FACE('',(#8491),#8497,.T.);
#8491 = FACE_BOUND('',#8492,.T.);
#8492 = EDGE_LOOP('',(#8493,#8494,#8495,#8496));
#8493 = ORIENTED_EDGE('',*,*,#8396,.T.);
#8494 = ORIENTED_EDGE('',*,*,#8427,.T.);
#8495 = ORIENTED_EDGE('',*,*,#8458,.T.);
#8496 = ORIENTED_EDGE('',*,*,#8480,.T.);
#8497 = PLANE('',#8498);
#8498 = AXIS2_PLACEMENT_3D('',#8499,#8500,#8501);
#8499 = CARTESIAN_POINT('',(35.147899056697,-3.68223969834E-14,2.5));
#8500 = DIRECTION('',(0.,0.,1.));
#8501 = DIRECTION('',(1.,0.,0.));
#8502 = ADVANCED_FACE('',(#8503),#8509,.F.);
#8503 = FACE_BOUND('',#8504,.F.);
#8504 = EDGE_LOOP('',(#8505,#8506,#8507,#8508));
#8505 = ORIENTED_EDGE('',*,*,#8380,.T.);
#8506 = ORIENTED_EDGE('',*,*,#8411,.T.);
#8507 = ORIENTED_EDGE('',*,*,#8442,.T.);
#8508 = ORIENTED_EDGE('',*,*,#8473,.T.);
#8509 = PLANE('',#8510);
#8510 = AXIS2_PLACEMENT_3D('',#8511,#8512,#8513);
#8511 = CARTESIAN_POINT('',(35.147899056697,-3.68223969834E-14,-8.5));
#8512 = DIRECTION('',(0.,0.,1.));
#8513 = DIRECTION('',(1.,0.,0.));
#8514 = MANIFOLD_SOLID_BREP('',#8515);
#8515 = CLOSED_SHELL('',(#8516,#8556,#8587,#8618,#8640,#8652));
#8516 = ADVANCED_FACE('',(#8517),#8551,.T.);
#8517 = FACE_BOUND('',#8518,.T.);
#8518 = EDGE_LOOP('',(#8519,#8529,#8537,#8545));
#8519 = ORIENTED_EDGE('',*,*,#8520,.T.);
#8520 = EDGE_CURVE('',#8521,#8523,#8525,.T.);
#8521 = VERTEX_POINT('',#8522);
#8522 = CARTESIAN_POINT('',(37.387899056697,12.4,2.5));
#8523 = VERTEX_POINT('',#8524);
#8524 = CARTESIAN_POINT('',(37.387899056697,12.4,-8.5));
#8525 = LINE('',#8526,#8527);
#8526 = CARTESIAN_POINT('',(37.387899056697,12.4,2.5));
#8527 = VECTOR('',#8528,1.);
#8528 = DIRECTION('',(-0.,-0.,-1.));
#8529 = ORIENTED_EDGE('',*,*,#8530,.T.);
#8530 = EDGE_CURVE('',#8523,#8531,#8533,.T.);
#8531 = VERTEX_POINT('',#8532);
#8532 = CARTESIAN_POINT('',(37.987899056697,12.4,-8.5));
#8533 = LINE('',#8534,#8535);
#8534 = CARTESIAN_POINT('',(37.387899056697,12.4,-8.5));
#8535 = VECTOR('',#8536,1.);
#8536 = DIRECTION('',(1.,0.,0.));
#8537 = ORIENTED_EDGE('',*,*,#8538,.F.);
#8538 = EDGE_CURVE('',#8539,#8531,#8541,.T.);
#8539 = VERTEX_POINT('',#8540);
#8540 = CARTESIAN_POINT('',(37.987899056697,12.4,2.5));
#8541 = LINE('',#8542,#8543);
#8542 = CARTESIAN_POINT('',(37.987899056697,12.4,2.5));
#8543 = VECTOR('',#8544,1.);
#8544 = DIRECTION('',(-0.,-0.,-1.));
#8545 = ORIENTED_EDGE('',*,*,#8546,.F.);
#8546 = EDGE_CURVE('',#8521,#8539,#8547,.T.);
#8547 = LINE('',#8548,#8549);
#8548 = CARTESIAN_POINT('',(37.387899056697,12.4,2.5));
#8549 = VECTOR('',#8550,1.);
#8550 = DIRECTION('',(1.,0.,0.));
#8551 = PLANE('',#8552);
#8552 = AXIS2_PLACEMENT_3D('',#8553,#8554,#8555);
#8553 = CARTESIAN_POINT('',(37.387899056697,12.4,2.5));
#8554 = DIRECTION('',(0.,-1.,0.));
#8555 = DIRECTION('',(1.,0.,0.));
#8556 = ADVANCED_FACE('',(#8557),#8582,.T.);
#8557 = FACE_BOUND('',#8558,.T.);
#8558 = EDGE_LOOP('',(#8559,#8560,#8568,#8576));
#8559 = ORIENTED_EDGE('',*,*,#8538,.T.);
#8560 = ORIENTED_EDGE('',*,*,#8561,.T.);
#8561 = EDGE_CURVE('',#8531,#8562,#8564,.T.);
#8562 = VERTEX_POINT('',#8563);
#8563 = CARTESIAN_POINT('',(37.987899056697,13.,-8.5));
#8564 = LINE('',#8565,#8566);
#8565 = CARTESIAN_POINT('',(37.987899056697,12.4,-8.5));
#8566 = VECTOR('',#8567,1.);
#8567 = DIRECTION('',(0.,1.,0.));
#8568 = ORIENTED_EDGE('',*,*,#8569,.F.);
#8569 = EDGE_CURVE('',#8570,#8562,#8572,.T.);
#8570 = VERTEX_POINT('',#8571);
#8571 = CARTESIAN_POINT('',(37.987899056697,13.,2.5));
#8572 = LINE('',#8573,#8574);
#8573 = CARTESIAN_POINT('',(37.987899056697,13.,2.5));
#8574 = VECTOR('',#8575,1.);
#8575 = DIRECTION('',(-0.,-0.,-1.));
#8576 = ORIENTED_EDGE('',*,*,#8577,.F.);
#8577 = EDGE_CURVE('',#8539,#8570,#8578,.T.);
#8578 = LINE('',#8579,#8580);
#8579 = CARTESIAN_POINT('',(37.987899056697,12.4,2.5));
#8580 = VECTOR('',#8581,1.);
#8581 = DIRECTION('',(0.,1.,0.));
#8582 = PLANE('',#8583);
#8583 = AXIS2_PLACEMENT_3D('',#8584,#8585,#8586);
#8584 = CARTESIAN_POINT('',(37.987899056697,12.4,2.5));
#8585 = DIRECTION('',(1.,0.,0.));
#8586 = DIRECTION('',(0.,1.,0.));
#8587 = ADVANCED_FACE('',(#8588),#8613,.T.);
#8588 = FACE_BOUND('',#8589,.T.);
#8589 = EDGE_LOOP('',(#8590,#8591,#8599,#8607));
#8590 = ORIENTED_EDGE('',*,*,#8569,.T.);
#8591 = ORIENTED_EDGE('',*,*,#8592,.T.);
#8592 = EDGE_CURVE('',#8562,#8593,#8595,.T.);
#8593 = VERTEX_POINT('',#8594);
#8594 = CARTESIAN_POINT('',(37.387899056697,13.,-8.5));
#8595 = LINE('',#8596,#8597);
#8596 = CARTESIAN_POINT('',(37.987899056697,13.,-8.5));
#8597 = VECTOR('',#8598,1.);
#8598 = DIRECTION('',(-1.,0.,0.));
#8599 = ORIENTED_EDGE('',*,*,#8600,.F.);
#8600 = EDGE_CURVE('',#8601,#8593,#8603,.T.);
#8601 = VERTEX_POINT('',#8602);
#8602 = CARTESIAN_POINT('',(37.387899056697,13.,2.5));
#8603 = LINE('',#8604,#8605);
#8604 = CARTESIAN_POINT('',(37.387899056697,13.,2.5));
#8605 = VECTOR('',#8606,1.);
#8606 = DIRECTION('',(-0.,-0.,-1.));
#8607 = ORIENTED_EDGE('',*,*,#8608,.F.);
#8608 = EDGE_CURVE('',#8570,#8601,#8609,.T.);
#8609 = LINE('',#8610,#8611);
#8610 = CARTESIAN_POINT('',(37.987899056697,13.,2.5));
#8611 = VECTOR('',#8612,1.);
#8612 = DIRECTION('',(-1.,0.,0.));
#8613 = PLANE('',#8614);
#8614 = AXIS2_PLACEMENT_3D('',#8615,#8616,#8617);
#8615 = CARTESIAN_POINT('',(37.987899056697,13.,2.5));
#8616 = DIRECTION('',(0.,1.,0.));
#8617 = DIRECTION('',(-1.,0.,0.));
#8618 = ADVANCED_FACE('',(#8619),#8635,.T.);
#8619 = FACE_BOUND('',#8620,.T.);
#8620 = EDGE_LOOP('',(#8621,#8622,#8628,#8629));
#8621 = ORIENTED_EDGE('',*,*,#8600,.T.);
#8622 = ORIENTED_EDGE('',*,*,#8623,.T.);
#8623 = EDGE_CURVE('',#8593,#8523,#8624,.T.);
#8624 = LINE('',#8625,#8626);
#8625 = CARTESIAN_POINT('',(37.387899056697,13.,-8.5));
#8626 = VECTOR('',#8627,1.);
#8627 = DIRECTION('',(0.,-1.,0.));
#8628 = ORIENTED_EDGE('',*,*,#8520,.F.);
#8629 = ORIENTED_EDGE('',*,*,#8630,.F.);
#8630 = EDGE_CURVE('',#8601,#8521,#8631,.T.);
#8631 = LINE('',#8632,#8633);
#8632 = CARTESIAN_POINT('',(37.387899056697,13.,2.5));
#8633 = VECTOR('',#8634,1.);
#8634 = DIRECTION('',(0.,-1.,0.));
#8635 = PLANE('',#8636);
#8636 = AXIS2_PLACEMENT_3D('',#8637,#8638,#8639);
#8637 = CARTESIAN_POINT('',(37.387899056697,13.,2.5));
#8638 = DIRECTION('',(-1.,0.,0.));
#8639 = DIRECTION('',(0.,-1.,0.));
#8640 = ADVANCED_FACE('',(#8641),#8647,.T.);
#8641 = FACE_BOUND('',#8642,.T.);
#8642 = EDGE_LOOP('',(#8643,#8644,#8645,#8646));
#8643 = ORIENTED_EDGE('',*,*,#8546,.T.);
#8644 = ORIENTED_EDGE('',*,*,#8577,.T.);
#8645 = ORIENTED_EDGE('',*,*,#8608,.T.);
#8646 = ORIENTED_EDGE('',*,*,#8630,.T.);
#8647 = PLANE('',#8648);
#8648 = AXIS2_PLACEMENT_3D('',#8649,#8650,#8651);
#8649 = CARTESIAN_POINT('',(37.687899056697,-3.68223969834E-14,2.5));
#8650 = DIRECTION('',(0.,0.,1.));
#8651 = DIRECTION('',(1.,0.,0.));
#8652 = ADVANCED_FACE('',(#8653),#8659,.F.);
#8653 = FACE_BOUND('',#8654,.F.);
#8654 = EDGE_LOOP('',(#8655,#8656,#8657,#8658));
#8655 = ORIENTED_EDGE('',*,*,#8530,.T.);
#8656 = ORIENTED_EDGE('',*,*,#8561,.T.);
#8657 = ORIENTED_EDGE('',*,*,#8592,.T.);
#8658 = ORIENTED_EDGE('',*,*,#8623,.T.);
#8659 = PLANE('',#8660);
#8660 = AXIS2_PLACEMENT_3D('',#8661,#8662,#8663);
#8661 = CARTESIAN_POINT('',(37.687899056697,-3.68223969834E-14,-8.5));
#8662 = DIRECTION('',(0.,0.,1.));
#8663 = DIRECTION('',(1.,0.,0.));
#8664 = MANIFOLD_SOLID_BREP('',#8665);
#8665 = CLOSED_SHELL('',(#8666,#8706,#8737,#8768,#8790,#8802));
#8666 = ADVANCED_FACE('',(#8667),#8701,.T.);
#8667 = FACE_BOUND('',#8668,.T.);
#8668 = EDGE_LOOP('',(#8669,#8679,#8687,#8695));
#8669 = ORIENTED_EDGE('',*,*,#8670,.T.);
#8670 = EDGE_CURVE('',#8671,#8673,#8675,.T.);
#8671 = VERTEX_POINT('',#8672);
#8672 = CARTESIAN_POINT('',(37.387899056697,-13.,2.5));
#8673 = VERTEX_POINT('',#8674);
#8674 = CARTESIAN_POINT('',(37.387899056697,-13.,-8.5));
#8675 = LINE('',#8676,#8677);
#8676 = CARTESIAN_POINT('',(37.387899056697,-13.,2.5));
#8677 = VECTOR('',#8678,1.);
#8678 = DIRECTION('',(-0.,-0.,-1.));
#8679 = ORIENTED_EDGE('',*,*,#8680,.T.);
#8680 = EDGE_CURVE('',#8673,#8681,#8683,.T.);
#8681 = VERTEX_POINT('',#8682);
#8682 = CARTESIAN_POINT('',(37.987899056697,-13.,-8.5));
#8683 = LINE('',#8684,#8685);
#8684 = CARTESIAN_POINT('',(37.387899056697,-13.,-8.5));
#8685 = VECTOR('',#8686,1.);
#8686 = DIRECTION('',(1.,0.,0.));
#8687 = ORIENTED_EDGE('',*,*,#8688,.F.);
#8688 = EDGE_CURVE('',#8689,#8681,#8691,.T.);
#8689 = VERTEX_POINT('',#8690);
#8690 = CARTESIAN_POINT('',(37.987899056697,-13.,2.5));
#8691 = LINE('',#8692,#8693);
#8692 = CARTESIAN_POINT('',(37.987899056697,-13.,2.5));
#8693 = VECTOR('',#8694,1.);
#8694 = DIRECTION('',(-0.,-0.,-1.));
#8695 = ORIENTED_EDGE('',*,*,#8696,.F.);
#8696 = EDGE_CURVE('',#8671,#8689,#8697,.T.);
#8697 = LINE('',#8698,#8699);
#8698 = CARTESIAN_POINT('',(37.387899056697,-13.,2.5));
#8699 = VECTOR('',#8700,1.);
#8700 = DIRECTION('',(1.,0.,0.));
#8701 = PLANE('',#8702);
#8702 = AXIS2_PLACEMENT_3D('',#8703,#8704,#8705);
#8703 = CARTESIAN_POINT('',(37.387899056697,-13.,2.5));
#8704 = DIRECTION('',(0.,-1.,0.));
#8705 = DIRECTION('',(1.,0.,0.));
#8706 = ADVANCED_FACE('',(#8707),#8732,.T.);
#8707 = FACE_BOUND('',#8708,.T.);
#8708 = EDGE_LOOP('',(#8709,#8710,#8718,#8726));
#8709 = ORIENTED_EDGE('',*,*,#8688,.T.);
#8710 = ORIENTED_EDGE('',*,*,#8711,.T.);
#8711 = EDGE_CURVE('',#8681,#8712,#8714,.T.);
#8712 = VERTEX_POINT('',#8713);
#8713 = CARTESIAN_POINT('',(37.987899056697,-12.4,-8.5));
#8714 = LINE('',#8715,#8716);
#8715 = CARTESIAN_POINT('',(37.987899056697,-13.,-8.5));
#8716 = VECTOR('',#8717,1.);
#8717 = DIRECTION('',(0.,1.,0.));
#8718 = ORIENTED_EDGE('',*,*,#8719,.F.);
#8719 = EDGE_CURVE('',#8720,#8712,#8722,.T.);
#8720 = VERTEX_POINT('',#8721);
#8721 = CARTESIAN_POINT('',(37.987899056697,-12.4,2.5));
#8722 = LINE('',#8723,#8724);
#8723 = CARTESIAN_POINT('',(37.987899056697,-12.4,2.5));
#8724 = VECTOR('',#8725,1.);
#8725 = DIRECTION('',(-0.,-0.,-1.));
#8726 = ORIENTED_EDGE('',*,*,#8727,.F.);
#8727 = EDGE_CURVE('',#8689,#8720,#8728,.T.);
#8728 = LINE('',#8729,#8730);
#8729 = CARTESIAN_POINT('',(37.987899056697,-13.,2.5));
#8730 = VECTOR('',#8731,1.);
#8731 = DIRECTION('',(0.,1.,0.));
#8732 = PLANE('',#8733);
#8733 = AXIS2_PLACEMENT_3D('',#8734,#8735,#8736);
#8734 = CARTESIAN_POINT('',(37.987899056697,-13.,2.5));
#8735 = DIRECTION('',(1.,0.,0.));
#8736 = DIRECTION('',(0.,1.,0.));
#8737 = ADVANCED_FACE('',(#8738),#8763,.T.);
#8738 = FACE_BOUND('',#8739,.T.);
#8739 = EDGE_LOOP('',(#8740,#8741,#8749,#8757));
#8740 = ORIENTED_EDGE('',*,*,#8719,.T.);
#8741 = ORIENTED_EDGE('',*,*,#8742,.T.);
#8742 = EDGE_CURVE('',#8712,#8743,#8745,.T.);
#8743 = VERTEX_POINT('',#8744);
#8744 = CARTESIAN_POINT('',(37.387899056697,-12.4,-8.5));
#8745 = LINE('',#8746,#8747);
#8746 = CARTESIAN_POINT('',(37.987899056697,-12.4,-8.5));
#8747 = VECTOR('',#8748,1.);
#8748 = DIRECTION('',(-1.,0.,0.));
#8749 = ORIENTED_EDGE('',*,*,#8750,.F.);
#8750 = EDGE_CURVE('',#8751,#8743,#8753,.T.);
#8751 = VERTEX_POINT('',#8752);
#8752 = CARTESIAN_POINT('',(37.387899056697,-12.4,2.5));
#8753 = LINE('',#8754,#8755);
#8754 = CARTESIAN_POINT('',(37.387899056697,-12.4,2.5));
#8755 = VECTOR('',#8756,1.);
#8756 = DIRECTION('',(-0.,-0.,-1.));
#8757 = ORIENTED_EDGE('',*,*,#8758,.F.);
#8758 = EDGE_CURVE('',#8720,#8751,#8759,.T.);
#8759 = LINE('',#8760,#8761);
#8760 = CARTESIAN_POINT('',(37.987899056697,-12.4,2.5));
#8761 = VECTOR('',#8762,1.);
#8762 = DIRECTION('',(-1.,0.,0.));
#8763 = PLANE('',#8764);
#8764 = AXIS2_PLACEMENT_3D('',#8765,#8766,#8767);
#8765 = CARTESIAN_POINT('',(37.987899056697,-12.4,2.5));
#8766 = DIRECTION('',(0.,1.,0.));
#8767 = DIRECTION('',(-1.,0.,0.));
#8768 = ADVANCED_FACE('',(#8769),#8785,.T.);
#8769 = FACE_BOUND('',#8770,.T.);
#8770 = EDGE_LOOP('',(#8771,#8772,#8778,#8779));
#8771 = ORIENTED_EDGE('',*,*,#8750,.T.);
#8772 = ORIENTED_EDGE('',*,*,#8773,.T.);
#8773 = EDGE_CURVE('',#8743,#8673,#8774,.T.);
#8774 = LINE('',#8775,#8776);
#8775 = CARTESIAN_POINT('',(37.387899056697,-12.4,-8.5));
#8776 = VECTOR('',#8777,1.);
#8777 = DIRECTION('',(0.,-1.,0.));
#8778 = ORIENTED_EDGE('',*,*,#8670,.F.);
#8779 = ORIENTED_EDGE('',*,*,#8780,.F.);
#8780 = EDGE_CURVE('',#8751,#8671,#8781,.T.);
#8781 = LINE('',#8782,#8783);
#8782 = CARTESIAN_POINT('',(37.387899056697,-12.4,2.5));
#8783 = VECTOR('',#8784,1.);
#8784 = DIRECTION('',(0.,-1.,0.));
#8785 = PLANE('',#8786);
#8786 = AXIS2_PLACEMENT_3D('',#8787,#8788,#8789);
#8787 = CARTESIAN_POINT('',(37.387899056697,-12.4,2.5));
#8788 = DIRECTION('',(-1.,0.,0.));
#8789 = DIRECTION('',(0.,-1.,0.));
#8790 = ADVANCED_FACE('',(#8791),#8797,.T.);
#8791 = FACE_BOUND('',#8792,.T.);
#8792 = EDGE_LOOP('',(#8793,#8794,#8795,#8796));
#8793 = ORIENTED_EDGE('',*,*,#8696,.T.);
#8794 = ORIENTED_EDGE('',*,*,#8727,.T.);
#8795 = ORIENTED_EDGE('',*,*,#8758,.T.);
#8796 = ORIENTED_EDGE('',*,*,#8780,.T.);
#8797 = PLANE('',#8798);
#8798 = AXIS2_PLACEMENT_3D('',#8799,#8800,#8801);
#8799 = CARTESIAN_POINT('',(37.687899056697,-3.68223969834E-14,2.5));
#8800 = DIRECTION('',(0.,0.,1.));
#8801 = DIRECTION('',(1.,0.,0.));
#8802 = ADVANCED_FACE('',(#8803),#8809,.F.);
#8803 = FACE_BOUND('',#8804,.F.);
#8804 = EDGE_LOOP('',(#8805,#8806,#8807,#8808));
#8805 = ORIENTED_EDGE('',*,*,#8680,.T.);
#8806 = ORIENTED_EDGE('',*,*,#8711,.T.);
#8807 = ORIENTED_EDGE('',*,*,#8742,.T.);
#8808 = ORIENTED_EDGE('',*,*,#8773,.T.);
#8809 = PLANE('',#8810);
#8810 = AXIS2_PLACEMENT_3D('',#8811,#8812,#8813);
#8811 = CARTESIAN_POINT('',(37.687899056697,-3.68223969834E-14,-8.5));
#8812 = DIRECTION('',(0.,0.,1.));
#8813 = DIRECTION('',(1.,0.,0.));
#8814 = MANIFOLD_SOLID_BREP('',#8815);
#8815 = CLOSED_SHELL('',(#8816,#8856,#8887,#8918,#8940,#8952));
#8816 = ADVANCED_FACE('',(#8817),#8851,.T.);
#8817 = FACE_BOUND('',#8818,.T.);
#8818 = EDGE_LOOP('',(#8819,#8829,#8837,#8845));
#8819 = ORIENTED_EDGE('',*,*,#8820,.T.);
#8820 = EDGE_CURVE('',#8821,#8823,#8825,.T.);
#8821 = VERTEX_POINT('',#8822);
#8822 = CARTESIAN_POINT('',(39.927899056697,12.4,2.5));
#8823 = VERTEX_POINT('',#8824);
#8824 = CARTESIAN_POINT('',(39.927899056697,12.4,-8.5));
#8825 = LINE('',#8826,#8827);
#8826 = CARTESIAN_POINT('',(39.927899056697,12.4,2.5));
#8827 = VECTOR('',#8828,1.);
#8828 = DIRECTION('',(-0.,-0.,-1.));
#8829 = ORIENTED_EDGE('',*,*,#8830,.T.);
#8830 = EDGE_CURVE('',#8823,#8831,#8833,.T.);
#8831 = VERTEX_POINT('',#8832);
#8832 = CARTESIAN_POINT('',(40.527899056697,12.4,-8.5));
#8833 = LINE('',#8834,#8835);
#8834 = CARTESIAN_POINT('',(39.927899056697,12.4,-8.5));
#8835 = VECTOR('',#8836,1.);
#8836 = DIRECTION('',(1.,0.,0.));
#8837 = ORIENTED_EDGE('',*,*,#8838,.F.);
#8838 = EDGE_CURVE('',#8839,#8831,#8841,.T.);
#8839 = VERTEX_POINT('',#8840);
#8840 = CARTESIAN_POINT('',(40.527899056697,12.4,2.5));
#8841 = LINE('',#8842,#8843);
#8842 = CARTESIAN_POINT('',(40.527899056697,12.4,2.5));
#8843 = VECTOR('',#8844,1.);
#8844 = DIRECTION('',(-0.,-0.,-1.));
#8845 = ORIENTED_EDGE('',*,*,#8846,.F.);
#8846 = EDGE_CURVE('',#8821,#8839,#8847,.T.);
#8847 = LINE('',#8848,#8849);
#8848 = CARTESIAN_POINT('',(39.927899056697,12.4,2.5));
#8849 = VECTOR('',#8850,1.);
#8850 = DIRECTION('',(1.,0.,0.));
#8851 = PLANE('',#8852);
#8852 = AXIS2_PLACEMENT_3D('',#8853,#8854,#8855);
#8853 = CARTESIAN_POINT('',(39.927899056697,12.4,2.5));
#8854 = DIRECTION('',(0.,-1.,0.));
#8855 = DIRECTION('',(1.,0.,0.));
#8856 = ADVANCED_FACE('',(#8857),#8882,.T.);
#8857 = FACE_BOUND('',#8858,.T.);
#8858 = EDGE_LOOP('',(#8859,#8860,#8868,#8876));
#8859 = ORIENTED_EDGE('',*,*,#8838,.T.);
#8860 = ORIENTED_EDGE('',*,*,#8861,.T.);
#8861 = EDGE_CURVE('',#8831,#8862,#8864,.T.);
#8862 = VERTEX_POINT('',#8863);
#8863 = CARTESIAN_POINT('',(40.527899056697,13.,-8.5));
#8864 = LINE('',#8865,#8866);
#8865 = CARTESIAN_POINT('',(40.527899056697,12.4,-8.5));
#8866 = VECTOR('',#8867,1.);
#8867 = DIRECTION('',(0.,1.,0.));
#8868 = ORIENTED_EDGE('',*,*,#8869,.F.);
#8869 = EDGE_CURVE('',#8870,#8862,#8872,.T.);
#8870 = VERTEX_POINT('',#8871);
#8871 = CARTESIAN_POINT('',(40.527899056697,13.,2.5));
#8872 = LINE('',#8873,#8874);
#8873 = CARTESIAN_POINT('',(40.527899056697,13.,2.5));
#8874 = VECTOR('',#8875,1.);
#8875 = DIRECTION('',(-0.,-0.,-1.));
#8876 = ORIENTED_EDGE('',*,*,#8877,.F.);
#8877 = EDGE_CURVE('',#8839,#8870,#8878,.T.);
#8878 = LINE('',#8879,#8880);
#8879 = CARTESIAN_POINT('',(40.527899056697,12.4,2.5));
#8880 = VECTOR('',#8881,1.);
#8881 = DIRECTION('',(0.,1.,0.));
#8882 = PLANE('',#8883);
#8883 = AXIS2_PLACEMENT_3D('',#8884,#8885,#8886);
#8884 = CARTESIAN_POINT('',(40.527899056697,12.4,2.5));
#8885 = DIRECTION('',(1.,0.,0.));
#8886 = DIRECTION('',(0.,1.,0.));
#8887 = ADVANCED_FACE('',(#8888),#8913,.T.);
#8888 = FACE_BOUND('',#8889,.T.);
#8889 = EDGE_LOOP('',(#8890,#8891,#8899,#8907));
#8890 = ORIENTED_EDGE('',*,*,#8869,.T.);
#8891 = ORIENTED_EDGE('',*,*,#8892,.T.);
#8892 = EDGE_CURVE('',#8862,#8893,#8895,.T.);
#8893 = VERTEX_POINT('',#8894);
#8894 = CARTESIAN_POINT('',(39.927899056697,13.,-8.5));
#8895 = LINE('',#8896,#8897);
#8896 = CARTESIAN_POINT('',(40.527899056697,13.,-8.5));
#8897 = VECTOR('',#8898,1.);
#8898 = DIRECTION('',(-1.,0.,0.));
#8899 = ORIENTED_EDGE('',*,*,#8900,.F.);
#8900 = EDGE_CURVE('',#8901,#8893,#8903,.T.);
#8901 = VERTEX_POINT('',#8902);
#8902 = CARTESIAN_POINT('',(39.927899056697,13.,2.5));
#8903 = LINE('',#8904,#8905);
#8904 = CARTESIAN_POINT('',(39.927899056697,13.,2.5));
#8905 = VECTOR('',#8906,1.);
#8906 = DIRECTION('',(-0.,-0.,-1.));
#8907 = ORIENTED_EDGE('',*,*,#8908,.F.);
#8908 = EDGE_CURVE('',#8870,#8901,#8909,.T.);
#8909 = LINE('',#8910,#8911);
#8910 = CARTESIAN_POINT('',(40.527899056697,13.,2.5));
#8911 = VECTOR('',#8912,1.);
#8912 = DIRECTION('',(-1.,0.,0.));
#8913 = PLANE('',#8914);
#8914 = AXIS2_PLACEMENT_3D('',#8915,#8916,#8917);
#8915 = CARTESIAN_POINT('',(40.527899056697,13.,2.5));
#8916 = DIRECTION('',(0.,1.,0.));
#8917 = DIRECTION('',(-1.,0.,0.));
#8918 = ADVANCED_FACE('',(#8919),#8935,.T.);
#8919 = FACE_BOUND('',#8920,.T.);
#8920 = EDGE_LOOP('',(#8921,#8922,#8928,#8929));
#8921 = ORIENTED_EDGE('',*,*,#8900,.T.);
#8922 = ORIENTED_EDGE('',*,*,#8923,.T.);
#8923 = EDGE_CURVE('',#8893,#8823,#8924,.T.);
#8924 = LINE('',#8925,#8926);
#8925 = CARTESIAN_POINT('',(39.927899056697,13.,-8.5));
#8926 = VECTOR('',#8927,1.);
#8927 = DIRECTION('',(0.,-1.,0.));
#8928 = ORIENTED_EDGE('',*,*,#8820,.F.);
#8929 = ORIENTED_EDGE('',*,*,#8930,.F.);
#8930 = EDGE_CURVE('',#8901,#8821,#8931,.T.);
#8931 = LINE('',#8932,#8933);
#8932 = CARTESIAN_POINT('',(39.927899056697,13.,2.5));
#8933 = VECTOR('',#8934,1.);
#8934 = DIRECTION('',(0.,-1.,0.));
#8935 = PLANE('',#8936);
#8936 = AXIS2_PLACEMENT_3D('',#8937,#8938,#8939);
#8937 = CARTESIAN_POINT('',(39.927899056697,13.,2.5));
#8938 = DIRECTION('',(-1.,0.,0.));
#8939 = DIRECTION('',(0.,-1.,0.));
#8940 = ADVANCED_FACE('',(#8941),#8947,.T.);
#8941 = FACE_BOUND('',#8942,.T.);
#8942 = EDGE_LOOP('',(#8943,#8944,#8945,#8946));
#8943 = ORIENTED_EDGE('',*,*,#8846,.T.);
#8944 = ORIENTED_EDGE('',*,*,#8877,.T.);
#8945 = ORIENTED_EDGE('',*,*,#8908,.T.);
#8946 = ORIENTED_EDGE('',*,*,#8930,.T.);
#8947 = PLANE('',#8948);
#8948 = AXIS2_PLACEMENT_3D('',#8949,#8950,#8951);
#8949 = CARTESIAN_POINT('',(40.227899056697,-3.68223969834E-14,2.5));
#8950 = DIRECTION('',(0.,0.,1.));
#8951 = DIRECTION('',(1.,0.,0.));
#8952 = ADVANCED_FACE('',(#8953),#8959,.F.);
#8953 = FACE_BOUND('',#8954,.F.);
#8954 = EDGE_LOOP('',(#8955,#8956,#8957,#8958));
#8955 = ORIENTED_EDGE('',*,*,#8830,.T.);
#8956 = ORIENTED_EDGE('',*,*,#8861,.T.);
#8957 = ORIENTED_EDGE('',*,*,#8892,.T.);
#8958 = ORIENTED_EDGE('',*,*,#8923,.T.);
#8959 = PLANE('',#8960);
#8960 = AXIS2_PLACEMENT_3D('',#8961,#8962,#8963);
#8961 = CARTESIAN_POINT('',(40.227899056697,-3.68223969834E-14,-8.5));
#8962 = DIRECTION('',(0.,0.,1.));
#8963 = DIRECTION('',(1.,0.,0.));
#8964 = MANIFOLD_SOLID_BREP('',#8965);
#8965 = CLOSED_SHELL('',(#8966,#9006,#9037,#9068,#9090,#9102));
#8966 = ADVANCED_FACE('',(#8967),#9001,.T.);
#8967 = FACE_BOUND('',#8968,.T.);
#8968 = EDGE_LOOP('',(#8969,#8979,#8987,#8995));
#8969 = ORIENTED_EDGE('',*,*,#8970,.T.);
#8970 = EDGE_CURVE('',#8971,#8973,#8975,.T.);
#8971 = VERTEX_POINT('',#8972);
#8972 = CARTESIAN_POINT('',(39.927899056697,-13.,2.5));
#8973 = VERTEX_POINT('',#8974);
#8974 = CARTESIAN_POINT('',(39.927899056697,-13.,-8.5));
#8975 = LINE('',#8976,#8977);
#8976 = CARTESIAN_POINT('',(39.927899056697,-13.,2.5));
#8977 = VECTOR('',#8978,1.);
#8978 = DIRECTION('',(-0.,-0.,-1.));
#8979 = ORIENTED_EDGE('',*,*,#8980,.T.);
#8980 = EDGE_CURVE('',#8973,#8981,#8983,.T.);
#8981 = VERTEX_POINT('',#8982);
#8982 = CARTESIAN_POINT('',(40.527899056697,-13.,-8.5));
#8983 = LINE('',#8984,#8985);
#8984 = CARTESIAN_POINT('',(39.927899056697,-13.,-8.5));
#8985 = VECTOR('',#8986,1.);
#8986 = DIRECTION('',(1.,0.,0.));
#8987 = ORIENTED_EDGE('',*,*,#8988,.F.);
#8988 = EDGE_CURVE('',#8989,#8981,#8991,.T.);
#8989 = VERTEX_POINT('',#8990);
#8990 = CARTESIAN_POINT('',(40.527899056697,-13.,2.5));
#8991 = LINE('',#8992,#8993);
#8992 = CARTESIAN_POINT('',(40.527899056697,-13.,2.5));
#8993 = VECTOR('',#8994,1.);
#8994 = DIRECTION('',(-0.,-0.,-1.));
#8995 = ORIENTED_EDGE('',*,*,#8996,.F.);
#8996 = EDGE_CURVE('',#8971,#8989,#8997,.T.);
#8997 = LINE('',#8998,#8999);
#8998 = CARTESIAN_POINT('',(39.927899056697,-13.,2.5));
#8999 = VECTOR('',#9000,1.);
#9000 = DIRECTION('',(1.,0.,0.));
#9001 = PLANE('',#9002);
#9002 = AXIS2_PLACEMENT_3D('',#9003,#9004,#9005);
#9003 = CARTESIAN_POINT('',(39.927899056697,-13.,2.5));
#9004 = DIRECTION('',(0.,-1.,0.));
#9005 = DIRECTION('',(1.,0.,0.));
#9006 = ADVANCED_FACE('',(#9007),#9032,.T.);
#9007 = FACE_BOUND('',#9008,.T.);
#9008 = EDGE_LOOP('',(#9009,#9010,#9018,#9026));
#9009 = ORIENTED_EDGE('',*,*,#8988,.T.);
#9010 = ORIENTED_EDGE('',*,*,#9011,.T.);
#9011 = EDGE_CURVE('',#8981,#9012,#9014,.T.);
#9012 = VERTEX_POINT('',#9013);
#9013 = CARTESIAN_POINT('',(40.527899056697,-12.4,-8.5));
#9014 = LINE('',#9015,#9016);
#9015 = CARTESIAN_POINT('',(40.527899056697,-13.,-8.5));
#9016 = VECTOR('',#9017,1.);
#9017 = DIRECTION('',(0.,1.,0.));
#9018 = ORIENTED_EDGE('',*,*,#9019,.F.);
#9019 = EDGE_CURVE('',#9020,#9012,#9022,.T.);
#9020 = VERTEX_POINT('',#9021);
#9021 = CARTESIAN_POINT('',(40.527899056697,-12.4,2.5));
#9022 = LINE('',#9023,#9024);
#9023 = CARTESIAN_POINT('',(40.527899056697,-12.4,2.5));
#9024 = VECTOR('',#9025,1.);
#9025 = DIRECTION('',(-0.,-0.,-1.));
#9026 = ORIENTED_EDGE('',*,*,#9027,.F.);
#9027 = EDGE_CURVE('',#8989,#9020,#9028,.T.);
#9028 = LINE('',#9029,#9030);
#9029 = CARTESIAN_POINT('',(40.527899056697,-13.,2.5));
#9030 = VECTOR('',#9031,1.);
#9031 = DIRECTION('',(0.,1.,0.));
#9032 = PLANE('',#9033);
#9033 = AXIS2_PLACEMENT_3D('',#9034,#9035,#9036);
#9034 = CARTESIAN_POINT('',(40.527899056697,-13.,2.5));
#9035 = DIRECTION('',(1.,0.,0.));
#9036 = DIRECTION('',(0.,1.,0.));
#9037 = ADVANCED_FACE('',(#9038),#9063,.T.);
#9038 = FACE_BOUND('',#9039,.T.);
#9039 = EDGE_LOOP('',(#9040,#9041,#9049,#9057));
#9040 = ORIENTED_EDGE('',*,*,#9019,.T.);
#9041 = ORIENTED_EDGE('',*,*,#9042,.T.);
#9042 = EDGE_CURVE('',#9012,#9043,#9045,.T.);
#9043 = VERTEX_POINT('',#9044);
#9044 = CARTESIAN_POINT('',(39.927899056697,-12.4,-8.5));
#9045 = LINE('',#9046,#9047);
#9046 = CARTESIAN_POINT('',(40.527899056697,-12.4,-8.5));
#9047 = VECTOR('',#9048,1.);
#9048 = DIRECTION('',(-1.,0.,0.));
#9049 = ORIENTED_EDGE('',*,*,#9050,.F.);
#9050 = EDGE_CURVE('',#9051,#9043,#9053,.T.);
#9051 = VERTEX_POINT('',#9052);
#9052 = CARTESIAN_POINT('',(39.927899056697,-12.4,2.5));
#9053 = LINE('',#9054,#9055);
#9054 = CARTESIAN_POINT('',(39.927899056697,-12.4,2.5));
#9055 = VECTOR('',#9056,1.);
#9056 = DIRECTION('',(-0.,-0.,-1.));
#9057 = ORIENTED_EDGE('',*,*,#9058,.F.);
#9058 = EDGE_CURVE('',#9020,#9051,#9059,.T.);
#9059 = LINE('',#9060,#9061);
#9060 = CARTESIAN_POINT('',(40.527899056697,-12.4,2.5));
#9061 = VECTOR('',#9062,1.);
#9062 = DIRECTION('',(-1.,0.,0.));
#9063 = PLANE('',#9064);
#9064 = AXIS2_PLACEMENT_3D('',#9065,#9066,#9067);
#9065 = CARTESIAN_POINT('',(40.527899056697,-12.4,2.5));
#9066 = DIRECTION('',(0.,1.,0.));
#9067 = DIRECTION('',(-1.,0.,0.));
#9068 = ADVANCED_FACE('',(#9069),#9085,.T.);
#9069 = FACE_BOUND('',#9070,.T.);
#9070 = EDGE_LOOP('',(#9071,#9072,#9078,#9079));
#9071 = ORIENTED_EDGE('',*,*,#9050,.T.);
#9072 = ORIENTED_EDGE('',*,*,#9073,.T.);
#9073 = EDGE_CURVE('',#9043,#8973,#9074,.T.);
#9074 = LINE('',#9075,#9076);
#9075 = CARTESIAN_POINT('',(39.927899056697,-12.4,-8.5));
#9076 = VECTOR('',#9077,1.);
#9077 = DIRECTION('',(0.,-1.,0.));
#9078 = ORIENTED_EDGE('',*,*,#8970,.F.);
#9079 = ORIENTED_EDGE('',*,*,#9080,.F.);
#9080 = EDGE_CURVE('',#9051,#8971,#9081,.T.);
#9081 = LINE('',#9082,#9083);
#9082 = CARTESIAN_POINT('',(39.927899056697,-12.4,2.5));
#9083 = VECTOR('',#9084,1.);
#9084 = DIRECTION('',(0.,-1.,0.));
#9085 = PLANE('',#9086);
#9086 = AXIS2_PLACEMENT_3D('',#9087,#9088,#9089);
#9087 = CARTESIAN_POINT('',(39.927899056697,-12.4,2.5));
#9088 = DIRECTION('',(-1.,0.,0.));
#9089 = DIRECTION('',(0.,-1.,0.));
#9090 = ADVANCED_FACE('',(#9091),#9097,.T.);
#9091 = FACE_BOUND('',#9092,.T.);
#9092 = EDGE_LOOP('',(#9093,#9094,#9095,#9096));
#9093 = ORIENTED_EDGE('',*,*,#8996,.T.);
#9094 = ORIENTED_EDGE('',*,*,#9027,.T.);
#9095 = ORIENTED_EDGE('',*,*,#9058,.T.);
#9096 = ORIENTED_EDGE('',*,*,#9080,.T.);
#9097 = PLANE('',#9098);
#9098 = AXIS2_PLACEMENT_3D('',#9099,#9100,#9101);
#9099 = CARTESIAN_POINT('',(40.227899056697,-3.68223969834E-14,2.5));
#9100 = DIRECTION('',(0.,0.,1.));
#9101 = DIRECTION('',(1.,0.,0.));
#9102 = ADVANCED_FACE('',(#9103),#9109,.F.);
#9103 = FACE_BOUND('',#9104,.F.);
#9104 = EDGE_LOOP('',(#9105,#9106,#9107,#9108));
#9105 = ORIENTED_EDGE('',*,*,#8980,.T.);
#9106 = ORIENTED_EDGE('',*,*,#9011,.T.);
#9107 = ORIENTED_EDGE('',*,*,#9042,.T.);
#9108 = ORIENTED_EDGE('',*,*,#9073,.T.);
#9109 = PLANE('',#9110);
#9110 = AXIS2_PLACEMENT_3D('',#9111,#9112,#9113);
#9111 = CARTESIAN_POINT('',(40.227899056697,-3.68223969834E-14,-8.5));
#9112 = DIRECTION('',(0.,0.,1.));
#9113 = DIRECTION('',(1.,0.,0.));
#9114 = MANIFOLD_SOLID_BREP('',#9115);
#9115 = CLOSED_SHELL('',(#9116,#9156,#9187,#9218,#9240,#9252));
#9116 = ADVANCED_FACE('',(#9117),#9151,.T.);
#9117 = FACE_BOUND('',#9118,.T.);
#9118 = EDGE_LOOP('',(#9119,#9129,#9137,#9145));
#9119 = ORIENTED_EDGE('',*,*,#9120,.T.);
#9120 = EDGE_CURVE('',#9121,#9123,#9125,.T.);
#9121 = VERTEX_POINT('',#9122);
#9122 = CARTESIAN_POINT('',(42.467899056697,12.4,2.5));
#9123 = VERTEX_POINT('',#9124);
#9124 = CARTESIAN_POINT('',(42.467899056697,12.4,-8.5));
#9125 = LINE('',#9126,#9127);
#9126 = CARTESIAN_POINT('',(42.467899056697,12.4,2.5));
#9127 = VECTOR('',#9128,1.);
#9128 = DIRECTION('',(-0.,-0.,-1.));
#9129 = ORIENTED_EDGE('',*,*,#9130,.T.);
#9130 = EDGE_CURVE('',#9123,#9131,#9133,.T.);
#9131 = VERTEX_POINT('',#9132);
#9132 = CARTESIAN_POINT('',(43.067899056697,12.4,-8.5));
#9133 = LINE('',#9134,#9135);
#9134 = CARTESIAN_POINT('',(42.467899056697,12.4,-8.5));
#9135 = VECTOR('',#9136,1.);
#9136 = DIRECTION('',(1.,0.,0.));
#9137 = ORIENTED_EDGE('',*,*,#9138,.F.);
#9138 = EDGE_CURVE('',#9139,#9131,#9141,.T.);
#9139 = VERTEX_POINT('',#9140);
#9140 = CARTESIAN_POINT('',(43.067899056697,12.4,2.5));
#9141 = LINE('',#9142,#9143);
#9142 = CARTESIAN_POINT('',(43.067899056697,12.4,2.5));
#9143 = VECTOR('',#9144,1.);
#9144 = DIRECTION('',(-0.,-0.,-1.));
#9145 = ORIENTED_EDGE('',*,*,#9146,.F.);
#9146 = EDGE_CURVE('',#9121,#9139,#9147,.T.);
#9147 = LINE('',#9148,#9149);
#9148 = CARTESIAN_POINT('',(42.467899056697,12.4,2.5));
#9149 = VECTOR('',#9150,1.);
#9150 = DIRECTION('',(1.,0.,0.));
#9151 = PLANE('',#9152);
#9152 = AXIS2_PLACEMENT_3D('',#9153,#9154,#9155);
#9153 = CARTESIAN_POINT('',(42.467899056697,12.4,2.5));
#9154 = DIRECTION('',(0.,-1.,0.));
#9155 = DIRECTION('',(1.,0.,0.));
#9156 = ADVANCED_FACE('',(#9157),#9182,.T.);
#9157 = FACE_BOUND('',#9158,.T.);
#9158 = EDGE_LOOP('',(#9159,#9160,#9168,#9176));
#9159 = ORIENTED_EDGE('',*,*,#9138,.T.);
#9160 = ORIENTED_EDGE('',*,*,#9161,.T.);
#9161 = EDGE_CURVE('',#9131,#9162,#9164,.T.);
#9162 = VERTEX_POINT('',#9163);
#9163 = CARTESIAN_POINT('',(43.067899056697,13.,-8.5));
#9164 = LINE('',#9165,#9166);
#9165 = CARTESIAN_POINT('',(43.067899056697,12.4,-8.5));
#9166 = VECTOR('',#9167,1.);
#9167 = DIRECTION('',(0.,1.,0.));
#9168 = ORIENTED_EDGE('',*,*,#9169,.F.);
#9169 = EDGE_CURVE('',#9170,#9162,#9172,.T.);
#9170 = VERTEX_POINT('',#9171);
#9171 = CARTESIAN_POINT('',(43.067899056697,13.,2.5));
#9172 = LINE('',#9173,#9174);
#9173 = CARTESIAN_POINT('',(43.067899056697,13.,2.5));
#9174 = VECTOR('',#9175,1.);
#9175 = DIRECTION('',(-0.,-0.,-1.));
#9176 = ORIENTED_EDGE('',*,*,#9177,.F.);
#9177 = EDGE_CURVE('',#9139,#9170,#9178,.T.);
#9178 = LINE('',#9179,#9180);
#9179 = CARTESIAN_POINT('',(43.067899056697,12.4,2.5));
#9180 = VECTOR('',#9181,1.);
#9181 = DIRECTION('',(0.,1.,0.));
#9182 = PLANE('',#9183);
#9183 = AXIS2_PLACEMENT_3D('',#9184,#9185,#9186);
#9184 = CARTESIAN_POINT('',(43.067899056697,12.4,2.5));
#9185 = DIRECTION('',(1.,0.,0.));
#9186 = DIRECTION('',(0.,1.,0.));
#9187 = ADVANCED_FACE('',(#9188),#9213,.T.);
#9188 = FACE_BOUND('',#9189,.T.);
#9189 = EDGE_LOOP('',(#9190,#9191,#9199,#9207));
#9190 = ORIENTED_EDGE('',*,*,#9169,.T.);
#9191 = ORIENTED_EDGE('',*,*,#9192,.T.);
#9192 = EDGE_CURVE('',#9162,#9193,#9195,.T.);
#9193 = VERTEX_POINT('',#9194);
#9194 = CARTESIAN_POINT('',(42.467899056697,13.,-8.5));
#9195 = LINE('',#9196,#9197);
#9196 = CARTESIAN_POINT('',(43.067899056697,13.,-8.5));
#9197 = VECTOR('',#9198,1.);
#9198 = DIRECTION('',(-1.,0.,0.));
#9199 = ORIENTED_EDGE('',*,*,#9200,.F.);
#9200 = EDGE_CURVE('',#9201,#9193,#9203,.T.);
#9201 = VERTEX_POINT('',#9202);
#9202 = CARTESIAN_POINT('',(42.467899056697,13.,2.5));
#9203 = LINE('',#9204,#9205);
#9204 = CARTESIAN_POINT('',(42.467899056697,13.,2.5));
#9205 = VECTOR('',#9206,1.);
#9206 = DIRECTION('',(-0.,-0.,-1.));
#9207 = ORIENTED_EDGE('',*,*,#9208,.F.);
#9208 = EDGE_CURVE('',#9170,#9201,#9209,.T.);
#9209 = LINE('',#9210,#9211);
#9210 = CARTESIAN_POINT('',(43.067899056697,13.,2.5));
#9211 = VECTOR('',#9212,1.);
#9212 = DIRECTION('',(-1.,0.,0.));
#9213 = PLANE('',#9214);
#9214 = AXIS2_PLACEMENT_3D('',#9215,#9216,#9217);
#9215 = CARTESIAN_POINT('',(43.067899056697,13.,2.5));
#9216 = DIRECTION('',(0.,1.,0.));
#9217 = DIRECTION('',(-1.,0.,0.));
#9218 = ADVANCED_FACE('',(#9219),#9235,.T.);
#9219 = FACE_BOUND('',#9220,.T.);
#9220 = EDGE_LOOP('',(#9221,#9222,#9228,#9229));
#9221 = ORIENTED_EDGE('',*,*,#9200,.T.);
#9222 = ORIENTED_EDGE('',*,*,#9223,.T.);
#9223 = EDGE_CURVE('',#9193,#9123,#9224,.T.);
#9224 = LINE('',#9225,#9226);
#9225 = CARTESIAN_POINT('',(42.467899056697,13.,-8.5));
#9226 = VECTOR('',#9227,1.);
#9227 = DIRECTION('',(0.,-1.,0.));
#9228 = ORIENTED_EDGE('',*,*,#9120,.F.);
#9229 = ORIENTED_EDGE('',*,*,#9230,.F.);
#9230 = EDGE_CURVE('',#9201,#9121,#9231,.T.);
#9231 = LINE('',#9232,#9233);
#9232 = CARTESIAN_POINT('',(42.467899056697,13.,2.5));
#9233 = VECTOR('',#9234,1.);
#9234 = DIRECTION('',(0.,-1.,0.));
#9235 = PLANE('',#9236);
#9236 = AXIS2_PLACEMENT_3D('',#9237,#9238,#9239);
#9237 = CARTESIAN_POINT('',(42.467899056697,13.,2.5));
#9238 = DIRECTION('',(-1.,0.,0.));
#9239 = DIRECTION('',(0.,-1.,0.));
#9240 = ADVANCED_FACE('',(#9241),#9247,.T.);
#9241 = FACE_BOUND('',#9242,.T.);
#9242 = EDGE_LOOP('',(#9243,#9244,#9245,#9246));
#9243 = ORIENTED_EDGE('',*,*,#9146,.T.);
#9244 = ORIENTED_EDGE('',*,*,#9177,.T.);
#9245 = ORIENTED_EDGE('',*,*,#9208,.T.);
#9246 = ORIENTED_EDGE('',*,*,#9230,.T.);
#9247 = PLANE('',#9248);
#9248 = AXIS2_PLACEMENT_3D('',#9249,#9250,#9251);
#9249 = CARTESIAN_POINT('',(42.767899056697,-3.68223969834E-14,2.5));
#9250 = DIRECTION('',(0.,0.,1.));
#9251 = DIRECTION('',(1.,0.,0.));
#9252 = ADVANCED_FACE('',(#9253),#9259,.F.);
#9253 = FACE_BOUND('',#9254,.F.);
#9254 = EDGE_LOOP('',(#9255,#9256,#9257,#9258));
#9255 = ORIENTED_EDGE('',*,*,#9130,.T.);
#9256 = ORIENTED_EDGE('',*,*,#9161,.T.);
#9257 = ORIENTED_EDGE('',*,*,#9192,.T.);
#9258 = ORIENTED_EDGE('',*,*,#9223,.T.);
#9259 = PLANE('',#9260);
#9260 = AXIS2_PLACEMENT_3D('',#9261,#9262,#9263);
#9261 = CARTESIAN_POINT('',(42.767899056697,-3.68223969834E-14,-8.5));
#9262 = DIRECTION('',(0.,0.,1.));
#9263 = DIRECTION('',(1.,0.,0.));
#9264 = MANIFOLD_SOLID_BREP('',#9265);
#9265 = CLOSED_SHELL('',(#9266,#9306,#9337,#9368,#9390,#9402));
#9266 = ADVANCED_FACE('',(#9267),#9301,.T.);
#9267 = FACE_BOUND('',#9268,.T.);
#9268 = EDGE_LOOP('',(#9269,#9279,#9287,#9295));
#9269 = ORIENTED_EDGE('',*,*,#9270,.T.);
#9270 = EDGE_CURVE('',#9271,#9273,#9275,.T.);
#9271 = VERTEX_POINT('',#9272);
#9272 = CARTESIAN_POINT('',(42.467899056697,-13.,2.5));
#9273 = VERTEX_POINT('',#9274);
#9274 = CARTESIAN_POINT('',(42.467899056697,-13.,-8.5));
#9275 = LINE('',#9276,#9277);
#9276 = CARTESIAN_POINT('',(42.467899056697,-13.,2.5));
#9277 = VECTOR('',#9278,1.);
#9278 = DIRECTION('',(-0.,-0.,-1.));
#9279 = ORIENTED_EDGE('',*,*,#9280,.T.);
#9280 = EDGE_CURVE('',#9273,#9281,#9283,.T.);
#9281 = VERTEX_POINT('',#9282);
#9282 = CARTESIAN_POINT('',(43.067899056697,-13.,-8.5));
#9283 = LINE('',#9284,#9285);
#9284 = CARTESIAN_POINT('',(42.467899056697,-13.,-8.5));
#9285 = VECTOR('',#9286,1.);
#9286 = DIRECTION('',(1.,0.,0.));
#9287 = ORIENTED_EDGE('',*,*,#9288,.F.);
#9288 = EDGE_CURVE('',#9289,#9281,#9291,.T.);
#9289 = VERTEX_POINT('',#9290);
#9290 = CARTESIAN_POINT('',(43.067899056697,-13.,2.5));
#9291 = LINE('',#9292,#9293);
#9292 = CARTESIAN_POINT('',(43.067899056697,-13.,2.5));
#9293 = VECTOR('',#9294,1.);
#9294 = DIRECTION('',(-0.,-0.,-1.));
#9295 = ORIENTED_EDGE('',*,*,#9296,.F.);
#9296 = EDGE_CURVE('',#9271,#9289,#9297,.T.);
#9297 = LINE('',#9298,#9299);
#9298 = CARTESIAN_POINT('',(42.467899056697,-13.,2.5));
#9299 = VECTOR('',#9300,1.);
#9300 = DIRECTION('',(1.,0.,0.));
#9301 = PLANE('',#9302);
#9302 = AXIS2_PLACEMENT_3D('',#9303,#9304,#9305);
#9303 = CARTESIAN_POINT('',(42.467899056697,-13.,2.5));
#9304 = DIRECTION('',(0.,-1.,0.));
#9305 = DIRECTION('',(1.,0.,0.));
#9306 = ADVANCED_FACE('',(#9307),#9332,.T.);
#9307 = FACE_BOUND('',#9308,.T.);
#9308 = EDGE_LOOP('',(#9309,#9310,#9318,#9326));
#9309 = ORIENTED_EDGE('',*,*,#9288,.T.);
#9310 = ORIENTED_EDGE('',*,*,#9311,.T.);
#9311 = EDGE_CURVE('',#9281,#9312,#9314,.T.);
#9312 = VERTEX_POINT('',#9313);
#9313 = CARTESIAN_POINT('',(43.067899056697,-12.4,-8.5));
#9314 = LINE('',#9315,#9316);
#9315 = CARTESIAN_POINT('',(43.067899056697,-13.,-8.5));
#9316 = VECTOR('',#9317,1.);
#9317 = DIRECTION('',(0.,1.,0.));
#9318 = ORIENTED_EDGE('',*,*,#9319,.F.);
#9319 = EDGE_CURVE('',#9320,#9312,#9322,.T.);
#9320 = VERTEX_POINT('',#9321);
#9321 = CARTESIAN_POINT('',(43.067899056697,-12.4,2.5));
#9322 = LINE('',#9323,#9324);
#9323 = CARTESIAN_POINT('',(43.067899056697,-12.4,2.5));
#9324 = VECTOR('',#9325,1.);
#9325 = DIRECTION('',(-0.,-0.,-1.));
#9326 = ORIENTED_EDGE('',*,*,#9327,.F.);
#9327 = EDGE_CURVE('',#9289,#9320,#9328,.T.);
#9328 = LINE('',#9329,#9330);
#9329 = CARTESIAN_POINT('',(43.067899056697,-13.,2.5));
#9330 = VECTOR('',#9331,1.);
#9331 = DIRECTION('',(0.,1.,0.));
#9332 = PLANE('',#9333);
#9333 = AXIS2_PLACEMENT_3D('',#9334,#9335,#9336);
#9334 = CARTESIAN_POINT('',(43.067899056697,-13.,2.5));
#9335 = DIRECTION('',(1.,0.,0.));
#9336 = DIRECTION('',(0.,1.,0.));
#9337 = ADVANCED_FACE('',(#9338),#9363,.T.);
#9338 = FACE_BOUND('',#9339,.T.);
#9339 = EDGE_LOOP('',(#9340,#9341,#9349,#9357));
#9340 = ORIENTED_EDGE('',*,*,#9319,.T.);
#9341 = ORIENTED_EDGE('',*,*,#9342,.T.);
#9342 = EDGE_CURVE('',#9312,#9343,#9345,.T.);
#9343 = VERTEX_POINT('',#9344);
#9344 = CARTESIAN_POINT('',(42.467899056697,-12.4,-8.5));
#9345 = LINE('',#9346,#9347);
#9346 = CARTESIAN_POINT('',(43.067899056697,-12.4,-8.5));
#9347 = VECTOR('',#9348,1.);
#9348 = DIRECTION('',(-1.,0.,0.));
#9349 = ORIENTED_EDGE('',*,*,#9350,.F.);
#9350 = EDGE_CURVE('',#9351,#9343,#9353,.T.);
#9351 = VERTEX_POINT('',#9352);
#9352 = CARTESIAN_POINT('',(42.467899056697,-12.4,2.5));
#9353 = LINE('',#9354,#9355);
#9354 = CARTESIAN_POINT('',(42.467899056697,-12.4,2.5));
#9355 = VECTOR('',#9356,1.);
#9356 = DIRECTION('',(-0.,-0.,-1.));
#9357 = ORIENTED_EDGE('',*,*,#9358,.F.);
#9358 = EDGE_CURVE('',#9320,#9351,#9359,.T.);
#9359 = LINE('',#9360,#9361);
#9360 = CARTESIAN_POINT('',(43.067899056697,-12.4,2.5));
#9361 = VECTOR('',#9362,1.);
#9362 = DIRECTION('',(-1.,0.,0.));
#9363 = PLANE('',#9364);
#9364 = AXIS2_PLACEMENT_3D('',#9365,#9366,#9367);
#9365 = CARTESIAN_POINT('',(43.067899056697,-12.4,2.5));
#9366 = DIRECTION('',(0.,1.,0.));
#9367 = DIRECTION('',(-1.,0.,0.));
#9368 = ADVANCED_FACE('',(#9369),#9385,.T.);
#9369 = FACE_BOUND('',#9370,.T.);
#9370 = EDGE_LOOP('',(#9371,#9372,#9378,#9379));
#9371 = ORIENTED_EDGE('',*,*,#9350,.T.);
#9372 = ORIENTED_EDGE('',*,*,#9373,.T.);
#9373 = EDGE_CURVE('',#9343,#9273,#9374,.T.);
#9374 = LINE('',#9375,#9376);
#9375 = CARTESIAN_POINT('',(42.467899056697,-12.4,-8.5));
#9376 = VECTOR('',#9377,1.);
#9377 = DIRECTION('',(0.,-1.,0.));
#9378 = ORIENTED_EDGE('',*,*,#9270,.F.);
#9379 = ORIENTED_EDGE('',*,*,#9380,.F.);
#9380 = EDGE_CURVE('',#9351,#9271,#9381,.T.);
#9381 = LINE('',#9382,#9383);
#9382 = CARTESIAN_POINT('',(42.467899056697,-12.4,2.5));
#9383 = VECTOR('',#9384,1.);
#9384 = DIRECTION('',(0.,-1.,0.));
#9385 = PLANE('',#9386);
#9386 = AXIS2_PLACEMENT_3D('',#9387,#9388,#9389);
#9387 = CARTESIAN_POINT('',(42.467899056697,-12.4,2.5));
#9388 = DIRECTION('',(-1.,0.,0.));
#9389 = DIRECTION('',(0.,-1.,0.));
#9390 = ADVANCED_FACE('',(#9391),#9397,.T.);
#9391 = FACE_BOUND('',#9392,.T.);
#9392 = EDGE_LOOP('',(#9393,#9394,#9395,#9396));
#9393 = ORIENTED_EDGE('',*,*,#9296,.T.);
#9394 = ORIENTED_EDGE('',*,*,#9327,.T.);
#9395 = ORIENTED_EDGE('',*,*,#9358,.T.);
#9396 = ORIENTED_EDGE('',*,*,#9380,.T.);
#9397 = PLANE('',#9398);
#9398 = AXIS2_PLACEMENT_3D('',#9399,#9400,#9401);
#9399 = CARTESIAN_POINT('',(42.767899056697,-3.68223969834E-14,2.5));
#9400 = DIRECTION('',(0.,0.,1.));
#9401 = DIRECTION('',(1.,0.,0.));
#9402 = ADVANCED_FACE('',(#9403),#9409,.F.);
#9403 = FACE_BOUND('',#9404,.F.);
#9404 = EDGE_LOOP('',(#9405,#9406,#9407,#9408));
#9405 = ORIENTED_EDGE('',*,*,#9280,.T.);
#9406 = ORIENTED_EDGE('',*,*,#9311,.T.);
#9407 = ORIENTED_EDGE('',*,*,#9342,.T.);
#9408 = ORIENTED_EDGE('',*,*,#9373,.T.);
#9409 = PLANE('',#9410);
#9410 = AXIS2_PLACEMENT_3D('',#9411,#9412,#9413);
#9411 = CARTESIAN_POINT('',(42.767899056697,-3.68223969834E-14,-8.5));
#9412 = DIRECTION('',(0.,0.,1.));
#9413 = DIRECTION('',(1.,0.,0.));
#9414 = MANIFOLD_SOLID_BREP('',#9415);
#9415 = CLOSED_SHELL('',(#9416,#9456,#9487,#9518,#9540,#9552));
#9416 = ADVANCED_FACE('',(#9417),#9451,.T.);
#9417 = FACE_BOUND('',#9418,.T.);
#9418 = EDGE_LOOP('',(#9419,#9429,#9437,#9445));
#9419 = ORIENTED_EDGE('',*,*,#9420,.T.);
#9420 = EDGE_CURVE('',#9421,#9423,#9425,.T.);
#9421 = VERTEX_POINT('',#9422);
#9422 = CARTESIAN_POINT('',(45.007899056697,12.4,2.5));
#9423 = VERTEX_POINT('',#9424);
#9424 = CARTESIAN_POINT('',(45.007899056697,12.4,-8.5));
#9425 = LINE('',#9426,#9427);
#9426 = CARTESIAN_POINT('',(45.007899056697,12.4,2.5));
#9427 = VECTOR('',#9428,1.);
#9428 = DIRECTION('',(-0.,-0.,-1.));
#9429 = ORIENTED_EDGE('',*,*,#9430,.T.);
#9430 = EDGE_CURVE('',#9423,#9431,#9433,.T.);
#9431 = VERTEX_POINT('',#9432);
#9432 = CARTESIAN_POINT('',(45.607899056697,12.4,-8.5));
#9433 = LINE('',#9434,#9435);
#9434 = CARTESIAN_POINT('',(45.007899056697,12.4,-8.5));
#9435 = VECTOR('',#9436,1.);
#9436 = DIRECTION('',(1.,0.,0.));
#9437 = ORIENTED_EDGE('',*,*,#9438,.F.);
#9438 = EDGE_CURVE('',#9439,#9431,#9441,.T.);
#9439 = VERTEX_POINT('',#9440);
#9440 = CARTESIAN_POINT('',(45.607899056697,12.4,2.5));
#9441 = LINE('',#9442,#9443);
#9442 = CARTESIAN_POINT('',(45.607899056697,12.4,2.5));
#9443 = VECTOR('',#9444,1.);
#9444 = DIRECTION('',(-0.,-0.,-1.));
#9445 = ORIENTED_EDGE('',*,*,#9446,.F.);
#9446 = EDGE_CURVE('',#9421,#9439,#9447,.T.);
#9447 = LINE('',#9448,#9449);
#9448 = CARTESIAN_POINT('',(45.007899056697,12.4,2.5));
#9449 = VECTOR('',#9450,1.);
#9450 = DIRECTION('',(1.,0.,0.));
#9451 = PLANE('',#9452);
#9452 = AXIS2_PLACEMENT_3D('',#9453,#9454,#9455);
#9453 = CARTESIAN_POINT('',(45.007899056697,12.4,2.5));
#9454 = DIRECTION('',(0.,-1.,0.));
#9455 = DIRECTION('',(1.,0.,0.));
#9456 = ADVANCED_FACE('',(#9457),#9482,.T.);
#9457 = FACE_BOUND('',#9458,.T.);
#9458 = EDGE_LOOP('',(#9459,#9460,#9468,#9476));
#9459 = ORIENTED_EDGE('',*,*,#9438,.T.);
#9460 = ORIENTED_EDGE('',*,*,#9461,.T.);
#9461 = EDGE_CURVE('',#9431,#9462,#9464,.T.);
#9462 = VERTEX_POINT('',#9463);
#9463 = CARTESIAN_POINT('',(45.607899056697,13.,-8.5));
#9464 = LINE('',#9465,#9466);
#9465 = CARTESIAN_POINT('',(45.607899056697,12.4,-8.5));
#9466 = VECTOR('',#9467,1.);
#9467 = DIRECTION('',(0.,1.,0.));
#9468 = ORIENTED_EDGE('',*,*,#9469,.F.);
#9469 = EDGE_CURVE('',#9470,#9462,#9472,.T.);
#9470 = VERTEX_POINT('',#9471);
#9471 = CARTESIAN_POINT('',(45.607899056697,13.,2.5));
#9472 = LINE('',#9473,#9474);
#9473 = CARTESIAN_POINT('',(45.607899056697,13.,2.5));
#9474 = VECTOR('',#9475,1.);
#9475 = DIRECTION('',(-0.,-0.,-1.));
#9476 = ORIENTED_EDGE('',*,*,#9477,.F.);
#9477 = EDGE_CURVE('',#9439,#9470,#9478,.T.);
#9478 = LINE('',#9479,#9480);
#9479 = CARTESIAN_POINT('',(45.607899056697,12.4,2.5));
#9480 = VECTOR('',#9481,1.);
#9481 = DIRECTION('',(0.,1.,0.));
#9482 = PLANE('',#9483);
#9483 = AXIS2_PLACEMENT_3D('',#9484,#9485,#9486);
#9484 = CARTESIAN_POINT('',(45.607899056697,12.4,2.5));
#9485 = DIRECTION('',(1.,0.,0.));
#9486 = DIRECTION('',(0.,1.,0.));
#9487 = ADVANCED_FACE('',(#9488),#9513,.T.);
#9488 = FACE_BOUND('',#9489,.T.);
#9489 = EDGE_LOOP('',(#9490,#9491,#9499,#9507));
#9490 = ORIENTED_EDGE('',*,*,#9469,.T.);
#9491 = ORIENTED_EDGE('',*,*,#9492,.T.);
#9492 = EDGE_CURVE('',#9462,#9493,#9495,.T.);
#9493 = VERTEX_POINT('',#9494);
#9494 = CARTESIAN_POINT('',(45.007899056697,13.,-8.5));
#9495 = LINE('',#9496,#9497);
#9496 = CARTESIAN_POINT('',(45.607899056697,13.,-8.5));
#9497 = VECTOR('',#9498,1.);
#9498 = DIRECTION('',(-1.,0.,0.));
#9499 = ORIENTED_EDGE('',*,*,#9500,.F.);
#9500 = EDGE_CURVE('',#9501,#9493,#9503,.T.);
#9501 = VERTEX_POINT('',#9502);
#9502 = CARTESIAN_POINT('',(45.007899056697,13.,2.5));
#9503 = LINE('',#9504,#9505);
#9504 = CARTESIAN_POINT('',(45.007899056697,13.,2.5));
#9505 = VECTOR('',#9506,1.);
#9506 = DIRECTION('',(-0.,-0.,-1.));
#9507 = ORIENTED_EDGE('',*,*,#9508,.F.);
#9508 = EDGE_CURVE('',#9470,#9501,#9509,.T.);
#9509 = LINE('',#9510,#9511);
#9510 = CARTESIAN_POINT('',(45.607899056697,13.,2.5));
#9511 = VECTOR('',#9512,1.);
#9512 = DIRECTION('',(-1.,0.,0.));
#9513 = PLANE('',#9514);
#9514 = AXIS2_PLACEMENT_3D('',#9515,#9516,#9517);
#9515 = CARTESIAN_POINT('',(45.607899056697,13.,2.5));
#9516 = DIRECTION('',(0.,1.,0.));
#9517 = DIRECTION('',(-1.,0.,0.));
#9518 = ADVANCED_FACE('',(#9519),#9535,.T.);
#9519 = FACE_BOUND('',#9520,.T.);
#9520 = EDGE_LOOP('',(#9521,#9522,#9528,#9529));
#9521 = ORIENTED_EDGE('',*,*,#9500,.T.);
#9522 = ORIENTED_EDGE('',*,*,#9523,.T.);
#9523 = EDGE_CURVE('',#9493,#9423,#9524,.T.);
#9524 = LINE('',#9525,#9526);
#9525 = CARTESIAN_POINT('',(45.007899056697,13.,-8.5));
#9526 = VECTOR('',#9527,1.);
#9527 = DIRECTION('',(0.,-1.,0.));
#9528 = ORIENTED_EDGE('',*,*,#9420,.F.);
#9529 = ORIENTED_EDGE('',*,*,#9530,.F.);
#9530 = EDGE_CURVE('',#9501,#9421,#9531,.T.);
#9531 = LINE('',#9532,#9533);
#9532 = CARTESIAN_POINT('',(45.007899056697,13.,2.5));
#9533 = VECTOR('',#9534,1.);
#9534 = DIRECTION('',(0.,-1.,0.));
#9535 = PLANE('',#9536);
#9536 = AXIS2_PLACEMENT_3D('',#9537,#9538,#9539);
#9537 = CARTESIAN_POINT('',(45.007899056697,13.,2.5));
#9538 = DIRECTION('',(-1.,0.,0.));
#9539 = DIRECTION('',(0.,-1.,0.));
#9540 = ADVANCED_FACE('',(#9541),#9547,.T.);
#9541 = FACE_BOUND('',#9542,.T.);
#9542 = EDGE_LOOP('',(#9543,#9544,#9545,#9546));
#9543 = ORIENTED_EDGE('',*,*,#9446,.T.);
#9544 = ORIENTED_EDGE('',*,*,#9477,.T.);
#9545 = ORIENTED_EDGE('',*,*,#9508,.T.);
#9546 = ORIENTED_EDGE('',*,*,#9530,.T.);
#9547 = PLANE('',#9548);
#9548 = AXIS2_PLACEMENT_3D('',#9549,#9550,#9551);
#9549 = CARTESIAN_POINT('',(45.307899056697,-3.68223969834E-14,2.5));
#9550 = DIRECTION('',(0.,0.,1.));
#9551 = DIRECTION('',(1.,0.,0.));
#9552 = ADVANCED_FACE('',(#9553),#9559,.F.);
#9553 = FACE_BOUND('',#9554,.F.);
#9554 = EDGE_LOOP('',(#9555,#9556,#9557,#9558));
#9555 = ORIENTED_EDGE('',*,*,#9430,.T.);
#9556 = ORIENTED_EDGE('',*,*,#9461,.T.);
#9557 = ORIENTED_EDGE('',*,*,#9492,.T.);
#9558 = ORIENTED_EDGE('',*,*,#9523,.T.);
#9559 = PLANE('',#9560);
#9560 = AXIS2_PLACEMENT_3D('',#9561,#9562,#9563);
#9561 = CARTESIAN_POINT('',(45.307899056697,-3.68223969834E-14,-8.5));
#9562 = DIRECTION('',(0.,0.,1.));
#9563 = DIRECTION('',(1.,0.,0.));
#9564 = MANIFOLD_SOLID_BREP('',#9565);
#9565 = CLOSED_SHELL('',(#9566,#9606,#9637,#9668,#9690,#9702));
#9566 = ADVANCED_FACE('',(#9567),#9601,.T.);
#9567 = FACE_BOUND('',#9568,.T.);
#9568 = EDGE_LOOP('',(#9569,#9579,#9587,#9595));
#9569 = ORIENTED_EDGE('',*,*,#9570,.T.);
#9570 = EDGE_CURVE('',#9571,#9573,#9575,.T.);
#9571 = VERTEX_POINT('',#9572);
#9572 = CARTESIAN_POINT('',(45.007899056697,-13.,2.5));
#9573 = VERTEX_POINT('',#9574);
#9574 = CARTESIAN_POINT('',(45.007899056697,-13.,-8.5));
#9575 = LINE('',#9576,#9577);
#9576 = CARTESIAN_POINT('',(45.007899056697,-13.,2.5));
#9577 = VECTOR('',#9578,1.);
#9578 = DIRECTION('',(-0.,-0.,-1.));
#9579 = ORIENTED_EDGE('',*,*,#9580,.T.);
#9580 = EDGE_CURVE('',#9573,#9581,#9583,.T.);
#9581 = VERTEX_POINT('',#9582);
#9582 = CARTESIAN_POINT('',(45.607899056697,-13.,-8.5));
#9583 = LINE('',#9584,#9585);
#9584 = CARTESIAN_POINT('',(45.007899056697,-13.,-8.5));
#9585 = VECTOR('',#9586,1.);
#9586 = DIRECTION('',(1.,0.,0.));
#9587 = ORIENTED_EDGE('',*,*,#9588,.F.);
#9588 = EDGE_CURVE('',#9589,#9581,#9591,.T.);
#9589 = VERTEX_POINT('',#9590);
#9590 = CARTESIAN_POINT('',(45.607899056697,-13.,2.5));
#9591 = LINE('',#9592,#9593);
#9592 = CARTESIAN_POINT('',(45.607899056697,-13.,2.5));
#9593 = VECTOR('',#9594,1.);
#9594 = DIRECTION('',(-0.,-0.,-1.));
#9595 = ORIENTED_EDGE('',*,*,#9596,.F.);
#9596 = EDGE_CURVE('',#9571,#9589,#9597,.T.);
#9597 = LINE('',#9598,#9599);
#9598 = CARTESIAN_POINT('',(45.007899056697,-13.,2.5));
#9599 = VECTOR('',#9600,1.);
#9600 = DIRECTION('',(1.,0.,0.));
#9601 = PLANE('',#9602);
#9602 = AXIS2_PLACEMENT_3D('',#9603,#9604,#9605);
#9603 = CARTESIAN_POINT('',(45.007899056697,-13.,2.5));
#9604 = DIRECTION('',(0.,-1.,0.));
#9605 = DIRECTION('',(1.,0.,0.));
#9606 = ADVANCED_FACE('',(#9607),#9632,.T.);
#9607 = FACE_BOUND('',#9608,.T.);
#9608 = EDGE_LOOP('',(#9609,#9610,#9618,#9626));
#9609 = ORIENTED_EDGE('',*,*,#9588,.T.);
#9610 = ORIENTED_EDGE('',*,*,#9611,.T.);
#9611 = EDGE_CURVE('',#9581,#9612,#9614,.T.);
#9612 = VERTEX_POINT('',#9613);
#9613 = CARTESIAN_POINT('',(45.607899056697,-12.4,-8.5));
#9614 = LINE('',#9615,#9616);
#9615 = CARTESIAN_POINT('',(45.607899056697,-13.,-8.5));
#9616 = VECTOR('',#9617,1.);
#9617 = DIRECTION('',(0.,1.,0.));
#9618 = ORIENTED_EDGE('',*,*,#9619,.F.);
#9619 = EDGE_CURVE('',#9620,#9612,#9622,.T.);
#9620 = VERTEX_POINT('',#9621);
#9621 = CARTESIAN_POINT('',(45.607899056697,-12.4,2.5));
#9622 = LINE('',#9623,#9624);
#9623 = CARTESIAN_POINT('',(45.607899056697,-12.4,2.5));
#9624 = VECTOR('',#9625,1.);
#9625 = DIRECTION('',(-0.,-0.,-1.));
#9626 = ORIENTED_EDGE('',*,*,#9627,.F.);
#9627 = EDGE_CURVE('',#9589,#9620,#9628,.T.);
#9628 = LINE('',#9629,#9630);
#9629 = CARTESIAN_POINT('',(45.607899056697,-13.,2.5));
#9630 = VECTOR('',#9631,1.);
#9631 = DIRECTION('',(0.,1.,0.));
#9632 = PLANE('',#9633);
#9633 = AXIS2_PLACEMENT_3D('',#9634,#9635,#9636);
#9634 = CARTESIAN_POINT('',(45.607899056697,-13.,2.5));
#9635 = DIRECTION('',(1.,0.,0.));
#9636 = DIRECTION('',(0.,1.,0.));
#9637 = ADVANCED_FACE('',(#9638),#9663,.T.);
#9638 = FACE_BOUND('',#9639,.T.);
#9639 = EDGE_LOOP('',(#9640,#9641,#9649,#9657));
#9640 = ORIENTED_EDGE('',*,*,#9619,.T.);
#9641 = ORIENTED_EDGE('',*,*,#9642,.T.);
#9642 = EDGE_CURVE('',#9612,#9643,#9645,.T.);
#9643 = VERTEX_POINT('',#9644);
#9644 = CARTESIAN_POINT('',(45.007899056697,-12.4,-8.5));
#9645 = LINE('',#9646,#9647);
#9646 = CARTESIAN_POINT('',(45.607899056697,-12.4,-8.5));
#9647 = VECTOR('',#9648,1.);
#9648 = DIRECTION('',(-1.,0.,0.));
#9649 = ORIENTED_EDGE('',*,*,#9650,.F.);
#9650 = EDGE_CURVE('',#9651,#9643,#9653,.T.);
#9651 = VERTEX_POINT('',#9652);
#9652 = CARTESIAN_POINT('',(45.007899056697,-12.4,2.5));
#9653 = LINE('',#9654,#9655);
#9654 = CARTESIAN_POINT('',(45.007899056697,-12.4,2.5));
#9655 = VECTOR('',#9656,1.);
#9656 = DIRECTION('',(-0.,-0.,-1.));
#9657 = ORIENTED_EDGE('',*,*,#9658,.F.);
#9658 = EDGE_CURVE('',#9620,#9651,#9659,.T.);
#9659 = LINE('',#9660,#9661);
#9660 = CARTESIAN_POINT('',(45.607899056697,-12.4,2.5));
#9661 = VECTOR('',#9662,1.);
#9662 = DIRECTION('',(-1.,0.,0.));
#9663 = PLANE('',#9664);
#9664 = AXIS2_PLACEMENT_3D('',#9665,#9666,#9667);
#9665 = CARTESIAN_POINT('',(45.607899056697,-12.4,2.5));
#9666 = DIRECTION('',(0.,1.,0.));
#9667 = DIRECTION('',(-1.,0.,0.));
#9668 = ADVANCED_FACE('',(#9669),#9685,.T.);
#9669 = FACE_BOUND('',#9670,.T.);
#9670 = EDGE_LOOP('',(#9671,#9672,#9678,#9679));
#9671 = ORIENTED_EDGE('',*,*,#9650,.T.);
#9672 = ORIENTED_EDGE('',*,*,#9673,.T.);
#9673 = EDGE_CURVE('',#9643,#9573,#9674,.T.);
#9674 = LINE('',#9675,#9676);
#9675 = CARTESIAN_POINT('',(45.007899056697,-12.4,-8.5));
#9676 = VECTOR('',#9677,1.);
#9677 = DIRECTION('',(0.,-1.,0.));
#9678 = ORIENTED_EDGE('',*,*,#9570,.F.);
#9679 = ORIENTED_EDGE('',*,*,#9680,.F.);
#9680 = EDGE_CURVE('',#9651,#9571,#9681,.T.);
#9681 = LINE('',#9682,#9683);
#9682 = CARTESIAN_POINT('',(45.007899056697,-12.4,2.5));
#9683 = VECTOR('',#9684,1.);
#9684 = DIRECTION('',(0.,-1.,0.));
#9685 = PLANE('',#9686);
#9686 = AXIS2_PLACEMENT_3D('',#9687,#9688,#9689);
#9687 = CARTESIAN_POINT('',(45.007899056697,-12.4,2.5));
#9688 = DIRECTION('',(-1.,0.,0.));
#9689 = DIRECTION('',(0.,-1.,0.));
#9690 = ADVANCED_FACE('',(#9691),#9697,.T.);
#9691 = FACE_BOUND('',#9692,.T.);
#9692 = EDGE_LOOP('',(#9693,#9694,#9695,#9696));
#9693 = ORIENTED_EDGE('',*,*,#9596,.T.);
#9694 = ORIENTED_EDGE('',*,*,#9627,.T.);
#9695 = ORIENTED_EDGE('',*,*,#9658,.T.);
#9696 = ORIENTED_EDGE('',*,*,#9680,.T.);
#9697 = PLANE('',#9698);
#9698 = AXIS2_PLACEMENT_3D('',#9699,#9700,#9701);
#9699 = CARTESIAN_POINT('',(45.307899056697,-3.68223969834E-14,2.5));
#9700 = DIRECTION('',(0.,0.,1.));
#9701 = DIRECTION('',(1.,0.,0.));
#9702 = ADVANCED_FACE('',(#9703),#9709,.F.);
#9703 = FACE_BOUND('',#9704,.F.);
#9704 = EDGE_LOOP('',(#9705,#9706,#9707,#9708));
#9705 = ORIENTED_EDGE('',*,*,#9580,.T.);
#9706 = ORIENTED_EDGE('',*,*,#9611,.T.);
#9707 = ORIENTED_EDGE('',*,*,#9642,.T.);
#9708 = ORIENTED_EDGE('',*,*,#9673,.T.);
#9709 = PLANE('',#9710);
#9710 = AXIS2_PLACEMENT_3D('',#9711,#9712,#9713);
#9711 = CARTESIAN_POINT('',(45.307899056697,-3.68223969834E-14,-8.5));
#9712 = DIRECTION('',(0.,0.,1.));
#9713 = DIRECTION('',(1.,0.,0.));
#9714 = MANIFOLD_SOLID_BREP('',#9715);
#9715 = CLOSED_SHELL('',(#9716,#9756,#9787,#9818,#9840,#9852));
#9716 = ADVANCED_FACE('',(#9717),#9751,.T.);
#9717 = FACE_BOUND('',#9718,.T.);
#9718 = EDGE_LOOP('',(#9719,#9729,#9737,#9745));
#9719 = ORIENTED_EDGE('',*,*,#9720,.T.);
#9720 = EDGE_CURVE('',#9721,#9723,#9725,.T.);
#9721 = VERTEX_POINT('',#9722);
#9722 = CARTESIAN_POINT('',(47.547899056697,12.4,2.5));
#9723 = VERTEX_POINT('',#9724);
#9724 = CARTESIAN_POINT('',(47.547899056697,12.4,-8.5));
#9725 = LINE('',#9726,#9727);
#9726 = CARTESIAN_POINT('',(47.547899056697,12.4,2.5));
#9727 = VECTOR('',#9728,1.);
#9728 = DIRECTION('',(-0.,-0.,-1.));
#9729 = ORIENTED_EDGE('',*,*,#9730,.T.);
#9730 = EDGE_CURVE('',#9723,#9731,#9733,.T.);
#9731 = VERTEX_POINT('',#9732);
#9732 = CARTESIAN_POINT('',(48.147899056697,12.4,-8.5));
#9733 = LINE('',#9734,#9735);
#9734 = CARTESIAN_POINT('',(47.547899056697,12.4,-8.5));
#9735 = VECTOR('',#9736,1.);
#9736 = DIRECTION('',(1.,0.,0.));
#9737 = ORIENTED_EDGE('',*,*,#9738,.F.);
#9738 = EDGE_CURVE('',#9739,#9731,#9741,.T.);
#9739 = VERTEX_POINT('',#9740);
#9740 = CARTESIAN_POINT('',(48.147899056697,12.4,2.5));
#9741 = LINE('',#9742,#9743);
#9742 = CARTESIAN_POINT('',(48.147899056697,12.4,2.5));
#9743 = VECTOR('',#9744,1.);
#9744 = DIRECTION('',(-0.,-0.,-1.));
#9745 = ORIENTED_EDGE('',*,*,#9746,.F.);
#9746 = EDGE_CURVE('',#9721,#9739,#9747,.T.);
#9747 = LINE('',#9748,#9749);
#9748 = CARTESIAN_POINT('',(47.547899056697,12.4,2.5));
#9749 = VECTOR('',#9750,1.);
#9750 = DIRECTION('',(1.,0.,0.));
#9751 = PLANE('',#9752);
#9752 = AXIS2_PLACEMENT_3D('',#9753,#9754,#9755);
#9753 = CARTESIAN_POINT('',(47.547899056697,12.4,2.5));
#9754 = DIRECTION('',(0.,-1.,0.));
#9755 = DIRECTION('',(1.,0.,0.));
#9756 = ADVANCED_FACE('',(#9757),#9782,.T.);
#9757 = FACE_BOUND('',#9758,.T.);
#9758 = EDGE_LOOP('',(#9759,#9760,#9768,#9776));
#9759 = ORIENTED_EDGE('',*,*,#9738,.T.);
#9760 = ORIENTED_EDGE('',*,*,#9761,.T.);
#9761 = EDGE_CURVE('',#9731,#9762,#9764,.T.);
#9762 = VERTEX_POINT('',#9763);
#9763 = CARTESIAN_POINT('',(48.147899056697,13.,-8.5));
#9764 = LINE('',#9765,#9766);
#9765 = CARTESIAN_POINT('',(48.147899056697,12.4,-8.5));
#9766 = VECTOR('',#9767,1.);
#9767 = DIRECTION('',(0.,1.,0.));
#9768 = ORIENTED_EDGE('',*,*,#9769,.F.);
#9769 = EDGE_CURVE('',#9770,#9762,#9772,.T.);
#9770 = VERTEX_POINT('',#9771);
#9771 = CARTESIAN_POINT('',(48.147899056697,13.,2.5));
#9772 = LINE('',#9773,#9774);
#9773 = CARTESIAN_POINT('',(48.147899056697,13.,2.5));
#9774 = VECTOR('',#9775,1.);
#9775 = DIRECTION('',(-0.,-0.,-1.));
#9776 = ORIENTED_EDGE('',*,*,#9777,.F.);
#9777 = EDGE_CURVE('',#9739,#9770,#9778,.T.);
#9778 = LINE('',#9779,#9780);
#9779 = CARTESIAN_POINT('',(48.147899056697,12.4,2.5));
#9780 = VECTOR('',#9781,1.);
#9781 = DIRECTION('',(0.,1.,0.));
#9782 = PLANE('',#9783);
#9783 = AXIS2_PLACEMENT_3D('',#9784,#9785,#9786);
#9784 = CARTESIAN_POINT('',(48.147899056697,12.4,2.5));
#9785 = DIRECTION('',(1.,0.,0.));
#9786 = DIRECTION('',(0.,1.,0.));
#9787 = ADVANCED_FACE('',(#9788),#9813,.T.);
#9788 = FACE_BOUND('',#9789,.T.);
#9789 = EDGE_LOOP('',(#9790,#9791,#9799,#9807));
#9790 = ORIENTED_EDGE('',*,*,#9769,.T.);
#9791 = ORIENTED_EDGE('',*,*,#9792,.T.);
#9792 = EDGE_CURVE('',#9762,#9793,#9795,.T.);
#9793 = VERTEX_POINT('',#9794);
#9794 = CARTESIAN_POINT('',(47.547899056697,13.,-8.5));
#9795 = LINE('',#9796,#9797);
#9796 = CARTESIAN_POINT('',(48.147899056697,13.,-8.5));
#9797 = VECTOR('',#9798,1.);
#9798 = DIRECTION('',(-1.,0.,0.));
#9799 = ORIENTED_EDGE('',*,*,#9800,.F.);
#9800 = EDGE_CURVE('',#9801,#9793,#9803,.T.);
#9801 = VERTEX_POINT('',#9802);
#9802 = CARTESIAN_POINT('',(47.547899056697,13.,2.5));
#9803 = LINE('',#9804,#9805);
#9804 = CARTESIAN_POINT('',(47.547899056697,13.,2.5));
#9805 = VECTOR('',#9806,1.);
#9806 = DIRECTION('',(-0.,-0.,-1.));
#9807 = ORIENTED_EDGE('',*,*,#9808,.F.);
#9808 = EDGE_CURVE('',#9770,#9801,#9809,.T.);
#9809 = LINE('',#9810,#9811);
#9810 = CARTESIAN_POINT('',(48.147899056697,13.,2.5));
#9811 = VECTOR('',#9812,1.);
#9812 = DIRECTION('',(-1.,0.,0.));
#9813 = PLANE('',#9814);
#9814 = AXIS2_PLACEMENT_3D('',#9815,#9816,#9817);
#9815 = CARTESIAN_POINT('',(48.147899056697,13.,2.5));
#9816 = DIRECTION('',(0.,1.,0.));
#9817 = DIRECTION('',(-1.,0.,0.));
#9818 = ADVANCED_FACE('',(#9819),#9835,.T.);
#9819 = FACE_BOUND('',#9820,.T.);
#9820 = EDGE_LOOP('',(#9821,#9822,#9828,#9829));
#9821 = ORIENTED_EDGE('',*,*,#9800,.T.);
#9822 = ORIENTED_EDGE('',*,*,#9823,.T.);
#9823 = EDGE_CURVE('',#9793,#9723,#9824,.T.);
#9824 = LINE('',#9825,#9826);
#9825 = CARTESIAN_POINT('',(47.547899056697,13.,-8.5));
#9826 = VECTOR('',#9827,1.);
#9827 = DIRECTION('',(0.,-1.,0.));
#9828 = ORIENTED_EDGE('',*,*,#9720,.F.);
#9829 = ORIENTED_EDGE('',*,*,#9830,.F.);
#9830 = EDGE_CURVE('',#9801,#9721,#9831,.T.);
#9831 = LINE('',#9832,#9833);
#9832 = CARTESIAN_POINT('',(47.547899056697,13.,2.5));
#9833 = VECTOR('',#9834,1.);
#9834 = DIRECTION('',(0.,-1.,0.));
#9835 = PLANE('',#9836);
#9836 = AXIS2_PLACEMENT_3D('',#9837,#9838,#9839);
#9837 = CARTESIAN_POINT('',(47.547899056697,13.,2.5));
#9838 = DIRECTION('',(-1.,0.,0.));
#9839 = DIRECTION('',(0.,-1.,0.));
#9840 = ADVANCED_FACE('',(#9841),#9847,.T.);
#9841 = FACE_BOUND('',#9842,.T.);
#9842 = EDGE_LOOP('',(#9843,#9844,#9845,#9846));
#9843 = ORIENTED_EDGE('',*,*,#9746,.T.);
#9844 = ORIENTED_EDGE('',*,*,#9777,.T.);
#9845 = ORIENTED_EDGE('',*,*,#9808,.T.);
#9846 = ORIENTED_EDGE('',*,*,#9830,.T.);
#9847 = PLANE('',#9848);
#9848 = AXIS2_PLACEMENT_3D('',#9849,#9850,#9851);
#9849 = CARTESIAN_POINT('',(47.847899056697,-3.68223969834E-14,2.5));
#9850 = DIRECTION('',(0.,0.,1.));
#9851 = DIRECTION('',(1.,0.,0.));
#9852 = ADVANCED_FACE('',(#9853),#9859,.F.);
#9853 = FACE_BOUND('',#9854,.F.);
#9854 = EDGE_LOOP('',(#9855,#9856,#9857,#9858));
#9855 = ORIENTED_EDGE('',*,*,#9730,.T.);
#9856 = ORIENTED_EDGE('',*,*,#9761,.T.);
#9857 = ORIENTED_EDGE('',*,*,#9792,.T.);
#9858 = ORIENTED_EDGE('',*,*,#9823,.T.);
#9859 = PLANE('',#9860);
#9860 = AXIS2_PLACEMENT_3D('',#9861,#9862,#9863);
#9861 = CARTESIAN_POINT('',(47.847899056697,-3.68223969834E-14,-8.5));
#9862 = DIRECTION('',(0.,0.,1.));
#9863 = DIRECTION('',(1.,0.,0.));
#9864 = MANIFOLD_SOLID_BREP('',#9865);
#9865 = CLOSED_SHELL('',(#9866,#9906,#9937,#9968,#9990,#10002));
#9866 = ADVANCED_FACE('',(#9867),#9901,.T.);
#9867 = FACE_BOUND('',#9868,.T.);
#9868 = EDGE_LOOP('',(#9869,#9879,#9887,#9895));
#9869 = ORIENTED_EDGE('',*,*,#9870,.T.);
#9870 = EDGE_CURVE('',#9871,#9873,#9875,.T.);
#9871 = VERTEX_POINT('',#9872);
#9872 = CARTESIAN_POINT('',(47.547899056697,-13.,2.5));
#9873 = VERTEX_POINT('',#9874);
#9874 = CARTESIAN_POINT('',(47.547899056697,-13.,-8.5));
#9875 = LINE('',#9876,#9877);
#9876 = CARTESIAN_POINT('',(47.547899056697,-13.,2.5));
#9877 = VECTOR('',#9878,1.);
#9878 = DIRECTION('',(-0.,-0.,-1.));
#9879 = ORIENTED_EDGE('',*,*,#9880,.T.);
#9880 = EDGE_CURVE('',#9873,#9881,#9883,.T.);
#9881 = VERTEX_POINT('',#9882);
#9882 = CARTESIAN_POINT('',(48.147899056697,-13.,-8.5));
#9883 = LINE('',#9884,#9885);
#9884 = CARTESIAN_POINT('',(47.547899056697,-13.,-8.5));
#9885 = VECTOR('',#9886,1.);
#9886 = DIRECTION('',(1.,0.,0.));
#9887 = ORIENTED_EDGE('',*,*,#9888,.F.);
#9888 = EDGE_CURVE('',#9889,#9881,#9891,.T.);
#9889 = VERTEX_POINT('',#9890);
#9890 = CARTESIAN_POINT('',(48.147899056697,-13.,2.5));
#9891 = LINE('',#9892,#9893);
#9892 = CARTESIAN_POINT('',(48.147899056697,-13.,2.5));
#9893 = VECTOR('',#9894,1.);
#9894 = DIRECTION('',(-0.,-0.,-1.));
#9895 = ORIENTED_EDGE('',*,*,#9896,.F.);
#9896 = EDGE_CURVE('',#9871,#9889,#9897,.T.);
#9897 = LINE('',#9898,#9899);
#9898 = CARTESIAN_POINT('',(47.547899056697,-13.,2.5));
#9899 = VECTOR('',#9900,1.);
#9900 = DIRECTION('',(1.,0.,0.));
#9901 = PLANE('',#9902);
#9902 = AXIS2_PLACEMENT_3D('',#9903,#9904,#9905);
#9903 = CARTESIAN_POINT('',(47.547899056697,-13.,2.5));
#9904 = DIRECTION('',(0.,-1.,0.));
#9905 = DIRECTION('',(1.,0.,0.));
#9906 = ADVANCED_FACE('',(#9907),#9932,.T.);
#9907 = FACE_BOUND('',#9908,.T.);
#9908 = EDGE_LOOP('',(#9909,#9910,#9918,#9926));
#9909 = ORIENTED_EDGE('',*,*,#9888,.T.);
#9910 = ORIENTED_EDGE('',*,*,#9911,.T.);
#9911 = EDGE_CURVE('',#9881,#9912,#9914,.T.);
#9912 = VERTEX_POINT('',#9913);
#9913 = CARTESIAN_POINT('',(48.147899056697,-12.4,-8.5));
#9914 = LINE('',#9915,#9916);
#9915 = CARTESIAN_POINT('',(48.147899056697,-13.,-8.5));
#9916 = VECTOR('',#9917,1.);
#9917 = DIRECTION('',(0.,1.,0.));
#9918 = ORIENTED_EDGE('',*,*,#9919,.F.);
#9919 = EDGE_CURVE('',#9920,#9912,#9922,.T.);
#9920 = VERTEX_POINT('',#9921);
#9921 = CARTESIAN_POINT('',(48.147899056697,-12.4,2.5));
#9922 = LINE('',#9923,#9924);
#9923 = CARTESIAN_POINT('',(48.147899056697,-12.4,2.5));
#9924 = VECTOR('',#9925,1.);
#9925 = DIRECTION('',(-0.,-0.,-1.));
#9926 = ORIENTED_EDGE('',*,*,#9927,.F.);
#9927 = EDGE_CURVE('',#9889,#9920,#9928,.T.);
#9928 = LINE('',#9929,#9930);
#9929 = CARTESIAN_POINT('',(48.147899056697,-13.,2.5));
#9930 = VECTOR('',#9931,1.);
#9931 = DIRECTION('',(0.,1.,0.));
#9932 = PLANE('',#9933);
#9933 = AXIS2_PLACEMENT_3D('',#9934,#9935,#9936);
#9934 = CARTESIAN_POINT('',(48.147899056697,-13.,2.5));
#9935 = DIRECTION('',(1.,0.,0.));
#9936 = DIRECTION('',(0.,1.,0.));
#9937 = ADVANCED_FACE('',(#9938),#9963,.T.);
#9938 = FACE_BOUND('',#9939,.T.);
#9939 = EDGE_LOOP('',(#9940,#9941,#9949,#9957));
#9940 = ORIENTED_EDGE('',*,*,#9919,.T.);
#9941 = ORIENTED_EDGE('',*,*,#9942,.T.);
#9942 = EDGE_CURVE('',#9912,#9943,#9945,.T.);
#9943 = VERTEX_POINT('',#9944);
#9944 = CARTESIAN_POINT('',(47.547899056697,-12.4,-8.5));
#9945 = LINE('',#9946,#9947);
#9946 = CARTESIAN_POINT('',(48.147899056697,-12.4,-8.5));
#9947 = VECTOR('',#9948,1.);
#9948 = DIRECTION('',(-1.,0.,0.));
#9949 = ORIENTED_EDGE('',*,*,#9950,.F.);
#9950 = EDGE_CURVE('',#9951,#9943,#9953,.T.);
#9951 = VERTEX_POINT('',#9952);
#9952 = CARTESIAN_POINT('',(47.547899056697,-12.4,2.5));
#9953 = LINE('',#9954,#9955);
#9954 = CARTESIAN_POINT('',(47.547899056697,-12.4,2.5));
#9955 = VECTOR('',#9956,1.);
#9956 = DIRECTION('',(-0.,-0.,-1.));
#9957 = ORIENTED_EDGE('',*,*,#9958,.F.);
#9958 = EDGE_CURVE('',#9920,#9951,#9959,.T.);
#9959 = LINE('',#9960,#9961);
#9960 = CARTESIAN_POINT('',(48.147899056697,-12.4,2.5));
#9961 = VECTOR('',#9962,1.);
#9962 = DIRECTION('',(-1.,0.,0.));
#9963 = PLANE('',#9964);
#9964 = AXIS2_PLACEMENT_3D('',#9965,#9966,#9967);
#9965 = CARTESIAN_POINT('',(48.147899056697,-12.4,2.5));
#9966 = DIRECTION('',(0.,1.,0.));
#9967 = DIRECTION('',(-1.,0.,0.));
#9968 = ADVANCED_FACE('',(#9969),#9985,.T.);
#9969 = FACE_BOUND('',#9970,.T.);
#9970 = EDGE_LOOP('',(#9971,#9972,#9978,#9979));
#9971 = ORIENTED_EDGE('',*,*,#9950,.T.);
#9972 = ORIENTED_EDGE('',*,*,#9973,.T.);
#9973 = EDGE_CURVE('',#9943,#9873,#9974,.T.);
#9974 = LINE('',#9975,#9976);
#9975 = CARTESIAN_POINT('',(47.547899056697,-12.4,-8.5));
#9976 = VECTOR('',#9977,1.);
#9977 = DIRECTION('',(0.,-1.,0.));
#9978 = ORIENTED_EDGE('',*,*,#9870,.F.);
#9979 = ORIENTED_EDGE('',*,*,#9980,.F.);
#9980 = EDGE_CURVE('',#9951,#9871,#9981,.T.);
#9981 = LINE('',#9982,#9983);
#9982 = CARTESIAN_POINT('',(47.547899056697,-12.4,2.5));
#9983 = VECTOR('',#9984,1.);
#9984 = DIRECTION('',(0.,-1.,0.));
#9985 = PLANE('',#9986);
#9986 = AXIS2_PLACEMENT_3D('',#9987,#9988,#9989);
#9987 = CARTESIAN_POINT('',(47.547899056697,-12.4,2.5));
#9988 = DIRECTION('',(-1.,0.,0.));
#9989 = DIRECTION('',(0.,-1.,0.));
#9990 = ADVANCED_FACE('',(#9991),#9997,.T.);
#9991 = FACE_BOUND('',#9992,.T.);
#9992 = EDGE_LOOP('',(#9993,#9994,#9995,#9996));
#9993 = ORIENTED_EDGE('',*,*,#9896,.T.);
#9994 = ORIENTED_EDGE('',*,*,#9927,.T.);
#9995 = ORIENTED_EDGE('',*,*,#9958,.T.);
#9996 = ORIENTED_EDGE('',*,*,#9980,.T.);
#9997 = PLANE('',#9998);
#9998 = AXIS2_PLACEMENT_3D('',#9999,#10000,#10001);
#9999 = CARTESIAN_POINT('',(47.847899056697,-3.68223969834E-14,2.5));
#10000 = DIRECTION('',(0.,0.,1.));
#10001 = DIRECTION('',(1.,0.,0.));
#10002 = ADVANCED_FACE('',(#10003),#10009,.F.);
#10003 = FACE_BOUND('',#10004,.F.);
#10004 = EDGE_LOOP('',(#10005,#10006,#10007,#10008));
#10005 = ORIENTED_EDGE('',*,*,#9880,.T.);
#10006 = ORIENTED_EDGE('',*,*,#9911,.T.);
#10007 = ORIENTED_EDGE('',*,*,#9942,.T.);
#10008 = ORIENTED_EDGE('',*,*,#9973,.T.);
#10009 = PLANE('',#10010);
#10010 = AXIS2_PLACEMENT_3D('',#10011,#10012,#10013);
#10011 = CARTESIAN_POINT('',(47.847899056697,-3.68223969834E-14,-8.5));
#10012 = DIRECTION('',(0.,0.,1.));
#10013 = DIRECTION('',(1.,0.,0.));
#10014 = MANIFOLD_SOLID_BREP('',#10015);
#10015 = CLOSED_SHELL('',(#10016,#10056,#10087,#10118,#10140,#10152));
#10016 = ADVANCED_FACE('',(#10017),#10051,.T.);
#10017 = FACE_BOUND('',#10018,.T.);
#10018 = EDGE_LOOP('',(#10019,#10029,#10037,#10045));
#10019 = ORIENTED_EDGE('',*,*,#10020,.T.);
#10020 = EDGE_CURVE('',#10021,#10023,#10025,.T.);
#10021 = VERTEX_POINT('',#10022);
#10022 = CARTESIAN_POINT('',(50.087899056697,12.4,2.5));
#10023 = VERTEX_POINT('',#10024);
#10024 = CARTESIAN_POINT('',(50.087899056697,12.4,-8.5));
#10025 = LINE('',#10026,#10027);
#10026 = CARTESIAN_POINT('',(50.087899056697,12.4,2.5));
#10027 = VECTOR('',#10028,1.);
#10028 = DIRECTION('',(-0.,-0.,-1.));
#10029 = ORIENTED_EDGE('',*,*,#10030,.T.);
#10030 = EDGE_CURVE('',#10023,#10031,#10033,.T.);
#10031 = VERTEX_POINT('',#10032);
#10032 = CARTESIAN_POINT('',(50.687899056697,12.4,-8.5));
#10033 = LINE('',#10034,#10035);
#10034 = CARTESIAN_POINT('',(50.087899056697,12.4,-8.5));
#10035 = VECTOR('',#10036,1.);
#10036 = DIRECTION('',(1.,0.,0.));
#10037 = ORIENTED_EDGE('',*,*,#10038,.F.);
#10038 = EDGE_CURVE('',#10039,#10031,#10041,.T.);
#10039 = VERTEX_POINT('',#10040);
#10040 = CARTESIAN_POINT('',(50.687899056697,12.4,2.5));
#10041 = LINE('',#10042,#10043);
#10042 = CARTESIAN_POINT('',(50.687899056697,12.4,2.5));
#10043 = VECTOR('',#10044,1.);
#10044 = DIRECTION('',(-0.,-0.,-1.));
#10045 = ORIENTED_EDGE('',*,*,#10046,.F.);
#10046 = EDGE_CURVE('',#10021,#10039,#10047,.T.);
#10047 = LINE('',#10048,#10049);
#10048 = CARTESIAN_POINT('',(50.087899056697,12.4,2.5));
#10049 = VECTOR('',#10050,1.);
#10050 = DIRECTION('',(1.,0.,0.));
#10051 = PLANE('',#10052);
#10052 = AXIS2_PLACEMENT_3D('',#10053,#10054,#10055);
#10053 = CARTESIAN_POINT('',(50.087899056697,12.4,2.5));
#10054 = DIRECTION('',(0.,-1.,0.));
#10055 = DIRECTION('',(1.,0.,0.));
#10056 = ADVANCED_FACE('',(#10057),#10082,.T.);
#10057 = FACE_BOUND('',#10058,.T.);
#10058 = EDGE_LOOP('',(#10059,#10060,#10068,#10076));
#10059 = ORIENTED_EDGE('',*,*,#10038,.T.);
#10060 = ORIENTED_EDGE('',*,*,#10061,.T.);
#10061 = EDGE_CURVE('',#10031,#10062,#10064,.T.);
#10062 = VERTEX_POINT('',#10063);
#10063 = CARTESIAN_POINT('',(50.687899056697,13.,-8.5));
#10064 = LINE('',#10065,#10066);
#10065 = CARTESIAN_POINT('',(50.687899056697,12.4,-8.5));
#10066 = VECTOR('',#10067,1.);
#10067 = DIRECTION('',(0.,1.,0.));
#10068 = ORIENTED_EDGE('',*,*,#10069,.F.);
#10069 = EDGE_CURVE('',#10070,#10062,#10072,.T.);
#10070 = VERTEX_POINT('',#10071);
#10071 = CARTESIAN_POINT('',(50.687899056697,13.,2.5));
#10072 = LINE('',#10073,#10074);
#10073 = CARTESIAN_POINT('',(50.687899056697,13.,2.5));
#10074 = VECTOR('',#10075,1.);
#10075 = DIRECTION('',(-0.,-0.,-1.));
#10076 = ORIENTED_EDGE('',*,*,#10077,.F.);
#10077 = EDGE_CURVE('',#10039,#10070,#10078,.T.);
#10078 = LINE('',#10079,#10080);
#10079 = CARTESIAN_POINT('',(50.687899056697,12.4,2.5));
#10080 = VECTOR('',#10081,1.);
#10081 = DIRECTION('',(0.,1.,0.));
#10082 = PLANE('',#10083);
#10083 = AXIS2_PLACEMENT_3D('',#10084,#10085,#10086);
#10084 = CARTESIAN_POINT('',(50.687899056697,12.4,2.5));
#10085 = DIRECTION('',(1.,0.,0.));
#10086 = DIRECTION('',(0.,1.,0.));
#10087 = ADVANCED_FACE('',(#10088),#10113,.T.);
#10088 = FACE_BOUND('',#10089,.T.);
#10089 = EDGE_LOOP('',(#10090,#10091,#10099,#10107));
#10090 = ORIENTED_EDGE('',*,*,#10069,.T.);
#10091 = ORIENTED_EDGE('',*,*,#10092,.T.);
#10092 = EDGE_CURVE('',#10062,#10093,#10095,.T.);
#10093 = VERTEX_POINT('',#10094);
#10094 = CARTESIAN_POINT('',(50.087899056697,13.,-8.5));
#10095 = LINE('',#10096,#10097);
#10096 = CARTESIAN_POINT('',(50.687899056697,13.,-8.5));
#10097 = VECTOR('',#10098,1.);
#10098 = DIRECTION('',(-1.,0.,0.));
#10099 = ORIENTED_EDGE('',*,*,#10100,.F.);
#10100 = EDGE_CURVE('',#10101,#10093,#10103,.T.);
#10101 = VERTEX_POINT('',#10102);
#10102 = CARTESIAN_POINT('',(50.087899056697,13.,2.5));
#10103 = LINE('',#10104,#10105);
#10104 = CARTESIAN_POINT('',(50.087899056697,13.,2.5));
#10105 = VECTOR('',#10106,1.);
#10106 = DIRECTION('',(-0.,-0.,-1.));
#10107 = ORIENTED_EDGE('',*,*,#10108,.F.);
#10108 = EDGE_CURVE('',#10070,#10101,#10109,.T.);
#10109 = LINE('',#10110,#10111);
#10110 = CARTESIAN_POINT('',(50.687899056697,13.,2.5));
#10111 = VECTOR('',#10112,1.);
#10112 = DIRECTION('',(-1.,0.,0.));
#10113 = PLANE('',#10114);
#10114 = AXIS2_PLACEMENT_3D('',#10115,#10116,#10117);
#10115 = CARTESIAN_POINT('',(50.687899056697,13.,2.5));
#10116 = DIRECTION('',(0.,1.,0.));
#10117 = DIRECTION('',(-1.,0.,0.));
#10118 = ADVANCED_FACE('',(#10119),#10135,.T.);
#10119 = FACE_BOUND('',#10120,.T.);
#10120 = EDGE_LOOP('',(#10121,#10122,#10128,#10129));
#10121 = ORIENTED_EDGE('',*,*,#10100,.T.);
#10122 = ORIENTED_EDGE('',*,*,#10123,.T.);
#10123 = EDGE_CURVE('',#10093,#10023,#10124,.T.);
#10124 = LINE('',#10125,#10126);
#10125 = CARTESIAN_POINT('',(50.087899056697,13.,-8.5));
#10126 = VECTOR('',#10127,1.);
#10127 = DIRECTION('',(0.,-1.,0.));
#10128 = ORIENTED_EDGE('',*,*,#10020,.F.);
#10129 = ORIENTED_EDGE('',*,*,#10130,.F.);
#10130 = EDGE_CURVE('',#10101,#10021,#10131,.T.);
#10131 = LINE('',#10132,#10133);
#10132 = CARTESIAN_POINT('',(50.087899056697,13.,2.5));
#10133 = VECTOR('',#10134,1.);
#10134 = DIRECTION('',(0.,-1.,0.));
#10135 = PLANE('',#10136);
#10136 = AXIS2_PLACEMENT_3D('',#10137,#10138,#10139);
#10137 = CARTESIAN_POINT('',(50.087899056697,13.,2.5));
#10138 = DIRECTION('',(-1.,0.,0.));
#10139 = DIRECTION('',(0.,-1.,0.));
#10140 = ADVANCED_FACE('',(#10141),#10147,.T.);
#10141 = FACE_BOUND('',#10142,.T.);
#10142 = EDGE_LOOP('',(#10143,#10144,#10145,#10146));
#10143 = ORIENTED_EDGE('',*,*,#10046,.T.);
#10144 = ORIENTED_EDGE('',*,*,#10077,.T.);
#10145 = ORIENTED_EDGE('',*,*,#10108,.T.);
#10146 = ORIENTED_EDGE('',*,*,#10130,.T.);
#10147 = PLANE('',#10148);
#10148 = AXIS2_PLACEMENT_3D('',#10149,#10150,#10151);
#10149 = CARTESIAN_POINT('',(50.387899056697,-3.68223969834E-14,2.5));
#10150 = DIRECTION('',(0.,0.,1.));
#10151 = DIRECTION('',(1.,0.,0.));
#10152 = ADVANCED_FACE('',(#10153),#10159,.F.);
#10153 = FACE_BOUND('',#10154,.F.);
#10154 = EDGE_LOOP('',(#10155,#10156,#10157,#10158));
#10155 = ORIENTED_EDGE('',*,*,#10030,.T.);
#10156 = ORIENTED_EDGE('',*,*,#10061,.T.);
#10157 = ORIENTED_EDGE('',*,*,#10092,.T.);
#10158 = ORIENTED_EDGE('',*,*,#10123,.T.);
#10159 = PLANE('',#10160);
#10160 = AXIS2_PLACEMENT_3D('',#10161,#10162,#10163);
#10161 = CARTESIAN_POINT('',(50.387899056697,-3.68223969834E-14,-8.5));
#10162 = DIRECTION('',(0.,0.,1.));
#10163 = DIRECTION('',(1.,0.,0.));
#10164 = MANIFOLD_SOLID_BREP('',#10165);
#10165 = CLOSED_SHELL('',(#10166,#10206,#10237,#10268,#10290,#10302));
#10166 = ADVANCED_FACE('',(#10167),#10201,.T.);
#10167 = FACE_BOUND('',#10168,.T.);
#10168 = EDGE_LOOP('',(#10169,#10179,#10187,#10195));
#10169 = ORIENTED_EDGE('',*,*,#10170,.T.);
#10170 = EDGE_CURVE('',#10171,#10173,#10175,.T.);
#10171 = VERTEX_POINT('',#10172);
#10172 = CARTESIAN_POINT('',(50.087899056697,-13.,2.5));
#10173 = VERTEX_POINT('',#10174);
#10174 = CARTESIAN_POINT('',(50.087899056697,-13.,-8.5));
#10175 = LINE('',#10176,#10177);
#10176 = CARTESIAN_POINT('',(50.087899056697,-13.,2.5));
#10177 = VECTOR('',#10178,1.);
#10178 = DIRECTION('',(-0.,-0.,-1.));
#10179 = ORIENTED_EDGE('',*,*,#10180,.T.);
#10180 = EDGE_CURVE('',#10173,#10181,#10183,.T.);
#10181 = VERTEX_POINT('',#10182);
#10182 = CARTESIAN_POINT('',(50.687899056697,-13.,-8.5));
#10183 = LINE('',#10184,#10185);
#10184 = CARTESIAN_POINT('',(50.087899056697,-13.,-8.5));
#10185 = VECTOR('',#10186,1.);
#10186 = DIRECTION('',(1.,0.,0.));
#10187 = ORIENTED_EDGE('',*,*,#10188,.F.);
#10188 = EDGE_CURVE('',#10189,#10181,#10191,.T.);
#10189 = VERTEX_POINT('',#10190);
#10190 = CARTESIAN_POINT('',(50.687899056697,-13.,2.5));
#10191 = LINE('',#10192,#10193);
#10192 = CARTESIAN_POINT('',(50.687899056697,-13.,2.5));
#10193 = VECTOR('',#10194,1.);
#10194 = DIRECTION('',(-0.,-0.,-1.));
#10195 = ORIENTED_EDGE('',*,*,#10196,.F.);
#10196 = EDGE_CURVE('',#10171,#10189,#10197,.T.);
#10197 = LINE('',#10198,#10199);
#10198 = CARTESIAN_POINT('',(50.087899056697,-13.,2.5));
#10199 = VECTOR('',#10200,1.);
#10200 = DIRECTION('',(1.,0.,0.));
#10201 = PLANE('',#10202);
#10202 = AXIS2_PLACEMENT_3D('',#10203,#10204,#10205);
#10203 = CARTESIAN_POINT('',(50.087899056697,-13.,2.5));
#10204 = DIRECTION('',(0.,-1.,0.));
#10205 = DIRECTION('',(1.,0.,0.));
#10206 = ADVANCED_FACE('',(#10207),#10232,.T.);
#10207 = FACE_BOUND('',#10208,.T.);
#10208 = EDGE_LOOP('',(#10209,#10210,#10218,#10226));
#10209 = ORIENTED_EDGE('',*,*,#10188,.T.);
#10210 = ORIENTED_EDGE('',*,*,#10211,.T.);
#10211 = EDGE_CURVE('',#10181,#10212,#10214,.T.);
#10212 = VERTEX_POINT('',#10213);
#10213 = CARTESIAN_POINT('',(50.687899056697,-12.4,-8.5));
#10214 = LINE('',#10215,#10216);
#10215 = CARTESIAN_POINT('',(50.687899056697,-13.,-8.5));
#10216 = VECTOR('',#10217,1.);
#10217 = DIRECTION('',(0.,1.,0.));
#10218 = ORIENTED_EDGE('',*,*,#10219,.F.);
#10219 = EDGE_CURVE('',#10220,#10212,#10222,.T.);
#10220 = VERTEX_POINT('',#10221);
#10221 = CARTESIAN_POINT('',(50.687899056697,-12.4,2.5));
#10222 = LINE('',#10223,#10224);
#10223 = CARTESIAN_POINT('',(50.687899056697,-12.4,2.5));
#10224 = VECTOR('',#10225,1.);
#10225 = DIRECTION('',(-0.,-0.,-1.));
#10226 = ORIENTED_EDGE('',*,*,#10227,.F.);
#10227 = EDGE_CURVE('',#10189,#10220,#10228,.T.);
#10228 = LINE('',#10229,#10230);
#10229 = CARTESIAN_POINT('',(50.687899056697,-13.,2.5));
#10230 = VECTOR('',#10231,1.);
#10231 = DIRECTION('',(0.,1.,0.));
#10232 = PLANE('',#10233);
#10233 = AXIS2_PLACEMENT_3D('',#10234,#10235,#10236);
#10234 = CARTESIAN_POINT('',(50.687899056697,-13.,2.5));
#10235 = DIRECTION('',(1.,0.,0.));
#10236 = DIRECTION('',(0.,1.,0.));
#10237 = ADVANCED_FACE('',(#10238),#10263,.T.);
#10238 = FACE_BOUND('',#10239,.T.);
#10239 = EDGE_LOOP('',(#10240,#10241,#10249,#10257));
#10240 = ORIENTED_EDGE('',*,*,#10219,.T.);
#10241 = ORIENTED_EDGE('',*,*,#10242,.T.);
#10242 = EDGE_CURVE('',#10212,#10243,#10245,.T.);
#10243 = VERTEX_POINT('',#10244);
#10244 = CARTESIAN_POINT('',(50.087899056697,-12.4,-8.5));
#10245 = LINE('',#10246,#10247);
#10246 = CARTESIAN_POINT('',(50.687899056697,-12.4,-8.5));
#10247 = VECTOR('',#10248,1.);
#10248 = DIRECTION('',(-1.,0.,0.));
#10249 = ORIENTED_EDGE('',*,*,#10250,.F.);
#10250 = EDGE_CURVE('',#10251,#10243,#10253,.T.);
#10251 = VERTEX_POINT('',#10252);
#10252 = CARTESIAN_POINT('',(50.087899056697,-12.4,2.5));
#10253 = LINE('',#10254,#10255);
#10254 = CARTESIAN_POINT('',(50.087899056697,-12.4,2.5));
#10255 = VECTOR('',#10256,1.);
#10256 = DIRECTION('',(-0.,-0.,-1.));
#10257 = ORIENTED_EDGE('',*,*,#10258,.F.);
#10258 = EDGE_CURVE('',#10220,#10251,#10259,.T.);
#10259 = LINE('',#10260,#10261);
#10260 = CARTESIAN_POINT('',(50.687899056697,-12.4,2.5));
#10261 = VECTOR('',#10262,1.);
#10262 = DIRECTION('',(-1.,0.,0.));
#10263 = PLANE('',#10264);
#10264 = AXIS2_PLACEMENT_3D('',#10265,#10266,#10267);
#10265 = CARTESIAN_POINT('',(50.687899056697,-12.4,2.5));
#10266 = DIRECTION('',(0.,1.,0.));
#10267 = DIRECTION('',(-1.,0.,0.));
#10268 = ADVANCED_FACE('',(#10269),#10285,.T.);
#10269 = FACE_BOUND('',#10270,.T.);
#10270 = EDGE_LOOP('',(#10271,#10272,#10278,#10279));
#10271 = ORIENTED_EDGE('',*,*,#10250,.T.);
#10272 = ORIENTED_EDGE('',*,*,#10273,.T.);
#10273 = EDGE_CURVE('',#10243,#10173,#10274,.T.);
#10274 = LINE('',#10275,#10276);
#10275 = CARTESIAN_POINT('',(50.087899056697,-12.4,-8.5));
#10276 = VECTOR('',#10277,1.);
#10277 = DIRECTION('',(0.,-1.,0.));
#10278 = ORIENTED_EDGE('',*,*,#10170,.F.);
#10279 = ORIENTED_EDGE('',*,*,#10280,.F.);
#10280 = EDGE_CURVE('',#10251,#10171,#10281,.T.);
#10281 = LINE('',#10282,#10283);
#10282 = CARTESIAN_POINT('',(50.087899056697,-12.4,2.5));
#10283 = VECTOR('',#10284,1.);
#10284 = DIRECTION('',(0.,-1.,0.));
#10285 = PLANE('',#10286);
#10286 = AXIS2_PLACEMENT_3D('',#10287,#10288,#10289);
#10287 = CARTESIAN_POINT('',(50.087899056697,-12.4,2.5));
#10288 = DIRECTION('',(-1.,0.,0.));
#10289 = DIRECTION('',(0.,-1.,0.));
#10290 = ADVANCED_FACE('',(#10291),#10297,.T.);
#10291 = FACE_BOUND('',#10292,.T.);
#10292 = EDGE_LOOP('',(#10293,#10294,#10295,#10296));
#10293 = ORIENTED_EDGE('',*,*,#10196,.T.);
#10294 = ORIENTED_EDGE('',*,*,#10227,.T.);
#10295 = ORIENTED_EDGE('',*,*,#10258,.T.);
#10296 = ORIENTED_EDGE('',*,*,#10280,.T.);
#10297 = PLANE('',#10298);
#10298 = AXIS2_PLACEMENT_3D('',#10299,#10300,#10301);
#10299 = CARTESIAN_POINT('',(50.387899056697,-3.68223969834E-14,2.5));
#10300 = DIRECTION('',(0.,0.,1.));
#10301 = DIRECTION('',(1.,0.,0.));
#10302 = ADVANCED_FACE('',(#10303),#10309,.F.);
#10303 = FACE_BOUND('',#10304,.F.);
#10304 = EDGE_LOOP('',(#10305,#10306,#10307,#10308));
#10305 = ORIENTED_EDGE('',*,*,#10180,.T.);
#10306 = ORIENTED_EDGE('',*,*,#10211,.T.);
#10307 = ORIENTED_EDGE('',*,*,#10242,.T.);
#10308 = ORIENTED_EDGE('',*,*,#10273,.T.);
#10309 = PLANE('',#10310);
#10310 = AXIS2_PLACEMENT_3D('',#10311,#10312,#10313);
#10311 = CARTESIAN_POINT('',(50.387899056697,-3.68223969834E-14,-8.5));
#10312 = DIRECTION('',(0.,0.,1.));
#10313 = DIRECTION('',(1.,0.,0.));
#10314 = MANIFOLD_SOLID_BREP('',#10315);
#10315 = CLOSED_SHELL('',(#10316,#10356,#10387,#10418,#10440,#10452));
#10316 = ADVANCED_FACE('',(#10317),#10351,.T.);
#10317 = FACE_BOUND('',#10318,.T.);
#10318 = EDGE_LOOP('',(#10319,#10329,#10337,#10345));
#10319 = ORIENTED_EDGE('',*,*,#10320,.T.);
#10320 = EDGE_CURVE('',#10321,#10323,#10325,.T.);
#10321 = VERTEX_POINT('',#10322);
#10322 = CARTESIAN_POINT('',(52.627899056697,12.4,2.5));
#10323 = VERTEX_POINT('',#10324);
#10324 = CARTESIAN_POINT('',(52.627899056697,12.4,-8.5));
#10325 = LINE('',#10326,#10327);
#10326 = CARTESIAN_POINT('',(52.627899056697,12.4,2.5));
#10327 = VECTOR('',#10328,1.);
#10328 = DIRECTION('',(-0.,-0.,-1.));
#10329 = ORIENTED_EDGE('',*,*,#10330,.T.);
#10330 = EDGE_CURVE('',#10323,#10331,#10333,.T.);
#10331 = VERTEX_POINT('',#10332);
#10332 = CARTESIAN_POINT('',(53.227899056697,12.4,-8.5));
#10333 = LINE('',#10334,#10335);
#10334 = CARTESIAN_POINT('',(52.627899056697,12.4,-8.5));
#10335 = VECTOR('',#10336,1.);
#10336 = DIRECTION('',(1.,0.,0.));
#10337 = ORIENTED_EDGE('',*,*,#10338,.F.);
#10338 = EDGE_CURVE('',#10339,#10331,#10341,.T.);
#10339 = VERTEX_POINT('',#10340);
#10340 = CARTESIAN_POINT('',(53.227899056697,12.4,2.5));
#10341 = LINE('',#10342,#10343);
#10342 = CARTESIAN_POINT('',(53.227899056697,12.4,2.5));
#10343 = VECTOR('',#10344,1.);
#10344 = DIRECTION('',(-0.,-0.,-1.));
#10345 = ORIENTED_EDGE('',*,*,#10346,.F.);
#10346 = EDGE_CURVE('',#10321,#10339,#10347,.T.);
#10347 = LINE('',#10348,#10349);
#10348 = CARTESIAN_POINT('',(52.627899056697,12.4,2.5));
#10349 = VECTOR('',#10350,1.);
#10350 = DIRECTION('',(1.,0.,0.));
#10351 = PLANE('',#10352);
#10352 = AXIS2_PLACEMENT_3D('',#10353,#10354,#10355);
#10353 = CARTESIAN_POINT('',(52.627899056697,12.4,2.5));
#10354 = DIRECTION('',(0.,-1.,0.));
#10355 = DIRECTION('',(1.,0.,0.));
#10356 = ADVANCED_FACE('',(#10357),#10382,.T.);
#10357 = FACE_BOUND('',#10358,.T.);
#10358 = EDGE_LOOP('',(#10359,#10360,#10368,#10376));
#10359 = ORIENTED_EDGE('',*,*,#10338,.T.);
#10360 = ORIENTED_EDGE('',*,*,#10361,.T.);
#10361 = EDGE_CURVE('',#10331,#10362,#10364,.T.);
#10362 = VERTEX_POINT('',#10363);
#10363 = CARTESIAN_POINT('',(53.227899056697,13.,-8.5));
#10364 = LINE('',#10365,#10366);
#10365 = CARTESIAN_POINT('',(53.227899056697,12.4,-8.5));
#10366 = VECTOR('',#10367,1.);
#10367 = DIRECTION('',(0.,1.,0.));
#10368 = ORIENTED_EDGE('',*,*,#10369,.F.);
#10369 = EDGE_CURVE('',#10370,#10362,#10372,.T.);
#10370 = VERTEX_POINT('',#10371);
#10371 = CARTESIAN_POINT('',(53.227899056697,13.,2.5));
#10372 = LINE('',#10373,#10374);
#10373 = CARTESIAN_POINT('',(53.227899056697,13.,2.5));
#10374 = VECTOR('',#10375,1.);
#10375 = DIRECTION('',(-0.,-0.,-1.));
#10376 = ORIENTED_EDGE('',*,*,#10377,.F.);
#10377 = EDGE_CURVE('',#10339,#10370,#10378,.T.);
#10378 = LINE('',#10379,#10380);
#10379 = CARTESIAN_POINT('',(53.227899056697,12.4,2.5));
#10380 = VECTOR('',#10381,1.);
#10381 = DIRECTION('',(0.,1.,0.));
#10382 = PLANE('',#10383);
#10383 = AXIS2_PLACEMENT_3D('',#10384,#10385,#10386);
#10384 = CARTESIAN_POINT('',(53.227899056697,12.4,2.5));
#10385 = DIRECTION('',(1.,0.,0.));
#10386 = DIRECTION('',(0.,1.,0.));
#10387 = ADVANCED_FACE('',(#10388),#10413,.T.);
#10388 = FACE_BOUND('',#10389,.T.);
#10389 = EDGE_LOOP('',(#10390,#10391,#10399,#10407));
#10390 = ORIENTED_EDGE('',*,*,#10369,.T.);
#10391 = ORIENTED_EDGE('',*,*,#10392,.T.);
#10392 = EDGE_CURVE('',#10362,#10393,#10395,.T.);
#10393 = VERTEX_POINT('',#10394);
#10394 = CARTESIAN_POINT('',(52.627899056697,13.,-8.5));
#10395 = LINE('',#10396,#10397);
#10396 = CARTESIAN_POINT('',(53.227899056697,13.,-8.5));
#10397 = VECTOR('',#10398,1.);
#10398 = DIRECTION('',(-1.,0.,0.));
#10399 = ORIENTED_EDGE('',*,*,#10400,.F.);
#10400 = EDGE_CURVE('',#10401,#10393,#10403,.T.);
#10401 = VERTEX_POINT('',#10402);
#10402 = CARTESIAN_POINT('',(52.627899056697,13.,2.5));
#10403 = LINE('',#10404,#10405);
#10404 = CARTESIAN_POINT('',(52.627899056697,13.,2.5));
#10405 = VECTOR('',#10406,1.);
#10406 = DIRECTION('',(-0.,-0.,-1.));
#10407 = ORIENTED_EDGE('',*,*,#10408,.F.);
#10408 = EDGE_CURVE('',#10370,#10401,#10409,.T.);
#10409 = LINE('',#10410,#10411);
#10410 = CARTESIAN_POINT('',(53.227899056697,13.,2.5));
#10411 = VECTOR('',#10412,1.);
#10412 = DIRECTION('',(-1.,0.,0.));
#10413 = PLANE('',#10414);
#10414 = AXIS2_PLACEMENT_3D('',#10415,#10416,#10417);
#10415 = CARTESIAN_POINT('',(53.227899056697,13.,2.5));
#10416 = DIRECTION('',(0.,1.,0.));
#10417 = DIRECTION('',(-1.,0.,0.));
#10418 = ADVANCED_FACE('',(#10419),#10435,.T.);
#10419 = FACE_BOUND('',#10420,.T.);
#10420 = EDGE_LOOP('',(#10421,#10422,#10428,#10429));
#10421 = ORIENTED_EDGE('',*,*,#10400,.T.);
#10422 = ORIENTED_EDGE('',*,*,#10423,.T.);
#10423 = EDGE_CURVE('',#10393,#10323,#10424,.T.);
#10424 = LINE('',#10425,#10426);
#10425 = CARTESIAN_POINT('',(52.627899056697,13.,-8.5));
#10426 = VECTOR('',#10427,1.);
#10427 = DIRECTION('',(0.,-1.,0.));
#10428 = ORIENTED_EDGE('',*,*,#10320,.F.);
#10429 = ORIENTED_EDGE('',*,*,#10430,.F.);
#10430 = EDGE_CURVE('',#10401,#10321,#10431,.T.);
#10431 = LINE('',#10432,#10433);
#10432 = CARTESIAN_POINT('',(52.627899056697,13.,2.5));
#10433 = VECTOR('',#10434,1.);
#10434 = DIRECTION('',(0.,-1.,0.));
#10435 = PLANE('',#10436);
#10436 = AXIS2_PLACEMENT_3D('',#10437,#10438,#10439);
#10437 = CARTESIAN_POINT('',(52.627899056697,13.,2.5));
#10438 = DIRECTION('',(-1.,0.,0.));
#10439 = DIRECTION('',(0.,-1.,0.));
#10440 = ADVANCED_FACE('',(#10441),#10447,.T.);
#10441 = FACE_BOUND('',#10442,.T.);
#10442 = EDGE_LOOP('',(#10443,#10444,#10445,#10446));
#10443 = ORIENTED_EDGE('',*,*,#10346,.T.);
#10444 = ORIENTED_EDGE('',*,*,#10377,.T.);
#10445 = ORIENTED_EDGE('',*,*,#10408,.T.);
#10446 = ORIENTED_EDGE('',*,*,#10430,.T.);
#10447 = PLANE('',#10448);
#10448 = AXIS2_PLACEMENT_3D('',#10449,#10450,#10451);
#10449 = CARTESIAN_POINT('',(52.927899056697,-3.68223969834E-14,2.5));
#10450 = DIRECTION('',(0.,0.,1.));
#10451 = DIRECTION('',(1.,0.,0.));
#10452 = ADVANCED_FACE('',(#10453),#10459,.F.);
#10453 = FACE_BOUND('',#10454,.F.);
#10454 = EDGE_LOOP('',(#10455,#10456,#10457,#10458));
#10455 = ORIENTED_EDGE('',*,*,#10330,.T.);
#10456 = ORIENTED_EDGE('',*,*,#10361,.T.);
#10457 = ORIENTED_EDGE('',*,*,#10392,.T.);
#10458 = ORIENTED_EDGE('',*,*,#10423,.T.);
#10459 = PLANE('',#10460);
#10460 = AXIS2_PLACEMENT_3D('',#10461,#10462,#10463);
#10461 = CARTESIAN_POINT('',(52.927899056697,-3.68223969834E-14,-8.5));
#10462 = DIRECTION('',(0.,0.,1.));
#10463 = DIRECTION('',(1.,0.,0.));
#10464 = MANIFOLD_SOLID_BREP('',#10465);
#10465 = CLOSED_SHELL('',(#10466,#10506,#10537,#10568,#10590,#10602));
#10466 = ADVANCED_FACE('',(#10467),#10501,.T.);
#10467 = FACE_BOUND('',#10468,.T.);
#10468 = EDGE_LOOP('',(#10469,#10479,#10487,#10495));
#10469 = ORIENTED_EDGE('',*,*,#10470,.T.);
#10470 = EDGE_CURVE('',#10471,#10473,#10475,.T.);
#10471 = VERTEX_POINT('',#10472);
#10472 = CARTESIAN_POINT('',(52.627899056697,-13.,2.5));
#10473 = VERTEX_POINT('',#10474);
#10474 = CARTESIAN_POINT('',(52.627899056697,-13.,-8.5));
#10475 = LINE('',#10476,#10477);
#10476 = CARTESIAN_POINT('',(52.627899056697,-13.,2.5));
#10477 = VECTOR('',#10478,1.);
#10478 = DIRECTION('',(-0.,-0.,-1.));
#10479 = ORIENTED_EDGE('',*,*,#10480,.T.);
#10480 = EDGE_CURVE('',#10473,#10481,#10483,.T.);
#10481 = VERTEX_POINT('',#10482);
#10482 = CARTESIAN_POINT('',(53.227899056697,-13.,-8.5));
#10483 = LINE('',#10484,#10485);
#10484 = CARTESIAN_POINT('',(52.627899056697,-13.,-8.5));
#10485 = VECTOR('',#10486,1.);
#10486 = DIRECTION('',(1.,0.,0.));
#10487 = ORIENTED_EDGE('',*,*,#10488,.F.);
#10488 = EDGE_CURVE('',#10489,#10481,#10491,.T.);
#10489 = VERTEX_POINT('',#10490);
#10490 = CARTESIAN_POINT('',(53.227899056697,-13.,2.5));
#10491 = LINE('',#10492,#10493);
#10492 = CARTESIAN_POINT('',(53.227899056697,-13.,2.5));
#10493 = VECTOR('',#10494,1.);
#10494 = DIRECTION('',(-0.,-0.,-1.));
#10495 = ORIENTED_EDGE('',*,*,#10496,.F.);
#10496 = EDGE_CURVE('',#10471,#10489,#10497,.T.);
#10497 = LINE('',#10498,#10499);
#10498 = CARTESIAN_POINT('',(52.627899056697,-13.,2.5));
#10499 = VECTOR('',#10500,1.);
#10500 = DIRECTION('',(1.,0.,0.));
#10501 = PLANE('',#10502);
#10502 = AXIS2_PLACEMENT_3D('',#10503,#10504,#10505);
#10503 = CARTESIAN_POINT('',(52.627899056697,-13.,2.5));
#10504 = DIRECTION('',(0.,-1.,0.));
#10505 = DIRECTION('',(1.,0.,0.));
#10506 = ADVANCED_FACE('',(#10507),#10532,.T.);
#10507 = FACE_BOUND('',#10508,.T.);
#10508 = EDGE_LOOP('',(#10509,#10510,#10518,#10526));
#10509 = ORIENTED_EDGE('',*,*,#10488,.T.);
#10510 = ORIENTED_EDGE('',*,*,#10511,.T.);
#10511 = EDGE_CURVE('',#10481,#10512,#10514,.T.);
#10512 = VERTEX_POINT('',#10513);
#10513 = CARTESIAN_POINT('',(53.227899056697,-12.4,-8.5));
#10514 = LINE('',#10515,#10516);
#10515 = CARTESIAN_POINT('',(53.227899056697,-13.,-8.5));
#10516 = VECTOR('',#10517,1.);
#10517 = DIRECTION('',(0.,1.,0.));
#10518 = ORIENTED_EDGE('',*,*,#10519,.F.);
#10519 = EDGE_CURVE('',#10520,#10512,#10522,.T.);
#10520 = VERTEX_POINT('',#10521);
#10521 = CARTESIAN_POINT('',(53.227899056697,-12.4,2.5));
#10522 = LINE('',#10523,#10524);
#10523 = CARTESIAN_POINT('',(53.227899056697,-12.4,2.5));
#10524 = VECTOR('',#10525,1.);
#10525 = DIRECTION('',(-0.,-0.,-1.));
#10526 = ORIENTED_EDGE('',*,*,#10527,.F.);
#10527 = EDGE_CURVE('',#10489,#10520,#10528,.T.);
#10528 = LINE('',#10529,#10530);
#10529 = CARTESIAN_POINT('',(53.227899056697,-13.,2.5));
#10530 = VECTOR('',#10531,1.);
#10531 = DIRECTION('',(0.,1.,0.));
#10532 = PLANE('',#10533);
#10533 = AXIS2_PLACEMENT_3D('',#10534,#10535,#10536);
#10534 = CARTESIAN_POINT('',(53.227899056697,-13.,2.5));
#10535 = DIRECTION('',(1.,0.,0.));
#10536 = DIRECTION('',(0.,1.,0.));
#10537 = ADVANCED_FACE('',(#10538),#10563,.T.);
#10538 = FACE_BOUND('',#10539,.T.);
#10539 = EDGE_LOOP('',(#10540,#10541,#10549,#10557));
#10540 = ORIENTED_EDGE('',*,*,#10519,.T.);
#10541 = ORIENTED_EDGE('',*,*,#10542,.T.);
#10542 = EDGE_CURVE('',#10512,#10543,#10545,.T.);
#10543 = VERTEX_POINT('',#10544);
#10544 = CARTESIAN_POINT('',(52.627899056697,-12.4,-8.5));
#10545 = LINE('',#10546,#10547);
#10546 = CARTESIAN_POINT('',(53.227899056697,-12.4,-8.5));
#10547 = VECTOR('',#10548,1.);
#10548 = DIRECTION('',(-1.,0.,0.));
#10549 = ORIENTED_EDGE('',*,*,#10550,.F.);
#10550 = EDGE_CURVE('',#10551,#10543,#10553,.T.);
#10551 = VERTEX_POINT('',#10552);
#10552 = CARTESIAN_POINT('',(52.627899056697,-12.4,2.5));
#10553 = LINE('',#10554,#10555);
#10554 = CARTESIAN_POINT('',(52.627899056697,-12.4,2.5));
#10555 = VECTOR('',#10556,1.);
#10556 = DIRECTION('',(-0.,-0.,-1.));
#10557 = ORIENTED_EDGE('',*,*,#10558,.F.);
#10558 = EDGE_CURVE('',#10520,#10551,#10559,.T.);
#10559 = LINE('',#10560,#10561);
#10560 = CARTESIAN_POINT('',(53.227899056697,-12.4,2.5));
#10561 = VECTOR('',#10562,1.);
#10562 = DIRECTION('',(-1.,0.,0.));
#10563 = PLANE('',#10564);
#10564 = AXIS2_PLACEMENT_3D('',#10565,#10566,#10567);
#10565 = CARTESIAN_POINT('',(53.227899056697,-12.4,2.5));
#10566 = DIRECTION('',(0.,1.,0.));
#10567 = DIRECTION('',(-1.,0.,0.));
#10568 = ADVANCED_FACE('',(#10569),#10585,.T.);
#10569 = FACE_BOUND('',#10570,.T.);
#10570 = EDGE_LOOP('',(#10571,#10572,#10578,#10579));
#10571 = ORIENTED_EDGE('',*,*,#10550,.T.);
#10572 = ORIENTED_EDGE('',*,*,#10573,.T.);
#10573 = EDGE_CURVE('',#10543,#10473,#10574,.T.);
#10574 = LINE('',#10575,#10576);
#10575 = CARTESIAN_POINT('',(52.627899056697,-12.4,-8.5));
#10576 = VECTOR('',#10577,1.);
#10577 = DIRECTION('',(0.,-1.,0.));
#10578 = ORIENTED_EDGE('',*,*,#10470,.F.);
#10579 = ORIENTED_EDGE('',*,*,#10580,.F.);
#10580 = EDGE_CURVE('',#10551,#10471,#10581,.T.);
#10581 = LINE('',#10582,#10583);
#10582 = CARTESIAN_POINT('',(52.627899056697,-12.4,2.5));
#10583 = VECTOR('',#10584,1.);
#10584 = DIRECTION('',(0.,-1.,0.));
#10585 = PLANE('',#10586);
#10586 = AXIS2_PLACEMENT_3D('',#10587,#10588,#10589);
#10587 = CARTESIAN_POINT('',(52.627899056697,-12.4,2.5));
#10588 = DIRECTION('',(-1.,0.,0.));
#10589 = DIRECTION('',(0.,-1.,0.));
#10590 = ADVANCED_FACE('',(#10591),#10597,.T.);
#10591 = FACE_BOUND('',#10592,.T.);
#10592 = EDGE_LOOP('',(#10593,#10594,#10595,#10596));
#10593 = ORIENTED_EDGE('',*,*,#10496,.T.);
#10594 = ORIENTED_EDGE('',*,*,#10527,.T.);
#10595 = ORIENTED_EDGE('',*,*,#10558,.T.);
#10596 = ORIENTED_EDGE('',*,*,#10580,.T.);
#10597 = PLANE('',#10598);
#10598 = AXIS2_PLACEMENT_3D('',#10599,#10600,#10601);
#10599 = CARTESIAN_POINT('',(52.927899056697,-3.68223969834E-14,2.5));
#10600 = DIRECTION('',(0.,0.,1.));
#10601 = DIRECTION('',(1.,0.,0.));
#10602 = ADVANCED_FACE('',(#10603),#10609,.F.);
#10603 = FACE_BOUND('',#10604,.F.);
#10604 = EDGE_LOOP('',(#10605,#10606,#10607,#10608));
#10605 = ORIENTED_EDGE('',*,*,#10480,.T.);
#10606 = ORIENTED_EDGE('',*,*,#10511,.T.);
#10607 = ORIENTED_EDGE('',*,*,#10542,.T.);
#10608 = ORIENTED_EDGE('',*,*,#10573,.T.);
#10609 = PLANE('',#10610);
#10610 = AXIS2_PLACEMENT_3D('',#10611,#10612,#10613);
#10611 = CARTESIAN_POINT('',(52.927899056697,-3.68223969834E-14,-8.5));
#10612 = DIRECTION('',(0.,0.,1.));
#10613 = DIRECTION('',(1.,0.,0.));
#10614 = MANIFOLD_SOLID_BREP('',#10615);
#10615 = CLOSED_SHELL('',(#10616,#10656,#10687,#10718,#10740,#10752));
#10616 = ADVANCED_FACE('',(#10617),#10651,.T.);
#10617 = FACE_BOUND('',#10618,.T.);
#10618 = EDGE_LOOP('',(#10619,#10629,#10637,#10645));
#10619 = ORIENTED_EDGE('',*,*,#10620,.T.);
#10620 = EDGE_CURVE('',#10621,#10623,#10625,.T.);
#10621 = VERTEX_POINT('',#10622);
#10622 = CARTESIAN_POINT('',(55.167899056697,12.4,2.5));
#10623 = VERTEX_POINT('',#10624);
#10624 = CARTESIAN_POINT('',(55.167899056697,12.4,-8.5));
#10625 = LINE('',#10626,#10627);
#10626 = CARTESIAN_POINT('',(55.167899056697,12.4,2.5));
#10627 = VECTOR('',#10628,1.);
#10628 = DIRECTION('',(-0.,-0.,-1.));
#10629 = ORIENTED_EDGE('',*,*,#10630,.T.);
#10630 = EDGE_CURVE('',#10623,#10631,#10633,.T.);
#10631 = VERTEX_POINT('',#10632);
#10632 = CARTESIAN_POINT('',(55.767899056697,12.4,-8.5));
#10633 = LINE('',#10634,#10635);
#10634 = CARTESIAN_POINT('',(55.167899056697,12.4,-8.5));
#10635 = VECTOR('',#10636,1.);
#10636 = DIRECTION('',(1.,0.,0.));
#10637 = ORIENTED_EDGE('',*,*,#10638,.F.);
#10638 = EDGE_CURVE('',#10639,#10631,#10641,.T.);
#10639 = VERTEX_POINT('',#10640);
#10640 = CARTESIAN_POINT('',(55.767899056697,12.4,2.5));
#10641 = LINE('',#10642,#10643);
#10642 = CARTESIAN_POINT('',(55.767899056697,12.4,2.5));
#10643 = VECTOR('',#10644,1.);
#10644 = DIRECTION('',(-0.,-0.,-1.));
#10645 = ORIENTED_EDGE('',*,*,#10646,.F.);
#10646 = EDGE_CURVE('',#10621,#10639,#10647,.T.);
#10647 = LINE('',#10648,#10649);
#10648 = CARTESIAN_POINT('',(55.167899056697,12.4,2.5));
#10649 = VECTOR('',#10650,1.);
#10650 = DIRECTION('',(1.,0.,0.));
#10651 = PLANE('',#10652);
#10652 = AXIS2_PLACEMENT_3D('',#10653,#10654,#10655);
#10653 = CARTESIAN_POINT('',(55.167899056697,12.4,2.5));
#10654 = DIRECTION('',(0.,-1.,0.));
#10655 = DIRECTION('',(1.,0.,0.));
#10656 = ADVANCED_FACE('',(#10657),#10682,.T.);
#10657 = FACE_BOUND('',#10658,.T.);
#10658 = EDGE_LOOP('',(#10659,#10660,#10668,#10676));
#10659 = ORIENTED_EDGE('',*,*,#10638,.T.);
#10660 = ORIENTED_EDGE('',*,*,#10661,.T.);
#10661 = EDGE_CURVE('',#10631,#10662,#10664,.T.);
#10662 = VERTEX_POINT('',#10663);
#10663 = CARTESIAN_POINT('',(55.767899056697,13.,-8.5));
#10664 = LINE('',#10665,#10666);
#10665 = CARTESIAN_POINT('',(55.767899056697,12.4,-8.5));
#10666 = VECTOR('',#10667,1.);
#10667 = DIRECTION('',(0.,1.,0.));
#10668 = ORIENTED_EDGE('',*,*,#10669,.F.);
#10669 = EDGE_CURVE('',#10670,#10662,#10672,.T.);
#10670 = VERTEX_POINT('',#10671);
#10671 = CARTESIAN_POINT('',(55.767899056697,13.,2.5));
#10672 = LINE('',#10673,#10674);
#10673 = CARTESIAN_POINT('',(55.767899056697,13.,2.5));
#10674 = VECTOR('',#10675,1.);
#10675 = DIRECTION('',(-0.,-0.,-1.));
#10676 = ORIENTED_EDGE('',*,*,#10677,.F.);
#10677 = EDGE_CURVE('',#10639,#10670,#10678,.T.);
#10678 = LINE('',#10679,#10680);
#10679 = CARTESIAN_POINT('',(55.767899056697,12.4,2.5));
#10680 = VECTOR('',#10681,1.);
#10681 = DIRECTION('',(0.,1.,0.));
#10682 = PLANE('',#10683);
#10683 = AXIS2_PLACEMENT_3D('',#10684,#10685,#10686);
#10684 = CARTESIAN_POINT('',(55.767899056697,12.4,2.5));
#10685 = DIRECTION('',(1.,0.,0.));
#10686 = DIRECTION('',(0.,1.,0.));
#10687 = ADVANCED_FACE('',(#10688),#10713,.T.);
#10688 = FACE_BOUND('',#10689,.T.);
#10689 = EDGE_LOOP('',(#10690,#10691,#10699,#10707));
#10690 = ORIENTED_EDGE('',*,*,#10669,.T.);
#10691 = ORIENTED_EDGE('',*,*,#10692,.T.);
#10692 = EDGE_CURVE('',#10662,#10693,#10695,.T.);
#10693 = VERTEX_POINT('',#10694);
#10694 = CARTESIAN_POINT('',(55.167899056697,13.,-8.5));
#10695 = LINE('',#10696,#10697);
#10696 = CARTESIAN_POINT('',(55.767899056697,13.,-8.5));
#10697 = VECTOR('',#10698,1.);
#10698 = DIRECTION('',(-1.,0.,0.));
#10699 = ORIENTED_EDGE('',*,*,#10700,.F.);
#10700 = EDGE_CURVE('',#10701,#10693,#10703,.T.);
#10701 = VERTEX_POINT('',#10702);
#10702 = CARTESIAN_POINT('',(55.167899056697,13.,2.5));
#10703 = LINE('',#10704,#10705);
#10704 = CARTESIAN_POINT('',(55.167899056697,13.,2.5));
#10705 = VECTOR('',#10706,1.);
#10706 = DIRECTION('',(-0.,-0.,-1.));
#10707 = ORIENTED_EDGE('',*,*,#10708,.F.);
#10708 = EDGE_CURVE('',#10670,#10701,#10709,.T.);
#10709 = LINE('',#10710,#10711);
#10710 = CARTESIAN_POINT('',(55.767899056697,13.,2.5));
#10711 = VECTOR('',#10712,1.);
#10712 = DIRECTION('',(-1.,0.,0.));
#10713 = PLANE('',#10714);
#10714 = AXIS2_PLACEMENT_3D('',#10715,#10716,#10717);
#10715 = CARTESIAN_POINT('',(55.767899056697,13.,2.5));
#10716 = DIRECTION('',(0.,1.,0.));
#10717 = DIRECTION('',(-1.,0.,0.));
#10718 = ADVANCED_FACE('',(#10719),#10735,.T.);
#10719 = FACE_BOUND('',#10720,.T.);
#10720 = EDGE_LOOP('',(#10721,#10722,#10728,#10729));
#10721 = ORIENTED_EDGE('',*,*,#10700,.T.);
#10722 = ORIENTED_EDGE('',*,*,#10723,.T.);
#10723 = EDGE_CURVE('',#10693,#10623,#10724,.T.);
#10724 = LINE('',#10725,#10726);
#10725 = CARTESIAN_POINT('',(55.167899056697,13.,-8.5));
#10726 = VECTOR('',#10727,1.);
#10727 = DIRECTION('',(0.,-1.,0.));
#10728 = ORIENTED_EDGE('',*,*,#10620,.F.);
#10729 = ORIENTED_EDGE('',*,*,#10730,.F.);
#10730 = EDGE_CURVE('',#10701,#10621,#10731,.T.);
#10731 = LINE('',#10732,#10733);
#10732 = CARTESIAN_POINT('',(55.167899056697,13.,2.5));
#10733 = VECTOR('',#10734,1.);
#10734 = DIRECTION('',(0.,-1.,0.));
#10735 = PLANE('',#10736);
#10736 = AXIS2_PLACEMENT_3D('',#10737,#10738,#10739);
#10737 = CARTESIAN_POINT('',(55.167899056697,13.,2.5));
#10738 = DIRECTION('',(-1.,0.,0.));
#10739 = DIRECTION('',(0.,-1.,0.));
#10740 = ADVANCED_FACE('',(#10741),#10747,.T.);
#10741 = FACE_BOUND('',#10742,.T.);
#10742 = EDGE_LOOP('',(#10743,#10744,#10745,#10746));
#10743 = ORIENTED_EDGE('',*,*,#10646,.T.);
#10744 = ORIENTED_EDGE('',*,*,#10677,.T.);
#10745 = ORIENTED_EDGE('',*,*,#10708,.T.);
#10746 = ORIENTED_EDGE('',*,*,#10730,.T.);
#10747 = PLANE('',#10748);
#10748 = AXIS2_PLACEMENT_3D('',#10749,#10750,#10751);
#10749 = CARTESIAN_POINT('',(55.467899056697,-3.68223969834E-14,2.5));
#10750 = DIRECTION('',(0.,0.,1.));
#10751 = DIRECTION('',(1.,0.,0.));
#10752 = ADVANCED_FACE('',(#10753),#10759,.F.);
#10753 = FACE_BOUND('',#10754,.F.);
#10754 = EDGE_LOOP('',(#10755,#10756,#10757,#10758));
#10755 = ORIENTED_EDGE('',*,*,#10630,.T.);
#10756 = ORIENTED_EDGE('',*,*,#10661,.T.);
#10757 = ORIENTED_EDGE('',*,*,#10692,.T.);
#10758 = ORIENTED_EDGE('',*,*,#10723,.T.);
#10759 = PLANE('',#10760);
#10760 = AXIS2_PLACEMENT_3D('',#10761,#10762,#10763);
#10761 = CARTESIAN_POINT('',(55.467899056697,-3.68223969834E-14,-8.5));
#10762 = DIRECTION('',(0.,0.,1.));
#10763 = DIRECTION('',(1.,0.,0.));
#10764 = MANIFOLD_SOLID_BREP('',#10765);
#10765 = CLOSED_SHELL('',(#10766,#10806,#10837,#10868,#10890,#10902));
#10766 = ADVANCED_FACE('',(#10767),#10801,.T.);
#10767 = FACE_BOUND('',#10768,.T.);
#10768 = EDGE_LOOP('',(#10769,#10779,#10787,#10795));
#10769 = ORIENTED_EDGE('',*,*,#10770,.T.);
#10770 = EDGE_CURVE('',#10771,#10773,#10775,.T.);
#10771 = VERTEX_POINT('',#10772);
#10772 = CARTESIAN_POINT('',(55.167899056697,-13.,2.5));
#10773 = VERTEX_POINT('',#10774);
#10774 = CARTESIAN_POINT('',(55.167899056697,-13.,-8.5));
#10775 = LINE('',#10776,#10777);
#10776 = CARTESIAN_POINT('',(55.167899056697,-13.,2.5));
#10777 = VECTOR('',#10778,1.);
#10778 = DIRECTION('',(-0.,-0.,-1.));
#10779 = ORIENTED_EDGE('',*,*,#10780,.T.);
#10780 = EDGE_CURVE('',#10773,#10781,#10783,.T.);
#10781 = VERTEX_POINT('',#10782);
#10782 = CARTESIAN_POINT('',(55.767899056697,-13.,-8.5));
#10783 = LINE('',#10784,#10785);
#10784 = CARTESIAN_POINT('',(55.167899056697,-13.,-8.5));
#10785 = VECTOR('',#10786,1.);
#10786 = DIRECTION('',(1.,0.,0.));
#10787 = ORIENTED_EDGE('',*,*,#10788,.F.);
#10788 = EDGE_CURVE('',#10789,#10781,#10791,.T.);
#10789 = VERTEX_POINT('',#10790);
#10790 = CARTESIAN_POINT('',(55.767899056697,-13.,2.5));
#10791 = LINE('',#10792,#10793);
#10792 = CARTESIAN_POINT('',(55.767899056697,-13.,2.5));
#10793 = VECTOR('',#10794,1.);
#10794 = DIRECTION('',(-0.,-0.,-1.));
#10795 = ORIENTED_EDGE('',*,*,#10796,.F.);
#10796 = EDGE_CURVE('',#10771,#10789,#10797,.T.);
#10797 = LINE('',#10798,#10799);
#10798 = CARTESIAN_POINT('',(55.167899056697,-13.,2.5));
#10799 = VECTOR('',#10800,1.);
#10800 = DIRECTION('',(1.,0.,0.));
#10801 = PLANE('',#10802);
#10802 = AXIS2_PLACEMENT_3D('',#10803,#10804,#10805);
#10803 = CARTESIAN_POINT('',(55.167899056697,-13.,2.5));
#10804 = DIRECTION('',(0.,-1.,0.));
#10805 = DIRECTION('',(1.,0.,0.));
#10806 = ADVANCED_FACE('',(#10807),#10832,.T.);
#10807 = FACE_BOUND('',#10808,.T.);
#10808 = EDGE_LOOP('',(#10809,#10810,#10818,#10826));
#10809 = ORIENTED_EDGE('',*,*,#10788,.T.);
#10810 = ORIENTED_EDGE('',*,*,#10811,.T.);
#10811 = EDGE_CURVE('',#10781,#10812,#10814,.T.);
#10812 = VERTEX_POINT('',#10813);
#10813 = CARTESIAN_POINT('',(55.767899056697,-12.4,-8.5));
#10814 = LINE('',#10815,#10816);
#10815 = CARTESIAN_POINT('',(55.767899056697,-13.,-8.5));
#10816 = VECTOR('',#10817,1.);
#10817 = DIRECTION('',(0.,1.,0.));
#10818 = ORIENTED_EDGE('',*,*,#10819,.F.);
#10819 = EDGE_CURVE('',#10820,#10812,#10822,.T.);
#10820 = VERTEX_POINT('',#10821);
#10821 = CARTESIAN_POINT('',(55.767899056697,-12.4,2.5));
#10822 = LINE('',#10823,#10824);
#10823 = CARTESIAN_POINT('',(55.767899056697,-12.4,2.5));
#10824 = VECTOR('',#10825,1.);
#10825 = DIRECTION('',(-0.,-0.,-1.));
#10826 = ORIENTED_EDGE('',*,*,#10827,.F.);
#10827 = EDGE_CURVE('',#10789,#10820,#10828,.T.);
#10828 = LINE('',#10829,#10830);
#10829 = CARTESIAN_POINT('',(55.767899056697,-13.,2.5));
#10830 = VECTOR('',#10831,1.);
#10831 = DIRECTION('',(0.,1.,0.));
#10832 = PLANE('',#10833);
#10833 = AXIS2_PLACEMENT_3D('',#10834,#10835,#10836);
#10834 = CARTESIAN_POINT('',(55.767899056697,-13.,2.5));
#10835 = DIRECTION('',(1.,0.,0.));
#10836 = DIRECTION('',(0.,1.,0.));
#10837 = ADVANCED_FACE('',(#10838),#10863,.T.);
#10838 = FACE_BOUND('',#10839,.T.);
#10839 = EDGE_LOOP('',(#10840,#10841,#10849,#10857));
#10840 = ORIENTED_EDGE('',*,*,#10819,.T.);
#10841 = ORIENTED_EDGE('',*,*,#10842,.T.);
#10842 = EDGE_CURVE('',#10812,#10843,#10845,.T.);
#10843 = VERTEX_POINT('',#10844);
#10844 = CARTESIAN_POINT('',(55.167899056697,-12.4,-8.5));
#10845 = LINE('',#10846,#10847);
#10846 = CARTESIAN_POINT('',(55.767899056697,-12.4,-8.5));
#10847 = VECTOR('',#10848,1.);
#10848 = DIRECTION('',(-1.,0.,0.));
#10849 = ORIENTED_EDGE('',*,*,#10850,.F.);
#10850 = EDGE_CURVE('',#10851,#10843,#10853,.T.);
#10851 = VERTEX_POINT('',#10852);
#10852 = CARTESIAN_POINT('',(55.167899056697,-12.4,2.5));
#10853 = LINE('',#10854,#10855);
#10854 = CARTESIAN_POINT('',(55.167899056697,-12.4,2.5));
#10855 = VECTOR('',#10856,1.);
#10856 = DIRECTION('',(-0.,-0.,-1.));
#10857 = ORIENTED_EDGE('',*,*,#10858,.F.);
#10858 = EDGE_CURVE('',#10820,#10851,#10859,.T.);
#10859 = LINE('',#10860,#10861);
#10860 = CARTESIAN_POINT('',(55.767899056697,-12.4,2.5));
#10861 = VECTOR('',#10862,1.);
#10862 = DIRECTION('',(-1.,0.,0.));
#10863 = PLANE('',#10864);
#10864 = AXIS2_PLACEMENT_3D('',#10865,#10866,#10867);
#10865 = CARTESIAN_POINT('',(55.767899056697,-12.4,2.5));
#10866 = DIRECTION('',(0.,1.,0.));
#10867 = DIRECTION('',(-1.,0.,0.));
#10868 = ADVANCED_FACE('',(#10869),#10885,.T.);
#10869 = FACE_BOUND('',#10870,.T.);
#10870 = EDGE_LOOP('',(#10871,#10872,#10878,#10879));
#10871 = ORIENTED_EDGE('',*,*,#10850,.T.);
#10872 = ORIENTED_EDGE('',*,*,#10873,.T.);
#10873 = EDGE_CURVE('',#10843,#10773,#10874,.T.);
#10874 = LINE('',#10875,#10876);
#10875 = CARTESIAN_POINT('',(55.167899056697,-12.4,-8.5));
#10876 = VECTOR('',#10877,1.);
#10877 = DIRECTION('',(0.,-1.,0.));
#10878 = ORIENTED_EDGE('',*,*,#10770,.F.);
#10879 = ORIENTED_EDGE('',*,*,#10880,.F.);
#10880 = EDGE_CURVE('',#10851,#10771,#10881,.T.);
#10881 = LINE('',#10882,#10883);
#10882 = CARTESIAN_POINT('',(55.167899056697,-12.4,2.5));
#10883 = VECTOR('',#10884,1.);
#10884 = DIRECTION('',(0.,-1.,0.));
#10885 = PLANE('',#10886);
#10886 = AXIS2_PLACEMENT_3D('',#10887,#10888,#10889);
#10887 = CARTESIAN_POINT('',(55.167899056697,-12.4,2.5));
#10888 = DIRECTION('',(-1.,0.,0.));
#10889 = DIRECTION('',(0.,-1.,0.));
#10890 = ADVANCED_FACE('',(#10891),#10897,.T.);
#10891 = FACE_BOUND('',#10892,.T.);
#10892 = EDGE_LOOP('',(#10893,#10894,#10895,#10896));
#10893 = ORIENTED_EDGE('',*,*,#10796,.T.);
#10894 = ORIENTED_EDGE('',*,*,#10827,.T.);
#10895 = ORIENTED_EDGE('',*,*,#10858,.T.);
#10896 = ORIENTED_EDGE('',*,*,#10880,.T.);
#10897 = PLANE('',#10898);
#10898 = AXIS2_PLACEMENT_3D('',#10899,#10900,#10901);
#10899 = CARTESIAN_POINT('',(55.467899056697,-3.68223969834E-14,2.5));
#10900 = DIRECTION('',(0.,0.,1.));
#10901 = DIRECTION('',(1.,0.,0.));
#10902 = ADVANCED_FACE('',(#10903),#10909,.F.);
#10903 = FACE_BOUND('',#10904,.F.);
#10904 = EDGE_LOOP('',(#10905,#10906,#10907,#10908));
#10905 = ORIENTED_EDGE('',*,*,#10780,.T.);
#10906 = ORIENTED_EDGE('',*,*,#10811,.T.);
#10907 = ORIENTED_EDGE('',*,*,#10842,.T.);
#10908 = ORIENTED_EDGE('',*,*,#10873,.T.);
#10909 = PLANE('',#10910);
#10910 = AXIS2_PLACEMENT_3D('',#10911,#10912,#10913);
#10911 = CARTESIAN_POINT('',(55.467899056697,-3.68223969834E-14,-8.5));
#10912 = DIRECTION('',(0.,0.,1.));
#10913 = DIRECTION('',(1.,0.,0.));
#10914 = MANIFOLD_SOLID_BREP('',#10915);
#10915 = CLOSED_SHELL('',(#10916,#10956,#10987,#11018,#11040,#11052));
#10916 = ADVANCED_FACE('',(#10917),#10951,.T.);
#10917 = FACE_BOUND('',#10918,.T.);
#10918 = EDGE_LOOP('',(#10919,#10929,#10937,#10945));
#10919 = ORIENTED_EDGE('',*,*,#10920,.T.);
#10920 = EDGE_CURVE('',#10921,#10923,#10925,.T.);
#10921 = VERTEX_POINT('',#10922);
#10922 = CARTESIAN_POINT('',(57.707899056697,12.4,2.5));
#10923 = VERTEX_POINT('',#10924);
#10924 = CARTESIAN_POINT('',(57.707899056697,12.4,-8.5));
#10925 = LINE('',#10926,#10927);
#10926 = CARTESIAN_POINT('',(57.707899056697,12.4,2.5));
#10927 = VECTOR('',#10928,1.);
#10928 = DIRECTION('',(-0.,-0.,-1.));
#10929 = ORIENTED_EDGE('',*,*,#10930,.T.);
#10930 = EDGE_CURVE('',#10923,#10931,#10933,.T.);
#10931 = VERTEX_POINT('',#10932);
#10932 = CARTESIAN_POINT('',(58.307899056697,12.4,-8.5));
#10933 = LINE('',#10934,#10935);
#10934 = CARTESIAN_POINT('',(57.707899056697,12.4,-8.5));
#10935 = VECTOR('',#10936,1.);
#10936 = DIRECTION('',(1.,0.,0.));
#10937 = ORIENTED_EDGE('',*,*,#10938,.F.);
#10938 = EDGE_CURVE('',#10939,#10931,#10941,.T.);
#10939 = VERTEX_POINT('',#10940);
#10940 = CARTESIAN_POINT('',(58.307899056697,12.4,2.5));
#10941 = LINE('',#10942,#10943);
#10942 = CARTESIAN_POINT('',(58.307899056697,12.4,2.5));
#10943 = VECTOR('',#10944,1.);
#10944 = DIRECTION('',(-0.,-0.,-1.));
#10945 = ORIENTED_EDGE('',*,*,#10946,.F.);
#10946 = EDGE_CURVE('',#10921,#10939,#10947,.T.);
#10947 = LINE('',#10948,#10949);
#10948 = CARTESIAN_POINT('',(57.707899056697,12.4,2.5));
#10949 = VECTOR('',#10950,1.);
#10950 = DIRECTION('',(1.,0.,0.));
#10951 = PLANE('',#10952);
#10952 = AXIS2_PLACEMENT_3D('',#10953,#10954,#10955);
#10953 = CARTESIAN_POINT('',(57.707899056697,12.4,2.5));
#10954 = DIRECTION('',(0.,-1.,0.));
#10955 = DIRECTION('',(1.,0.,0.));
#10956 = ADVANCED_FACE('',(#10957),#10982,.T.);
#10957 = FACE_BOUND('',#10958,.T.);
#10958 = EDGE_LOOP('',(#10959,#10960,#10968,#10976));
#10959 = ORIENTED_EDGE('',*,*,#10938,.T.);
#10960 = ORIENTED_EDGE('',*,*,#10961,.T.);
#10961 = EDGE_CURVE('',#10931,#10962,#10964,.T.);
#10962 = VERTEX_POINT('',#10963);
#10963 = CARTESIAN_POINT('',(58.307899056697,13.,-8.5));
#10964 = LINE('',#10965,#10966);
#10965 = CARTESIAN_POINT('',(58.307899056697,12.4,-8.5));
#10966 = VECTOR('',#10967,1.);
#10967 = DIRECTION('',(0.,1.,0.));
#10968 = ORIENTED_EDGE('',*,*,#10969,.F.);
#10969 = EDGE_CURVE('',#10970,#10962,#10972,.T.);
#10970 = VERTEX_POINT('',#10971);
#10971 = CARTESIAN_POINT('',(58.307899056697,13.,2.5));
#10972 = LINE('',#10973,#10974);
#10973 = CARTESIAN_POINT('',(58.307899056697,13.,2.5));
#10974 = VECTOR('',#10975,1.);
#10975 = DIRECTION('',(-0.,-0.,-1.));
#10976 = ORIENTED_EDGE('',*,*,#10977,.F.);
#10977 = EDGE_CURVE('',#10939,#10970,#10978,.T.);
#10978 = LINE('',#10979,#10980);
#10979 = CARTESIAN_POINT('',(58.307899056697,12.4,2.5));
#10980 = VECTOR('',#10981,1.);
#10981 = DIRECTION('',(0.,1.,0.));
#10982 = PLANE('',#10983);
#10983 = AXIS2_PLACEMENT_3D('',#10984,#10985,#10986);
#10984 = CARTESIAN_POINT('',(58.307899056697,12.4,2.5));
#10985 = DIRECTION('',(1.,0.,0.));
#10986 = DIRECTION('',(0.,1.,0.));
#10987 = ADVANCED_FACE('',(#10988),#11013,.T.);
#10988 = FACE_BOUND('',#10989,.T.);
#10989 = EDGE_LOOP('',(#10990,#10991,#10999,#11007));
#10990 = ORIENTED_EDGE('',*,*,#10969,.T.);
#10991 = ORIENTED_EDGE('',*,*,#10992,.T.);
#10992 = EDGE_CURVE('',#10962,#10993,#10995,.T.);
#10993 = VERTEX_POINT('',#10994);
#10994 = CARTESIAN_POINT('',(57.707899056697,13.,-8.5));
#10995 = LINE('',#10996,#10997);
#10996 = CARTESIAN_POINT('',(58.307899056697,13.,-8.5));
#10997 = VECTOR('',#10998,1.);
#10998 = DIRECTION('',(-1.,0.,0.));
#10999 = ORIENTED_EDGE('',*,*,#11000,.F.);
#11000 = EDGE_CURVE('',#11001,#10993,#11003,.T.);
#11001 = VERTEX_POINT('',#11002);
#11002 = CARTESIAN_POINT('',(57.707899056697,13.,2.5));
#11003 = LINE('',#11004,#11005);
#11004 = CARTESIAN_POINT('',(57.707899056697,13.,2.5));
#11005 = VECTOR('',#11006,1.);
#11006 = DIRECTION('',(-0.,-0.,-1.));
#11007 = ORIENTED_EDGE('',*,*,#11008,.F.);
#11008 = EDGE_CURVE('',#10970,#11001,#11009,.T.);
#11009 = LINE('',#11010,#11011);
#11010 = CARTESIAN_POINT('',(58.307899056697,13.,2.5));
#11011 = VECTOR('',#11012,1.);
#11012 = DIRECTION('',(-1.,0.,0.));
#11013 = PLANE('',#11014);
#11014 = AXIS2_PLACEMENT_3D('',#11015,#11016,#11017);
#11015 = CARTESIAN_POINT('',(58.307899056697,13.,2.5));
#11016 = DIRECTION('',(0.,1.,0.));
#11017 = DIRECTION('',(-1.,0.,0.));
#11018 = ADVANCED_FACE('',(#11019),#11035,.T.);
#11019 = FACE_BOUND('',#11020,.T.);
#11020 = EDGE_LOOP('',(#11021,#11022,#11028,#11029));
#11021 = ORIENTED_EDGE('',*,*,#11000,.T.);
#11022 = ORIENTED_EDGE('',*,*,#11023,.T.);
#11023 = EDGE_CURVE('',#10993,#10923,#11024,.T.);
#11024 = LINE('',#11025,#11026);
#11025 = CARTESIAN_POINT('',(57.707899056697,13.,-8.5));
#11026 = VECTOR('',#11027,1.);
#11027 = DIRECTION('',(0.,-1.,0.));
#11028 = ORIENTED_EDGE('',*,*,#10920,.F.);
#11029 = ORIENTED_EDGE('',*,*,#11030,.F.);
#11030 = EDGE_CURVE('',#11001,#10921,#11031,.T.);
#11031 = LINE('',#11032,#11033);
#11032 = CARTESIAN_POINT('',(57.707899056697,13.,2.5));
#11033 = VECTOR('',#11034,1.);
#11034 = DIRECTION('',(0.,-1.,0.));
#11035 = PLANE('',#11036);
#11036 = AXIS2_PLACEMENT_3D('',#11037,#11038,#11039);
#11037 = CARTESIAN_POINT('',(57.707899056697,13.,2.5));
#11038 = DIRECTION('',(-1.,0.,0.));
#11039 = DIRECTION('',(0.,-1.,0.));
#11040 = ADVANCED_FACE('',(#11041),#11047,.T.);
#11041 = FACE_BOUND('',#11042,.T.);
#11042 = EDGE_LOOP('',(#11043,#11044,#11045,#11046));
#11043 = ORIENTED_EDGE('',*,*,#10946,.T.);
#11044 = ORIENTED_EDGE('',*,*,#10977,.T.);
#11045 = ORIENTED_EDGE('',*,*,#11008,.T.);
#11046 = ORIENTED_EDGE('',*,*,#11030,.T.);
#11047 = PLANE('',#11048);
#11048 = AXIS2_PLACEMENT_3D('',#11049,#11050,#11051);
#11049 = CARTESIAN_POINT('',(58.007899056697,-3.68223969834E-14,2.5));
#11050 = DIRECTION('',(0.,0.,1.));
#11051 = DIRECTION('',(1.,0.,0.));
#11052 = ADVANCED_FACE('',(#11053),#11059,.F.);
#11053 = FACE_BOUND('',#11054,.F.);
#11054 = EDGE_LOOP('',(#11055,#11056,#11057,#11058));
#11055 = ORIENTED_EDGE('',*,*,#10930,.T.);
#11056 = ORIENTED_EDGE('',*,*,#10961,.T.);
#11057 = ORIENTED_EDGE('',*,*,#10992,.T.);
#11058 = ORIENTED_EDGE('',*,*,#11023,.T.);
#11059 = PLANE('',#11060);
#11060 = AXIS2_PLACEMENT_3D('',#11061,#11062,#11063);
#11061 = CARTESIAN_POINT('',(58.007899056697,-3.68223969834E-14,-8.5));
#11062 = DIRECTION('',(0.,0.,1.));
#11063 = DIRECTION('',(1.,0.,0.));
#11064 = MANIFOLD_SOLID_BREP('',#11065);
#11065 = CLOSED_SHELL('',(#11066,#11106,#11137,#11168,#11190,#11202));
#11066 = ADVANCED_FACE('',(#11067),#11101,.T.);
#11067 = FACE_BOUND('',#11068,.T.);
#11068 = EDGE_LOOP('',(#11069,#11079,#11087,#11095));
#11069 = ORIENTED_EDGE('',*,*,#11070,.T.);
#11070 = EDGE_CURVE('',#11071,#11073,#11075,.T.);
#11071 = VERTEX_POINT('',#11072);
#11072 = CARTESIAN_POINT('',(57.707899056697,-13.,2.5));
#11073 = VERTEX_POINT('',#11074);
#11074 = CARTESIAN_POINT('',(57.707899056697,-13.,-8.5));
#11075 = LINE('',#11076,#11077);
#11076 = CARTESIAN_POINT('',(57.707899056697,-13.,2.5));
#11077 = VECTOR('',#11078,1.);
#11078 = DIRECTION('',(-0.,-0.,-1.));
#11079 = ORIENTED_EDGE('',*,*,#11080,.T.);
#11080 = EDGE_CURVE('',#11073,#11081,#11083,.T.);
#11081 = VERTEX_POINT('',#11082);
#11082 = CARTESIAN_POINT('',(58.307899056697,-13.,-8.5));
#11083 = LINE('',#11084,#11085);
#11084 = CARTESIAN_POINT('',(57.707899056697,-13.,-8.5));
#11085 = VECTOR('',#11086,1.);
#11086 = DIRECTION('',(1.,0.,0.));
#11087 = ORIENTED_EDGE('',*,*,#11088,.F.);
#11088 = EDGE_CURVE('',#11089,#11081,#11091,.T.);
#11089 = VERTEX_POINT('',#11090);
#11090 = CARTESIAN_POINT('',(58.307899056697,-13.,2.5));
#11091 = LINE('',#11092,#11093);
#11092 = CARTESIAN_POINT('',(58.307899056697,-13.,2.5));
#11093 = VECTOR('',#11094,1.);
#11094 = DIRECTION('',(-0.,-0.,-1.));
#11095 = ORIENTED_EDGE('',*,*,#11096,.F.);
#11096 = EDGE_CURVE('',#11071,#11089,#11097,.T.);
#11097 = LINE('',#11098,#11099);
#11098 = CARTESIAN_POINT('',(57.707899056697,-13.,2.5));
#11099 = VECTOR('',#11100,1.);
#11100 = DIRECTION('',(1.,0.,0.));
#11101 = PLANE('',#11102);
#11102 = AXIS2_PLACEMENT_3D('',#11103,#11104,#11105);
#11103 = CARTESIAN_POINT('',(57.707899056697,-13.,2.5));
#11104 = DIRECTION('',(0.,-1.,0.));
#11105 = DIRECTION('',(1.,0.,0.));
#11106 = ADVANCED_FACE('',(#11107),#11132,.T.);
#11107 = FACE_BOUND('',#11108,.T.);
#11108 = EDGE_LOOP('',(#11109,#11110,#11118,#11126));
#11109 = ORIENTED_EDGE('',*,*,#11088,.T.);
#11110 = ORIENTED_EDGE('',*,*,#11111,.T.);
#11111 = EDGE_CURVE('',#11081,#11112,#11114,.T.);
#11112 = VERTEX_POINT('',#11113);
#11113 = CARTESIAN_POINT('',(58.307899056697,-12.4,-8.5));
#11114 = LINE('',#11115,#11116);
#11115 = CARTESIAN_POINT('',(58.307899056697,-13.,-8.5));
#11116 = VECTOR('',#11117,1.);
#11117 = DIRECTION('',(0.,1.,0.));
#11118 = ORIENTED_EDGE('',*,*,#11119,.F.);
#11119 = EDGE_CURVE('',#11120,#11112,#11122,.T.);
#11120 = VERTEX_POINT('',#11121);
#11121 = CARTESIAN_POINT('',(58.307899056697,-12.4,2.5));
#11122 = LINE('',#11123,#11124);
#11123 = CARTESIAN_POINT('',(58.307899056697,-12.4,2.5));
#11124 = VECTOR('',#11125,1.);
#11125 = DIRECTION('',(-0.,-0.,-1.));
#11126 = ORIENTED_EDGE('',*,*,#11127,.F.);
#11127 = EDGE_CURVE('',#11089,#11120,#11128,.T.);
#11128 = LINE('',#11129,#11130);
#11129 = CARTESIAN_POINT('',(58.307899056697,-13.,2.5));
#11130 = VECTOR('',#11131,1.);
#11131 = DIRECTION('',(0.,1.,0.));
#11132 = PLANE('',#11133);
#11133 = AXIS2_PLACEMENT_3D('',#11134,#11135,#11136);
#11134 = CARTESIAN_POINT('',(58.307899056697,-13.,2.5));
#11135 = DIRECTION('',(1.,0.,0.));
#11136 = DIRECTION('',(0.,1.,0.));
#11137 = ADVANCED_FACE('',(#11138),#11163,.T.);
#11138 = FACE_BOUND('',#11139,.T.);
#11139 = EDGE_LOOP('',(#11140,#11141,#11149,#11157));
#11140 = ORIENTED_EDGE('',*,*,#11119,.T.);
#11141 = ORIENTED_EDGE('',*,*,#11142,.T.);
#11142 = EDGE_CURVE('',#11112,#11143,#11145,.T.);
#11143 = VERTEX_POINT('',#11144);
#11144 = CARTESIAN_POINT('',(57.707899056697,-12.4,-8.5));
#11145 = LINE('',#11146,#11147);
#11146 = CARTESIAN_POINT('',(58.307899056697,-12.4,-8.5));
#11147 = VECTOR('',#11148,1.);
#11148 = DIRECTION('',(-1.,0.,0.));
#11149 = ORIENTED_EDGE('',*,*,#11150,.F.);
#11150 = EDGE_CURVE('',#11151,#11143,#11153,.T.);
#11151 = VERTEX_POINT('',#11152);
#11152 = CARTESIAN_POINT('',(57.707899056697,-12.4,2.5));
#11153 = LINE('',#11154,#11155);
#11154 = CARTESIAN_POINT('',(57.707899056697,-12.4,2.5));
#11155 = VECTOR('',#11156,1.);
#11156 = DIRECTION('',(-0.,-0.,-1.));
#11157 = ORIENTED_EDGE('',*,*,#11158,.F.);
#11158 = EDGE_CURVE('',#11120,#11151,#11159,.T.);
#11159 = LINE('',#11160,#11161);
#11160 = CARTESIAN_POINT('',(58.307899056697,-12.4,2.5));
#11161 = VECTOR('',#11162,1.);
#11162 = DIRECTION('',(-1.,0.,0.));
#11163 = PLANE('',#11164);
#11164 = AXIS2_PLACEMENT_3D('',#11165,#11166,#11167);
#11165 = CARTESIAN_POINT('',(58.307899056697,-12.4,2.5));
#11166 = DIRECTION('',(0.,1.,0.));
#11167 = DIRECTION('',(-1.,0.,0.));
#11168 = ADVANCED_FACE('',(#11169),#11185,.T.);
#11169 = FACE_BOUND('',#11170,.T.);
#11170 = EDGE_LOOP('',(#11171,#11172,#11178,#11179));
#11171 = ORIENTED_EDGE('',*,*,#11150,.T.);
#11172 = ORIENTED_EDGE('',*,*,#11173,.T.);
#11173 = EDGE_CURVE('',#11143,#11073,#11174,.T.);
#11174 = LINE('',#11175,#11176);
#11175 = CARTESIAN_POINT('',(57.707899056697,-12.4,-8.5));
#11176 = VECTOR('',#11177,1.);
#11177 = DIRECTION('',(0.,-1.,0.));
#11178 = ORIENTED_EDGE('',*,*,#11070,.F.);
#11179 = ORIENTED_EDGE('',*,*,#11180,.F.);
#11180 = EDGE_CURVE('',#11151,#11071,#11181,.T.);
#11181 = LINE('',#11182,#11183);
#11182 = CARTESIAN_POINT('',(57.707899056697,-12.4,2.5));
#11183 = VECTOR('',#11184,1.);
#11184 = DIRECTION('',(0.,-1.,0.));
#11185 = PLANE('',#11186);
#11186 = AXIS2_PLACEMENT_3D('',#11187,#11188,#11189);
#11187 = CARTESIAN_POINT('',(57.707899056697,-12.4,2.5));
#11188 = DIRECTION('',(-1.,0.,0.));
#11189 = DIRECTION('',(0.,-1.,0.));
#11190 = ADVANCED_FACE('',(#11191),#11197,.T.);
#11191 = FACE_BOUND('',#11192,.T.);
#11192 = EDGE_LOOP('',(#11193,#11194,#11195,#11196));
#11193 = ORIENTED_EDGE('',*,*,#11096,.T.);
#11194 = ORIENTED_EDGE('',*,*,#11127,.T.);
#11195 = ORIENTED_EDGE('',*,*,#11158,.T.);
#11196 = ORIENTED_EDGE('',*,*,#11180,.T.);
#11197 = PLANE('',#11198);
#11198 = AXIS2_PLACEMENT_3D('',#11199,#11200,#11201);
#11199 = CARTESIAN_POINT('',(58.007899056697,-3.68223969834E-14,2.5));
#11200 = DIRECTION('',(0.,0.,1.));
#11201 = DIRECTION('',(1.,0.,0.));
#11202 = ADVANCED_FACE('',(#11203),#11209,.F.);
#11203 = FACE_BOUND('',#11204,.F.);
#11204 = EDGE_LOOP('',(#11205,#11206,#11207,#11208));
#11205 = ORIENTED_EDGE('',*,*,#11080,.T.);
#11206 = ORIENTED_EDGE('',*,*,#11111,.T.);
#11207 = ORIENTED_EDGE('',*,*,#11142,.T.);
#11208 = ORIENTED_EDGE('',*,*,#11173,.T.);
#11209 = PLANE('',#11210);
#11210 = AXIS2_PLACEMENT_3D('',#11211,#11212,#11213);
#11211 = CARTESIAN_POINT('',(58.007899056697,-3.68223969834E-14,-8.5));
#11212 = DIRECTION('',(0.,0.,1.));
#11213 = DIRECTION('',(1.,0.,0.));
#11214 = MANIFOLD_SOLID_BREP('',#11215);
#11215 = CLOSED_SHELL('',(#11216,#11256,#11287,#11318,#11340,#11352));
#11216 = ADVANCED_FACE('',(#11217),#11251,.T.);
#11217 = FACE_BOUND('',#11218,.T.);
#11218 = EDGE_LOOP('',(#11219,#11229,#11237,#11245));
#11219 = ORIENTED_EDGE('',*,*,#11220,.T.);
#11220 = EDGE_CURVE('',#11221,#11223,#11225,.T.);
#11221 = VERTEX_POINT('',#11222);
#11222 = CARTESIAN_POINT('',(60.247899056697,12.4,2.5));
#11223 = VERTEX_POINT('',#11224);
#11224 = CARTESIAN_POINT('',(60.247899056697,12.4,-8.5));
#11225 = LINE('',#11226,#11227);
#11226 = CARTESIAN_POINT('',(60.247899056697,12.4,2.5));
#11227 = VECTOR('',#11228,1.);
#11228 = DIRECTION('',(-0.,-0.,-1.));
#11229 = ORIENTED_EDGE('',*,*,#11230,.T.);
#11230 = EDGE_CURVE('',#11223,#11231,#11233,.T.);
#11231 = VERTEX_POINT('',#11232);
#11232 = CARTESIAN_POINT('',(60.847899056697,12.4,-8.5));
#11233 = LINE('',#11234,#11235);
#11234 = CARTESIAN_POINT('',(60.247899056697,12.4,-8.5));
#11235 = VECTOR('',#11236,1.);
#11236 = DIRECTION('',(1.,0.,0.));
#11237 = ORIENTED_EDGE('',*,*,#11238,.F.);
#11238 = EDGE_CURVE('',#11239,#11231,#11241,.T.);
#11239 = VERTEX_POINT('',#11240);
#11240 = CARTESIAN_POINT('',(60.847899056697,12.4,2.5));
#11241 = LINE('',#11242,#11243);
#11242 = CARTESIAN_POINT('',(60.847899056697,12.4,2.5));
#11243 = VECTOR('',#11244,1.);
#11244 = DIRECTION('',(-0.,-0.,-1.));
#11245 = ORIENTED_EDGE('',*,*,#11246,.F.);
#11246 = EDGE_CURVE('',#11221,#11239,#11247,.T.);
#11247 = LINE('',#11248,#11249);
#11248 = CARTESIAN_POINT('',(60.247899056697,12.4,2.5));
#11249 = VECTOR('',#11250,1.);
#11250 = DIRECTION('',(1.,0.,0.));
#11251 = PLANE('',#11252);
#11252 = AXIS2_PLACEMENT_3D('',#11253,#11254,#11255);
#11253 = CARTESIAN_POINT('',(60.247899056697,12.4,2.5));
#11254 = DIRECTION('',(0.,-1.,0.));
#11255 = DIRECTION('',(1.,0.,0.));
#11256 = ADVANCED_FACE('',(#11257),#11282,.T.);
#11257 = FACE_BOUND('',#11258,.T.);
#11258 = EDGE_LOOP('',(#11259,#11260,#11268,#11276));
#11259 = ORIENTED_EDGE('',*,*,#11238,.T.);
#11260 = ORIENTED_EDGE('',*,*,#11261,.T.);
#11261 = EDGE_CURVE('',#11231,#11262,#11264,.T.);
#11262 = VERTEX_POINT('',#11263);
#11263 = CARTESIAN_POINT('',(60.847899056697,13.,-8.5));
#11264 = LINE('',#11265,#11266);
#11265 = CARTESIAN_POINT('',(60.847899056697,12.4,-8.5));
#11266 = VECTOR('',#11267,1.);
#11267 = DIRECTION('',(0.,1.,0.));
#11268 = ORIENTED_EDGE('',*,*,#11269,.F.);
#11269 = EDGE_CURVE('',#11270,#11262,#11272,.T.);
#11270 = VERTEX_POINT('',#11271);
#11271 = CARTESIAN_POINT('',(60.847899056697,13.,2.5));
#11272 = LINE('',#11273,#11274);
#11273 = CARTESIAN_POINT('',(60.847899056697,13.,2.5));
#11274 = VECTOR('',#11275,1.);
#11275 = DIRECTION('',(-0.,-0.,-1.));
#11276 = ORIENTED_EDGE('',*,*,#11277,.F.);
#11277 = EDGE_CURVE('',#11239,#11270,#11278,.T.);
#11278 = LINE('',#11279,#11280);
#11279 = CARTESIAN_POINT('',(60.847899056697,12.4,2.5));
#11280 = VECTOR('',#11281,1.);
#11281 = DIRECTION('',(0.,1.,0.));
#11282 = PLANE('',#11283);
#11283 = AXIS2_PLACEMENT_3D('',#11284,#11285,#11286);
#11284 = CARTESIAN_POINT('',(60.847899056697,12.4,2.5));
#11285 = DIRECTION('',(1.,0.,0.));
#11286 = DIRECTION('',(0.,1.,0.));
#11287 = ADVANCED_FACE('',(#11288),#11313,.T.);
#11288 = FACE_BOUND('',#11289,.T.);
#11289 = EDGE_LOOP('',(#11290,#11291,#11299,#11307));
#11290 = ORIENTED_EDGE('',*,*,#11269,.T.);
#11291 = ORIENTED_EDGE('',*,*,#11292,.T.);
#11292 = EDGE_CURVE('',#11262,#11293,#11295,.T.);
#11293 = VERTEX_POINT('',#11294);
#11294 = CARTESIAN_POINT('',(60.247899056697,13.,-8.5));
#11295 = LINE('',#11296,#11297);
#11296 = CARTESIAN_POINT('',(60.847899056697,13.,-8.5));
#11297 = VECTOR('',#11298,1.);
#11298 = DIRECTION('',(-1.,0.,0.));
#11299 = ORIENTED_EDGE('',*,*,#11300,.F.);
#11300 = EDGE_CURVE('',#11301,#11293,#11303,.T.);
#11301 = VERTEX_POINT('',#11302);
#11302 = CARTESIAN_POINT('',(60.247899056697,13.,2.5));
#11303 = LINE('',#11304,#11305);
#11304 = CARTESIAN_POINT('',(60.247899056697,13.,2.5));
#11305 = VECTOR('',#11306,1.);
#11306 = DIRECTION('',(-0.,-0.,-1.));
#11307 = ORIENTED_EDGE('',*,*,#11308,.F.);
#11308 = EDGE_CURVE('',#11270,#11301,#11309,.T.);
#11309 = LINE('',#11310,#11311);
#11310 = CARTESIAN_POINT('',(60.847899056697,13.,2.5));
#11311 = VECTOR('',#11312,1.);
#11312 = DIRECTION('',(-1.,0.,0.));
#11313 = PLANE('',#11314);
#11314 = AXIS2_PLACEMENT_3D('',#11315,#11316,#11317);
#11315 = CARTESIAN_POINT('',(60.847899056697,13.,2.5));
#11316 = DIRECTION('',(0.,1.,0.));
#11317 = DIRECTION('',(-1.,0.,0.));
#11318 = ADVANCED_FACE('',(#11319),#11335,.T.);
#11319 = FACE_BOUND('',#11320,.T.);
#11320 = EDGE_LOOP('',(#11321,#11322,#11328,#11329));
#11321 = ORIENTED_EDGE('',*,*,#11300,.T.);
#11322 = ORIENTED_EDGE('',*,*,#11323,.T.);
#11323 = EDGE_CURVE('',#11293,#11223,#11324,.T.);
#11324 = LINE('',#11325,#11326);
#11325 = CARTESIAN_POINT('',(60.247899056697,13.,-8.5));
#11326 = VECTOR('',#11327,1.);
#11327 = DIRECTION('',(0.,-1.,0.));
#11328 = ORIENTED_EDGE('',*,*,#11220,.F.);
#11329 = ORIENTED_EDGE('',*,*,#11330,.F.);
#11330 = EDGE_CURVE('',#11301,#11221,#11331,.T.);
#11331 = LINE('',#11332,#11333);
#11332 = CARTESIAN_POINT('',(60.247899056697,13.,2.5));
#11333 = VECTOR('',#11334,1.);
#11334 = DIRECTION('',(0.,-1.,0.));
#11335 = PLANE('',#11336);
#11336 = AXIS2_PLACEMENT_3D('',#11337,#11338,#11339);
#11337 = CARTESIAN_POINT('',(60.247899056697,13.,2.5));
#11338 = DIRECTION('',(-1.,0.,0.));
#11339 = DIRECTION('',(0.,-1.,0.));
#11340 = ADVANCED_FACE('',(#11341),#11347,.T.);
#11341 = FACE_BOUND('',#11342,.T.);
#11342 = EDGE_LOOP('',(#11343,#11344,#11345,#11346));
#11343 = ORIENTED_EDGE('',*,*,#11246,.T.);
#11344 = ORIENTED_EDGE('',*,*,#11277,.T.);
#11345 = ORIENTED_EDGE('',*,*,#11308,.T.);
#11346 = ORIENTED_EDGE('',*,*,#11330,.T.);
#11347 = PLANE('',#11348);
#11348 = AXIS2_PLACEMENT_3D('',#11349,#11350,#11351);
#11349 = CARTESIAN_POINT('',(60.547899056697,-3.68223969834E-14,2.5));
#11350 = DIRECTION('',(0.,0.,1.));
#11351 = DIRECTION('',(1.,0.,0.));
#11352 = ADVANCED_FACE('',(#11353),#11359,.F.);
#11353 = FACE_BOUND('',#11354,.F.);
#11354 = EDGE_LOOP('',(#11355,#11356,#11357,#11358));
#11355 = ORIENTED_EDGE('',*,*,#11230,.T.);
#11356 = ORIENTED_EDGE('',*,*,#11261,.T.);
#11357 = ORIENTED_EDGE('',*,*,#11292,.T.);
#11358 = ORIENTED_EDGE('',*,*,#11323,.T.);
#11359 = PLANE('',#11360);
#11360 = AXIS2_PLACEMENT_3D('',#11361,#11362,#11363);
#11361 = CARTESIAN_POINT('',(60.547899056697,-3.68223969834E-14,-8.5));
#11362 = DIRECTION('',(0.,0.,1.));
#11363 = DIRECTION('',(1.,0.,0.));
#11364 = MANIFOLD_SOLID_BREP('',#11365);
#11365 = CLOSED_SHELL('',(#11366,#11406,#11437,#11468,#11490,#11502));
#11366 = ADVANCED_FACE('',(#11367),#11401,.T.);
#11367 = FACE_BOUND('',#11368,.T.);
#11368 = EDGE_LOOP('',(#11369,#11379,#11387,#11395));
#11369 = ORIENTED_EDGE('',*,*,#11370,.T.);
#11370 = EDGE_CURVE('',#11371,#11373,#11375,.T.);
#11371 = VERTEX_POINT('',#11372);
#11372 = CARTESIAN_POINT('',(60.247899056697,-13.,2.5));
#11373 = VERTEX_POINT('',#11374);
#11374 = CARTESIAN_POINT('',(60.247899056697,-13.,-8.5));
#11375 = LINE('',#11376,#11377);
#11376 = CARTESIAN_POINT('',(60.247899056697,-13.,2.5));
#11377 = VECTOR('',#11378,1.);
#11378 = DIRECTION('',(-0.,-0.,-1.));
#11379 = ORIENTED_EDGE('',*,*,#11380,.T.);
#11380 = EDGE_CURVE('',#11373,#11381,#11383,.T.);
#11381 = VERTEX_POINT('',#11382);
#11382 = CARTESIAN_POINT('',(60.847899056697,-13.,-8.5));
#11383 = LINE('',#11384,#11385);
#11384 = CARTESIAN_POINT('',(60.247899056697,-13.,-8.5));
#11385 = VECTOR('',#11386,1.);
#11386 = DIRECTION('',(1.,0.,0.));
#11387 = ORIENTED_EDGE('',*,*,#11388,.F.);
#11388 = EDGE_CURVE('',#11389,#11381,#11391,.T.);
#11389 = VERTEX_POINT('',#11390);
#11390 = CARTESIAN_POINT('',(60.847899056697,-13.,2.5));
#11391 = LINE('',#11392,#11393);
#11392 = CARTESIAN_POINT('',(60.847899056697,-13.,2.5));
#11393 = VECTOR('',#11394,1.);
#11394 = DIRECTION('',(-0.,-0.,-1.));
#11395 = ORIENTED_EDGE('',*,*,#11396,.F.);
#11396 = EDGE_CURVE('',#11371,#11389,#11397,.T.);
#11397 = LINE('',#11398,#11399);
#11398 = CARTESIAN_POINT('',(60.247899056697,-13.,2.5));
#11399 = VECTOR('',#11400,1.);
#11400 = DIRECTION('',(1.,0.,0.));
#11401 = PLANE('',#11402);
#11402 = AXIS2_PLACEMENT_3D('',#11403,#11404,#11405);
#11403 = CARTESIAN_POINT('',(60.247899056697,-13.,2.5));
#11404 = DIRECTION('',(0.,-1.,0.));
#11405 = DIRECTION('',(1.,0.,0.));
#11406 = ADVANCED_FACE('',(#11407),#11432,.T.);
#11407 = FACE_BOUND('',#11408,.T.);
#11408 = EDGE_LOOP('',(#11409,#11410,#11418,#11426));
#11409 = ORIENTED_EDGE('',*,*,#11388,.T.);
#11410 = ORIENTED_EDGE('',*,*,#11411,.T.);
#11411 = EDGE_CURVE('',#11381,#11412,#11414,.T.);
#11412 = VERTEX_POINT('',#11413);
#11413 = CARTESIAN_POINT('',(60.847899056697,-12.4,-8.5));
#11414 = LINE('',#11415,#11416);
#11415 = CARTESIAN_POINT('',(60.847899056697,-13.,-8.5));
#11416 = VECTOR('',#11417,1.);
#11417 = DIRECTION('',(0.,1.,0.));
#11418 = ORIENTED_EDGE('',*,*,#11419,.F.);
#11419 = EDGE_CURVE('',#11420,#11412,#11422,.T.);
#11420 = VERTEX_POINT('',#11421);
#11421 = CARTESIAN_POINT('',(60.847899056697,-12.4,2.5));
#11422 = LINE('',#11423,#11424);
#11423 = CARTESIAN_POINT('',(60.847899056697,-12.4,2.5));
#11424 = VECTOR('',#11425,1.);
#11425 = DIRECTION('',(-0.,-0.,-1.));
#11426 = ORIENTED_EDGE('',*,*,#11427,.F.);
#11427 = EDGE_CURVE('',#11389,#11420,#11428,.T.);
#11428 = LINE('',#11429,#11430);
#11429 = CARTESIAN_POINT('',(60.847899056697,-13.,2.5));
#11430 = VECTOR('',#11431,1.);
#11431 = DIRECTION('',(0.,1.,0.));
#11432 = PLANE('',#11433);
#11433 = AXIS2_PLACEMENT_3D('',#11434,#11435,#11436);
#11434 = CARTESIAN_POINT('',(60.847899056697,-13.,2.5));
#11435 = DIRECTION('',(1.,0.,0.));
#11436 = DIRECTION('',(0.,1.,0.));
#11437 = ADVANCED_FACE('',(#11438),#11463,.T.);
#11438 = FACE_BOUND('',#11439,.T.);
#11439 = EDGE_LOOP('',(#11440,#11441,#11449,#11457));
#11440 = ORIENTED_EDGE('',*,*,#11419,.T.);
#11441 = ORIENTED_EDGE('',*,*,#11442,.T.);
#11442 = EDGE_CURVE('',#11412,#11443,#11445,.T.);
#11443 = VERTEX_POINT('',#11444);
#11444 = CARTESIAN_POINT('',(60.247899056697,-12.4,-8.5));
#11445 = LINE('',#11446,#11447);
#11446 = CARTESIAN_POINT('',(60.847899056697,-12.4,-8.5));
#11447 = VECTOR('',#11448,1.);
#11448 = DIRECTION('',(-1.,0.,0.));
#11449 = ORIENTED_EDGE('',*,*,#11450,.F.);
#11450 = EDGE_CURVE('',#11451,#11443,#11453,.T.);
#11451 = VERTEX_POINT('',#11452);
#11452 = CARTESIAN_POINT('',(60.247899056697,-12.4,2.5));
#11453 = LINE('',#11454,#11455);
#11454 = CARTESIAN_POINT('',(60.247899056697,-12.4,2.5));
#11455 = VECTOR('',#11456,1.);
#11456 = DIRECTION('',(-0.,-0.,-1.));
#11457 = ORIENTED_EDGE('',*,*,#11458,.F.);
#11458 = EDGE_CURVE('',#11420,#11451,#11459,.T.);
#11459 = LINE('',#11460,#11461);
#11460 = CARTESIAN_POINT('',(60.847899056697,-12.4,2.5));
#11461 = VECTOR('',#11462,1.);
#11462 = DIRECTION('',(-1.,0.,0.));
#11463 = PLANE('',#11464);
#11464 = AXIS2_PLACEMENT_3D('',#11465,#11466,#11467);
#11465 = CARTESIAN_POINT('',(60.847899056697,-12.4,2.5));
#11466 = DIRECTION('',(0.,1.,0.));
#11467 = DIRECTION('',(-1.,0.,0.));
#11468 = ADVANCED_FACE('',(#11469),#11485,.T.);
#11469 = FACE_BOUND('',#11470,.T.);
#11470 = EDGE_LOOP('',(#11471,#11472,#11478,#11479));
#11471 = ORIENTED_EDGE('',*,*,#11450,.T.);
#11472 = ORIENTED_EDGE('',*,*,#11473,.T.);
#11473 = EDGE_CURVE('',#11443,#11373,#11474,.T.);
#11474 = LINE('',#11475,#11476);
#11475 = CARTESIAN_POINT('',(60.247899056697,-12.4,-8.5));
#11476 = VECTOR('',#11477,1.);
#11477 = DIRECTION('',(0.,-1.,0.));
#11478 = ORIENTED_EDGE('',*,*,#11370,.F.);
#11479 = ORIENTED_EDGE('',*,*,#11480,.F.);
#11480 = EDGE_CURVE('',#11451,#11371,#11481,.T.);
#11481 = LINE('',#11482,#11483);
#11482 = CARTESIAN_POINT('',(60.247899056697,-12.4,2.5));
#11483 = VECTOR('',#11484,1.);
#11484 = DIRECTION('',(0.,-1.,0.));
#11485 = PLANE('',#11486);
#11486 = AXIS2_PLACEMENT_3D('',#11487,#11488,#11489);
#11487 = CARTESIAN_POINT('',(60.247899056697,-12.4,2.5));
#11488 = DIRECTION('',(-1.,0.,0.));
#11489 = DIRECTION('',(0.,-1.,0.));
#11490 = ADVANCED_FACE('',(#11491),#11497,.T.);
#11491 = FACE_BOUND('',#11492,.T.);
#11492 = EDGE_LOOP('',(#11493,#11494,#11495,#11496));
#11493 = ORIENTED_EDGE('',*,*,#11396,.T.);
#11494 = ORIENTED_EDGE('',*,*,#11427,.T.);
#11495 = ORIENTED_EDGE('',*,*,#11458,.T.);
#11496 = ORIENTED_EDGE('',*,*,#11480,.T.);
#11497 = PLANE('',#11498);
#11498 = AXIS2_PLACEMENT_3D('',#11499,#11500,#11501);
#11499 = CARTESIAN_POINT('',(60.547899056697,-3.68223969834E-14,2.5));
#11500 = DIRECTION('',(0.,0.,1.));
#11501 = DIRECTION('',(1.,0.,0.));
#11502 = ADVANCED_FACE('',(#11503),#11509,.F.);
#11503 = FACE_BOUND('',#11504,.F.);
#11504 = EDGE_LOOP('',(#11505,#11506,#11507,#11508));
#11505 = ORIENTED_EDGE('',*,*,#11380,.T.);
#11506 = ORIENTED_EDGE('',*,*,#11411,.T.);
#11507 = ORIENTED_EDGE('',*,*,#11442,.T.);
#11508 = ORIENTED_EDGE('',*,*,#11473,.T.);
#11509 = PLANE('',#11510);
#11510 = AXIS2_PLACEMENT_3D('',#11511,#11512,#11513);
#11511 = CARTESIAN_POINT('',(60.547899056697,-3.68223969834E-14,-8.5));
#11512 = DIRECTION('',(0.,0.,1.));
#11513 = DIRECTION('',(1.,0.,0.));
#11514 = ( GEOMETRIC_REPRESENTATION_CONTEXT(3) 
GLOBAL_UNCERTAINTY_ASSIGNED_CONTEXT((#11518)) 
GLOBAL_UNIT_ASSIGNED_CONTEXT((#11515,#11516,#11517)) 
REPRESENTATION_CONTEXT('Context #1',
  '3D Context with UNIT and UNCERTAINTY') );
#11515 = ( LENGTH_UNIT() NAMED_UNIT(*) SI_UNIT(.MILLI.,.METRE.) );
#11516 = ( NAMED_UNIT(*) PLANE_ANGLE_UNIT() SI_UNIT($,.RADIAN.) );
#11517 = ( NAMED_UNIT(*) SI_UNIT($,.STERADIAN.) SOLID_ANGLE_UNIT() );
#11518 = UNCERTAINTY_MEASURE_WITH_UNIT(LENGTH_MEASURE(1.E-07),#11515,
  'distance_accuracy_value','confusion accuracy');
#11519 = CONTEXT_DEPENDENT_SHAPE_REPRESENTATION(#11520,#11522);
#11520 = ( REPRESENTATION_RELATIONSHIP('','',#5813,#10) 
REPRESENTATION_RELATIONSHIP_WITH_TRANSFORMATION(#11521) 
SHAPE_REPRESENTATION_RELATIONSHIP() );
#11521 = ITEM_DEFINED_TRANSFORMATION('','',#11,#19);
#11522 = PRODUCT_DEFINITION_SHAPE('Placement','Placement of an item',
  #11523);
#11523 = NEXT_ASSEMBLY_USAGE_OCCURRENCE('2','Body002','',#5,#5808,$);
#11524 = PRODUCT_RELATED_PRODUCT_CATEGORY('part',$,(#5810));
#11525 = MECHANICAL_DESIGN_GEOMETRIC_PRESENTATION_REPRESENTATION('',(
    #11526,#11537,#11546,#11555,#11564,#11573,#11582,#11591,#11600,
    #11609,#11618,#11627,#11636,#11645,#11654,#11663,#11672,#11681,
    #11690,#11699,#11708,#11717,#11726,#11735,#11744,#11753,#11762,
    #11771,#11780,#11789,#11798,#11807,#11816,#11825,#11834,#11843,
    #11852,#11861),#11514);
#11526 = STYLED_ITEM('color',(#11527),#5814);
#11527 = PRESENTATION_STYLE_ASSIGNMENT((#11528,#11534));
#11528 = SURFACE_STYLE_USAGE(.BOTH.,#11529);
#11529 = SURFACE_SIDE_STYLE('',(#11530));
#11530 = SURFACE_STYLE_FILL_AREA(#11531);
#11531 = FILL_AREA_STYLE('',(#11532));
#11532 = FILL_AREA_STYLE_COLOUR('',#11533);
#11533 = COLOUR_RGB('',0.800000010877,0.800000010877,0.901960800373);
#11534 = CURVE_STYLE('',#11535,POSITIVE_LENGTH_MEASURE(0.1),#11536);
#11535 = DRAUGHTING_PRE_DEFINED_CURVE_FONT('continuous');
#11536 = COLOUR_RGB('',0.427450993391,0.427450993391,0.427450993391);
#11537 = STYLED_ITEM('color',(#11538),#5964);
#11538 = PRESENTATION_STYLE_ASSIGNMENT((#11539,#11544));
#11539 = SURFACE_STYLE_USAGE(.BOTH.,#11540);
#11540 = SURFACE_SIDE_STYLE('',(#11541));
#11541 = SURFACE_STYLE_FILL_AREA(#11542);
#11542 = FILL_AREA_STYLE('',(#11543));
#11543 = FILL_AREA_STYLE_COLOUR('',#11533);
#11544 = CURVE_STYLE('',#11545,POSITIVE_LENGTH_MEASURE(0.1),#11536);
#11545 = DRAUGHTING_PRE_DEFINED_CURVE_FONT('continuous');
#11546 = STYLED_ITEM('color',(#11547),#6114);
#11547 = PRESENTATION_STYLE_ASSIGNMENT((#11548,#11553));
#11548 = SURFACE_STYLE_USAGE(.BOTH.,#11549);
#11549 = SURFACE_SIDE_STYLE('',(#11550));
#11550 = SURFACE_STYLE_FILL_AREA(#11551);
#11551 = FILL_AREA_STYLE('',(#11552));
#11552 = FILL_AREA_STYLE_COLOUR('',#11533);
#11553 = CURVE_STYLE('',#11554,POSITIVE_LENGTH_MEASURE(0.1),#11536);
#11554 = DRAUGHTING_PRE_DEFINED_CURVE_FONT('continuous');
#11555 = STYLED_ITEM('color',(#11556),#6264);
#11556 = PRESENTATION_STYLE_ASSIGNMENT((#11557,#11562));
#11557 = SURFACE_STYLE_USAGE(.BOTH.,#11558);
#11558 = SURFACE_SIDE_STYLE('',(#11559));
#11559 = SURFACE_STYLE_FILL_AREA(#11560);
#11560 = FILL_AREA_STYLE('',(#11561));
#11561 = FILL_AREA_STYLE_COLOUR('',#11533);
#11562 = CURVE_STYLE('',#11563,POSITIVE_LENGTH_MEASURE(0.1),#11536);
#11563 = DRAUGHTING_PRE_DEFINED_CURVE_FONT('continuous');
#11564 = STYLED_ITEM('color',(#11565),#6414);
#11565 = PRESENTATION_STYLE_ASSIGNMENT((#11566,#11571));
#11566 = SURFACE_STYLE_USAGE(.BOTH.,#11567);
#11567 = SURFACE_SIDE_STYLE('',(#11568));
#11568 = SURFACE_STYLE_FILL_AREA(#11569);
#11569 = FILL_AREA_STYLE('',(#11570));
#11570 = FILL_AREA_STYLE_COLOUR('',#11533);
#11571 = CURVE_STYLE('',#11572,POSITIVE_LENGTH_MEASURE(0.1),#11536);
#11572 = DRAUGHTING_PRE_DEFINED_CURVE_FONT('continuous');
#11573 = STYLED_ITEM('color',(#11574),#6564);
#11574 = PRESENTATION_STYLE_ASSIGNMENT((#11575,#11580));
#11575 = SURFACE_STYLE_USAGE(.BOTH.,#11576);
#11576 = SURFACE_SIDE_STYLE('',(#11577));
#11577 = SURFACE_STYLE_FILL_AREA(#11578);
#11578 = FILL_AREA_STYLE('',(#11579));
#11579 = FILL_AREA_STYLE_COLOUR('',#11533);
#11580 = CURVE_STYLE('',#11581,POSITIVE_LENGTH_MEASURE(0.1),#11536);
#11581 = DRAUGHTING_PRE_DEFINED_CURVE_FONT('continuous');
#11582 = STYLED_ITEM('color',(#11583),#6714);
#11583 = PRESENTATION_STYLE_ASSIGNMENT((#11584,#11589));
#11584 = SURFACE_STYLE_USAGE(.BOTH.,#11585);
#11585 = SURFACE_SIDE_STYLE('',(#11586));
#11586 = SURFACE_STYLE_FILL_AREA(#11587);
#11587 = FILL_AREA_STYLE('',(#11588));
#11588 = FILL_AREA_STYLE_COLOUR('',#11533);
#11589 = CURVE_STYLE('',#11590,POSITIVE_LENGTH_MEASURE(0.1),#11536);
#11590 = DRAUGHTING_PRE_DEFINED_CURVE_FONT('continuous');
#11591 = STYLED_ITEM('color',(#11592),#6864);
#11592 = PRESENTATION_STYLE_ASSIGNMENT((#11593,#11598));
#11593 = SURFACE_STYLE_USAGE(.BOTH.,#11594);
#11594 = SURFACE_SIDE_STYLE('',(#11595));
#11595 = SURFACE_STYLE_FILL_AREA(#11596);
#11596 = FILL_AREA_STYLE('',(#11597));
#11597 = FILL_AREA_STYLE_COLOUR('',#11533);
#11598 = CURVE_STYLE('',#11599,POSITIVE_LENGTH_MEASURE(0.1),#11536);
#11599 = DRAUGHTING_PRE_DEFINED_CURVE_FONT('continuous');
#11600 = STYLED_ITEM('color',(#11601),#7014);
#11601 = PRESENTATION_STYLE_ASSIGNMENT((#11602,#11607));
#11602 = SURFACE_STYLE_USAGE(.BOTH.,#11603);
#11603 = SURFACE_SIDE_STYLE('',(#11604));
#11604 = SURFACE_STYLE_FILL_AREA(#11605);
#11605 = FILL_AREA_STYLE('',(#11606));
#11606 = FILL_AREA_STYLE_COLOUR('',#11533);
#11607 = CURVE_STYLE('',#11608,POSITIVE_LENGTH_MEASURE(0.1),#11536);
#11608 = DRAUGHTING_PRE_DEFINED_CURVE_FONT('continuous');
#11609 = STYLED_ITEM('color',(#11610),#7164);
#11610 = PRESENTATION_STYLE_ASSIGNMENT((#11611,#11616));
#11611 = SURFACE_STYLE_USAGE(.BOTH.,#11612);
#11612 = SURFACE_SIDE_STYLE('',(#11613));
#11613 = SURFACE_STYLE_FILL_AREA(#11614);
#11614 = FILL_AREA_STYLE('',(#11615));
#11615 = FILL_AREA_STYLE_COLOUR('',#11533);
#11616 = CURVE_STYLE('',#11617,POSITIVE_LENGTH_MEASURE(0.1),#11536);
#11617 = DRAUGHTING_PRE_DEFINED_CURVE_FONT('continuous');
#11618 = STYLED_ITEM('color',(#11619),#7314);
#11619 = PRESENTATION_STYLE_ASSIGNMENT((#11620,#11625));
#11620 = SURFACE_STYLE_USAGE(.BOTH.,#11621);
#11621 = SURFACE_SIDE_STYLE('',(#11622));
#11622 = SURFACE_STYLE_FILL_AREA(#11623);
#11623 = FILL_AREA_STYLE('',(#11624));
#11624 = FILL_AREA_STYLE_COLOUR('',#11533);
#11625 = CURVE_STYLE('',#11626,POSITIVE_LENGTH_MEASURE(0.1),#11536);
#11626 = DRAUGHTING_PRE_DEFINED_CURVE_FONT('continuous');
#11627 = STYLED_ITEM('color',(#11628),#7464);
#11628 = PRESENTATION_STYLE_ASSIGNMENT((#11629,#11634));
#11629 = SURFACE_STYLE_USAGE(.BOTH.,#11630);
#11630 = SURFACE_SIDE_STYLE('',(#11631));
#11631 = SURFACE_STYLE_FILL_AREA(#11632);
#11632 = FILL_AREA_STYLE('',(#11633));
#11633 = FILL_AREA_STYLE_COLOUR('',#11533);
#11634 = CURVE_STYLE('',#11635,POSITIVE_LENGTH_MEASURE(0.1),#11536);
#11635 = DRAUGHTING_PRE_DEFINED_CURVE_FONT('continuous');
#11636 = STYLED_ITEM('color',(#11637),#7614);
#11637 = PRESENTATION_STYLE_ASSIGNMENT((#11638,#11643));
#11638 = SURFACE_STYLE_USAGE(.BOTH.,#11639);
#11639 = SURFACE_SIDE_STYLE('',(#11640));
#11640 = SURFACE_STYLE_FILL_AREA(#11641);
#11641 = FILL_AREA_STYLE('',(#11642));
#11642 = FILL_AREA_STYLE_COLOUR('',#11533);
#11643 = CURVE_STYLE('',#11644,POSITIVE_LENGTH_MEASURE(0.1),#11536);
#11644 = DRAUGHTING_PRE_DEFINED_CURVE_FONT('continuous');
#11645 = STYLED_ITEM('color',(#11646),#7764);
#11646 = PRESENTATION_STYLE_ASSIGNMENT((#11647,#11652));
#11647 = SURFACE_STYLE_USAGE(.BOTH.,#11648);
#11648 = SURFACE_SIDE_STYLE('',(#11649));
#11649 = SURFACE_STYLE_FILL_AREA(#11650);
#11650 = FILL_AREA_STYLE('',(#11651));
#11651 = FILL_AREA_STYLE_COLOUR('',#11533);
#11652 = CURVE_STYLE('',#11653,POSITIVE_LENGTH_MEASURE(0.1),#11536);
#11653 = DRAUGHTING_PRE_DEFINED_CURVE_FONT('continuous');
#11654 = STYLED_ITEM('color',(#11655),#7914);
#11655 = PRESENTATION_STYLE_ASSIGNMENT((#11656,#11661));
#11656 = SURFACE_STYLE_USAGE(.BOTH.,#11657);
#11657 = SURFACE_SIDE_STYLE('',(#11658));
#11658 = SURFACE_STYLE_FILL_AREA(#11659);
#11659 = FILL_AREA_STYLE('',(#11660));
#11660 = FILL_AREA_STYLE_COLOUR('',#11533);
#11661 = CURVE_STYLE('',#11662,POSITIVE_LENGTH_MEASURE(0.1),#11536);
#11662 = DRAUGHTING_PRE_DEFINED_CURVE_FONT('continuous');
#11663 = STYLED_ITEM('color',(#11664),#8064);
#11664 = PRESENTATION_STYLE_ASSIGNMENT((#11665,#11670));
#11665 = SURFACE_STYLE_USAGE(.BOTH.,#11666);
#11666 = SURFACE_SIDE_STYLE('',(#11667));
#11667 = SURFACE_STYLE_FILL_AREA(#11668);
#11668 = FILL_AREA_STYLE('',(#11669));
#11669 = FILL_AREA_STYLE_COLOUR('',#11533);
#11670 = CURVE_STYLE('',#11671,POSITIVE_LENGTH_MEASURE(0.1),#11536);
#11671 = DRAUGHTING_PRE_DEFINED_CURVE_FONT('continuous');
#11672 = STYLED_ITEM('color',(#11673),#8214);
#11673 = PRESENTATION_STYLE_ASSIGNMENT((#11674,#11679));
#11674 = SURFACE_STYLE_USAGE(.BOTH.,#11675);
#11675 = SURFACE_SIDE_STYLE('',(#11676));
#11676 = SURFACE_STYLE_FILL_AREA(#11677);
#11677 = FILL_AREA_STYLE('',(#11678));
#11678 = FILL_AREA_STYLE_COLOUR('',#11533);
#11679 = CURVE_STYLE('',#11680,POSITIVE_LENGTH_MEASURE(0.1),#11536);
#11680 = DRAUGHTING_PRE_DEFINED_CURVE_FONT('continuous');
#11681 = STYLED_ITEM('color',(#11682),#8364);
#11682 = PRESENTATION_STYLE_ASSIGNMENT((#11683,#11688));
#11683 = SURFACE_STYLE_USAGE(.BOTH.,#11684);
#11684 = SURFACE_SIDE_STYLE('',(#11685));
#11685 = SURFACE_STYLE_FILL_AREA(#11686);
#11686 = FILL_AREA_STYLE('',(#11687));
#11687 = FILL_AREA_STYLE_COLOUR('',#11533);
#11688 = CURVE_STYLE('',#11689,POSITIVE_LENGTH_MEASURE(0.1),#11536);
#11689 = DRAUGHTING_PRE_DEFINED_CURVE_FONT('continuous');
#11690 = STYLED_ITEM('color',(#11691),#8514);
#11691 = PRESENTATION_STYLE_ASSIGNMENT((#11692,#11697));
#11692 = SURFACE_STYLE_USAGE(.BOTH.,#11693);
#11693 = SURFACE_SIDE_STYLE('',(#11694));
#11694 = SURFACE_STYLE_FILL_AREA(#11695);
#11695 = FILL_AREA_STYLE('',(#11696));
#11696 = FILL_AREA_STYLE_COLOUR('',#11533);
#11697 = CURVE_STYLE('',#11698,POSITIVE_LENGTH_MEASURE(0.1),#11536);
#11698 = DRAUGHTING_PRE_DEFINED_CURVE_FONT('continuous');
#11699 = STYLED_ITEM('color',(#11700),#8664);
#11700 = PRESENTATION_STYLE_ASSIGNMENT((#11701,#11706));
#11701 = SURFACE_STYLE_USAGE(.BOTH.,#11702);
#11702 = SURFACE_SIDE_STYLE('',(#11703));
#11703 = SURFACE_STYLE_FILL_AREA(#11704);
#11704 = FILL_AREA_STYLE('',(#11705));
#11705 = FILL_AREA_STYLE_COLOUR('',#11533);
#11706 = CURVE_STYLE('',#11707,POSITIVE_LENGTH_MEASURE(0.1),#11536);
#11707 = DRAUGHTING_PRE_DEFINED_CURVE_FONT('continuous');
#11708 = STYLED_ITEM('color',(#11709),#8814);
#11709 = PRESENTATION_STYLE_ASSIGNMENT((#11710,#11715));
#11710 = SURFACE_STYLE_USAGE(.BOTH.,#11711);
#11711 = SURFACE_SIDE_STYLE('',(#11712));
#11712 = SURFACE_STYLE_FILL_AREA(#11713);
#11713 = FILL_AREA_STYLE('',(#11714));
#11714 = FILL_AREA_STYLE_COLOUR('',#11533);
#11715 = CURVE_STYLE('',#11716,POSITIVE_LENGTH_MEASURE(0.1),#11536);
#11716 = DRAUGHTING_PRE_DEFINED_CURVE_FONT('continuous');
#11717 = STYLED_ITEM('color',(#11718),#8964);
#11718 = PRESENTATION_STYLE_ASSIGNMENT((#11719,#11724));
#11719 = SURFACE_STYLE_USAGE(.BOTH.,#11720);
#11720 = SURFACE_SIDE_STYLE('',(#11721));
#11721 = SURFACE_STYLE_FILL_AREA(#11722);
#11722 = FILL_AREA_STYLE('',(#11723));
#11723 = FILL_AREA_STYLE_COLOUR('',#11533);
#11724 = CURVE_STYLE('',#11725,POSITIVE_LENGTH_MEASURE(0.1),#11536);
#11725 = DRAUGHTING_PRE_DEFINED_CURVE_FONT('continuous');
#11726 = STYLED_ITEM('color',(#11727),#9114);
#11727 = PRESENTATION_STYLE_ASSIGNMENT((#11728,#11733));
#11728 = SURFACE_STYLE_USAGE(.BOTH.,#11729);
#11729 = SURFACE_SIDE_STYLE('',(#11730));
#11730 = SURFACE_STYLE_FILL_AREA(#11731);
#11731 = FILL_AREA_STYLE('',(#11732));
#11732 = FILL_AREA_STYLE_COLOUR('',#11533);
#11733 = CURVE_STYLE('',#11734,POSITIVE_LENGTH_MEASURE(0.1),#11536);
#11734 = DRAUGHTING_PRE_DEFINED_CURVE_FONT('continuous');
#11735 = STYLED_ITEM('color',(#11736),#9264);
#11736 = PRESENTATION_STYLE_ASSIGNMENT((#11737,#11742));
#11737 = SURFACE_STYLE_USAGE(.BOTH.,#11738);
#11738 = SURFACE_SIDE_STYLE('',(#11739));
#11739 = SURFACE_STYLE_FILL_AREA(#11740);
#11740 = FILL_AREA_STYLE('',(#11741));
#11741 = FILL_AREA_STYLE_COLOUR('',#11533);
#11742 = CURVE_STYLE('',#11743,POSITIVE_LENGTH_MEASURE(0.1),#11536);
#11743 = DRAUGHTING_PRE_DEFINED_CURVE_FONT('continuous');
#11744 = STYLED_ITEM('color',(#11745),#9414);
#11745 = PRESENTATION_STYLE_ASSIGNMENT((#11746,#11751));
#11746 = SURFACE_STYLE_USAGE(.BOTH.,#11747);
#11747 = SURFACE_SIDE_STYLE('',(#11748));
#11748 = SURFACE_STYLE_FILL_AREA(#11749);
#11749 = FILL_AREA_STYLE('',(#11750));
#11750 = FILL_AREA_STYLE_COLOUR('',#11533);
#11751 = CURVE_STYLE('',#11752,POSITIVE_LENGTH_MEASURE(0.1),#11536);
#11752 = DRAUGHTING_PRE_DEFINED_CURVE_FONT('continuous');
#11753 = STYLED_ITEM('color',(#11754),#9564);
#11754 = PRESENTATION_STYLE_ASSIGNMENT((#11755,#11760));
#11755 = SURFACE_STYLE_USAGE(.BOTH.,#11756);
#11756 = SURFACE_SIDE_STYLE('',(#11757));
#11757 = SURFACE_STYLE_FILL_AREA(#11758);
#11758 = FILL_AREA_STYLE('',(#11759));
#11759 = FILL_AREA_STYLE_COLOUR('',#11533);
#11760 = CURVE_STYLE('',#11761,POSITIVE_LENGTH_MEASURE(0.1),#11536);
#11761 = DRAUGHTING_PRE_DEFINED_CURVE_FONT('continuous');
#11762 = STYLED_ITEM('color',(#11763),#9714);
#11763 = PRESENTATION_STYLE_ASSIGNMENT((#11764,#11769));
#11764 = SURFACE_STYLE_USAGE(.BOTH.,#11765);
#11765 = SURFACE_SIDE_STYLE('',(#11766));
#11766 = SURFACE_STYLE_FILL_AREA(#11767);
#11767 = FILL_AREA_STYLE('',(#11768));
#11768 = FILL_AREA_STYLE_COLOUR('',#11533);
#11769 = CURVE_STYLE('',#11770,POSITIVE_LENGTH_MEASURE(0.1),#11536);
#11770 = DRAUGHTING_PRE_DEFINED_CURVE_FONT('continuous');
#11771 = STYLED_ITEM('color',(#11772),#9864);
#11772 = PRESENTATION_STYLE_ASSIGNMENT((#11773,#11778));
#11773 = SURFACE_STYLE_USAGE(.BOTH.,#11774);
#11774 = SURFACE_SIDE_STYLE('',(#11775));
#11775 = SURFACE_STYLE_FILL_AREA(#11776);
#11776 = FILL_AREA_STYLE('',(#11777));
#11777 = FILL_AREA_STYLE_COLOUR('',#11533);
#11778 = CURVE_STYLE('',#11779,POSITIVE_LENGTH_MEASURE(0.1),#11536);
#11779 = DRAUGHTING_PRE_DEFINED_CURVE_FONT('continuous');
#11780 = STYLED_ITEM('color',(#11781),#10014);
#11781 = PRESENTATION_STYLE_ASSIGNMENT((#11782,#11787));
#11782 = SURFACE_STYLE_USAGE(.BOTH.,#11783);
#11783 = SURFACE_SIDE_STYLE('',(#11784));
#11784 = SURFACE_STYLE_FILL_AREA(#11785);
#11785 = FILL_AREA_STYLE('',(#11786));
#11786 = FILL_AREA_STYLE_COLOUR('',#11533);
#11787 = CURVE_STYLE('',#11788,POSITIVE_LENGTH_MEASURE(0.1),#11536);
#11788 = DRAUGHTING_PRE_DEFINED_CURVE_FONT('continuous');
#11789 = STYLED_ITEM('color',(#11790),#10164);
#11790 = PRESENTATION_STYLE_ASSIGNMENT((#11791,#11796));
#11791 = SURFACE_STYLE_USAGE(.BOTH.,#11792);
#11792 = SURFACE_SIDE_STYLE('',(#11793));
#11793 = SURFACE_STYLE_FILL_AREA(#11794);
#11794 = FILL_AREA_STYLE('',(#11795));
#11795 = FILL_AREA_STYLE_COLOUR('',#11533);
#11796 = CURVE_STYLE('',#11797,POSITIVE_LENGTH_MEASURE(0.1),#11536);
#11797 = DRAUGHTING_PRE_DEFINED_CURVE_FONT('continuous');
#11798 = STYLED_ITEM('color',(#11799),#10314);
#11799 = PRESENTATION_STYLE_ASSIGNMENT((#11800,#11805));
#11800 = SURFACE_STYLE_USAGE(.BOTH.,#11801);
#11801 = SURFACE_SIDE_STYLE('',(#11802));
#11802 = SURFACE_STYLE_FILL_AREA(#11803);
#11803 = FILL_AREA_STYLE('',(#11804));
#11804 = FILL_AREA_STYLE_COLOUR('',#11533);
#11805 = CURVE_STYLE('',#11806,POSITIVE_LENGTH_MEASURE(0.1),#11536);
#11806 = DRAUGHTING_PRE_DEFINED_CURVE_FONT('continuous');
#11807 = STYLED_ITEM('color',(#11808),#10464);
#11808 = PRESENTATION_STYLE_ASSIGNMENT((#11809,#11814));
#11809 = SURFACE_STYLE_USAGE(.BOTH.,#11810);
#11810 = SURFACE_SIDE_STYLE('',(#11811));
#11811 = SURFACE_STYLE_FILL_AREA(#11812);
#11812 = FILL_AREA_STYLE('',(#11813));
#11813 = FILL_AREA_STYLE_COLOUR('',#11533);
#11814 = CURVE_STYLE('',#11815,POSITIVE_LENGTH_MEASURE(0.1),#11536);
#11815 = DRAUGHTING_PRE_DEFINED_CURVE_FONT('continuous');
#11816 = STYLED_ITEM('color',(#11817),#10614);
#11817 = PRESENTATION_STYLE_ASSIGNMENT((#11818,#11823));
#11818 = SURFACE_STYLE_USAGE(.BOTH.,#11819);
#11819 = SURFACE_SIDE_STYLE('',(#11820));
#11820 = SURFACE_STYLE_FILL_AREA(#11821);
#11821 = FILL_AREA_STYLE('',(#11822));
#11822 = FILL_AREA_STYLE_COLOUR('',#11533);
#11823 = CURVE_STYLE('',#11824,POSITIVE_LENGTH_MEASURE(0.1),#11536);
#11824 = DRAUGHTING_PRE_DEFINED_CURVE_FONT('continuous');
#11825 = STYLED_ITEM('color',(#11826),#10764);
#11826 = PRESENTATION_STYLE_ASSIGNMENT((#11827,#11832));
#11827 = SURFACE_STYLE_USAGE(.BOTH.,#11828);
#11828 = SURFACE_SIDE_STYLE('',(#11829));
#11829 = SURFACE_STYLE_FILL_AREA(#11830);
#11830 = FILL_AREA_STYLE('',(#11831));
#11831 = FILL_AREA_STYLE_COLOUR('',#11533);
#11832 = CURVE_STYLE('',#11833,POSITIVE_LENGTH_MEASURE(0.1),#11536);
#11833 = DRAUGHTING_PRE_DEFINED_CURVE_FONT('continuous');
#11834 = STYLED_ITEM('color',(#11835),#10914);
#11835 = PRESENTATION_STYLE_ASSIGNMENT((#11836,#11841));
#11836 = SURFACE_STYLE_USAGE(.BOTH.,#11837);
#11837 = SURFACE_SIDE_STYLE('',(#11838));
#11838 = SURFACE_STYLE_FILL_AREA(#11839);
#11839 = FILL_AREA_STYLE('',(#11840));
#11840 = FILL_AREA_STYLE_COLOUR('',#11533);
#11841 = CURVE_STYLE('',#11842,POSITIVE_LENGTH_MEASURE(0.1),#11536);
#11842 = DRAUGHTING_PRE_DEFINED_CURVE_FONT('continuous');
#11843 = STYLED_ITEM('color',(#11844),#11064);
#11844 = PRESENTATION_STYLE_ASSIGNMENT((#11845,#11850));
#11845 = SURFACE_STYLE_USAGE(.BOTH.,#11846);
#11846 = SURFACE_SIDE_STYLE('',(#11847));
#11847 = SURFACE_STYLE_FILL_AREA(#11848);
#11848 = FILL_AREA_STYLE('',(#11849));
#11849 = FILL_AREA_STYLE_COLOUR('',#11533);
#11850 = CURVE_STYLE('',#11851,POSITIVE_LENGTH_MEASURE(0.1),#11536);
#11851 = DRAUGHTING_PRE_DEFINED_CURVE_FONT('continuous');
#11852 = STYLED_ITEM('color',(#11853),#11214);
#11853 = PRESENTATION_STYLE_ASSIGNMENT((#11854,#11859));
#11854 = SURFACE_STYLE_USAGE(.BOTH.,#11855);
#11855 = SURFACE_SIDE_STYLE('',(#11856));
#11856 = SURFACE_STYLE_FILL_AREA(#11857);
#11857 = FILL_AREA_STYLE('',(#11858));
#11858 = FILL_AREA_STYLE_COLOUR('',#11533);
#11859 = CURVE_STYLE('',#11860,POSITIVE_LENGTH_MEASURE(0.1),#11536);
#11860 = DRAUGHTING_PRE_DEFINED_CURVE_FONT('continuous');
#11861 = STYLED_ITEM('color',(#11862),#11364);
#11862 = PRESENTATION_STYLE_ASSIGNMENT((#11863,#11868));
#11863 = SURFACE_STYLE_USAGE(.BOTH.,#11864);
#11864 = SURFACE_SIDE_STYLE('',(#11865));
#11865 = SURFACE_STYLE_FILL_AREA(#11866);
#11866 = FILL_AREA_STYLE('',(#11867));
#11867 = FILL_AREA_STYLE_COLOUR('',#11533);
#11868 = CURVE_STYLE('',#11869,POSITIVE_LENGTH_MEASURE(0.1),#11536);
#11869 = DRAUGHTING_PRE_DEFINED_CURVE_FONT('continuous');
#11870 = MECHANICAL_DESIGN_GEOMETRIC_PRESENTATION_REPRESENTATION('',(
    #11871),#5795);
#11871 = STYLED_ITEM('color',(#11872),#37);
#11872 = PRESENTATION_STYLE_ASSIGNMENT((#11873,#11878));
#11873 = SURFACE_STYLE_USAGE(.BOTH.,#11874);
#11874 = SURFACE_SIDE_STYLE('',(#11875));
#11875 = SURFACE_STYLE_FILL_AREA(#11876);
#11876 = FILL_AREA_STYLE('',(#11877));
#11877 = FILL_AREA_STYLE_COLOUR('',#11533);
#11878 = CURVE_STYLE('',#11879,POSITIVE_LENGTH_MEASURE(0.1),#11536);
#11879 = DRAUGHTING_PRE_DEFINED_CURVE_FONT('continuous');
ENDSEC;
END-ISO-10303-21;
