ISO-10303-21;
HEADER;
FILE_DESCRIPTION(('FreeCAD Model'),'2;1');
FILE_NAME('Open CASCADE Shape Model','2026-09-28T15:48:06',(''),(''),
  'Open CASCADE STEP processor 7.8','FreeCAD','Unknown');
FILE_SCHEMA(('AUTOMOTIVE_DESIGN { 1 0 10303 214 1 1 1 1 }'));
ENDSEC;
DATA;
#1 = APPLICATION_PROTOCOL_DEFINITION('international standard',
  'automotive_design',2000,#2);
#2 = APPLICATION_CONTEXT(
  'core data for automotive mechanical design processes');
#3 = SHAPE_DEFINITION_REPRESENTATION(#4,#10);
#4 = PRODUCT_DEFINITION_SHAPE('','',#5);
#5 = PRODUCT_DEFINITION('design','',#6,#9);
#6 = PRODUCT_DEFINITION_FORMATION('','',#7);
#7 = PRODUCT('ESP32','ESP32','',(#8));
#8 = PRODUCT_CONTEXT('',#2,'mechanical');
#9 = PRODUCT_DEFINITION_CONTEXT('part definition',#2,'design');
#10 = SHAPE_REPRESENTATION('',(#11,#15,#19),#23);
#11 = AXIS2_PLACEMENT_3D('',#12,#13,#14);
#12 = CARTESIAN_POINT('',(0.,0.,0.));
#13 = DIRECTION('',(0.,0.,1.));
#14 = DIRECTION('',(1.,0.,-0.));
#15 = AXIS2_PLACEMENT_3D('',#16,#17,#18);
#16 = CARTESIAN_POINT('',(0.,0.,0.));
#17 = DIRECTION('',(0.,0.,1.));
#18 = DIRECTION('',(1.,0.,0.));
#19 = AXIS2_PLACEMENT_3D('',#20,#21,#22);
#20 = CARTESIAN_POINT('',(0.,0.,0.));
#21 = DIRECTION('',(0.,0.,1.));
#22 = DIRECTION('',(1.,0.,0.));
#23 = ( GEOMETRIC_REPRESENTATION_CONTEXT(3) 
GLOBAL_UNCERTAINTY_ASSIGNED_CONTEXT((#27)) GLOBAL_UNIT_ASSIGNED_CONTEXT(
(#24,#25,#26)) REPRESENTATION_CONTEXT('Context #1',
  '3D Context with UNIT and UNCERTAINTY') );
#24 = ( LENGTH_UNIT() NAMED_UNIT(*) SI_UNIT(.MILLI.,.METRE.) );
#25 = ( NAMED_UNIT(*) PLANE_ANGLE_UNIT() SI_UNIT($,.RADIAN.) );
#26 = ( NAMED_UNIT(*) SI_UNIT($,.STERADIAN.) SOLID_ANGLE_UNIT() );
#27 = UNCERTAINTY_MEASURE_WITH_UNIT(LENGTH_MEASURE(1.E-05),#24,
  'distance_accuracy_value','confusion accuracy');
#28 = PRODUCT_RELATED_PRODUCT_CATEGORY('part',$,(#7));
#29 = SHAPE_DEFINITION_REPRESENTATION(#30,#36);
#30 = PRODUCT_DEFINITION_SHAPE('','',#31);
#31 = PRODUCT_DEFINITION('design','',#32,#35);
#32 = PRODUCT_DEFINITION_FORMATION('','',#33);
#33 = PRODUCT('Body001','Body001','',(#34));
#34 = PRODUCT_CONTEXT('',#2,'mechanical');
#35 = PRODUCT_DEFINITION_CONTEXT('part definition',#2,'design');
#36 = ADVANCED_BREP_SHAPE_REPRESENTATION('',(#11,#37),#849);
#37 = MANIFOLD_SOLID_BREP('',#38);
#38 = CLOSED_SHELL('',(#39,#79,#186,#210,#234,#395,#412,#429,#446,#463,
    #475,#492,#509,#526,#543,#574,#598,#622,#639,#670,#694,#718,#735,
    #758,#781,#806,#831,#840));
#39 = ADVANCED_FACE('',(#40),#74,.F.);
#40 = FACE_BOUND('',#41,.F.);
#41 = EDGE_LOOP('',(#42,#52,#60,#68));
#42 = ORIENTED_EDGE('',*,*,#43,.F.);
#43 = EDGE_CURVE('',#44,#46,#48,.T.);
#44 = VERTEX_POINT('',#45);
#45 = CARTESIAN_POINT('',(16.033392166521,12.1,0.));
#46 = VERTEX_POINT('',#47);
#47 = CARTESIAN_POINT('',(16.033392166521,-12.1,0.));
#48 = LINE('',#49,#50);
#49 = CARTESIAN_POINT('',(16.033392166521,14.1,0.));
#50 = VECTOR('',#51,1.);
#51 = DIRECTION('',(0.,-1.,0.));
#52 = ORIENTED_EDGE('',*,*,#53,.T.);
#53 = EDGE_CURVE('',#44,#54,#56,.T.);
#54 = VERTEX_POINT('',#55);
#55 = CARTESIAN_POINT('',(16.033392166521,12.1,1.6));
#56 = LINE('',#57,#58);
#57 = CARTESIAN_POINT('',(16.033392166521,12.1,0.));
#58 = VECTOR('',#59,1.);
#59 = DIRECTION('',(0.,0.,1.));
#60 = ORIENTED_EDGE('',*,*,#61,.T.);
#61 = EDGE_CURVE('',#54,#62,#64,.T.);
#62 = VERTEX_POINT('',#63);
#63 = CARTESIAN_POINT('',(16.033392166521,-12.1,1.6));
#64 = LINE('',#65,#66);
#65 = CARTESIAN_POINT('',(16.033392166521,14.1,1.6));
#66 = VECTOR('',#67,1.);
#67 = DIRECTION('',(0.,-1.,0.));
#68 = ORIENTED_EDGE('',*,*,#69,.F.);
#69 = EDGE_CURVE('',#46,#62,#70,.T.);
#70 = LINE('',#71,#72);
#71 = CARTESIAN_POINT('',(16.033392166521,-12.1,0.));
#72 = VECTOR('',#73,1.);
#73 = DIRECTION('',(0.,0.,1.));
#74 = PLANE('',#75);
#75 = AXIS2_PLACEMENT_3D('',#76,#77,#78);
#76 = CARTESIAN_POINT('',(16.033392166521,14.1,0.));
#77 = DIRECTION('',(1.,0.,0.));
#78 = DIRECTION('',(0.,-1.,0.));
#79 = ADVANCED_FACE('',(#80,#137,#148,#159,#170),#181,.F.);
#80 = FACE_BOUND('',#81,.F.);
#81 = EDGE_LOOP('',(#82,#83,#91,#99,#107,#115,#123,#131));
#82 = ORIENTED_EDGE('',*,*,#43,.T.);
#83 = ORIENTED_EDGE('',*,*,#84,.T.);
#84 = EDGE_CURVE('',#46,#85,#87,.T.);
#85 = VERTEX_POINT('',#86);
#86 = CARTESIAN_POINT('',(18.033392166521,-14.1,0.));
#87 = LINE('',#88,#89);
#88 = CARTESIAN_POINT('',(19.970892166521,-16.0375,0.));
#89 = VECTOR('',#90,1.);
#90 = DIRECTION('',(0.707106781187,-0.707106781187,0.));
#91 = ORIENTED_EDGE('',*,*,#92,.T.);
#92 = EDGE_CURVE('',#85,#93,#95,.T.);
#93 = VERTEX_POINT('',#94);
#94 = CARTESIAN_POINT('',(65.733392166521,-14.1,0.));
#95 = LINE('',#96,#97);
#96 = CARTESIAN_POINT('',(16.033392166521,-14.1,0.));
#97 = VECTOR('',#98,1.);
#98 = DIRECTION('',(1.,0.,0.));
#99 = ORIENTED_EDGE('',*,*,#100,.T.);
#100 = EDGE_CURVE('',#93,#101,#103,.T.);
#101 = VERTEX_POINT('',#102);
#102 = CARTESIAN_POINT('',(67.733392166521,-12.1,0.));
#103 = LINE('',#104,#105);
#104 = CARTESIAN_POINT('',(63.795892166521,-16.0375,0.));
#105 = VECTOR('',#106,1.);
#106 = DIRECTION('',(0.707106781187,0.707106781187,0.));
#107 = ORIENTED_EDGE('',*,*,#108,.T.);
#108 = EDGE_CURVE('',#101,#109,#111,.T.);
#109 = VERTEX_POINT('',#110);
#110 = CARTESIAN_POINT('',(67.733392166521,12.1,0.));
#111 = LINE('',#112,#113);
#112 = CARTESIAN_POINT('',(67.733392166521,-14.1,0.));
#113 = VECTOR('',#114,1.);
#114 = DIRECTION('',(0.,1.,0.));
#115 = ORIENTED_EDGE('',*,*,#116,.F.);
#116 = EDGE_CURVE('',#117,#109,#119,.T.);
#117 = VERTEX_POINT('',#118);
#118 = CARTESIAN_POINT('',(65.733392166521,14.1,0.));
#119 = LINE('',#120,#121);
#120 = CARTESIAN_POINT('',(63.795892166521,16.0375,0.));
#121 = VECTOR('',#122,1.);
#122 = DIRECTION('',(0.707106781187,-0.707106781187,0.));
#123 = ORIENTED_EDGE('',*,*,#124,.T.);
#124 = EDGE_CURVE('',#117,#125,#127,.T.);
#125 = VERTEX_POINT('',#126);
#126 = CARTESIAN_POINT('',(18.033392166521,14.1,0.));
#127 = LINE('',#128,#129);
#128 = CARTESIAN_POINT('',(67.733392166521,14.1,0.));
#129 = VECTOR('',#130,1.);
#130 = DIRECTION('',(-1.,0.,0.));
#131 = ORIENTED_EDGE('',*,*,#132,.F.);
#132 = EDGE_CURVE('',#44,#125,#133,.T.);
#133 = LINE('',#134,#135);
#134 = CARTESIAN_POINT('',(19.970892166521,16.0375,0.));
#135 = VECTOR('',#136,1.);
#136 = DIRECTION('',(0.707106781187,0.707106781187,0.));
#137 = FACE_BOUND('',#138,.T.);
#138 = EDGE_LOOP('',(#139));
#139 = ORIENTED_EDGE('',*,*,#140,.T.);
#140 = EDGE_CURVE('',#141,#141,#143,.T.);
#141 = VERTEX_POINT('',#142);
#142 = CARTESIAN_POINT('',(19.933392166521,11.65,0.));
#143 = CIRCLE('',#144,1.4);
#144 = AXIS2_PLACEMENT_3D('',#145,#146,#147);
#145 = CARTESIAN_POINT('',(18.533392166521,11.65,0.));
#146 = DIRECTION('',(0.,0.,1.));
#147 = DIRECTION('',(1.,0.,0.));
#148 = FACE_BOUND('',#149,.T.);
#149 = EDGE_LOOP('',(#150));
#150 = ORIENTED_EDGE('',*,*,#151,.T.);
#151 = EDGE_CURVE('',#152,#152,#154,.T.);
#152 = VERTEX_POINT('',#153);
#153 = CARTESIAN_POINT('',(66.633392166521,11.65,0.));
#154 = CIRCLE('',#155,1.4);
#155 = AXIS2_PLACEMENT_3D('',#156,#157,#158);
#156 = CARTESIAN_POINT('',(65.233392166521,11.65,0.));
#157 = DIRECTION('',(0.,0.,1.));
#158 = DIRECTION('',(1.,0.,0.));
#159 = FACE_BOUND('',#160,.T.);
#160 = EDGE_LOOP('',(#161));
#161 = ORIENTED_EDGE('',*,*,#162,.T.);
#162 = EDGE_CURVE('',#163,#163,#165,.T.);
#163 = VERTEX_POINT('',#164);
#164 = CARTESIAN_POINT('',(66.633392166521,-11.65,0.));
#165 = CIRCLE('',#166,1.4);
#166 = AXIS2_PLACEMENT_3D('',#167,#168,#169);
#167 = CARTESIAN_POINT('',(65.233392166521,-11.65,0.));
#168 = DIRECTION('',(0.,0.,1.));
#169 = DIRECTION('',(1.,0.,0.));
#170 = FACE_BOUND('',#171,.T.);
#171 = EDGE_LOOP('',(#172));
#172 = ORIENTED_EDGE('',*,*,#173,.T.);
#173 = EDGE_CURVE('',#174,#174,#176,.T.);
#174 = VERTEX_POINT('',#175);
#175 = CARTESIAN_POINT('',(19.933392166521,-11.65,0.));
#176 = CIRCLE('',#177,1.4);
#177 = AXIS2_PLACEMENT_3D('',#178,#179,#180);
#178 = CARTESIAN_POINT('',(18.533392166521,-11.65,0.));
#179 = DIRECTION('',(0.,0.,1.));
#180 = DIRECTION('',(1.,0.,0.));
#181 = PLANE('',#182);
#182 = AXIS2_PLACEMENT_3D('',#183,#184,#185);
#183 = CARTESIAN_POINT('',(41.883392166521,-1.E-15,0.));
#184 = DIRECTION('',(0.,0.,1.));
#185 = DIRECTION('',(1.,0.,0.));
#186 = ADVANCED_FACE('',(#187),#205,.T.);
#187 = FACE_BOUND('',#188,.T.);
#188 = EDGE_LOOP('',(#189,#190,#191,#199));
#189 = ORIENTED_EDGE('',*,*,#132,.F.);
#190 = ORIENTED_EDGE('',*,*,#53,.T.);
#191 = ORIENTED_EDGE('',*,*,#192,.T.);
#192 = EDGE_CURVE('',#54,#193,#195,.T.);
#193 = VERTEX_POINT('',#194);
#194 = CARTESIAN_POINT('',(18.033392166521,14.1,1.6));
#195 = LINE('',#196,#197);
#196 = CARTESIAN_POINT('',(19.970892166521,16.0375,1.6));
#197 = VECTOR('',#198,1.);
#198 = DIRECTION('',(0.707106781187,0.707106781187,0.));
#199 = ORIENTED_EDGE('',*,*,#200,.F.);
#200 = EDGE_CURVE('',#125,#193,#201,.T.);
#201 = LINE('',#202,#203);
#202 = CARTESIAN_POINT('',(18.033392166521,14.1,0.));
#203 = VECTOR('',#204,1.);
#204 = DIRECTION('',(0.,0.,1.));
#205 = PLANE('',#206);
#206 = AXIS2_PLACEMENT_3D('',#207,#208,#209);
#207 = CARTESIAN_POINT('',(17.033392166521,13.1,0.));
#208 = DIRECTION('',(-0.707106781187,0.707106781187,0.));
#209 = DIRECTION('',(0.,0.,1.));
#210 = ADVANCED_FACE('',(#211),#229,.T.);
#211 = FACE_BOUND('',#212,.F.);
#212 = EDGE_LOOP('',(#213,#214,#215,#223));
#213 = ORIENTED_EDGE('',*,*,#84,.F.);
#214 = ORIENTED_EDGE('',*,*,#69,.T.);
#215 = ORIENTED_EDGE('',*,*,#216,.T.);
#216 = EDGE_CURVE('',#62,#217,#219,.T.);
#217 = VERTEX_POINT('',#218);
#218 = CARTESIAN_POINT('',(18.033392166521,-14.1,1.6));
#219 = LINE('',#220,#221);
#220 = CARTESIAN_POINT('',(19.970892166521,-16.0375,1.6));
#221 = VECTOR('',#222,1.);
#222 = DIRECTION('',(0.707106781187,-0.707106781187,0.));
#223 = ORIENTED_EDGE('',*,*,#224,.F.);
#224 = EDGE_CURVE('',#85,#217,#225,.T.);
#225 = LINE('',#226,#227);
#226 = CARTESIAN_POINT('',(18.033392166521,-14.1,0.));
#227 = VECTOR('',#228,1.);
#228 = DIRECTION('',(0.,0.,1.));
#229 = PLANE('',#230);
#230 = AXIS2_PLACEMENT_3D('',#231,#232,#233);
#231 = CARTESIAN_POINT('',(17.033392166521,-13.1,0.));
#232 = DIRECTION('',(-0.707106781187,-0.707106781187,0.));
#233 = DIRECTION('',(-0.,-0.,-1.));
#234 = ADVANCED_FACE('',(#235,#278,#289,#323,#334,#368,#379),#390,.T.);
#235 = FACE_BOUND('',#236,.T.);
#236 = EDGE_LOOP('',(#237,#238,#239,#247,#255,#263,#271,#277));
#237 = ORIENTED_EDGE('',*,*,#61,.T.);
#238 = ORIENTED_EDGE('',*,*,#216,.T.);
#239 = ORIENTED_EDGE('',*,*,#240,.T.);
#240 = EDGE_CURVE('',#217,#241,#243,.T.);
#241 = VERTEX_POINT('',#242);
#242 = CARTESIAN_POINT('',(65.733392166521,-14.1,1.6));
#243 = LINE('',#244,#245);
#244 = CARTESIAN_POINT('',(16.033392166521,-14.1,1.6));
#245 = VECTOR('',#246,1.);
#246 = DIRECTION('',(1.,0.,0.));
#247 = ORIENTED_EDGE('',*,*,#248,.T.);
#248 = EDGE_CURVE('',#241,#249,#251,.T.);
#249 = VERTEX_POINT('',#250);
#250 = CARTESIAN_POINT('',(67.733392166521,-12.1,1.6));
#251 = LINE('',#252,#253);
#252 = CARTESIAN_POINT('',(63.795892166521,-16.0375,1.6));
#253 = VECTOR('',#254,1.);
#254 = DIRECTION('',(0.707106781187,0.707106781187,0.));
#255 = ORIENTED_EDGE('',*,*,#256,.T.);
#256 = EDGE_CURVE('',#249,#257,#259,.T.);
#257 = VERTEX_POINT('',#258);
#258 = CARTESIAN_POINT('',(67.733392166521,12.1,1.6));
#259 = LINE('',#260,#261);
#260 = CARTESIAN_POINT('',(67.733392166521,-14.1,1.6));
#261 = VECTOR('',#262,1.);
#262 = DIRECTION('',(0.,1.,0.));
#263 = ORIENTED_EDGE('',*,*,#264,.F.);
#264 = EDGE_CURVE('',#265,#257,#267,.T.);
#265 = VERTEX_POINT('',#266);
#266 = CARTESIAN_POINT('',(65.733392166521,14.1,1.6));
#267 = LINE('',#268,#269);
#268 = CARTESIAN_POINT('',(63.795892166521,16.0375,1.6));
#269 = VECTOR('',#270,1.);
#270 = DIRECTION('',(0.707106781187,-0.707106781187,0.));
#271 = ORIENTED_EDGE('',*,*,#272,.T.);
#272 = EDGE_CURVE('',#265,#193,#273,.T.);
#273 = LINE('',#274,#275);
#274 = CARTESIAN_POINT('',(67.733392166521,14.1,1.6));
#275 = VECTOR('',#276,1.);
#276 = DIRECTION('',(-1.,0.,0.));
#277 = ORIENTED_EDGE('',*,*,#192,.F.);
#278 = FACE_BOUND('',#279,.T.);
#279 = EDGE_LOOP('',(#280));
#280 = ORIENTED_EDGE('',*,*,#281,.F.);
#281 = EDGE_CURVE('',#282,#282,#284,.T.);
#282 = VERTEX_POINT('',#283);
#283 = CARTESIAN_POINT('',(19.933392166521,-11.65,1.6));
#284 = CIRCLE('',#285,1.4);
#285 = AXIS2_PLACEMENT_3D('',#286,#287,#288);
#286 = CARTESIAN_POINT('',(18.533392166521,-11.65,1.6));
#287 = DIRECTION('',(0.,0.,1.));
#288 = DIRECTION('',(1.,0.,0.));
#289 = FACE_BOUND('',#290,.T.);
#290 = EDGE_LOOP('',(#291,#301,#309,#317));
#291 = ORIENTED_EDGE('',*,*,#292,.F.);
#292 = EDGE_CURVE('',#293,#295,#297,.T.);
#293 = VERTEX_POINT('',#294);
#294 = CARTESIAN_POINT('',(17.533392166521,-6.5,1.6));
#295 = VERTEX_POINT('',#296);
#296 = CARTESIAN_POINT('',(17.533392166521,-9.5,1.6));
#297 = LINE('',#298,#299);
#298 = CARTESIAN_POINT('',(17.533392166521,-6.5,1.6));
#299 = VECTOR('',#300,1.);
#300 = DIRECTION('',(0.,-1.,0.));
#301 = ORIENTED_EDGE('',*,*,#302,.F.);
#302 = EDGE_CURVE('',#303,#293,#305,.T.);
#303 = VERTEX_POINT('',#304);
#304 = CARTESIAN_POINT('',(21.533392166521,-6.5,1.6));
#305 = LINE('',#306,#307);
#306 = CARTESIAN_POINT('',(21.533392166521,-6.5,1.6));
#307 = VECTOR('',#308,1.);
#308 = DIRECTION('',(-1.,0.,0.));
#309 = ORIENTED_EDGE('',*,*,#310,.F.);
#310 = EDGE_CURVE('',#311,#303,#313,.T.);
#311 = VERTEX_POINT('',#312);
#312 = CARTESIAN_POINT('',(21.533392166521,-9.5,1.6));
#313 = LINE('',#314,#315);
#314 = CARTESIAN_POINT('',(21.533392166521,-9.5,1.6));
#315 = VECTOR('',#316,1.);
#316 = DIRECTION('',(0.,1.,0.));
#317 = ORIENTED_EDGE('',*,*,#318,.F.);
#318 = EDGE_CURVE('',#295,#311,#319,.T.);
#319 = LINE('',#320,#321);
#320 = CARTESIAN_POINT('',(17.533392166521,-9.5,1.6));
#321 = VECTOR('',#322,1.);
#322 = DIRECTION('',(1.,0.,0.));
#323 = FACE_BOUND('',#324,.T.);
#324 = EDGE_LOOP('',(#325));
#325 = ORIENTED_EDGE('',*,*,#326,.F.);
#326 = EDGE_CURVE('',#327,#327,#329,.T.);
#327 = VERTEX_POINT('',#328);
#328 = CARTESIAN_POINT('',(66.633392166521,-11.65,1.6));
#329 = CIRCLE('',#330,1.4);
#330 = AXIS2_PLACEMENT_3D('',#331,#332,#333);
#331 = CARTESIAN_POINT('',(65.233392166521,-11.65,1.6));
#332 = DIRECTION('',(0.,0.,1.));
#333 = DIRECTION('',(1.,0.,0.));
#334 = FACE_BOUND('',#335,.T.);
#335 = EDGE_LOOP('',(#336,#346,#354,#362));
#336 = ORIENTED_EDGE('',*,*,#337,.F.);
#337 = EDGE_CURVE('',#338,#340,#342,.T.);
#338 = VERTEX_POINT('',#339);
#339 = CARTESIAN_POINT('',(17.533392166521,9.5,1.6));
#340 = VERTEX_POINT('',#341);
#341 = CARTESIAN_POINT('',(17.533392166521,6.5,1.6));
#342 = LINE('',#343,#344);
#343 = CARTESIAN_POINT('',(17.533392166521,9.5,1.6));
#344 = VECTOR('',#345,1.);
#345 = DIRECTION('',(0.,-1.,0.));
#346 = ORIENTED_EDGE('',*,*,#347,.F.);
#347 = EDGE_CURVE('',#348,#338,#350,.T.);
#348 = VERTEX_POINT('',#349);
#349 = CARTESIAN_POINT('',(21.533392166521,9.5,1.6));
#350 = LINE('',#351,#352);
#351 = CARTESIAN_POINT('',(21.533392166521,9.5,1.6));
#352 = VECTOR('',#353,1.);
#353 = DIRECTION('',(-1.,0.,0.));
#354 = ORIENTED_EDGE('',*,*,#355,.F.);
#355 = EDGE_CURVE('',#356,#348,#358,.T.);
#356 = VERTEX_POINT('',#357);
#357 = CARTESIAN_POINT('',(21.533392166521,6.5,1.6));
#358 = LINE('',#359,#360);
#359 = CARTESIAN_POINT('',(21.533392166521,6.5,1.6));
#360 = VECTOR('',#361,1.);
#361 = DIRECTION('',(0.,1.,0.));
#362 = ORIENTED_EDGE('',*,*,#363,.F.);
#363 = EDGE_CURVE('',#340,#356,#364,.T.);
#364 = LINE('',#365,#366);
#365 = CARTESIAN_POINT('',(17.533392166521,6.5,1.6));
#366 = VECTOR('',#367,1.);
#367 = DIRECTION('',(1.,0.,0.));
#368 = FACE_BOUND('',#369,.T.);
#369 = EDGE_LOOP('',(#370));
#370 = ORIENTED_EDGE('',*,*,#371,.F.);
#371 = EDGE_CURVE('',#372,#372,#374,.T.);
#372 = VERTEX_POINT('',#373);
#373 = CARTESIAN_POINT('',(19.933392166521,11.65,1.6));
#374 = CIRCLE('',#375,1.4);
#375 = AXIS2_PLACEMENT_3D('',#376,#377,#378);
#376 = CARTESIAN_POINT('',(18.533392166521,11.65,1.6));
#377 = DIRECTION('',(0.,0.,1.));
#378 = DIRECTION('',(1.,0.,0.));
#379 = FACE_BOUND('',#380,.T.);
#380 = EDGE_LOOP('',(#381));
#381 = ORIENTED_EDGE('',*,*,#382,.F.);
#382 = EDGE_CURVE('',#383,#383,#385,.T.);
#383 = VERTEX_POINT('',#384);
#384 = CARTESIAN_POINT('',(66.633392166521,11.65,1.6));
#385 = CIRCLE('',#386,1.4);
#386 = AXIS2_PLACEMENT_3D('',#387,#388,#389);
#387 = CARTESIAN_POINT('',(65.233392166521,11.65,1.6));
#388 = DIRECTION('',(0.,0.,1.));
#389 = DIRECTION('',(1.,0.,0.));
#390 = PLANE('',#391);
#391 = AXIS2_PLACEMENT_3D('',#392,#393,#394);
#392 = CARTESIAN_POINT('',(41.883392166521,-1.E-15,1.6));
#393 = DIRECTION('',(0.,0.,1.));
#394 = DIRECTION('',(1.,0.,0.));
#395 = ADVANCED_FACE('',(#396),#407,.F.);
#396 = FACE_BOUND('',#397,.F.);
#397 = EDGE_LOOP('',(#398,#399,#405,#406));
#398 = ORIENTED_EDGE('',*,*,#124,.F.);
#399 = ORIENTED_EDGE('',*,*,#400,.T.);
#400 = EDGE_CURVE('',#117,#265,#401,.T.);
#401 = LINE('',#402,#403);
#402 = CARTESIAN_POINT('',(65.733392166521,14.1,0.));
#403 = VECTOR('',#404,1.);
#404 = DIRECTION('',(0.,0.,1.));
#405 = ORIENTED_EDGE('',*,*,#272,.T.);
#406 = ORIENTED_EDGE('',*,*,#200,.F.);
#407 = PLANE('',#408);
#408 = AXIS2_PLACEMENT_3D('',#409,#410,#411);
#409 = CARTESIAN_POINT('',(67.733392166521,14.1,0.));
#410 = DIRECTION('',(0.,-1.,0.));
#411 = DIRECTION('',(-1.,0.,0.));
#412 = ADVANCED_FACE('',(#413),#424,.F.);
#413 = FACE_BOUND('',#414,.F.);
#414 = EDGE_LOOP('',(#415,#416,#417,#418));
#415 = ORIENTED_EDGE('',*,*,#92,.F.);
#416 = ORIENTED_EDGE('',*,*,#224,.T.);
#417 = ORIENTED_EDGE('',*,*,#240,.T.);
#418 = ORIENTED_EDGE('',*,*,#419,.F.);
#419 = EDGE_CURVE('',#93,#241,#420,.T.);
#420 = LINE('',#421,#422);
#421 = CARTESIAN_POINT('',(65.733392166521,-14.1,0.));
#422 = VECTOR('',#423,1.);
#423 = DIRECTION('',(0.,0.,1.));
#424 = PLANE('',#425);
#425 = AXIS2_PLACEMENT_3D('',#426,#427,#428);
#426 = CARTESIAN_POINT('',(16.033392166521,-14.1,0.));
#427 = DIRECTION('',(0.,1.,0.));
#428 = DIRECTION('',(1.,0.,0.));
#429 = ADVANCED_FACE('',(#430),#441,.T.);
#430 = FACE_BOUND('',#431,.T.);
#431 = EDGE_LOOP('',(#432,#433,#434,#435));
#432 = ORIENTED_EDGE('',*,*,#116,.F.);
#433 = ORIENTED_EDGE('',*,*,#400,.T.);
#434 = ORIENTED_EDGE('',*,*,#264,.T.);
#435 = ORIENTED_EDGE('',*,*,#436,.F.);
#436 = EDGE_CURVE('',#109,#257,#437,.T.);
#437 = LINE('',#438,#439);
#438 = CARTESIAN_POINT('',(67.733392166521,12.1,0.));
#439 = VECTOR('',#440,1.);
#440 = DIRECTION('',(0.,0.,1.));
#441 = PLANE('',#442);
#442 = AXIS2_PLACEMENT_3D('',#443,#444,#445);
#443 = CARTESIAN_POINT('',(66.733392166521,13.1,0.));
#444 = DIRECTION('',(0.707106781187,0.707106781187,0.));
#445 = DIRECTION('',(0.,0.,1.));
#446 = ADVANCED_FACE('',(#447),#458,.T.);
#447 = FACE_BOUND('',#448,.F.);
#448 = EDGE_LOOP('',(#449,#450,#451,#452));
#449 = ORIENTED_EDGE('',*,*,#100,.F.);
#450 = ORIENTED_EDGE('',*,*,#419,.T.);
#451 = ORIENTED_EDGE('',*,*,#248,.T.);
#452 = ORIENTED_EDGE('',*,*,#453,.F.);
#453 = EDGE_CURVE('',#101,#249,#454,.T.);
#454 = LINE('',#455,#456);
#455 = CARTESIAN_POINT('',(67.733392166521,-12.1,0.));
#456 = VECTOR('',#457,1.);
#457 = DIRECTION('',(0.,0.,1.));
#458 = PLANE('',#459);
#459 = AXIS2_PLACEMENT_3D('',#460,#461,#462);
#460 = CARTESIAN_POINT('',(66.733392166521,-13.1,0.));
#461 = DIRECTION('',(0.707106781187,-0.707106781187,0.));
#462 = DIRECTION('',(-0.,-0.,-1.));
#463 = ADVANCED_FACE('',(#464),#470,.F.);
#464 = FACE_BOUND('',#465,.F.);
#465 = EDGE_LOOP('',(#466,#467,#468,#469));
#466 = ORIENTED_EDGE('',*,*,#108,.F.);
#467 = ORIENTED_EDGE('',*,*,#453,.T.);
#468 = ORIENTED_EDGE('',*,*,#256,.T.);
#469 = ORIENTED_EDGE('',*,*,#436,.F.);
#470 = PLANE('',#471);
#471 = AXIS2_PLACEMENT_3D('',#472,#473,#474);
#472 = CARTESIAN_POINT('',(67.733392166521,-14.1,0.));
#473 = DIRECTION('',(-1.,0.,0.));
#474 = DIRECTION('',(0.,1.,0.));
#475 = ADVANCED_FACE('',(#476),#487,.F.);
#476 = FACE_BOUND('',#477,.T.);
#477 = EDGE_LOOP('',(#478,#484,#485,#486));
#478 = ORIENTED_EDGE('',*,*,#479,.T.);
#479 = EDGE_CURVE('',#141,#372,#480,.T.);
#480 = LINE('',#481,#482);
#481 = CARTESIAN_POINT('',(19.933392166521,11.65,0.));
#482 = VECTOR('',#483,1.);
#483 = DIRECTION('',(0.,0.,1.));
#484 = ORIENTED_EDGE('',*,*,#371,.T.);
#485 = ORIENTED_EDGE('',*,*,#479,.F.);
#486 = ORIENTED_EDGE('',*,*,#140,.F.);
#487 = CYLINDRICAL_SURFACE('',#488,1.4);
#488 = AXIS2_PLACEMENT_3D('',#489,#490,#491);
#489 = CARTESIAN_POINT('',(18.533392166521,11.65,0.));
#490 = DIRECTION('',(-0.,-0.,-1.));
#491 = DIRECTION('',(1.,0.,0.));
#492 = ADVANCED_FACE('',(#493),#504,.F.);
#493 = FACE_BOUND('',#494,.T.);
#494 = EDGE_LOOP('',(#495,#501,#502,#503));
#495 = ORIENTED_EDGE('',*,*,#496,.T.);
#496 = EDGE_CURVE('',#152,#383,#497,.T.);
#497 = LINE('',#498,#499);
#498 = CARTESIAN_POINT('',(66.633392166521,11.65,0.));
#499 = VECTOR('',#500,1.);
#500 = DIRECTION('',(0.,0.,1.));
#501 = ORIENTED_EDGE('',*,*,#382,.T.);
#502 = ORIENTED_EDGE('',*,*,#496,.F.);
#503 = ORIENTED_EDGE('',*,*,#151,.F.);
#504 = CYLINDRICAL_SURFACE('',#505,1.4);
#505 = AXIS2_PLACEMENT_3D('',#506,#507,#508);
#506 = CARTESIAN_POINT('',(65.233392166521,11.65,0.));
#507 = DIRECTION('',(-0.,-0.,-1.));
#508 = DIRECTION('',(1.,0.,0.));
#509 = ADVANCED_FACE('',(#510),#521,.F.);
#510 = FACE_BOUND('',#511,.T.);
#511 = EDGE_LOOP('',(#512,#518,#519,#520));
#512 = ORIENTED_EDGE('',*,*,#513,.T.);
#513 = EDGE_CURVE('',#163,#327,#514,.T.);
#514 = LINE('',#515,#516);
#515 = CARTESIAN_POINT('',(66.633392166521,-11.65,0.));
#516 = VECTOR('',#517,1.);
#517 = DIRECTION('',(0.,0.,1.));
#518 = ORIENTED_EDGE('',*,*,#326,.T.);
#519 = ORIENTED_EDGE('',*,*,#513,.F.);
#520 = ORIENTED_EDGE('',*,*,#162,.F.);
#521 = CYLINDRICAL_SURFACE('',#522,1.4);
#522 = AXIS2_PLACEMENT_3D('',#523,#524,#525);
#523 = CARTESIAN_POINT('',(65.233392166521,-11.65,0.));
#524 = DIRECTION('',(-0.,-0.,-1.));
#525 = DIRECTION('',(1.,0.,0.));
#526 = ADVANCED_FACE('',(#527),#538,.F.);
#527 = FACE_BOUND('',#528,.T.);
#528 = EDGE_LOOP('',(#529,#535,#536,#537));
#529 = ORIENTED_EDGE('',*,*,#530,.T.);
#530 = EDGE_CURVE('',#174,#282,#531,.T.);
#531 = LINE('',#532,#533);
#532 = CARTESIAN_POINT('',(19.933392166521,-11.65,0.));
#533 = VECTOR('',#534,1.);
#534 = DIRECTION('',(0.,0.,1.));
#535 = ORIENTED_EDGE('',*,*,#281,.T.);
#536 = ORIENTED_EDGE('',*,*,#530,.F.);
#537 = ORIENTED_EDGE('',*,*,#173,.F.);
#538 = CYLINDRICAL_SURFACE('',#539,1.4);
#539 = AXIS2_PLACEMENT_3D('',#540,#541,#542);
#540 = CARTESIAN_POINT('',(18.533392166521,-11.65,0.));
#541 = DIRECTION('',(-0.,-0.,-1.));
#542 = DIRECTION('',(1.,0.,0.));
#543 = ADVANCED_FACE('',(#544),#569,.F.);
#544 = FACE_BOUND('',#545,.F.);
#545 = EDGE_LOOP('',(#546,#554,#562,#568));
#546 = ORIENTED_EDGE('',*,*,#547,.T.);
#547 = EDGE_CURVE('',#293,#548,#550,.T.);
#548 = VERTEX_POINT('',#549);
#549 = CARTESIAN_POINT('',(17.533392166521,-6.5,3.4));
#550 = LINE('',#551,#552);
#551 = CARTESIAN_POINT('',(17.533392166521,-6.5,1.6));
#552 = VECTOR('',#553,1.);
#553 = DIRECTION('',(0.,0.,1.));
#554 = ORIENTED_EDGE('',*,*,#555,.T.);
#555 = EDGE_CURVE('',#548,#556,#558,.T.);
#556 = VERTEX_POINT('',#557);
#557 = CARTESIAN_POINT('',(17.533392166521,-9.5,3.4));
#558 = LINE('',#559,#560);
#559 = CARTESIAN_POINT('',(17.533392166521,-6.5,3.4));
#560 = VECTOR('',#561,1.);
#561 = DIRECTION('',(0.,-1.,0.));
#562 = ORIENTED_EDGE('',*,*,#563,.F.);
#563 = EDGE_CURVE('',#295,#556,#564,.T.);
#564 = LINE('',#565,#566);
#565 = CARTESIAN_POINT('',(17.533392166521,-9.5,1.6));
#566 = VECTOR('',#567,1.);
#567 = DIRECTION('',(0.,0.,1.));
#568 = ORIENTED_EDGE('',*,*,#292,.F.);
#569 = PLANE('',#570);
#570 = AXIS2_PLACEMENT_3D('',#571,#572,#573);
#571 = CARTESIAN_POINT('',(17.533392166521,-6.5,1.6));
#572 = DIRECTION('',(1.,0.,0.));
#573 = DIRECTION('',(0.,-1.,0.));
#574 = ADVANCED_FACE('',(#575),#593,.F.);
#575 = FACE_BOUND('',#576,.F.);
#576 = EDGE_LOOP('',(#577,#578,#586,#592));
#577 = ORIENTED_EDGE('',*,*,#563,.T.);
#578 = ORIENTED_EDGE('',*,*,#579,.T.);
#579 = EDGE_CURVE('',#556,#580,#582,.T.);
#580 = VERTEX_POINT('',#581);
#581 = CARTESIAN_POINT('',(21.533392166521,-9.5,3.4));
#582 = LINE('',#583,#584);
#583 = CARTESIAN_POINT('',(17.533392166521,-9.5,3.4));
#584 = VECTOR('',#585,1.);
#585 = DIRECTION('',(1.,0.,0.));
#586 = ORIENTED_EDGE('',*,*,#587,.F.);
#587 = EDGE_CURVE('',#311,#580,#588,.T.);
#588 = LINE('',#589,#590);
#589 = CARTESIAN_POINT('',(21.533392166521,-9.5,1.6));
#590 = VECTOR('',#591,1.);
#591 = DIRECTION('',(0.,0.,1.));
#592 = ORIENTED_EDGE('',*,*,#318,.F.);
#593 = PLANE('',#594);
#594 = AXIS2_PLACEMENT_3D('',#595,#596,#597);
#595 = CARTESIAN_POINT('',(17.533392166521,-9.5,1.6));
#596 = DIRECTION('',(0.,1.,0.));
#597 = DIRECTION('',(1.,0.,0.));
#598 = ADVANCED_FACE('',(#599),#617,.F.);
#599 = FACE_BOUND('',#600,.F.);
#600 = EDGE_LOOP('',(#601,#602,#610,#616));
#601 = ORIENTED_EDGE('',*,*,#587,.T.);
#602 = ORIENTED_EDGE('',*,*,#603,.T.);
#603 = EDGE_CURVE('',#580,#604,#606,.T.);
#604 = VERTEX_POINT('',#605);
#605 = CARTESIAN_POINT('',(21.533392166521,-6.5,3.4));
#606 = LINE('',#607,#608);
#607 = CARTESIAN_POINT('',(21.533392166521,-9.5,3.4));
#608 = VECTOR('',#609,1.);
#609 = DIRECTION('',(0.,1.,0.));
#610 = ORIENTED_EDGE('',*,*,#611,.F.);
#611 = EDGE_CURVE('',#303,#604,#612,.T.);
#612 = LINE('',#613,#614);
#613 = CARTESIAN_POINT('',(21.533392166521,-6.5,1.6));
#614 = VECTOR('',#615,1.);
#615 = DIRECTION('',(0.,0.,1.));
#616 = ORIENTED_EDGE('',*,*,#310,.F.);
#617 = PLANE('',#618);
#618 = AXIS2_PLACEMENT_3D('',#619,#620,#621);
#619 = CARTESIAN_POINT('',(21.533392166521,-9.5,1.6));
#620 = DIRECTION('',(-1.,0.,0.));
#621 = DIRECTION('',(0.,1.,0.));
#622 = ADVANCED_FACE('',(#623),#634,.F.);
#623 = FACE_BOUND('',#624,.F.);
#624 = EDGE_LOOP('',(#625,#626,#632,#633));
#625 = ORIENTED_EDGE('',*,*,#611,.T.);
#626 = ORIENTED_EDGE('',*,*,#627,.T.);
#627 = EDGE_CURVE('',#604,#548,#628,.T.);
#628 = LINE('',#629,#630);
#629 = CARTESIAN_POINT('',(21.533392166521,-6.5,3.4));
#630 = VECTOR('',#631,1.);
#631 = DIRECTION('',(-1.,0.,0.));
#632 = ORIENTED_EDGE('',*,*,#547,.F.);
#633 = ORIENTED_EDGE('',*,*,#302,.F.);
#634 = PLANE('',#635);
#635 = AXIS2_PLACEMENT_3D('',#636,#637,#638);
#636 = CARTESIAN_POINT('',(21.533392166521,-6.5,1.6));
#637 = DIRECTION('',(0.,-1.,0.));
#638 = DIRECTION('',(-1.,0.,0.));
#639 = ADVANCED_FACE('',(#640),#665,.F.);
#640 = FACE_BOUND('',#641,.F.);
#641 = EDGE_LOOP('',(#642,#650,#658,#664));
#642 = ORIENTED_EDGE('',*,*,#643,.T.);
#643 = EDGE_CURVE('',#338,#644,#646,.T.);
#644 = VERTEX_POINT('',#645);
#645 = CARTESIAN_POINT('',(17.533392166521,9.5,3.4));
#646 = LINE('',#647,#648);
#647 = CARTESIAN_POINT('',(17.533392166521,9.5,1.6));
#648 = VECTOR('',#649,1.);
#649 = DIRECTION('',(0.,0.,1.));
#650 = ORIENTED_EDGE('',*,*,#651,.T.);
#651 = EDGE_CURVE('',#644,#652,#654,.T.);
#652 = VERTEX_POINT('',#653);
#653 = CARTESIAN_POINT('',(17.533392166521,6.5,3.4));
#654 = LINE('',#655,#656);
#655 = CARTESIAN_POINT('',(17.533392166521,9.5,3.4));
#656 = VECTOR('',#657,1.);
#657 = DIRECTION('',(0.,-1.,0.));
#658 = ORIENTED_EDGE('',*,*,#659,.F.);
#659 = EDGE_CURVE('',#340,#652,#660,.T.);
#660 = LINE('',#661,#662);
#661 = CARTESIAN_POINT('',(17.533392166521,6.5,1.6));
#662 = VECTOR('',#663,1.);
#663 = DIRECTION('',(0.,0.,1.));
#664 = ORIENTED_EDGE('',*,*,#337,.F.);
#665 = PLANE('',#666);
#666 = AXIS2_PLACEMENT_3D('',#667,#668,#669);
#667 = CARTESIAN_POINT('',(17.533392166521,9.5,1.6));
#668 = DIRECTION('',(1.,0.,0.));
#669 = DIRECTION('',(0.,-1.,0.));
#670 = ADVANCED_FACE('',(#671),#689,.F.);
#671 = FACE_BOUND('',#672,.F.);
#672 = EDGE_LOOP('',(#673,#674,#682,#688));
#673 = ORIENTED_EDGE('',*,*,#659,.T.);
#674 = ORIENTED_EDGE('',*,*,#675,.T.);
#675 = EDGE_CURVE('',#652,#676,#678,.T.);
#676 = VERTEX_POINT('',#677);
#677 = CARTESIAN_POINT('',(21.533392166521,6.5,3.4));
#678 = LINE('',#679,#680);
#679 = CARTESIAN_POINT('',(17.533392166521,6.5,3.4));
#680 = VECTOR('',#681,1.);
#681 = DIRECTION('',(1.,0.,0.));
#682 = ORIENTED_EDGE('',*,*,#683,.F.);
#683 = EDGE_CURVE('',#356,#676,#684,.T.);
#684 = LINE('',#685,#686);
#685 = CARTESIAN_POINT('',(21.533392166521,6.5,1.6));
#686 = VECTOR('',#687,1.);
#687 = DIRECTION('',(0.,0.,1.));
#688 = ORIENTED_EDGE('',*,*,#363,.F.);
#689 = PLANE('',#690);
#690 = AXIS2_PLACEMENT_3D('',#691,#692,#693);
#691 = CARTESIAN_POINT('',(17.533392166521,6.5,1.6));
#692 = DIRECTION('',(0.,1.,0.));
#693 = DIRECTION('',(1.,0.,0.));
#694 = ADVANCED_FACE('',(#695),#713,.F.);
#695 = FACE_BOUND('',#696,.F.);
#696 = EDGE_LOOP('',(#697,#698,#706,#712));
#697 = ORIENTED_EDGE('',*,*,#683,.T.);
#698 = ORIENTED_EDGE('',*,*,#699,.T.);
#699 = EDGE_CURVE('',#676,#700,#702,.T.);
#700 = VERTEX_POINT('',#701);
#701 = CARTESIAN_POINT('',(21.533392166521,9.5,3.4));
#702 = LINE('',#703,#704);
#703 = CARTESIAN_POINT('',(21.533392166521,6.5,3.4));
#704 = VECTOR('',#705,1.);
#705 = DIRECTION('',(0.,1.,0.));
#706 = ORIENTED_EDGE('',*,*,#707,.F.);
#707 = EDGE_CURVE('',#348,#700,#708,.T.);
#708 = LINE('',#709,#710);
#709 = CARTESIAN_POINT('',(21.533392166521,9.5,1.6));
#710 = VECTOR('',#711,1.);
#711 = DIRECTION('',(0.,0.,1.));
#712 = ORIENTED_EDGE('',*,*,#355,.F.);
#713 = PLANE('',#714);
#714 = AXIS2_PLACEMENT_3D('',#715,#716,#717);
#715 = CARTESIAN_POINT('',(21.533392166521,6.5,1.6));
#716 = DIRECTION('',(-1.,0.,0.));
#717 = DIRECTION('',(0.,1.,0.));
#718 = ADVANCED_FACE('',(#719),#730,.F.);
#719 = FACE_BOUND('',#720,.F.);
#720 = EDGE_LOOP('',(#721,#722,#728,#729));
#721 = ORIENTED_EDGE('',*,*,#707,.T.);
#722 = ORIENTED_EDGE('',*,*,#723,.T.);
#723 = EDGE_CURVE('',#700,#644,#724,.T.);
#724 = LINE('',#725,#726);
#725 = CARTESIAN_POINT('',(21.533392166521,9.5,3.4));
#726 = VECTOR('',#727,1.);
#727 = DIRECTION('',(-1.,0.,0.));
#728 = ORIENTED_EDGE('',*,*,#643,.F.);
#729 = ORIENTED_EDGE('',*,*,#347,.F.);
#730 = PLANE('',#731);
#731 = AXIS2_PLACEMENT_3D('',#732,#733,#734);
#732 = CARTESIAN_POINT('',(21.533392166521,9.5,1.6));
#733 = DIRECTION('',(0.,-1.,0.));
#734 = DIRECTION('',(-1.,0.,0.));
#735 = ADVANCED_FACE('',(#736,#742),#753,.T.);
#736 = FACE_BOUND('',#737,.T.);
#737 = EDGE_LOOP('',(#738,#739,#740,#741));
#738 = ORIENTED_EDGE('',*,*,#555,.T.);
#739 = ORIENTED_EDGE('',*,*,#579,.T.);
#740 = ORIENTED_EDGE('',*,*,#603,.T.);
#741 = ORIENTED_EDGE('',*,*,#627,.T.);
#742 = FACE_BOUND('',#743,.T.);
#743 = EDGE_LOOP('',(#744));
#744 = ORIENTED_EDGE('',*,*,#745,.F.);
#745 = EDGE_CURVE('',#746,#746,#748,.T.);
#746 = VERTEX_POINT('',#747);
#747 = CARTESIAN_POINT('',(20.433392166521,-8.,3.4));
#748 = CIRCLE('',#749,0.9);
#749 = AXIS2_PLACEMENT_3D('',#750,#751,#752);
#750 = CARTESIAN_POINT('',(19.533392166521,-8.,3.4));
#751 = DIRECTION('',(0.,0.,1.));
#752 = DIRECTION('',(1.,0.,0.));
#753 = PLANE('',#754);
#754 = AXIS2_PLACEMENT_3D('',#755,#756,#757);
#755 = CARTESIAN_POINT('',(19.533392166521,2.601E-14,3.4));
#756 = DIRECTION('',(0.,0.,1.));
#757 = DIRECTION('',(1.,0.,0.));
#758 = ADVANCED_FACE('',(#759,#765),#776,.T.);
#759 = FACE_BOUND('',#760,.T.);
#760 = EDGE_LOOP('',(#761,#762,#763,#764));
#761 = ORIENTED_EDGE('',*,*,#651,.T.);
#762 = ORIENTED_EDGE('',*,*,#675,.T.);
#763 = ORIENTED_EDGE('',*,*,#699,.T.);
#764 = ORIENTED_EDGE('',*,*,#723,.T.);
#765 = FACE_BOUND('',#766,.T.);
#766 = EDGE_LOOP('',(#767));
#767 = ORIENTED_EDGE('',*,*,#768,.F.);
#768 = EDGE_CURVE('',#769,#769,#771,.T.);
#769 = VERTEX_POINT('',#770);
#770 = CARTESIAN_POINT('',(20.433392166521,8.,3.4));
#771 = CIRCLE('',#772,0.9);
#772 = AXIS2_PLACEMENT_3D('',#773,#774,#775);
#773 = CARTESIAN_POINT('',(19.533392166521,8.,3.4));
#774 = DIRECTION('',(0.,0.,1.));
#775 = DIRECTION('',(1.,0.,0.));
#776 = PLANE('',#777);
#777 = AXIS2_PLACEMENT_3D('',#778,#779,#780);
#778 = CARTESIAN_POINT('',(19.533392166521,2.601E-14,3.4));
#779 = DIRECTION('',(0.,0.,1.));
#780 = DIRECTION('',(1.,0.,0.));
#781 = ADVANCED_FACE('',(#782),#801,.T.);
#782 = FACE_BOUND('',#783,.F.);
#783 = EDGE_LOOP('',(#784,#792,#799,#800));
#784 = ORIENTED_EDGE('',*,*,#785,.T.);
#785 = EDGE_CURVE('',#746,#786,#788,.T.);
#786 = VERTEX_POINT('',#787);
#787 = CARTESIAN_POINT('',(20.433392166521,-8.,3.9));
#788 = LINE('',#789,#790);
#789 = CARTESIAN_POINT('',(20.433392166521,-8.,3.4));
#790 = VECTOR('',#791,1.);
#791 = DIRECTION('',(0.,0.,1.));
#792 = ORIENTED_EDGE('',*,*,#793,.T.);
#793 = EDGE_CURVE('',#786,#786,#794,.T.);
#794 = CIRCLE('',#795,0.9);
#795 = AXIS2_PLACEMENT_3D('',#796,#797,#798);
#796 = CARTESIAN_POINT('',(19.533392166521,-8.,3.9));
#797 = DIRECTION('',(0.,0.,1.));
#798 = DIRECTION('',(1.,0.,0.));
#799 = ORIENTED_EDGE('',*,*,#785,.F.);
#800 = ORIENTED_EDGE('',*,*,#745,.F.);
#801 = CYLINDRICAL_SURFACE('',#802,0.9);
#802 = AXIS2_PLACEMENT_3D('',#803,#804,#805);
#803 = CARTESIAN_POINT('',(19.533392166521,-8.,3.4));
#804 = DIRECTION('',(-0.,-0.,-1.));
#805 = DIRECTION('',(1.,0.,0.));
#806 = ADVANCED_FACE('',(#807),#826,.T.);
#807 = FACE_BOUND('',#808,.F.);
#808 = EDGE_LOOP('',(#809,#817,#824,#825));
#809 = ORIENTED_EDGE('',*,*,#810,.T.);
#810 = EDGE_CURVE('',#769,#811,#813,.T.);
#811 = VERTEX_POINT('',#812);
#812 = CARTESIAN_POINT('',(20.433392166521,8.,3.9));
#813 = LINE('',#814,#815);
#814 = CARTESIAN_POINT('',(20.433392166521,8.,3.4));
#815 = VECTOR('',#816,1.);
#816 = DIRECTION('',(0.,0.,1.));
#817 = ORIENTED_EDGE('',*,*,#818,.T.);
#818 = EDGE_CURVE('',#811,#811,#819,.T.);
#819 = CIRCLE('',#820,0.9);
#820 = AXIS2_PLACEMENT_3D('',#821,#822,#823);
#821 = CARTESIAN_POINT('',(19.533392166521,8.,3.9));
#822 = DIRECTION('',(0.,0.,1.));
#823 = DIRECTION('',(1.,0.,0.));
#824 = ORIENTED_EDGE('',*,*,#810,.F.);
#825 = ORIENTED_EDGE('',*,*,#768,.F.);
#826 = CYLINDRICAL_SURFACE('',#827,0.9);
#827 = AXIS2_PLACEMENT_3D('',#828,#829,#830);
#828 = CARTESIAN_POINT('',(19.533392166521,8.,3.4));
#829 = DIRECTION('',(-0.,-0.,-1.));
#830 = DIRECTION('',(1.,0.,0.));
#831 = ADVANCED_FACE('',(#832),#835,.T.);
#832 = FACE_BOUND('',#833,.T.);
#833 = EDGE_LOOP('',(#834));
#834 = ORIENTED_EDGE('',*,*,#793,.T.);
#835 = PLANE('',#836);
#836 = AXIS2_PLACEMENT_3D('',#837,#838,#839);
#837 = CARTESIAN_POINT('',(19.533392166521,-2.468989128196E-15,3.9));
#838 = DIRECTION('',(0.,0.,1.));
#839 = DIRECTION('',(1.,0.,0.));
#840 = ADVANCED_FACE('',(#841),#844,.T.);
#841 = FACE_BOUND('',#842,.T.);
#842 = EDGE_LOOP('',(#843));
#843 = ORIENTED_EDGE('',*,*,#818,.T.);
#844 = PLANE('',#845);
#845 = AXIS2_PLACEMENT_3D('',#846,#847,#848);
#846 = CARTESIAN_POINT('',(19.533392166521,-2.468989128196E-15,3.9));
#847 = DIRECTION('',(0.,0.,1.));
#848 = DIRECTION('',(1.,0.,0.));
#849 = ( GEOMETRIC_REPRESENTATION_CONTEXT(3) 
GLOBAL_UNCERTAINTY_ASSIGNED_CONTEXT((#853)) GLOBAL_UNIT_ASSIGNED_CONTEXT
((#850,#851,#852)) REPRESENTATION_CONTEXT('Context #1',
  '3D Context with UNIT and UNCERTAINTY') );
#850 = ( LENGTH_UNIT() NAMED_UNIT(*) SI_UNIT(.MILLI.,.METRE.) );
#851 = ( NAMED_UNIT(*) PLANE_ANGLE_UNIT() SI_UNIT($,.RADIAN.) );
#852 = ( NAMED_UNIT(*) SI_UNIT($,.STERADIAN.) SOLID_ANGLE_UNIT() );
#853 = UNCERTAINTY_MEASURE_WITH_UNIT(LENGTH_MEASURE(1.E-07),#850,
  'distance_accuracy_value','confusion accuracy');
#854 = CONTEXT_DEPENDENT_SHAPE_REPRESENTATION(#855,#857);
#855 = ( REPRESENTATION_RELATIONSHIP('','',#36,#10) 
REPRESENTATION_RELATIONSHIP_WITH_TRANSFORMATION(#856) 
SHAPE_REPRESENTATION_RELATIONSHIP() );
#856 = ITEM_DEFINED_TRANSFORMATION('','',#11,#15);
#857 = PRODUCT_DEFINITION_SHAPE('Placement','Placement of an item',#858
  );
#858 = NEXT_ASSEMBLY_USAGE_OCCURRENCE('1','Body001','',#5,#31,$);
#859 = PRODUCT_RELATED_PRODUCT_CATEGORY('part',$,(#33));
#860 = SHAPE_DEFINITION_REPRESENTATION(#861,#867);
#861 = PRODUCT_DEFINITION_SHAPE('','',#862);
#862 = PRODUCT_DEFINITION('design','',#863,#866);
#863 = PRODUCT_DEFINITION_FORMATION('','',#864);
#864 = PRODUCT('Body002','Body002','',(#865));
#865 = PRODUCT_CONTEXT('',#2,'mechanical');
#866 = PRODUCT_DEFINITION_CONTEXT('part definition',#2,'design');
#867 = SHAPE_REPRESENTATION('',(#11,#868,#5278),#9688);
#868 = MANIFOLD_SOLID_BREP('',#869);
#869 = CLOSED_SHELL('',(#870,#910,#1451,#1482,#1513,#1544,#1561,#1578,
    #1590,#1621,#1645,#1669,#1686,#1698,#1729,#1753,#1777,#1794,#1806,
    #1837,#1861,#1885,#1902,#1914,#1945,#1969,#1993,#2010,#2022,#2053,
    #2077,#2101,#2118,#2130,#2161,#2185,#2209,#2226,#2238,#2269,#2293,
    #2317,#2334,#2346,#2377,#2401,#2425,#2442,#2454,#2485,#2509,#2533,
    #2550,#2562,#2593,#2617,#2641,#2658,#2670,#2701,#2725,#2749,#2766,
    #2778,#2809,#2833,#2857,#2874,#2886,#2917,#2941,#2965,#2982,#2994,
    #3025,#3049,#3073,#3090,#3102,#3119,#3136,#3658,#3689,#3713,#3737,
    #3754,#3766,#3797,#3821,#3845,#3862,#3874,#3905,#3929,#3953,#3970,
    #3982,#4013,#4037,#4061,#4078,#4090,#4121,#4145,#4169,#4186,#4198,
    #4229,#4253,#4277,#4294,#4306,#4337,#4361,#4385,#4402,#4414,#4445,
    #4469,#4493,#4510,#4522,#4553,#4577,#4601,#4618,#4630,#4661,#4685,
    #4709,#4726,#4738,#4769,#4793,#4817,#4834,#4846,#4877,#4901,#4925,
    #4942,#4954,#4985,#5009,#5033,#5050,#5062,#5093,#5117,#5141,#5158,
    #5170,#5201,#5225,#5249,#5266));
#870 = ADVANCED_FACE('',(#871),#905,.T.);
#871 = FACE_BOUND('',#872,.T.);
#872 = EDGE_LOOP('',(#873,#883,#891,#899));
#873 = ORIENTED_EDGE('',*,*,#874,.T.);
#874 = EDGE_CURVE('',#875,#877,#879,.T.);
#875 = VERTEX_POINT('',#876);
#876 = CARTESIAN_POINT('',(62.663392166521,11.43,0.));
#877 = VERTEX_POINT('',#878);
#878 = CARTESIAN_POINT('',(62.663392166521,11.43,-2.2));
#879 = LINE('',#880,#881);
#880 = CARTESIAN_POINT('',(62.663392166521,11.43,0.));
#881 = VECTOR('',#882,1.);
#882 = DIRECTION('',(-0.,-0.,-1.));
#883 = ORIENTED_EDGE('',*,*,#884,.T.);
#884 = EDGE_CURVE('',#877,#885,#887,.T.);
#885 = VERTEX_POINT('',#886);
#886 = CARTESIAN_POINT('',(62.663392166521,13.97,-2.2));
#887 = LINE('',#888,#889);
#888 = CARTESIAN_POINT('',(62.663392166521,11.43,-2.2));
#889 = VECTOR('',#890,1.);
#890 = DIRECTION('',(0.,1.,0.));
#891 = ORIENTED_EDGE('',*,*,#892,.F.);
#892 = EDGE_CURVE('',#893,#885,#895,.T.);
#893 = VERTEX_POINT('',#894);
#894 = CARTESIAN_POINT('',(62.663392166521,13.97,0.));
#895 = LINE('',#896,#897);
#896 = CARTESIAN_POINT('',(62.663392166521,13.97,0.));
#897 = VECTOR('',#898,1.);
#898 = DIRECTION('',(-0.,-0.,-1.));
#899 = ORIENTED_EDGE('',*,*,#900,.F.);
#900 = EDGE_CURVE('',#875,#893,#901,.T.);
#901 = LINE('',#902,#903);
#902 = CARTESIAN_POINT('',(62.663392166521,11.43,0.));
#903 = VECTOR('',#904,1.);
#904 = DIRECTION('',(0.,1.,0.));
#905 = PLANE('',#906);
#906 = AXIS2_PLACEMENT_3D('',#907,#908,#909);
#907 = CARTESIAN_POINT('',(62.663392166521,11.43,0.));
#908 = DIRECTION('',(1.,0.,0.));
#909 = DIRECTION('',(0.,1.,0.));
#910 = ADVANCED_FACE('',(#911,#936,#970,#1004,#1038,#1072,#1106,#1140,
    #1174,#1208,#1242,#1276,#1310,#1344,#1378,#1412),#1446,.T.);
#911 = FACE_BOUND('',#912,.T.);
#912 = EDGE_LOOP('',(#913,#921,#922,#930));
#913 = ORIENTED_EDGE('',*,*,#914,.T.);
#914 = EDGE_CURVE('',#915,#875,#917,.T.);
#915 = VERTEX_POINT('',#916);
#916 = CARTESIAN_POINT('',(24.563392166521,11.43,0.));
#917 = LINE('',#918,#919);
#918 = CARTESIAN_POINT('',(24.563392166521,11.43,0.));
#919 = VECTOR('',#920,1.);
#920 = DIRECTION('',(1.,0.,0.));
#921 = ORIENTED_EDGE('',*,*,#900,.T.);
#922 = ORIENTED_EDGE('',*,*,#923,.T.);
#923 = EDGE_CURVE('',#893,#924,#926,.T.);
#924 = VERTEX_POINT('',#925);
#925 = CARTESIAN_POINT('',(24.563392166521,13.97,0.));
#926 = LINE('',#927,#928);
#927 = CARTESIAN_POINT('',(62.663392166521,13.97,0.));
#928 = VECTOR('',#929,1.);
#929 = DIRECTION('',(-1.,0.,0.));
#930 = ORIENTED_EDGE('',*,*,#931,.T.);
#931 = EDGE_CURVE('',#924,#915,#932,.T.);
#932 = LINE('',#933,#934);
#933 = CARTESIAN_POINT('',(24.563392166521,13.97,0.));
#934 = VECTOR('',#935,1.);
#935 = DIRECTION('',(0.,-1.,0.));
#936 = FACE_BOUND('',#937,.T.);
#937 = EDGE_LOOP('',(#938,#948,#956,#964));
#938 = ORIENTED_EDGE('',*,*,#939,.T.);
#939 = EDGE_CURVE('',#940,#942,#944,.T.);
#940 = VERTEX_POINT('',#941);
#941 = CARTESIAN_POINT('',(26.133392166521,12.4,0.));
#942 = VERTEX_POINT('',#943);
#943 = CARTESIAN_POINT('',(25.533392166521,12.4,0.));
#944 = LINE('',#945,#946);
#945 = CARTESIAN_POINT('',(25.683392166521,12.4,0.));
#946 = VECTOR('',#947,1.);
#947 = DIRECTION('',(-1.,0.,0.));
#948 = ORIENTED_EDGE('',*,*,#949,.T.);
#949 = EDGE_CURVE('',#942,#950,#952,.T.);
#950 = VERTEX_POINT('',#951);
#951 = CARTESIAN_POINT('',(25.533392166521,13.,0.));
#952 = LINE('',#953,#954);
#953 = CARTESIAN_POINT('',(25.533392166521,6.5,0.));
#954 = VECTOR('',#955,1.);
#955 = DIRECTION('',(0.,1.,0.));
#956 = ORIENTED_EDGE('',*,*,#957,.T.);
#957 = EDGE_CURVE('',#950,#958,#960,.T.);
#958 = VERTEX_POINT('',#959);
#959 = CARTESIAN_POINT('',(26.133392166521,13.,0.));
#960 = LINE('',#961,#962);
#961 = CARTESIAN_POINT('',(25.983392166521,13.,0.));
#962 = VECTOR('',#963,1.);
#963 = DIRECTION('',(1.,0.,0.));
#964 = ORIENTED_EDGE('',*,*,#965,.T.);
#965 = EDGE_CURVE('',#958,#940,#966,.T.);
#966 = LINE('',#967,#968);
#967 = CARTESIAN_POINT('',(26.133392166521,6.2,0.));
#968 = VECTOR('',#969,1.);
#969 = DIRECTION('',(0.,-1.,0.));
#970 = FACE_BOUND('',#971,.T.);
#971 = EDGE_LOOP('',(#972,#982,#990,#998));
#972 = ORIENTED_EDGE('',*,*,#973,.T.);
#973 = EDGE_CURVE('',#974,#976,#978,.T.);
#974 = VERTEX_POINT('',#975);
#975 = CARTESIAN_POINT('',(31.213392166521,12.4,0.));
#976 = VERTEX_POINT('',#977);
#977 = CARTESIAN_POINT('',(30.613392166521,12.4,0.));
#978 = LINE('',#979,#980);
#979 = CARTESIAN_POINT('',(30.763392166521,12.4,0.));
#980 = VECTOR('',#981,1.);
#981 = DIRECTION('',(-1.,0.,0.));
#982 = ORIENTED_EDGE('',*,*,#983,.T.);
#983 = EDGE_CURVE('',#976,#984,#986,.T.);
#984 = VERTEX_POINT('',#985);
#985 = CARTESIAN_POINT('',(30.613392166521,13.,0.));
#986 = LINE('',#987,#988);
#987 = CARTESIAN_POINT('',(30.613392166521,6.5,0.));
#988 = VECTOR('',#989,1.);
#989 = DIRECTION('',(0.,1.,0.));
#990 = ORIENTED_EDGE('',*,*,#991,.T.);
#991 = EDGE_CURVE('',#984,#992,#994,.T.);
#992 = VERTEX_POINT('',#993);
#993 = CARTESIAN_POINT('',(31.213392166521,13.,0.));
#994 = LINE('',#995,#996);
#995 = CARTESIAN_POINT('',(31.063392166521,13.,0.));
#996 = VECTOR('',#997,1.);
#997 = DIRECTION('',(1.,0.,0.));
#998 = ORIENTED_EDGE('',*,*,#999,.T.);
#999 = EDGE_CURVE('',#992,#974,#1000,.T.);
#1000 = LINE('',#1001,#1002);
#1001 = CARTESIAN_POINT('',(31.213392166521,6.2,0.));
#1002 = VECTOR('',#1003,1.);
#1003 = DIRECTION('',(0.,-1.,0.));
#1004 = FACE_BOUND('',#1005,.T.);
#1005 = EDGE_LOOP('',(#1006,#1016,#1024,#1032));
#1006 = ORIENTED_EDGE('',*,*,#1007,.T.);
#1007 = EDGE_CURVE('',#1008,#1010,#1012,.T.);
#1008 = VERTEX_POINT('',#1009);
#1009 = CARTESIAN_POINT('',(36.293392166521,12.4,0.));
#1010 = VERTEX_POINT('',#1011);
#1011 = CARTESIAN_POINT('',(35.693392166521,12.4,0.));
#1012 = LINE('',#1013,#1014);
#1013 = CARTESIAN_POINT('',(35.843392166521,12.4,0.));
#1014 = VECTOR('',#1015,1.);
#1015 = DIRECTION('',(-1.,0.,0.));
#1016 = ORIENTED_EDGE('',*,*,#1017,.T.);
#1017 = EDGE_CURVE('',#1010,#1018,#1020,.T.);
#1018 = VERTEX_POINT('',#1019);
#1019 = CARTESIAN_POINT('',(35.693392166521,13.,0.));
#1020 = LINE('',#1021,#1022);
#1021 = CARTESIAN_POINT('',(35.693392166521,6.5,0.));
#1022 = VECTOR('',#1023,1.);
#1023 = DIRECTION('',(0.,1.,0.));
#1024 = ORIENTED_EDGE('',*,*,#1025,.T.);
#1025 = EDGE_CURVE('',#1018,#1026,#1028,.T.);
#1026 = VERTEX_POINT('',#1027);
#1027 = CARTESIAN_POINT('',(36.293392166521,13.,0.));
#1028 = LINE('',#1029,#1030);
#1029 = CARTESIAN_POINT('',(36.143392166521,13.,0.));
#1030 = VECTOR('',#1031,1.);
#1031 = DIRECTION('',(1.,0.,0.));
#1032 = ORIENTED_EDGE('',*,*,#1033,.T.);
#1033 = EDGE_CURVE('',#1026,#1008,#1034,.T.);
#1034 = LINE('',#1035,#1036);
#1035 = CARTESIAN_POINT('',(36.293392166521,6.2,0.));
#1036 = VECTOR('',#1037,1.);
#1037 = DIRECTION('',(0.,-1.,0.));
#1038 = FACE_BOUND('',#1039,.T.);
#1039 = EDGE_LOOP('',(#1040,#1050,#1058,#1066));
#1040 = ORIENTED_EDGE('',*,*,#1041,.T.);
#1041 = EDGE_CURVE('',#1042,#1044,#1046,.T.);
#1042 = VERTEX_POINT('',#1043);
#1043 = CARTESIAN_POINT('',(41.373392166521,12.4,0.));
#1044 = VERTEX_POINT('',#1045);
#1045 = CARTESIAN_POINT('',(40.773392166521,12.4,0.));
#1046 = LINE('',#1047,#1048);
#1047 = CARTESIAN_POINT('',(40.923392166521,12.4,0.));
#1048 = VECTOR('',#1049,1.);
#1049 = DIRECTION('',(-1.,0.,0.));
#1050 = ORIENTED_EDGE('',*,*,#1051,.T.);
#1051 = EDGE_CURVE('',#1044,#1052,#1054,.T.);
#1052 = VERTEX_POINT('',#1053);
#1053 = CARTESIAN_POINT('',(40.773392166521,13.,0.));
#1054 = LINE('',#1055,#1056);
#1055 = CARTESIAN_POINT('',(40.773392166521,6.5,0.));
#1056 = VECTOR('',#1057,1.);
#1057 = DIRECTION('',(0.,1.,0.));
#1058 = ORIENTED_EDGE('',*,*,#1059,.T.);
#1059 = EDGE_CURVE('',#1052,#1060,#1062,.T.);
#1060 = VERTEX_POINT('',#1061);
#1061 = CARTESIAN_POINT('',(41.373392166521,13.,0.));
#1062 = LINE('',#1063,#1064);
#1063 = CARTESIAN_POINT('',(41.223392166521,13.,0.));
#1064 = VECTOR('',#1065,1.);
#1065 = DIRECTION('',(1.,0.,0.));
#1066 = ORIENTED_EDGE('',*,*,#1067,.T.);
#1067 = EDGE_CURVE('',#1060,#1042,#1068,.T.);
#1068 = LINE('',#1069,#1070);
#1069 = CARTESIAN_POINT('',(41.373392166521,6.2,0.));
#1070 = VECTOR('',#1071,1.);
#1071 = DIRECTION('',(0.,-1.,0.));
#1072 = FACE_BOUND('',#1073,.T.);
#1073 = EDGE_LOOP('',(#1074,#1084,#1092,#1100));
#1074 = ORIENTED_EDGE('',*,*,#1075,.T.);
#1075 = EDGE_CURVE('',#1076,#1078,#1080,.T.);
#1076 = VERTEX_POINT('',#1077);
#1077 = CARTESIAN_POINT('',(46.453392166521,12.4,0.));
#1078 = VERTEX_POINT('',#1079);
#1079 = CARTESIAN_POINT('',(45.853392166521,12.4,0.));
#1080 = LINE('',#1081,#1082);
#1081 = CARTESIAN_POINT('',(46.003392166521,12.4,0.));
#1082 = VECTOR('',#1083,1.);
#1083 = DIRECTION('',(-1.,0.,0.));
#1084 = ORIENTED_EDGE('',*,*,#1085,.T.);
#1085 = EDGE_CURVE('',#1078,#1086,#1088,.T.);
#1086 = VERTEX_POINT('',#1087);
#1087 = CARTESIAN_POINT('',(45.853392166521,13.,0.));
#1088 = LINE('',#1089,#1090);
#1089 = CARTESIAN_POINT('',(45.853392166521,6.5,0.));
#1090 = VECTOR('',#1091,1.);
#1091 = DIRECTION('',(0.,1.,0.));
#1092 = ORIENTED_EDGE('',*,*,#1093,.T.);
#1093 = EDGE_CURVE('',#1086,#1094,#1096,.T.);
#1094 = VERTEX_POINT('',#1095);
#1095 = CARTESIAN_POINT('',(46.453392166521,13.,0.));
#1096 = LINE('',#1097,#1098);
#1097 = CARTESIAN_POINT('',(46.303392166521,13.,0.));
#1098 = VECTOR('',#1099,1.);
#1099 = DIRECTION('',(1.,0.,0.));
#1100 = ORIENTED_EDGE('',*,*,#1101,.T.);
#1101 = EDGE_CURVE('',#1094,#1076,#1102,.T.);
#1102 = LINE('',#1103,#1104);
#1103 = CARTESIAN_POINT('',(46.453392166521,6.2,0.));
#1104 = VECTOR('',#1105,1.);
#1105 = DIRECTION('',(0.,-1.,0.));
#1106 = FACE_BOUND('',#1107,.T.);
#1107 = EDGE_LOOP('',(#1108,#1118,#1126,#1134));
#1108 = ORIENTED_EDGE('',*,*,#1109,.T.);
#1109 = EDGE_CURVE('',#1110,#1112,#1114,.T.);
#1110 = VERTEX_POINT('',#1111);
#1111 = CARTESIAN_POINT('',(51.533392166521,12.4,0.));
#1112 = VERTEX_POINT('',#1113);
#1113 = CARTESIAN_POINT('',(50.933392166521,12.4,0.));
#1114 = LINE('',#1115,#1116);
#1115 = CARTESIAN_POINT('',(51.083392166521,12.4,0.));
#1116 = VECTOR('',#1117,1.);
#1117 = DIRECTION('',(-1.,0.,0.));
#1118 = ORIENTED_EDGE('',*,*,#1119,.T.);
#1119 = EDGE_CURVE('',#1112,#1120,#1122,.T.);
#1120 = VERTEX_POINT('',#1121);
#1121 = CARTESIAN_POINT('',(50.933392166521,13.,0.));
#1122 = LINE('',#1123,#1124);
#1123 = CARTESIAN_POINT('',(50.933392166521,6.5,0.));
#1124 = VECTOR('',#1125,1.);
#1125 = DIRECTION('',(0.,1.,0.));
#1126 = ORIENTED_EDGE('',*,*,#1127,.T.);
#1127 = EDGE_CURVE('',#1120,#1128,#1130,.T.);
#1128 = VERTEX_POINT('',#1129);
#1129 = CARTESIAN_POINT('',(51.533392166521,13.,0.));
#1130 = LINE('',#1131,#1132);
#1131 = CARTESIAN_POINT('',(51.383392166521,13.,0.));
#1132 = VECTOR('',#1133,1.);
#1133 = DIRECTION('',(1.,0.,0.));
#1134 = ORIENTED_EDGE('',*,*,#1135,.T.);
#1135 = EDGE_CURVE('',#1128,#1110,#1136,.T.);
#1136 = LINE('',#1137,#1138);
#1137 = CARTESIAN_POINT('',(51.533392166521,6.2,0.));
#1138 = VECTOR('',#1139,1.);
#1139 = DIRECTION('',(0.,-1.,0.));
#1140 = FACE_BOUND('',#1141,.T.);
#1141 = EDGE_LOOP('',(#1142,#1152,#1160,#1168));
#1142 = ORIENTED_EDGE('',*,*,#1143,.T.);
#1143 = EDGE_CURVE('',#1144,#1146,#1148,.T.);
#1144 = VERTEX_POINT('',#1145);
#1145 = CARTESIAN_POINT('',(56.613392166521,12.4,0.));
#1146 = VERTEX_POINT('',#1147);
#1147 = CARTESIAN_POINT('',(56.013392166521,12.4,0.));
#1148 = LINE('',#1149,#1150);
#1149 = CARTESIAN_POINT('',(56.163392166521,12.4,0.));
#1150 = VECTOR('',#1151,1.);
#1151 = DIRECTION('',(-1.,0.,0.));
#1152 = ORIENTED_EDGE('',*,*,#1153,.T.);
#1153 = EDGE_CURVE('',#1146,#1154,#1156,.T.);
#1154 = VERTEX_POINT('',#1155);
#1155 = CARTESIAN_POINT('',(56.013392166521,13.,0.));
#1156 = LINE('',#1157,#1158);
#1157 = CARTESIAN_POINT('',(56.013392166521,6.5,0.));
#1158 = VECTOR('',#1159,1.);
#1159 = DIRECTION('',(0.,1.,0.));
#1160 = ORIENTED_EDGE('',*,*,#1161,.T.);
#1161 = EDGE_CURVE('',#1154,#1162,#1164,.T.);
#1162 = VERTEX_POINT('',#1163);
#1163 = CARTESIAN_POINT('',(56.613392166521,13.,0.));
#1164 = LINE('',#1165,#1166);
#1165 = CARTESIAN_POINT('',(56.463392166521,13.,0.));
#1166 = VECTOR('',#1167,1.);
#1167 = DIRECTION('',(1.,0.,0.));
#1168 = ORIENTED_EDGE('',*,*,#1169,.T.);
#1169 = EDGE_CURVE('',#1162,#1144,#1170,.T.);
#1170 = LINE('',#1171,#1172);
#1171 = CARTESIAN_POINT('',(56.613392166521,6.2,0.));
#1172 = VECTOR('',#1173,1.);
#1173 = DIRECTION('',(0.,-1.,0.));
#1174 = FACE_BOUND('',#1175,.T.);
#1175 = EDGE_LOOP('',(#1176,#1186,#1194,#1202));
#1176 = ORIENTED_EDGE('',*,*,#1177,.T.);
#1177 = EDGE_CURVE('',#1178,#1180,#1182,.T.);
#1178 = VERTEX_POINT('',#1179);
#1179 = CARTESIAN_POINT('',(59.153392166521,12.4,0.));
#1180 = VERTEX_POINT('',#1181);
#1181 = CARTESIAN_POINT('',(58.553392166521,12.4,0.));
#1182 = LINE('',#1183,#1184);
#1183 = CARTESIAN_POINT('',(58.703392166521,12.4,0.));
#1184 = VECTOR('',#1185,1.);
#1185 = DIRECTION('',(-1.,0.,0.));
#1186 = ORIENTED_EDGE('',*,*,#1187,.T.);
#1187 = EDGE_CURVE('',#1180,#1188,#1190,.T.);
#1188 = VERTEX_POINT('',#1189);
#1189 = CARTESIAN_POINT('',(58.553392166521,13.,0.));
#1190 = LINE('',#1191,#1192);
#1191 = CARTESIAN_POINT('',(58.553392166521,6.5,0.));
#1192 = VECTOR('',#1193,1.);
#1193 = DIRECTION('',(0.,1.,0.));
#1194 = ORIENTED_EDGE('',*,*,#1195,.T.);
#1195 = EDGE_CURVE('',#1188,#1196,#1198,.T.);
#1196 = VERTEX_POINT('',#1197);
#1197 = CARTESIAN_POINT('',(59.153392166521,13.,0.));
#1198 = LINE('',#1199,#1200);
#1199 = CARTESIAN_POINT('',(59.003392166521,13.,0.));
#1200 = VECTOR('',#1201,1.);
#1201 = DIRECTION('',(1.,0.,0.));
#1202 = ORIENTED_EDGE('',*,*,#1203,.T.);
#1203 = EDGE_CURVE('',#1196,#1178,#1204,.T.);
#1204 = LINE('',#1205,#1206);
#1205 = CARTESIAN_POINT('',(59.153392166521,6.2,0.));
#1206 = VECTOR('',#1207,1.);
#1207 = DIRECTION('',(0.,-1.,0.));
#1208 = FACE_BOUND('',#1209,.T.);
#1209 = EDGE_LOOP('',(#1210,#1220,#1228,#1236));
#1210 = ORIENTED_EDGE('',*,*,#1211,.T.);
#1211 = EDGE_CURVE('',#1212,#1214,#1216,.T.);
#1212 = VERTEX_POINT('',#1213);
#1213 = CARTESIAN_POINT('',(28.673392166521,12.4,0.));
#1214 = VERTEX_POINT('',#1215);
#1215 = CARTESIAN_POINT('',(28.073392166521,12.4,0.));
#1216 = LINE('',#1217,#1218);
#1217 = CARTESIAN_POINT('',(28.223392166521,12.4,0.));
#1218 = VECTOR('',#1219,1.);
#1219 = DIRECTION('',(-1.,0.,0.));
#1220 = ORIENTED_EDGE('',*,*,#1221,.T.);
#1221 = EDGE_CURVE('',#1214,#1222,#1224,.T.);
#1222 = VERTEX_POINT('',#1223);
#1223 = CARTESIAN_POINT('',(28.073392166521,13.,0.));
#1224 = LINE('',#1225,#1226);
#1225 = CARTESIAN_POINT('',(28.073392166521,6.5,0.));
#1226 = VECTOR('',#1227,1.);
#1227 = DIRECTION('',(0.,1.,0.));
#1228 = ORIENTED_EDGE('',*,*,#1229,.T.);
#1229 = EDGE_CURVE('',#1222,#1230,#1232,.T.);
#1230 = VERTEX_POINT('',#1231);
#1231 = CARTESIAN_POINT('',(28.673392166521,13.,0.));
#1232 = LINE('',#1233,#1234);
#1233 = CARTESIAN_POINT('',(28.523392166521,13.,0.));
#1234 = VECTOR('',#1235,1.);
#1235 = DIRECTION('',(1.,0.,0.));
#1236 = ORIENTED_EDGE('',*,*,#1237,.T.);
#1237 = EDGE_CURVE('',#1230,#1212,#1238,.T.);
#1238 = LINE('',#1239,#1240);
#1239 = CARTESIAN_POINT('',(28.673392166521,6.2,0.));
#1240 = VECTOR('',#1241,1.);
#1241 = DIRECTION('',(0.,-1.,0.));
#1242 = FACE_BOUND('',#1243,.T.);
#1243 = EDGE_LOOP('',(#1244,#1254,#1262,#1270));
#1244 = ORIENTED_EDGE('',*,*,#1245,.T.);
#1245 = EDGE_CURVE('',#1246,#1248,#1250,.T.);
#1246 = VERTEX_POINT('',#1247);
#1247 = CARTESIAN_POINT('',(33.753392166521,12.4,0.));
#1248 = VERTEX_POINT('',#1249);
#1249 = CARTESIAN_POINT('',(33.153392166521,12.4,0.));
#1250 = LINE('',#1251,#1252);
#1251 = CARTESIAN_POINT('',(33.303392166521,12.4,0.));
#1252 = VECTOR('',#1253,1.);
#1253 = DIRECTION('',(-1.,0.,0.));
#1254 = ORIENTED_EDGE('',*,*,#1255,.T.);
#1255 = EDGE_CURVE('',#1248,#1256,#1258,.T.);
#1256 = VERTEX_POINT('',#1257);
#1257 = CARTESIAN_POINT('',(33.153392166521,13.,0.));
#1258 = LINE('',#1259,#1260);
#1259 = CARTESIAN_POINT('',(33.153392166521,6.5,0.));
#1260 = VECTOR('',#1261,1.);
#1261 = DIRECTION('',(0.,1.,0.));
#1262 = ORIENTED_EDGE('',*,*,#1263,.T.);
#1263 = EDGE_CURVE('',#1256,#1264,#1266,.T.);
#1264 = VERTEX_POINT('',#1265);
#1265 = CARTESIAN_POINT('',(33.753392166521,13.,0.));
#1266 = LINE('',#1267,#1268);
#1267 = CARTESIAN_POINT('',(33.603392166521,13.,0.));
#1268 = VECTOR('',#1269,1.);
#1269 = DIRECTION('',(1.,0.,0.));
#1270 = ORIENTED_EDGE('',*,*,#1271,.T.);
#1271 = EDGE_CURVE('',#1264,#1246,#1272,.T.);
#1272 = LINE('',#1273,#1274);
#1273 = CARTESIAN_POINT('',(33.753392166521,6.2,0.));
#1274 = VECTOR('',#1275,1.);
#1275 = DIRECTION('',(0.,-1.,0.));
#1276 = FACE_BOUND('',#1277,.T.);
#1277 = EDGE_LOOP('',(#1278,#1288,#1296,#1304));
#1278 = ORIENTED_EDGE('',*,*,#1279,.T.);
#1279 = EDGE_CURVE('',#1280,#1282,#1284,.T.);
#1280 = VERTEX_POINT('',#1281);
#1281 = CARTESIAN_POINT('',(38.833392166521,12.4,0.));
#1282 = VERTEX_POINT('',#1283);
#1283 = CARTESIAN_POINT('',(38.233392166521,12.4,0.));
#1284 = LINE('',#1285,#1286);
#1285 = CARTESIAN_POINT('',(38.383392166521,12.4,0.));
#1286 = VECTOR('',#1287,1.);
#1287 = DIRECTION('',(-1.,0.,0.));
#1288 = ORIENTED_EDGE('',*,*,#1289,.T.);
#1289 = EDGE_CURVE('',#1282,#1290,#1292,.T.);
#1290 = VERTEX_POINT('',#1291);
#1291 = CARTESIAN_POINT('',(38.233392166521,13.,0.));
#1292 = LINE('',#1293,#1294);
#1293 = CARTESIAN_POINT('',(38.233392166521,6.5,0.));
#1294 = VECTOR('',#1295,1.);
#1295 = DIRECTION('',(0.,1.,0.));
#1296 = ORIENTED_EDGE('',*,*,#1297,.T.);
#1297 = EDGE_CURVE('',#1290,#1298,#1300,.T.);
#1298 = VERTEX_POINT('',#1299);
#1299 = CARTESIAN_POINT('',(38.833392166521,13.,0.));
#1300 = LINE('',#1301,#1302);
#1301 = CARTESIAN_POINT('',(38.683392166521,13.,0.));
#1302 = VECTOR('',#1303,1.);
#1303 = DIRECTION('',(1.,0.,0.));
#1304 = ORIENTED_EDGE('',*,*,#1305,.T.);
#1305 = EDGE_CURVE('',#1298,#1280,#1306,.T.);
#1306 = LINE('',#1307,#1308);
#1307 = CARTESIAN_POINT('',(38.833392166521,6.2,0.));
#1308 = VECTOR('',#1309,1.);
#1309 = DIRECTION('',(0.,-1.,0.));
#1310 = FACE_BOUND('',#1311,.T.);
#1311 = EDGE_LOOP('',(#1312,#1322,#1330,#1338));
#1312 = ORIENTED_EDGE('',*,*,#1313,.T.);
#1313 = EDGE_CURVE('',#1314,#1316,#1318,.T.);
#1314 = VERTEX_POINT('',#1315);
#1315 = CARTESIAN_POINT('',(43.913392166521,12.4,0.));
#1316 = VERTEX_POINT('',#1317);
#1317 = CARTESIAN_POINT('',(43.313392166521,12.4,0.));
#1318 = LINE('',#1319,#1320);
#1319 = CARTESIAN_POINT('',(43.463392166521,12.4,0.));
#1320 = VECTOR('',#1321,1.);
#1321 = DIRECTION('',(-1.,0.,0.));
#1322 = ORIENTED_EDGE('',*,*,#1323,.T.);
#1323 = EDGE_CURVE('',#1316,#1324,#1326,.T.);
#1324 = VERTEX_POINT('',#1325);
#1325 = CARTESIAN_POINT('',(43.313392166521,13.,0.));
#1326 = LINE('',#1327,#1328);
#1327 = CARTESIAN_POINT('',(43.313392166521,6.5,0.));
#1328 = VECTOR('',#1329,1.);
#1329 = DIRECTION('',(0.,1.,0.));
#1330 = ORIENTED_EDGE('',*,*,#1331,.T.);
#1331 = EDGE_CURVE('',#1324,#1332,#1334,.T.);
#1332 = VERTEX_POINT('',#1333);
#1333 = CARTESIAN_POINT('',(43.913392166521,13.,0.));
#1334 = LINE('',#1335,#1336);
#1335 = CARTESIAN_POINT('',(43.763392166521,13.,0.));
#1336 = VECTOR('',#1337,1.);
#1337 = DIRECTION('',(1.,0.,0.));
#1338 = ORIENTED_EDGE('',*,*,#1339,.T.);
#1339 = EDGE_CURVE('',#1332,#1314,#1340,.T.);
#1340 = LINE('',#1341,#1342);
#1341 = CARTESIAN_POINT('',(43.913392166521,6.2,0.));
#1342 = VECTOR('',#1343,1.);
#1343 = DIRECTION('',(0.,-1.,0.));
#1344 = FACE_BOUND('',#1345,.T.);
#1345 = EDGE_LOOP('',(#1346,#1356,#1364,#1372));
#1346 = ORIENTED_EDGE('',*,*,#1347,.T.);
#1347 = EDGE_CURVE('',#1348,#1350,#1352,.T.);
#1348 = VERTEX_POINT('',#1349);
#1349 = CARTESIAN_POINT('',(48.993392166521,12.4,0.));
#1350 = VERTEX_POINT('',#1351);
#1351 = CARTESIAN_POINT('',(48.393392166521,12.4,0.));
#1352 = LINE('',#1353,#1354);
#1353 = CARTESIAN_POINT('',(48.543392166521,12.4,0.));
#1354 = VECTOR('',#1355,1.);
#1355 = DIRECTION('',(-1.,0.,0.));
#1356 = ORIENTED_EDGE('',*,*,#1357,.T.);
#1357 = EDGE_CURVE('',#1350,#1358,#1360,.T.);
#1358 = VERTEX_POINT('',#1359);
#1359 = CARTESIAN_POINT('',(48.393392166521,13.,0.));
#1360 = LINE('',#1361,#1362);
#1361 = CARTESIAN_POINT('',(48.393392166521,6.5,0.));
#1362 = VECTOR('',#1363,1.);
#1363 = DIRECTION('',(0.,1.,0.));
#1364 = ORIENTED_EDGE('',*,*,#1365,.T.);
#1365 = EDGE_CURVE('',#1358,#1366,#1368,.T.);
#1366 = VERTEX_POINT('',#1367);
#1367 = CARTESIAN_POINT('',(48.993392166521,13.,0.));
#1368 = LINE('',#1369,#1370);
#1369 = CARTESIAN_POINT('',(48.843392166521,13.,0.));
#1370 = VECTOR('',#1371,1.);
#1371 = DIRECTION('',(1.,0.,0.));
#1372 = ORIENTED_EDGE('',*,*,#1373,.T.);
#1373 = EDGE_CURVE('',#1366,#1348,#1374,.T.);
#1374 = LINE('',#1375,#1376);
#1375 = CARTESIAN_POINT('',(48.993392166521,6.2,0.));
#1376 = VECTOR('',#1377,1.);
#1377 = DIRECTION('',(0.,-1.,0.));
#1378 = FACE_BOUND('',#1379,.T.);
#1379 = EDGE_LOOP('',(#1380,#1390,#1398,#1406));
#1380 = ORIENTED_EDGE('',*,*,#1381,.T.);
#1381 = EDGE_CURVE('',#1382,#1384,#1386,.T.);
#1382 = VERTEX_POINT('',#1383);
#1383 = CARTESIAN_POINT('',(54.073392166521,12.4,0.));
#1384 = VERTEX_POINT('',#1385);
#1385 = CARTESIAN_POINT('',(53.473392166521,12.4,0.));
#1386 = LINE('',#1387,#1388);
#1387 = CARTESIAN_POINT('',(53.623392166521,12.4,0.));
#1388 = VECTOR('',#1389,1.);
#1389 = DIRECTION('',(-1.,0.,0.));
#1390 = ORIENTED_EDGE('',*,*,#1391,.T.);
#1391 = EDGE_CURVE('',#1384,#1392,#1394,.T.);
#1392 = VERTEX_POINT('',#1393);
#1393 = CARTESIAN_POINT('',(53.473392166521,13.,0.));
#1394 = LINE('',#1395,#1396);
#1395 = CARTESIAN_POINT('',(53.473392166521,6.5,0.));
#1396 = VECTOR('',#1397,1.);
#1397 = DIRECTION('',(0.,1.,0.));
#1398 = ORIENTED_EDGE('',*,*,#1399,.T.);
#1399 = EDGE_CURVE('',#1392,#1400,#1402,.T.);
#1400 = VERTEX_POINT('',#1401);
#1401 = CARTESIAN_POINT('',(54.073392166521,13.,0.));
#1402 = LINE('',#1403,#1404);
#1403 = CARTESIAN_POINT('',(53.923392166521,13.,0.));
#1404 = VECTOR('',#1405,1.);
#1405 = DIRECTION('',(1.,0.,0.));
#1406 = ORIENTED_EDGE('',*,*,#1407,.T.);
#1407 = EDGE_CURVE('',#1400,#1382,#1408,.T.);
#1408 = LINE('',#1409,#1410);
#1409 = CARTESIAN_POINT('',(54.073392166521,6.2,0.));
#1410 = VECTOR('',#1411,1.);
#1411 = DIRECTION('',(0.,-1.,0.));
#1412 = FACE_BOUND('',#1413,.T.);
#1413 = EDGE_LOOP('',(#1414,#1424,#1432,#1440));
#1414 = ORIENTED_EDGE('',*,*,#1415,.T.);
#1415 = EDGE_CURVE('',#1416,#1418,#1420,.T.);
#1416 = VERTEX_POINT('',#1417);
#1417 = CARTESIAN_POINT('',(61.693392166521,12.4,0.));
#1418 = VERTEX_POINT('',#1419);
#1419 = CARTESIAN_POINT('',(61.093392166521,12.4,0.));
#1420 = LINE('',#1421,#1422);
#1421 = CARTESIAN_POINT('',(61.243392166521,12.4,0.));
#1422 = VECTOR('',#1423,1.);
#1423 = DIRECTION('',(-1.,0.,0.));
#1424 = ORIENTED_EDGE('',*,*,#1425,.T.);
#1425 = EDGE_CURVE('',#1418,#1426,#1428,.T.);
#1426 = VERTEX_POINT('',#1427);
#1427 = CARTESIAN_POINT('',(61.093392166521,13.,0.));
#1428 = LINE('',#1429,#1430);
#1429 = CARTESIAN_POINT('',(61.093392166521,6.5,0.));
#1430 = VECTOR('',#1431,1.);
#1431 = DIRECTION('',(0.,1.,0.));
#1432 = ORIENTED_EDGE('',*,*,#1433,.T.);
#1433 = EDGE_CURVE('',#1426,#1434,#1436,.T.);
#1434 = VERTEX_POINT('',#1435);
#1435 = CARTESIAN_POINT('',(61.693392166521,13.,0.));
#1436 = LINE('',#1437,#1438);
#1437 = CARTESIAN_POINT('',(61.543392166521,13.,0.));
#1438 = VECTOR('',#1439,1.);
#1439 = DIRECTION('',(1.,0.,0.));
#1440 = ORIENTED_EDGE('',*,*,#1441,.T.);
#1441 = EDGE_CURVE('',#1434,#1416,#1442,.T.);
#1442 = LINE('',#1443,#1444);
#1443 = CARTESIAN_POINT('',(61.693392166521,6.2,0.));
#1444 = VECTOR('',#1445,1.);
#1445 = DIRECTION('',(0.,-1.,0.));
#1446 = PLANE('',#1447);
#1447 = AXIS2_PLACEMENT_3D('',#1448,#1449,#1450);
#1448 = CARTESIAN_POINT('',(43.613392166521,12.7,0.));
#1449 = DIRECTION('',(0.,0.,1.));
#1450 = DIRECTION('',(1.,0.,-0.));
#1451 = ADVANCED_FACE('',(#1452),#1477,.T.);
#1452 = FACE_BOUND('',#1453,.T.);
#1453 = EDGE_LOOP('',(#1454,#1462,#1470,#1476));
#1454 = ORIENTED_EDGE('',*,*,#1455,.T.);
#1455 = EDGE_CURVE('',#924,#1456,#1458,.T.);
#1456 = VERTEX_POINT('',#1457);
#1457 = CARTESIAN_POINT('',(24.563392166521,13.97,-2.2));
#1458 = LINE('',#1459,#1460);
#1459 = CARTESIAN_POINT('',(24.563392166521,13.97,0.));
#1460 = VECTOR('',#1461,1.);
#1461 = DIRECTION('',(-0.,-0.,-1.));
#1462 = ORIENTED_EDGE('',*,*,#1463,.T.);
#1463 = EDGE_CURVE('',#1456,#1464,#1466,.T.);
#1464 = VERTEX_POINT('',#1465);
#1465 = CARTESIAN_POINT('',(24.563392166521,11.43,-2.2));
#1466 = LINE('',#1467,#1468);
#1467 = CARTESIAN_POINT('',(24.563392166521,13.97,-2.2));
#1468 = VECTOR('',#1469,1.);
#1469 = DIRECTION('',(0.,-1.,0.));
#1470 = ORIENTED_EDGE('',*,*,#1471,.F.);
#1471 = EDGE_CURVE('',#915,#1464,#1472,.T.);
#1472 = LINE('',#1473,#1474);
#1473 = CARTESIAN_POINT('',(24.563392166521,11.43,0.));
#1474 = VECTOR('',#1475,1.);
#1475 = DIRECTION('',(-0.,-0.,-1.));
#1476 = ORIENTED_EDGE('',*,*,#931,.F.);
#1477 = PLANE('',#1478);
#1478 = AXIS2_PLACEMENT_3D('',#1479,#1480,#1481);
#1479 = CARTESIAN_POINT('',(24.563392166521,13.97,0.));
#1480 = DIRECTION('',(-1.,0.,0.));
#1481 = DIRECTION('',(0.,-1.,0.));
#1482 = ADVANCED_FACE('',(#1483),#1508,.T.);
#1483 = FACE_BOUND('',#1484,.T.);
#1484 = EDGE_LOOP('',(#1485,#1495,#1501,#1502));
#1485 = ORIENTED_EDGE('',*,*,#1486,.F.);
#1486 = EDGE_CURVE('',#1487,#1489,#1491,.T.);
#1487 = VERTEX_POINT('',#1488);
#1488 = CARTESIAN_POINT('',(25.533392166521,13.,2.));
#1489 = VERTEX_POINT('',#1490);
#1490 = CARTESIAN_POINT('',(25.533392166521,12.4,2.));
#1491 = LINE('',#1492,#1493);
#1492 = CARTESIAN_POINT('',(25.533392166521,13.,2.));
#1493 = VECTOR('',#1494,1.);
#1494 = DIRECTION('',(0.,-1.,0.));
#1495 = ORIENTED_EDGE('',*,*,#1496,.T.);
#1496 = EDGE_CURVE('',#1487,#950,#1497,.T.);
#1497 = LINE('',#1498,#1499);
#1498 = CARTESIAN_POINT('',(25.533392166521,13.,2.));
#1499 = VECTOR('',#1500,1.);
#1500 = DIRECTION('',(-0.,-0.,-1.));
#1501 = ORIENTED_EDGE('',*,*,#949,.F.);
#1502 = ORIENTED_EDGE('',*,*,#1503,.F.);
#1503 = EDGE_CURVE('',#1489,#942,#1504,.T.);
#1504 = LINE('',#1505,#1506);
#1505 = CARTESIAN_POINT('',(25.533392166521,12.4,2.));
#1506 = VECTOR('',#1507,1.);
#1507 = DIRECTION('',(-0.,-0.,-1.));
#1508 = PLANE('',#1509);
#1509 = AXIS2_PLACEMENT_3D('',#1510,#1511,#1512);
#1510 = CARTESIAN_POINT('',(25.533392166521,13.,2.));
#1511 = DIRECTION('',(-1.,0.,0.));
#1512 = DIRECTION('',(0.,-1.,0.));
#1513 = ADVANCED_FACE('',(#1514),#1539,.T.);
#1514 = FACE_BOUND('',#1515,.T.);
#1515 = EDGE_LOOP('',(#1516,#1517,#1525,#1533));
#1516 = ORIENTED_EDGE('',*,*,#1486,.T.);
#1517 = ORIENTED_EDGE('',*,*,#1518,.T.);
#1518 = EDGE_CURVE('',#1489,#1519,#1521,.T.);
#1519 = VERTEX_POINT('',#1520);
#1520 = CARTESIAN_POINT('',(26.133392166521,12.4,2.));
#1521 = LINE('',#1522,#1523);
#1522 = CARTESIAN_POINT('',(25.533392166521,12.4,2.));
#1523 = VECTOR('',#1524,1.);
#1524 = DIRECTION('',(1.,0.,0.));
#1525 = ORIENTED_EDGE('',*,*,#1526,.T.);
#1526 = EDGE_CURVE('',#1519,#1527,#1529,.T.);
#1527 = VERTEX_POINT('',#1528);
#1528 = CARTESIAN_POINT('',(26.133392166521,13.,2.));
#1529 = LINE('',#1530,#1531);
#1530 = CARTESIAN_POINT('',(26.133392166521,12.4,2.));
#1531 = VECTOR('',#1532,1.);
#1532 = DIRECTION('',(0.,1.,0.));
#1533 = ORIENTED_EDGE('',*,*,#1534,.T.);
#1534 = EDGE_CURVE('',#1527,#1487,#1535,.T.);
#1535 = LINE('',#1536,#1537);
#1536 = CARTESIAN_POINT('',(26.133392166521,13.,2.));
#1537 = VECTOR('',#1538,1.);
#1538 = DIRECTION('',(-1.,0.,0.));
#1539 = PLANE('',#1540);
#1540 = AXIS2_PLACEMENT_3D('',#1541,#1542,#1543);
#1541 = CARTESIAN_POINT('',(25.833392166521,-6.4420747E-10,2.));
#1542 = DIRECTION('',(0.,0.,1.));
#1543 = DIRECTION('',(1.,0.,0.));
#1544 = ADVANCED_FACE('',(#1545),#1556,.T.);
#1545 = FACE_BOUND('',#1546,.T.);
#1546 = EDGE_LOOP('',(#1547,#1548,#1549,#1550));
#1547 = ORIENTED_EDGE('',*,*,#1518,.F.);
#1548 = ORIENTED_EDGE('',*,*,#1503,.T.);
#1549 = ORIENTED_EDGE('',*,*,#939,.F.);
#1550 = ORIENTED_EDGE('',*,*,#1551,.F.);
#1551 = EDGE_CURVE('',#1519,#940,#1552,.T.);
#1552 = LINE('',#1553,#1554);
#1553 = CARTESIAN_POINT('',(26.133392166521,12.4,2.));
#1554 = VECTOR('',#1555,1.);
#1555 = DIRECTION('',(-0.,-0.,-1.));
#1556 = PLANE('',#1557);
#1557 = AXIS2_PLACEMENT_3D('',#1558,#1559,#1560);
#1558 = CARTESIAN_POINT('',(25.533392166521,12.4,2.));
#1559 = DIRECTION('',(0.,-1.,0.));
#1560 = DIRECTION('',(1.,0.,0.));
#1561 = ADVANCED_FACE('',(#1562),#1573,.T.);
#1562 = FACE_BOUND('',#1563,.T.);
#1563 = EDGE_LOOP('',(#1564,#1565,#1571,#1572));
#1564 = ORIENTED_EDGE('',*,*,#1534,.F.);
#1565 = ORIENTED_EDGE('',*,*,#1566,.T.);
#1566 = EDGE_CURVE('',#1527,#958,#1567,.T.);
#1567 = LINE('',#1568,#1569);
#1568 = CARTESIAN_POINT('',(26.133392166521,13.,2.));
#1569 = VECTOR('',#1570,1.);
#1570 = DIRECTION('',(-0.,-0.,-1.));
#1571 = ORIENTED_EDGE('',*,*,#957,.F.);
#1572 = ORIENTED_EDGE('',*,*,#1496,.F.);
#1573 = PLANE('',#1574);
#1574 = AXIS2_PLACEMENT_3D('',#1575,#1576,#1577);
#1575 = CARTESIAN_POINT('',(26.133392166521,13.,2.));
#1576 = DIRECTION('',(0.,1.,0.));
#1577 = DIRECTION('',(-1.,0.,0.));
#1578 = ADVANCED_FACE('',(#1579),#1585,.T.);
#1579 = FACE_BOUND('',#1580,.T.);
#1580 = EDGE_LOOP('',(#1581,#1582,#1583,#1584));
#1581 = ORIENTED_EDGE('',*,*,#1526,.F.);
#1582 = ORIENTED_EDGE('',*,*,#1551,.T.);
#1583 = ORIENTED_EDGE('',*,*,#965,.F.);
#1584 = ORIENTED_EDGE('',*,*,#1566,.F.);
#1585 = PLANE('',#1586);
#1586 = AXIS2_PLACEMENT_3D('',#1587,#1588,#1589);
#1587 = CARTESIAN_POINT('',(26.133392166521,12.4,2.));
#1588 = DIRECTION('',(1.,0.,0.));
#1589 = DIRECTION('',(0.,1.,0.));
#1590 = ADVANCED_FACE('',(#1591),#1616,.T.);
#1591 = FACE_BOUND('',#1592,.T.);
#1592 = EDGE_LOOP('',(#1593,#1603,#1609,#1610));
#1593 = ORIENTED_EDGE('',*,*,#1594,.F.);
#1594 = EDGE_CURVE('',#1595,#1597,#1599,.T.);
#1595 = VERTEX_POINT('',#1596);
#1596 = CARTESIAN_POINT('',(30.613392166521,12.4,2.));
#1597 = VERTEX_POINT('',#1598);
#1598 = CARTESIAN_POINT('',(31.213392166521,12.4,2.));
#1599 = LINE('',#1600,#1601);
#1600 = CARTESIAN_POINT('',(30.613392166521,12.4,2.));
#1601 = VECTOR('',#1602,1.);
#1602 = DIRECTION('',(1.,0.,0.));
#1603 = ORIENTED_EDGE('',*,*,#1604,.T.);
#1604 = EDGE_CURVE('',#1595,#976,#1605,.T.);
#1605 = LINE('',#1606,#1607);
#1606 = CARTESIAN_POINT('',(30.613392166521,12.4,2.));
#1607 = VECTOR('',#1608,1.);
#1608 = DIRECTION('',(-0.,-0.,-1.));
#1609 = ORIENTED_EDGE('',*,*,#973,.F.);
#1610 = ORIENTED_EDGE('',*,*,#1611,.F.);
#1611 = EDGE_CURVE('',#1597,#974,#1612,.T.);
#1612 = LINE('',#1613,#1614);
#1613 = CARTESIAN_POINT('',(31.213392166521,12.4,2.));
#1614 = VECTOR('',#1615,1.);
#1615 = DIRECTION('',(-0.,-0.,-1.));
#1616 = PLANE('',#1617);
#1617 = AXIS2_PLACEMENT_3D('',#1618,#1619,#1620);
#1618 = CARTESIAN_POINT('',(30.613392166521,12.4,2.));
#1619 = DIRECTION('',(0.,-1.,0.));
#1620 = DIRECTION('',(1.,0.,0.));
#1621 = ADVANCED_FACE('',(#1622),#1640,.T.);
#1622 = FACE_BOUND('',#1623,.T.);
#1623 = EDGE_LOOP('',(#1624,#1632,#1633,#1634));
#1624 = ORIENTED_EDGE('',*,*,#1625,.F.);
#1625 = EDGE_CURVE('',#1597,#1626,#1628,.T.);
#1626 = VERTEX_POINT('',#1627);
#1627 = CARTESIAN_POINT('',(31.213392166521,13.,2.));
#1628 = LINE('',#1629,#1630);
#1629 = CARTESIAN_POINT('',(31.213392166521,12.4,2.));
#1630 = VECTOR('',#1631,1.);
#1631 = DIRECTION('',(0.,1.,0.));
#1632 = ORIENTED_EDGE('',*,*,#1611,.T.);
#1633 = ORIENTED_EDGE('',*,*,#999,.F.);
#1634 = ORIENTED_EDGE('',*,*,#1635,.F.);
#1635 = EDGE_CURVE('',#1626,#992,#1636,.T.);
#1636 = LINE('',#1637,#1638);
#1637 = CARTESIAN_POINT('',(31.213392166521,13.,2.));
#1638 = VECTOR('',#1639,1.);
#1639 = DIRECTION('',(-0.,-0.,-1.));
#1640 = PLANE('',#1641);
#1641 = AXIS2_PLACEMENT_3D('',#1642,#1643,#1644);
#1642 = CARTESIAN_POINT('',(31.213392166521,12.4,2.));
#1643 = DIRECTION('',(1.,0.,0.));
#1644 = DIRECTION('',(0.,1.,0.));
#1645 = ADVANCED_FACE('',(#1646),#1664,.T.);
#1646 = FACE_BOUND('',#1647,.T.);
#1647 = EDGE_LOOP('',(#1648,#1656,#1657,#1658));
#1648 = ORIENTED_EDGE('',*,*,#1649,.F.);
#1649 = EDGE_CURVE('',#1626,#1650,#1652,.T.);
#1650 = VERTEX_POINT('',#1651);
#1651 = CARTESIAN_POINT('',(30.613392166521,13.,2.));
#1652 = LINE('',#1653,#1654);
#1653 = CARTESIAN_POINT('',(31.213392166521,13.,2.));
#1654 = VECTOR('',#1655,1.);
#1655 = DIRECTION('',(-1.,0.,0.));
#1656 = ORIENTED_EDGE('',*,*,#1635,.T.);
#1657 = ORIENTED_EDGE('',*,*,#991,.F.);
#1658 = ORIENTED_EDGE('',*,*,#1659,.F.);
#1659 = EDGE_CURVE('',#1650,#984,#1660,.T.);
#1660 = LINE('',#1661,#1662);
#1661 = CARTESIAN_POINT('',(30.613392166521,13.,2.));
#1662 = VECTOR('',#1663,1.);
#1663 = DIRECTION('',(-0.,-0.,-1.));
#1664 = PLANE('',#1665);
#1665 = AXIS2_PLACEMENT_3D('',#1666,#1667,#1668);
#1666 = CARTESIAN_POINT('',(31.213392166521,13.,2.));
#1667 = DIRECTION('',(0.,1.,0.));
#1668 = DIRECTION('',(-1.,0.,0.));
#1669 = ADVANCED_FACE('',(#1670),#1681,.T.);
#1670 = FACE_BOUND('',#1671,.T.);
#1671 = EDGE_LOOP('',(#1672,#1678,#1679,#1680));
#1672 = ORIENTED_EDGE('',*,*,#1673,.F.);
#1673 = EDGE_CURVE('',#1650,#1595,#1674,.T.);
#1674 = LINE('',#1675,#1676);
#1675 = CARTESIAN_POINT('',(30.613392166521,13.,2.));
#1676 = VECTOR('',#1677,1.);
#1677 = DIRECTION('',(0.,-1.,0.));
#1678 = ORIENTED_EDGE('',*,*,#1659,.T.);
#1679 = ORIENTED_EDGE('',*,*,#983,.F.);
#1680 = ORIENTED_EDGE('',*,*,#1604,.F.);
#1681 = PLANE('',#1682);
#1682 = AXIS2_PLACEMENT_3D('',#1683,#1684,#1685);
#1683 = CARTESIAN_POINT('',(30.613392166521,13.,2.));
#1684 = DIRECTION('',(-1.,0.,0.));
#1685 = DIRECTION('',(0.,-1.,0.));
#1686 = ADVANCED_FACE('',(#1687),#1693,.T.);
#1687 = FACE_BOUND('',#1688,.T.);
#1688 = EDGE_LOOP('',(#1689,#1690,#1691,#1692));
#1689 = ORIENTED_EDGE('',*,*,#1673,.T.);
#1690 = ORIENTED_EDGE('',*,*,#1594,.T.);
#1691 = ORIENTED_EDGE('',*,*,#1625,.T.);
#1692 = ORIENTED_EDGE('',*,*,#1649,.T.);
#1693 = PLANE('',#1694);
#1694 = AXIS2_PLACEMENT_3D('',#1695,#1696,#1697);
#1695 = CARTESIAN_POINT('',(30.913392166521,-6.4420747E-10,2.));
#1696 = DIRECTION('',(0.,0.,1.));
#1697 = DIRECTION('',(1.,0.,0.));
#1698 = ADVANCED_FACE('',(#1699),#1724,.T.);
#1699 = FACE_BOUND('',#1700,.T.);
#1700 = EDGE_LOOP('',(#1701,#1711,#1717,#1718));
#1701 = ORIENTED_EDGE('',*,*,#1702,.F.);
#1702 = EDGE_CURVE('',#1703,#1705,#1707,.T.);
#1703 = VERTEX_POINT('',#1704);
#1704 = CARTESIAN_POINT('',(35.693392166521,12.4,2.));
#1705 = VERTEX_POINT('',#1706);
#1706 = CARTESIAN_POINT('',(36.293392166521,12.4,2.));
#1707 = LINE('',#1708,#1709);
#1708 = CARTESIAN_POINT('',(35.693392166521,12.4,2.));
#1709 = VECTOR('',#1710,1.);
#1710 = DIRECTION('',(1.,0.,0.));
#1711 = ORIENTED_EDGE('',*,*,#1712,.T.);
#1712 = EDGE_CURVE('',#1703,#1010,#1713,.T.);
#1713 = LINE('',#1714,#1715);
#1714 = CARTESIAN_POINT('',(35.693392166521,12.4,2.));
#1715 = VECTOR('',#1716,1.);
#1716 = DIRECTION('',(-0.,-0.,-1.));
#1717 = ORIENTED_EDGE('',*,*,#1007,.F.);
#1718 = ORIENTED_EDGE('',*,*,#1719,.F.);
#1719 = EDGE_CURVE('',#1705,#1008,#1720,.T.);
#1720 = LINE('',#1721,#1722);
#1721 = CARTESIAN_POINT('',(36.293392166521,12.4,2.));
#1722 = VECTOR('',#1723,1.);
#1723 = DIRECTION('',(-0.,-0.,-1.));
#1724 = PLANE('',#1725);
#1725 = AXIS2_PLACEMENT_3D('',#1726,#1727,#1728);
#1726 = CARTESIAN_POINT('',(35.693392166521,12.4,2.));
#1727 = DIRECTION('',(0.,-1.,0.));
#1728 = DIRECTION('',(1.,0.,0.));
#1729 = ADVANCED_FACE('',(#1730),#1748,.T.);
#1730 = FACE_BOUND('',#1731,.T.);
#1731 = EDGE_LOOP('',(#1732,#1740,#1741,#1742));
#1732 = ORIENTED_EDGE('',*,*,#1733,.F.);
#1733 = EDGE_CURVE('',#1705,#1734,#1736,.T.);
#1734 = VERTEX_POINT('',#1735);
#1735 = CARTESIAN_POINT('',(36.293392166521,13.,2.));
#1736 = LINE('',#1737,#1738);
#1737 = CARTESIAN_POINT('',(36.293392166521,12.4,2.));
#1738 = VECTOR('',#1739,1.);
#1739 = DIRECTION('',(0.,1.,0.));
#1740 = ORIENTED_EDGE('',*,*,#1719,.T.);
#1741 = ORIENTED_EDGE('',*,*,#1033,.F.);
#1742 = ORIENTED_EDGE('',*,*,#1743,.F.);
#1743 = EDGE_CURVE('',#1734,#1026,#1744,.T.);
#1744 = LINE('',#1745,#1746);
#1745 = CARTESIAN_POINT('',(36.293392166521,13.,2.));
#1746 = VECTOR('',#1747,1.);
#1747 = DIRECTION('',(-0.,-0.,-1.));
#1748 = PLANE('',#1749);
#1749 = AXIS2_PLACEMENT_3D('',#1750,#1751,#1752);
#1750 = CARTESIAN_POINT('',(36.293392166521,12.4,2.));
#1751 = DIRECTION('',(1.,0.,0.));
#1752 = DIRECTION('',(0.,1.,0.));
#1753 = ADVANCED_FACE('',(#1754),#1772,.T.);
#1754 = FACE_BOUND('',#1755,.T.);
#1755 = EDGE_LOOP('',(#1756,#1764,#1765,#1766));
#1756 = ORIENTED_EDGE('',*,*,#1757,.F.);
#1757 = EDGE_CURVE('',#1734,#1758,#1760,.T.);
#1758 = VERTEX_POINT('',#1759);
#1759 = CARTESIAN_POINT('',(35.693392166521,13.,2.));
#1760 = LINE('',#1761,#1762);
#1761 = CARTESIAN_POINT('',(36.293392166521,13.,2.));
#1762 = VECTOR('',#1763,1.);
#1763 = DIRECTION('',(-1.,0.,0.));
#1764 = ORIENTED_EDGE('',*,*,#1743,.T.);
#1765 = ORIENTED_EDGE('',*,*,#1025,.F.);
#1766 = ORIENTED_EDGE('',*,*,#1767,.F.);
#1767 = EDGE_CURVE('',#1758,#1018,#1768,.T.);
#1768 = LINE('',#1769,#1770);
#1769 = CARTESIAN_POINT('',(35.693392166521,13.,2.));
#1770 = VECTOR('',#1771,1.);
#1771 = DIRECTION('',(-0.,-0.,-1.));
#1772 = PLANE('',#1773);
#1773 = AXIS2_PLACEMENT_3D('',#1774,#1775,#1776);
#1774 = CARTESIAN_POINT('',(36.293392166521,13.,2.));
#1775 = DIRECTION('',(0.,1.,0.));
#1776 = DIRECTION('',(-1.,0.,0.));
#1777 = ADVANCED_FACE('',(#1778),#1789,.T.);
#1778 = FACE_BOUND('',#1779,.T.);
#1779 = EDGE_LOOP('',(#1780,#1786,#1787,#1788));
#1780 = ORIENTED_EDGE('',*,*,#1781,.F.);
#1781 = EDGE_CURVE('',#1758,#1703,#1782,.T.);
#1782 = LINE('',#1783,#1784);
#1783 = CARTESIAN_POINT('',(35.693392166521,13.,2.));
#1784 = VECTOR('',#1785,1.);
#1785 = DIRECTION('',(0.,-1.,0.));
#1786 = ORIENTED_EDGE('',*,*,#1767,.T.);
#1787 = ORIENTED_EDGE('',*,*,#1017,.F.);
#1788 = ORIENTED_EDGE('',*,*,#1712,.F.);
#1789 = PLANE('',#1790);
#1790 = AXIS2_PLACEMENT_3D('',#1791,#1792,#1793);
#1791 = CARTESIAN_POINT('',(35.693392166521,13.,2.));
#1792 = DIRECTION('',(-1.,0.,0.));
#1793 = DIRECTION('',(0.,-1.,0.));
#1794 = ADVANCED_FACE('',(#1795),#1801,.T.);
#1795 = FACE_BOUND('',#1796,.T.);
#1796 = EDGE_LOOP('',(#1797,#1798,#1799,#1800));
#1797 = ORIENTED_EDGE('',*,*,#1781,.T.);
#1798 = ORIENTED_EDGE('',*,*,#1702,.T.);
#1799 = ORIENTED_EDGE('',*,*,#1733,.T.);
#1800 = ORIENTED_EDGE('',*,*,#1757,.T.);
#1801 = PLANE('',#1802);
#1802 = AXIS2_PLACEMENT_3D('',#1803,#1804,#1805);
#1803 = CARTESIAN_POINT('',(35.993392166521,-6.4420747E-10,2.));
#1804 = DIRECTION('',(0.,0.,1.));
#1805 = DIRECTION('',(1.,0.,0.));
#1806 = ADVANCED_FACE('',(#1807),#1832,.T.);
#1807 = FACE_BOUND('',#1808,.T.);
#1808 = EDGE_LOOP('',(#1809,#1819,#1825,#1826));
#1809 = ORIENTED_EDGE('',*,*,#1810,.F.);
#1810 = EDGE_CURVE('',#1811,#1813,#1815,.T.);
#1811 = VERTEX_POINT('',#1812);
#1812 = CARTESIAN_POINT('',(40.773392166521,12.4,2.));
#1813 = VERTEX_POINT('',#1814);
#1814 = CARTESIAN_POINT('',(41.373392166521,12.4,2.));
#1815 = LINE('',#1816,#1817);
#1816 = CARTESIAN_POINT('',(40.773392166521,12.4,2.));
#1817 = VECTOR('',#1818,1.);
#1818 = DIRECTION('',(1.,0.,0.));
#1819 = ORIENTED_EDGE('',*,*,#1820,.T.);
#1820 = EDGE_CURVE('',#1811,#1044,#1821,.T.);
#1821 = LINE('',#1822,#1823);
#1822 = CARTESIAN_POINT('',(40.773392166521,12.4,2.));
#1823 = VECTOR('',#1824,1.);
#1824 = DIRECTION('',(-0.,-0.,-1.));
#1825 = ORIENTED_EDGE('',*,*,#1041,.F.);
#1826 = ORIENTED_EDGE('',*,*,#1827,.F.);
#1827 = EDGE_CURVE('',#1813,#1042,#1828,.T.);
#1828 = LINE('',#1829,#1830);
#1829 = CARTESIAN_POINT('',(41.373392166521,12.4,2.));
#1830 = VECTOR('',#1831,1.);
#1831 = DIRECTION('',(-0.,-0.,-1.));
#1832 = PLANE('',#1833);
#1833 = AXIS2_PLACEMENT_3D('',#1834,#1835,#1836);
#1834 = CARTESIAN_POINT('',(40.773392166521,12.4,2.));
#1835 = DIRECTION('',(0.,-1.,0.));
#1836 = DIRECTION('',(1.,0.,0.));
#1837 = ADVANCED_FACE('',(#1838),#1856,.T.);
#1838 = FACE_BOUND('',#1839,.T.);
#1839 = EDGE_LOOP('',(#1840,#1848,#1849,#1850));
#1840 = ORIENTED_EDGE('',*,*,#1841,.F.);
#1841 = EDGE_CURVE('',#1813,#1842,#1844,.T.);
#1842 = VERTEX_POINT('',#1843);
#1843 = CARTESIAN_POINT('',(41.373392166521,13.,2.));
#1844 = LINE('',#1845,#1846);
#1845 = CARTESIAN_POINT('',(41.373392166521,12.4,2.));
#1846 = VECTOR('',#1847,1.);
#1847 = DIRECTION('',(0.,1.,0.));
#1848 = ORIENTED_EDGE('',*,*,#1827,.T.);
#1849 = ORIENTED_EDGE('',*,*,#1067,.F.);
#1850 = ORIENTED_EDGE('',*,*,#1851,.F.);
#1851 = EDGE_CURVE('',#1842,#1060,#1852,.T.);
#1852 = LINE('',#1853,#1854);
#1853 = CARTESIAN_POINT('',(41.373392166521,13.,2.));
#1854 = VECTOR('',#1855,1.);
#1855 = DIRECTION('',(-0.,-0.,-1.));
#1856 = PLANE('',#1857);
#1857 = AXIS2_PLACEMENT_3D('',#1858,#1859,#1860);
#1858 = CARTESIAN_POINT('',(41.373392166521,12.4,2.));
#1859 = DIRECTION('',(1.,0.,0.));
#1860 = DIRECTION('',(0.,1.,0.));
#1861 = ADVANCED_FACE('',(#1862),#1880,.T.);
#1862 = FACE_BOUND('',#1863,.T.);
#1863 = EDGE_LOOP('',(#1864,#1872,#1873,#1874));
#1864 = ORIENTED_EDGE('',*,*,#1865,.F.);
#1865 = EDGE_CURVE('',#1842,#1866,#1868,.T.);
#1866 = VERTEX_POINT('',#1867);
#1867 = CARTESIAN_POINT('',(40.773392166521,13.,2.));
#1868 = LINE('',#1869,#1870);
#1869 = CARTESIAN_POINT('',(41.373392166521,13.,2.));
#1870 = VECTOR('',#1871,1.);
#1871 = DIRECTION('',(-1.,0.,0.));
#1872 = ORIENTED_EDGE('',*,*,#1851,.T.);
#1873 = ORIENTED_EDGE('',*,*,#1059,.F.);
#1874 = ORIENTED_EDGE('',*,*,#1875,.F.);
#1875 = EDGE_CURVE('',#1866,#1052,#1876,.T.);
#1876 = LINE('',#1877,#1878);
#1877 = CARTESIAN_POINT('',(40.773392166521,13.,2.));
#1878 = VECTOR('',#1879,1.);
#1879 = DIRECTION('',(-0.,-0.,-1.));
#1880 = PLANE('',#1881);
#1881 = AXIS2_PLACEMENT_3D('',#1882,#1883,#1884);
#1882 = CARTESIAN_POINT('',(41.373392166521,13.,2.));
#1883 = DIRECTION('',(0.,1.,0.));
#1884 = DIRECTION('',(-1.,0.,0.));
#1885 = ADVANCED_FACE('',(#1886),#1897,.T.);
#1886 = FACE_BOUND('',#1887,.T.);
#1887 = EDGE_LOOP('',(#1888,#1894,#1895,#1896));
#1888 = ORIENTED_EDGE('',*,*,#1889,.F.);
#1889 = EDGE_CURVE('',#1866,#1811,#1890,.T.);
#1890 = LINE('',#1891,#1892);
#1891 = CARTESIAN_POINT('',(40.773392166521,13.,2.));
#1892 = VECTOR('',#1893,1.);
#1893 = DIRECTION('',(0.,-1.,0.));
#1894 = ORIENTED_EDGE('',*,*,#1875,.T.);
#1895 = ORIENTED_EDGE('',*,*,#1051,.F.);
#1896 = ORIENTED_EDGE('',*,*,#1820,.F.);
#1897 = PLANE('',#1898);
#1898 = AXIS2_PLACEMENT_3D('',#1899,#1900,#1901);
#1899 = CARTESIAN_POINT('',(40.773392166521,13.,2.));
#1900 = DIRECTION('',(-1.,0.,0.));
#1901 = DIRECTION('',(0.,-1.,0.));
#1902 = ADVANCED_FACE('',(#1903),#1909,.T.);
#1903 = FACE_BOUND('',#1904,.T.);
#1904 = EDGE_LOOP('',(#1905,#1906,#1907,#1908));
#1905 = ORIENTED_EDGE('',*,*,#1889,.T.);
#1906 = ORIENTED_EDGE('',*,*,#1810,.T.);
#1907 = ORIENTED_EDGE('',*,*,#1841,.T.);
#1908 = ORIENTED_EDGE('',*,*,#1865,.T.);
#1909 = PLANE('',#1910);
#1910 = AXIS2_PLACEMENT_3D('',#1911,#1912,#1913);
#1911 = CARTESIAN_POINT('',(41.073392166521,-6.4420747E-10,2.));
#1912 = DIRECTION('',(0.,0.,1.));
#1913 = DIRECTION('',(1.,0.,0.));
#1914 = ADVANCED_FACE('',(#1915),#1940,.T.);
#1915 = FACE_BOUND('',#1916,.T.);
#1916 = EDGE_LOOP('',(#1917,#1927,#1933,#1934));
#1917 = ORIENTED_EDGE('',*,*,#1918,.F.);
#1918 = EDGE_CURVE('',#1919,#1921,#1923,.T.);
#1919 = VERTEX_POINT('',#1920);
#1920 = CARTESIAN_POINT('',(45.853392166521,12.4,2.));
#1921 = VERTEX_POINT('',#1922);
#1922 = CARTESIAN_POINT('',(46.453392166521,12.4,2.));
#1923 = LINE('',#1924,#1925);
#1924 = CARTESIAN_POINT('',(45.853392166521,12.4,2.));
#1925 = VECTOR('',#1926,1.);
#1926 = DIRECTION('',(1.,0.,0.));
#1927 = ORIENTED_EDGE('',*,*,#1928,.T.);
#1928 = EDGE_CURVE('',#1919,#1078,#1929,.T.);
#1929 = LINE('',#1930,#1931);
#1930 = CARTESIAN_POINT('',(45.853392166521,12.4,2.));
#1931 = VECTOR('',#1932,1.);
#1932 = DIRECTION('',(-0.,-0.,-1.));
#1933 = ORIENTED_EDGE('',*,*,#1075,.F.);
#1934 = ORIENTED_EDGE('',*,*,#1935,.F.);
#1935 = EDGE_CURVE('',#1921,#1076,#1936,.T.);
#1936 = LINE('',#1937,#1938);
#1937 = CARTESIAN_POINT('',(46.453392166521,12.4,2.));
#1938 = VECTOR('',#1939,1.);
#1939 = DIRECTION('',(-0.,-0.,-1.));
#1940 = PLANE('',#1941);
#1941 = AXIS2_PLACEMENT_3D('',#1942,#1943,#1944);
#1942 = CARTESIAN_POINT('',(45.853392166521,12.4,2.));
#1943 = DIRECTION('',(0.,-1.,0.));
#1944 = DIRECTION('',(1.,0.,0.));
#1945 = ADVANCED_FACE('',(#1946),#1964,.T.);
#1946 = FACE_BOUND('',#1947,.T.);
#1947 = EDGE_LOOP('',(#1948,#1956,#1957,#1958));
#1948 = ORIENTED_EDGE('',*,*,#1949,.F.);
#1949 = EDGE_CURVE('',#1921,#1950,#1952,.T.);
#1950 = VERTEX_POINT('',#1951);
#1951 = CARTESIAN_POINT('',(46.453392166521,13.,2.));
#1952 = LINE('',#1953,#1954);
#1953 = CARTESIAN_POINT('',(46.453392166521,12.4,2.));
#1954 = VECTOR('',#1955,1.);
#1955 = DIRECTION('',(0.,1.,0.));
#1956 = ORIENTED_EDGE('',*,*,#1935,.T.);
#1957 = ORIENTED_EDGE('',*,*,#1101,.F.);
#1958 = ORIENTED_EDGE('',*,*,#1959,.F.);
#1959 = EDGE_CURVE('',#1950,#1094,#1960,.T.);
#1960 = LINE('',#1961,#1962);
#1961 = CARTESIAN_POINT('',(46.453392166521,13.,2.));
#1962 = VECTOR('',#1963,1.);
#1963 = DIRECTION('',(-0.,-0.,-1.));
#1964 = PLANE('',#1965);
#1965 = AXIS2_PLACEMENT_3D('',#1966,#1967,#1968);
#1966 = CARTESIAN_POINT('',(46.453392166521,12.4,2.));
#1967 = DIRECTION('',(1.,0.,0.));
#1968 = DIRECTION('',(0.,1.,0.));
#1969 = ADVANCED_FACE('',(#1970),#1988,.T.);
#1970 = FACE_BOUND('',#1971,.T.);
#1971 = EDGE_LOOP('',(#1972,#1980,#1981,#1982));
#1972 = ORIENTED_EDGE('',*,*,#1973,.F.);
#1973 = EDGE_CURVE('',#1950,#1974,#1976,.T.);
#1974 = VERTEX_POINT('',#1975);
#1975 = CARTESIAN_POINT('',(45.853392166521,13.,2.));
#1976 = LINE('',#1977,#1978);
#1977 = CARTESIAN_POINT('',(46.453392166521,13.,2.));
#1978 = VECTOR('',#1979,1.);
#1979 = DIRECTION('',(-1.,0.,0.));
#1980 = ORIENTED_EDGE('',*,*,#1959,.T.);
#1981 = ORIENTED_EDGE('',*,*,#1093,.F.);
#1982 = ORIENTED_EDGE('',*,*,#1983,.F.);
#1983 = EDGE_CURVE('',#1974,#1086,#1984,.T.);
#1984 = LINE('',#1985,#1986);
#1985 = CARTESIAN_POINT('',(45.853392166521,13.,2.));
#1986 = VECTOR('',#1987,1.);
#1987 = DIRECTION('',(-0.,-0.,-1.));
#1988 = PLANE('',#1989);
#1989 = AXIS2_PLACEMENT_3D('',#1990,#1991,#1992);
#1990 = CARTESIAN_POINT('',(46.453392166521,13.,2.));
#1991 = DIRECTION('',(0.,1.,0.));
#1992 = DIRECTION('',(-1.,0.,0.));
#1993 = ADVANCED_FACE('',(#1994),#2005,.T.);
#1994 = FACE_BOUND('',#1995,.T.);
#1995 = EDGE_LOOP('',(#1996,#2002,#2003,#2004));
#1996 = ORIENTED_EDGE('',*,*,#1997,.F.);
#1997 = EDGE_CURVE('',#1974,#1919,#1998,.T.);
#1998 = LINE('',#1999,#2000);
#1999 = CARTESIAN_POINT('',(45.853392166521,13.,2.));
#2000 = VECTOR('',#2001,1.);
#2001 = DIRECTION('',(0.,-1.,0.));
#2002 = ORIENTED_EDGE('',*,*,#1983,.T.);
#2003 = ORIENTED_EDGE('',*,*,#1085,.F.);
#2004 = ORIENTED_EDGE('',*,*,#1928,.F.);
#2005 = PLANE('',#2006);
#2006 = AXIS2_PLACEMENT_3D('',#2007,#2008,#2009);
#2007 = CARTESIAN_POINT('',(45.853392166521,13.,2.));
#2008 = DIRECTION('',(-1.,0.,0.));
#2009 = DIRECTION('',(0.,-1.,0.));
#2010 = ADVANCED_FACE('',(#2011),#2017,.T.);
#2011 = FACE_BOUND('',#2012,.T.);
#2012 = EDGE_LOOP('',(#2013,#2014,#2015,#2016));
#2013 = ORIENTED_EDGE('',*,*,#1997,.T.);
#2014 = ORIENTED_EDGE('',*,*,#1918,.T.);
#2015 = ORIENTED_EDGE('',*,*,#1949,.T.);
#2016 = ORIENTED_EDGE('',*,*,#1973,.T.);
#2017 = PLANE('',#2018);
#2018 = AXIS2_PLACEMENT_3D('',#2019,#2020,#2021);
#2019 = CARTESIAN_POINT('',(46.153392166521,-6.4420747E-10,2.));
#2020 = DIRECTION('',(0.,0.,1.));
#2021 = DIRECTION('',(1.,0.,0.));
#2022 = ADVANCED_FACE('',(#2023),#2048,.T.);
#2023 = FACE_BOUND('',#2024,.T.);
#2024 = EDGE_LOOP('',(#2025,#2035,#2041,#2042));
#2025 = ORIENTED_EDGE('',*,*,#2026,.F.);
#2026 = EDGE_CURVE('',#2027,#2029,#2031,.T.);
#2027 = VERTEX_POINT('',#2028);
#2028 = CARTESIAN_POINT('',(50.933392166521,12.4,2.));
#2029 = VERTEX_POINT('',#2030);
#2030 = CARTESIAN_POINT('',(51.533392166521,12.4,2.));
#2031 = LINE('',#2032,#2033);
#2032 = CARTESIAN_POINT('',(50.933392166521,12.4,2.));
#2033 = VECTOR('',#2034,1.);
#2034 = DIRECTION('',(1.,0.,0.));
#2035 = ORIENTED_EDGE('',*,*,#2036,.T.);
#2036 = EDGE_CURVE('',#2027,#1112,#2037,.T.);
#2037 = LINE('',#2038,#2039);
#2038 = CARTESIAN_POINT('',(50.933392166521,12.4,2.));
#2039 = VECTOR('',#2040,1.);
#2040 = DIRECTION('',(-0.,-0.,-1.));
#2041 = ORIENTED_EDGE('',*,*,#1109,.F.);
#2042 = ORIENTED_EDGE('',*,*,#2043,.F.);
#2043 = EDGE_CURVE('',#2029,#1110,#2044,.T.);
#2044 = LINE('',#2045,#2046);
#2045 = CARTESIAN_POINT('',(51.533392166521,12.4,2.));
#2046 = VECTOR('',#2047,1.);
#2047 = DIRECTION('',(-0.,-0.,-1.));
#2048 = PLANE('',#2049);
#2049 = AXIS2_PLACEMENT_3D('',#2050,#2051,#2052);
#2050 = CARTESIAN_POINT('',(50.933392166521,12.4,2.));
#2051 = DIRECTION('',(0.,-1.,0.));
#2052 = DIRECTION('',(1.,0.,0.));
#2053 = ADVANCED_FACE('',(#2054),#2072,.T.);
#2054 = FACE_BOUND('',#2055,.T.);
#2055 = EDGE_LOOP('',(#2056,#2064,#2065,#2066));
#2056 = ORIENTED_EDGE('',*,*,#2057,.F.);
#2057 = EDGE_CURVE('',#2029,#2058,#2060,.T.);
#2058 = VERTEX_POINT('',#2059);
#2059 = CARTESIAN_POINT('',(51.533392166521,13.,2.));
#2060 = LINE('',#2061,#2062);
#2061 = CARTESIAN_POINT('',(51.533392166521,12.4,2.));
#2062 = VECTOR('',#2063,1.);
#2063 = DIRECTION('',(0.,1.,0.));
#2064 = ORIENTED_EDGE('',*,*,#2043,.T.);
#2065 = ORIENTED_EDGE('',*,*,#1135,.F.);
#2066 = ORIENTED_EDGE('',*,*,#2067,.F.);
#2067 = EDGE_CURVE('',#2058,#1128,#2068,.T.);
#2068 = LINE('',#2069,#2070);
#2069 = CARTESIAN_POINT('',(51.533392166521,13.,2.));
#2070 = VECTOR('',#2071,1.);
#2071 = DIRECTION('',(-0.,-0.,-1.));
#2072 = PLANE('',#2073);
#2073 = AXIS2_PLACEMENT_3D('',#2074,#2075,#2076);
#2074 = CARTESIAN_POINT('',(51.533392166521,12.4,2.));
#2075 = DIRECTION('',(1.,0.,0.));
#2076 = DIRECTION('',(0.,1.,0.));
#2077 = ADVANCED_FACE('',(#2078),#2096,.T.);
#2078 = FACE_BOUND('',#2079,.T.);
#2079 = EDGE_LOOP('',(#2080,#2088,#2089,#2090));
#2080 = ORIENTED_EDGE('',*,*,#2081,.F.);
#2081 = EDGE_CURVE('',#2058,#2082,#2084,.T.);
#2082 = VERTEX_POINT('',#2083);
#2083 = CARTESIAN_POINT('',(50.933392166521,13.,2.));
#2084 = LINE('',#2085,#2086);
#2085 = CARTESIAN_POINT('',(51.533392166521,13.,2.));
#2086 = VECTOR('',#2087,1.);
#2087 = DIRECTION('',(-1.,0.,0.));
#2088 = ORIENTED_EDGE('',*,*,#2067,.T.);
#2089 = ORIENTED_EDGE('',*,*,#1127,.F.);
#2090 = ORIENTED_EDGE('',*,*,#2091,.F.);
#2091 = EDGE_CURVE('',#2082,#1120,#2092,.T.);
#2092 = LINE('',#2093,#2094);
#2093 = CARTESIAN_POINT('',(50.933392166521,13.,2.));
#2094 = VECTOR('',#2095,1.);
#2095 = DIRECTION('',(-0.,-0.,-1.));
#2096 = PLANE('',#2097);
#2097 = AXIS2_PLACEMENT_3D('',#2098,#2099,#2100);
#2098 = CARTESIAN_POINT('',(51.533392166521,13.,2.));
#2099 = DIRECTION('',(0.,1.,0.));
#2100 = DIRECTION('',(-1.,0.,0.));
#2101 = ADVANCED_FACE('',(#2102),#2113,.T.);
#2102 = FACE_BOUND('',#2103,.T.);
#2103 = EDGE_LOOP('',(#2104,#2110,#2111,#2112));
#2104 = ORIENTED_EDGE('',*,*,#2105,.F.);
#2105 = EDGE_CURVE('',#2082,#2027,#2106,.T.);
#2106 = LINE('',#2107,#2108);
#2107 = CARTESIAN_POINT('',(50.933392166521,13.,2.));
#2108 = VECTOR('',#2109,1.);
#2109 = DIRECTION('',(0.,-1.,0.));
#2110 = ORIENTED_EDGE('',*,*,#2091,.T.);
#2111 = ORIENTED_EDGE('',*,*,#1119,.F.);
#2112 = ORIENTED_EDGE('',*,*,#2036,.F.);
#2113 = PLANE('',#2114);
#2114 = AXIS2_PLACEMENT_3D('',#2115,#2116,#2117);
#2115 = CARTESIAN_POINT('',(50.933392166521,13.,2.));
#2116 = DIRECTION('',(-1.,0.,0.));
#2117 = DIRECTION('',(0.,-1.,0.));
#2118 = ADVANCED_FACE('',(#2119),#2125,.T.);
#2119 = FACE_BOUND('',#2120,.T.);
#2120 = EDGE_LOOP('',(#2121,#2122,#2123,#2124));
#2121 = ORIENTED_EDGE('',*,*,#2105,.T.);
#2122 = ORIENTED_EDGE('',*,*,#2026,.T.);
#2123 = ORIENTED_EDGE('',*,*,#2057,.T.);
#2124 = ORIENTED_EDGE('',*,*,#2081,.T.);
#2125 = PLANE('',#2126);
#2126 = AXIS2_PLACEMENT_3D('',#2127,#2128,#2129);
#2127 = CARTESIAN_POINT('',(51.233392166521,-6.4420747E-10,2.));
#2128 = DIRECTION('',(0.,0.,1.));
#2129 = DIRECTION('',(1.,0.,0.));
#2130 = ADVANCED_FACE('',(#2131),#2156,.T.);
#2131 = FACE_BOUND('',#2132,.T.);
#2132 = EDGE_LOOP('',(#2133,#2143,#2149,#2150));
#2133 = ORIENTED_EDGE('',*,*,#2134,.F.);
#2134 = EDGE_CURVE('',#2135,#2137,#2139,.T.);
#2135 = VERTEX_POINT('',#2136);
#2136 = CARTESIAN_POINT('',(56.013392166521,12.4,2.));
#2137 = VERTEX_POINT('',#2138);
#2138 = CARTESIAN_POINT('',(56.613392166521,12.4,2.));
#2139 = LINE('',#2140,#2141);
#2140 = CARTESIAN_POINT('',(56.013392166521,12.4,2.));
#2141 = VECTOR('',#2142,1.);
#2142 = DIRECTION('',(1.,0.,0.));
#2143 = ORIENTED_EDGE('',*,*,#2144,.T.);
#2144 = EDGE_CURVE('',#2135,#1146,#2145,.T.);
#2145 = LINE('',#2146,#2147);
#2146 = CARTESIAN_POINT('',(56.013392166521,12.4,2.));
#2147 = VECTOR('',#2148,1.);
#2148 = DIRECTION('',(-0.,-0.,-1.));
#2149 = ORIENTED_EDGE('',*,*,#1143,.F.);
#2150 = ORIENTED_EDGE('',*,*,#2151,.F.);
#2151 = EDGE_CURVE('',#2137,#1144,#2152,.T.);
#2152 = LINE('',#2153,#2154);
#2153 = CARTESIAN_POINT('',(56.613392166521,12.4,2.));
#2154 = VECTOR('',#2155,1.);
#2155 = DIRECTION('',(-0.,-0.,-1.));
#2156 = PLANE('',#2157);
#2157 = AXIS2_PLACEMENT_3D('',#2158,#2159,#2160);
#2158 = CARTESIAN_POINT('',(56.013392166521,12.4,2.));
#2159 = DIRECTION('',(0.,-1.,0.));
#2160 = DIRECTION('',(1.,0.,0.));
#2161 = ADVANCED_FACE('',(#2162),#2180,.T.);
#2162 = FACE_BOUND('',#2163,.T.);
#2163 = EDGE_LOOP('',(#2164,#2172,#2173,#2174));
#2164 = ORIENTED_EDGE('',*,*,#2165,.F.);
#2165 = EDGE_CURVE('',#2137,#2166,#2168,.T.);
#2166 = VERTEX_POINT('',#2167);
#2167 = CARTESIAN_POINT('',(56.613392166521,13.,2.));
#2168 = LINE('',#2169,#2170);
#2169 = CARTESIAN_POINT('',(56.613392166521,12.4,2.));
#2170 = VECTOR('',#2171,1.);
#2171 = DIRECTION('',(0.,1.,0.));
#2172 = ORIENTED_EDGE('',*,*,#2151,.T.);
#2173 = ORIENTED_EDGE('',*,*,#1169,.F.);
#2174 = ORIENTED_EDGE('',*,*,#2175,.F.);
#2175 = EDGE_CURVE('',#2166,#1162,#2176,.T.);
#2176 = LINE('',#2177,#2178);
#2177 = CARTESIAN_POINT('',(56.613392166521,13.,2.));
#2178 = VECTOR('',#2179,1.);
#2179 = DIRECTION('',(-0.,-0.,-1.));
#2180 = PLANE('',#2181);
#2181 = AXIS2_PLACEMENT_3D('',#2182,#2183,#2184);
#2182 = CARTESIAN_POINT('',(56.613392166521,12.4,2.));
#2183 = DIRECTION('',(1.,0.,0.));
#2184 = DIRECTION('',(0.,1.,0.));
#2185 = ADVANCED_FACE('',(#2186),#2204,.T.);
#2186 = FACE_BOUND('',#2187,.T.);
#2187 = EDGE_LOOP('',(#2188,#2196,#2197,#2198));
#2188 = ORIENTED_EDGE('',*,*,#2189,.F.);
#2189 = EDGE_CURVE('',#2166,#2190,#2192,.T.);
#2190 = VERTEX_POINT('',#2191);
#2191 = CARTESIAN_POINT('',(56.013392166521,13.,2.));
#2192 = LINE('',#2193,#2194);
#2193 = CARTESIAN_POINT('',(56.613392166521,13.,2.));
#2194 = VECTOR('',#2195,1.);
#2195 = DIRECTION('',(-1.,0.,0.));
#2196 = ORIENTED_EDGE('',*,*,#2175,.T.);
#2197 = ORIENTED_EDGE('',*,*,#1161,.F.);
#2198 = ORIENTED_EDGE('',*,*,#2199,.F.);
#2199 = EDGE_CURVE('',#2190,#1154,#2200,.T.);
#2200 = LINE('',#2201,#2202);
#2201 = CARTESIAN_POINT('',(56.013392166521,13.,2.));
#2202 = VECTOR('',#2203,1.);
#2203 = DIRECTION('',(-0.,-0.,-1.));
#2204 = PLANE('',#2205);
#2205 = AXIS2_PLACEMENT_3D('',#2206,#2207,#2208);
#2206 = CARTESIAN_POINT('',(56.613392166521,13.,2.));
#2207 = DIRECTION('',(0.,1.,0.));
#2208 = DIRECTION('',(-1.,0.,0.));
#2209 = ADVANCED_FACE('',(#2210),#2221,.T.);
#2210 = FACE_BOUND('',#2211,.T.);
#2211 = EDGE_LOOP('',(#2212,#2218,#2219,#2220));
#2212 = ORIENTED_EDGE('',*,*,#2213,.F.);
#2213 = EDGE_CURVE('',#2190,#2135,#2214,.T.);
#2214 = LINE('',#2215,#2216);
#2215 = CARTESIAN_POINT('',(56.013392166521,13.,2.));
#2216 = VECTOR('',#2217,1.);
#2217 = DIRECTION('',(0.,-1.,0.));
#2218 = ORIENTED_EDGE('',*,*,#2199,.T.);
#2219 = ORIENTED_EDGE('',*,*,#1153,.F.);
#2220 = ORIENTED_EDGE('',*,*,#2144,.F.);
#2221 = PLANE('',#2222);
#2222 = AXIS2_PLACEMENT_3D('',#2223,#2224,#2225);
#2223 = CARTESIAN_POINT('',(56.013392166521,13.,2.));
#2224 = DIRECTION('',(-1.,0.,0.));
#2225 = DIRECTION('',(0.,-1.,0.));
#2226 = ADVANCED_FACE('',(#2227),#2233,.T.);
#2227 = FACE_BOUND('',#2228,.T.);
#2228 = EDGE_LOOP('',(#2229,#2230,#2231,#2232));
#2229 = ORIENTED_EDGE('',*,*,#2213,.T.);
#2230 = ORIENTED_EDGE('',*,*,#2134,.T.);
#2231 = ORIENTED_EDGE('',*,*,#2165,.T.);
#2232 = ORIENTED_EDGE('',*,*,#2189,.T.);
#2233 = PLANE('',#2234);
#2234 = AXIS2_PLACEMENT_3D('',#2235,#2236,#2237);
#2235 = CARTESIAN_POINT('',(56.313392166521,-6.4420747E-10,2.));
#2236 = DIRECTION('',(0.,0.,1.));
#2237 = DIRECTION('',(1.,0.,0.));
#2238 = ADVANCED_FACE('',(#2239),#2264,.T.);
#2239 = FACE_BOUND('',#2240,.T.);
#2240 = EDGE_LOOP('',(#2241,#2251,#2257,#2258));
#2241 = ORIENTED_EDGE('',*,*,#2242,.F.);
#2242 = EDGE_CURVE('',#2243,#2245,#2247,.T.);
#2243 = VERTEX_POINT('',#2244);
#2244 = CARTESIAN_POINT('',(58.553392166521,12.4,2.));
#2245 = VERTEX_POINT('',#2246);
#2246 = CARTESIAN_POINT('',(59.153392166521,12.4,2.));
#2247 = LINE('',#2248,#2249);
#2248 = CARTESIAN_POINT('',(58.553392166521,12.4,2.));
#2249 = VECTOR('',#2250,1.);
#2250 = DIRECTION('',(1.,0.,0.));
#2251 = ORIENTED_EDGE('',*,*,#2252,.T.);
#2252 = EDGE_CURVE('',#2243,#1180,#2253,.T.);
#2253 = LINE('',#2254,#2255);
#2254 = CARTESIAN_POINT('',(58.553392166521,12.4,2.));
#2255 = VECTOR('',#2256,1.);
#2256 = DIRECTION('',(-0.,-0.,-1.));
#2257 = ORIENTED_EDGE('',*,*,#1177,.F.);
#2258 = ORIENTED_EDGE('',*,*,#2259,.F.);
#2259 = EDGE_CURVE('',#2245,#1178,#2260,.T.);
#2260 = LINE('',#2261,#2262);
#2261 = CARTESIAN_POINT('',(59.153392166521,12.4,2.));
#2262 = VECTOR('',#2263,1.);
#2263 = DIRECTION('',(-0.,-0.,-1.));
#2264 = PLANE('',#2265);
#2265 = AXIS2_PLACEMENT_3D('',#2266,#2267,#2268);
#2266 = CARTESIAN_POINT('',(58.553392166521,12.4,2.));
#2267 = DIRECTION('',(0.,-1.,0.));
#2268 = DIRECTION('',(1.,0.,0.));
#2269 = ADVANCED_FACE('',(#2270),#2288,.T.);
#2270 = FACE_BOUND('',#2271,.T.);
#2271 = EDGE_LOOP('',(#2272,#2280,#2281,#2282));
#2272 = ORIENTED_EDGE('',*,*,#2273,.F.);
#2273 = EDGE_CURVE('',#2245,#2274,#2276,.T.);
#2274 = VERTEX_POINT('',#2275);
#2275 = CARTESIAN_POINT('',(59.153392166521,13.,2.));
#2276 = LINE('',#2277,#2278);
#2277 = CARTESIAN_POINT('',(59.153392166521,12.4,2.));
#2278 = VECTOR('',#2279,1.);
#2279 = DIRECTION('',(0.,1.,0.));
#2280 = ORIENTED_EDGE('',*,*,#2259,.T.);
#2281 = ORIENTED_EDGE('',*,*,#1203,.F.);
#2282 = ORIENTED_EDGE('',*,*,#2283,.F.);
#2283 = EDGE_CURVE('',#2274,#1196,#2284,.T.);
#2284 = LINE('',#2285,#2286);
#2285 = CARTESIAN_POINT('',(59.153392166521,13.,2.));
#2286 = VECTOR('',#2287,1.);
#2287 = DIRECTION('',(-0.,-0.,-1.));
#2288 = PLANE('',#2289);
#2289 = AXIS2_PLACEMENT_3D('',#2290,#2291,#2292);
#2290 = CARTESIAN_POINT('',(59.153392166521,12.4,2.));
#2291 = DIRECTION('',(1.,0.,0.));
#2292 = DIRECTION('',(0.,1.,0.));
#2293 = ADVANCED_FACE('',(#2294),#2312,.T.);
#2294 = FACE_BOUND('',#2295,.T.);
#2295 = EDGE_LOOP('',(#2296,#2304,#2305,#2306));
#2296 = ORIENTED_EDGE('',*,*,#2297,.F.);
#2297 = EDGE_CURVE('',#2274,#2298,#2300,.T.);
#2298 = VERTEX_POINT('',#2299);
#2299 = CARTESIAN_POINT('',(58.553392166521,13.,2.));
#2300 = LINE('',#2301,#2302);
#2301 = CARTESIAN_POINT('',(59.153392166521,13.,2.));
#2302 = VECTOR('',#2303,1.);
#2303 = DIRECTION('',(-1.,0.,0.));
#2304 = ORIENTED_EDGE('',*,*,#2283,.T.);
#2305 = ORIENTED_EDGE('',*,*,#1195,.F.);
#2306 = ORIENTED_EDGE('',*,*,#2307,.F.);
#2307 = EDGE_CURVE('',#2298,#1188,#2308,.T.);
#2308 = LINE('',#2309,#2310);
#2309 = CARTESIAN_POINT('',(58.553392166521,13.,2.));
#2310 = VECTOR('',#2311,1.);
#2311 = DIRECTION('',(-0.,-0.,-1.));
#2312 = PLANE('',#2313);
#2313 = AXIS2_PLACEMENT_3D('',#2314,#2315,#2316);
#2314 = CARTESIAN_POINT('',(59.153392166521,13.,2.));
#2315 = DIRECTION('',(0.,1.,0.));
#2316 = DIRECTION('',(-1.,0.,0.));
#2317 = ADVANCED_FACE('',(#2318),#2329,.T.);
#2318 = FACE_BOUND('',#2319,.T.);
#2319 = EDGE_LOOP('',(#2320,#2326,#2327,#2328));
#2320 = ORIENTED_EDGE('',*,*,#2321,.F.);
#2321 = EDGE_CURVE('',#2298,#2243,#2322,.T.);
#2322 = LINE('',#2323,#2324);
#2323 = CARTESIAN_POINT('',(58.553392166521,13.,2.));
#2324 = VECTOR('',#2325,1.);
#2325 = DIRECTION('',(0.,-1.,0.));
#2326 = ORIENTED_EDGE('',*,*,#2307,.T.);
#2327 = ORIENTED_EDGE('',*,*,#1187,.F.);
#2328 = ORIENTED_EDGE('',*,*,#2252,.F.);
#2329 = PLANE('',#2330);
#2330 = AXIS2_PLACEMENT_3D('',#2331,#2332,#2333);
#2331 = CARTESIAN_POINT('',(58.553392166521,13.,2.));
#2332 = DIRECTION('',(-1.,0.,0.));
#2333 = DIRECTION('',(0.,-1.,0.));
#2334 = ADVANCED_FACE('',(#2335),#2341,.T.);
#2335 = FACE_BOUND('',#2336,.T.);
#2336 = EDGE_LOOP('',(#2337,#2338,#2339,#2340));
#2337 = ORIENTED_EDGE('',*,*,#2321,.T.);
#2338 = ORIENTED_EDGE('',*,*,#2242,.T.);
#2339 = ORIENTED_EDGE('',*,*,#2273,.T.);
#2340 = ORIENTED_EDGE('',*,*,#2297,.T.);
#2341 = PLANE('',#2342);
#2342 = AXIS2_PLACEMENT_3D('',#2343,#2344,#2345);
#2343 = CARTESIAN_POINT('',(58.853392166521,-6.4420747E-10,2.));
#2344 = DIRECTION('',(0.,0.,1.));
#2345 = DIRECTION('',(1.,0.,0.));
#2346 = ADVANCED_FACE('',(#2347),#2372,.T.);
#2347 = FACE_BOUND('',#2348,.T.);
#2348 = EDGE_LOOP('',(#2349,#2359,#2365,#2366));
#2349 = ORIENTED_EDGE('',*,*,#2350,.F.);
#2350 = EDGE_CURVE('',#2351,#2353,#2355,.T.);
#2351 = VERTEX_POINT('',#2352);
#2352 = CARTESIAN_POINT('',(28.073392166521,12.4,2.));
#2353 = VERTEX_POINT('',#2354);
#2354 = CARTESIAN_POINT('',(28.673392166521,12.4,2.));
#2355 = LINE('',#2356,#2357);
#2356 = CARTESIAN_POINT('',(28.073392166521,12.4,2.));
#2357 = VECTOR('',#2358,1.);
#2358 = DIRECTION('',(1.,0.,0.));
#2359 = ORIENTED_EDGE('',*,*,#2360,.T.);
#2360 = EDGE_CURVE('',#2351,#1214,#2361,.T.);
#2361 = LINE('',#2362,#2363);
#2362 = CARTESIAN_POINT('',(28.073392166521,12.4,2.));
#2363 = VECTOR('',#2364,1.);
#2364 = DIRECTION('',(-0.,-0.,-1.));
#2365 = ORIENTED_EDGE('',*,*,#1211,.F.);
#2366 = ORIENTED_EDGE('',*,*,#2367,.F.);
#2367 = EDGE_CURVE('',#2353,#1212,#2368,.T.);
#2368 = LINE('',#2369,#2370);
#2369 = CARTESIAN_POINT('',(28.673392166521,12.4,2.));
#2370 = VECTOR('',#2371,1.);
#2371 = DIRECTION('',(-0.,-0.,-1.));
#2372 = PLANE('',#2373);
#2373 = AXIS2_PLACEMENT_3D('',#2374,#2375,#2376);
#2374 = CARTESIAN_POINT('',(28.073392166521,12.4,2.));
#2375 = DIRECTION('',(0.,-1.,0.));
#2376 = DIRECTION('',(1.,0.,0.));
#2377 = ADVANCED_FACE('',(#2378),#2396,.T.);
#2378 = FACE_BOUND('',#2379,.T.);
#2379 = EDGE_LOOP('',(#2380,#2388,#2389,#2390));
#2380 = ORIENTED_EDGE('',*,*,#2381,.F.);
#2381 = EDGE_CURVE('',#2353,#2382,#2384,.T.);
#2382 = VERTEX_POINT('',#2383);
#2383 = CARTESIAN_POINT('',(28.673392166521,13.,2.));
#2384 = LINE('',#2385,#2386);
#2385 = CARTESIAN_POINT('',(28.673392166521,12.4,2.));
#2386 = VECTOR('',#2387,1.);
#2387 = DIRECTION('',(0.,1.,0.));
#2388 = ORIENTED_EDGE('',*,*,#2367,.T.);
#2389 = ORIENTED_EDGE('',*,*,#1237,.F.);
#2390 = ORIENTED_EDGE('',*,*,#2391,.F.);
#2391 = EDGE_CURVE('',#2382,#1230,#2392,.T.);
#2392 = LINE('',#2393,#2394);
#2393 = CARTESIAN_POINT('',(28.673392166521,13.,2.));
#2394 = VECTOR('',#2395,1.);
#2395 = DIRECTION('',(-0.,-0.,-1.));
#2396 = PLANE('',#2397);
#2397 = AXIS2_PLACEMENT_3D('',#2398,#2399,#2400);
#2398 = CARTESIAN_POINT('',(28.673392166521,12.4,2.));
#2399 = DIRECTION('',(1.,0.,0.));
#2400 = DIRECTION('',(0.,1.,0.));
#2401 = ADVANCED_FACE('',(#2402),#2420,.T.);
#2402 = FACE_BOUND('',#2403,.T.);
#2403 = EDGE_LOOP('',(#2404,#2412,#2413,#2414));
#2404 = ORIENTED_EDGE('',*,*,#2405,.F.);
#2405 = EDGE_CURVE('',#2382,#2406,#2408,.T.);
#2406 = VERTEX_POINT('',#2407);
#2407 = CARTESIAN_POINT('',(28.073392166521,13.,2.));
#2408 = LINE('',#2409,#2410);
#2409 = CARTESIAN_POINT('',(28.673392166521,13.,2.));
#2410 = VECTOR('',#2411,1.);
#2411 = DIRECTION('',(-1.,0.,0.));
#2412 = ORIENTED_EDGE('',*,*,#2391,.T.);
#2413 = ORIENTED_EDGE('',*,*,#1229,.F.);
#2414 = ORIENTED_EDGE('',*,*,#2415,.F.);
#2415 = EDGE_CURVE('',#2406,#1222,#2416,.T.);
#2416 = LINE('',#2417,#2418);
#2417 = CARTESIAN_POINT('',(28.073392166521,13.,2.));
#2418 = VECTOR('',#2419,1.);
#2419 = DIRECTION('',(-0.,-0.,-1.));
#2420 = PLANE('',#2421);
#2421 = AXIS2_PLACEMENT_3D('',#2422,#2423,#2424);
#2422 = CARTESIAN_POINT('',(28.673392166521,13.,2.));
#2423 = DIRECTION('',(0.,1.,0.));
#2424 = DIRECTION('',(-1.,0.,0.));
#2425 = ADVANCED_FACE('',(#2426),#2437,.T.);
#2426 = FACE_BOUND('',#2427,.T.);
#2427 = EDGE_LOOP('',(#2428,#2434,#2435,#2436));
#2428 = ORIENTED_EDGE('',*,*,#2429,.F.);
#2429 = EDGE_CURVE('',#2406,#2351,#2430,.T.);
#2430 = LINE('',#2431,#2432);
#2431 = CARTESIAN_POINT('',(28.073392166521,13.,2.));
#2432 = VECTOR('',#2433,1.);
#2433 = DIRECTION('',(0.,-1.,0.));
#2434 = ORIENTED_EDGE('',*,*,#2415,.T.);
#2435 = ORIENTED_EDGE('',*,*,#1221,.F.);
#2436 = ORIENTED_EDGE('',*,*,#2360,.F.);
#2437 = PLANE('',#2438);
#2438 = AXIS2_PLACEMENT_3D('',#2439,#2440,#2441);
#2439 = CARTESIAN_POINT('',(28.073392166521,13.,2.));
#2440 = DIRECTION('',(-1.,0.,0.));
#2441 = DIRECTION('',(0.,-1.,0.));
#2442 = ADVANCED_FACE('',(#2443),#2449,.T.);
#2443 = FACE_BOUND('',#2444,.T.);
#2444 = EDGE_LOOP('',(#2445,#2446,#2447,#2448));
#2445 = ORIENTED_EDGE('',*,*,#2429,.T.);
#2446 = ORIENTED_EDGE('',*,*,#2350,.T.);
#2447 = ORIENTED_EDGE('',*,*,#2381,.T.);
#2448 = ORIENTED_EDGE('',*,*,#2405,.T.);
#2449 = PLANE('',#2450);
#2450 = AXIS2_PLACEMENT_3D('',#2451,#2452,#2453);
#2451 = CARTESIAN_POINT('',(28.373392166521,-6.4420747E-10,2.));
#2452 = DIRECTION('',(0.,0.,1.));
#2453 = DIRECTION('',(1.,0.,0.));
#2454 = ADVANCED_FACE('',(#2455),#2480,.T.);
#2455 = FACE_BOUND('',#2456,.T.);
#2456 = EDGE_LOOP('',(#2457,#2467,#2473,#2474));
#2457 = ORIENTED_EDGE('',*,*,#2458,.F.);
#2458 = EDGE_CURVE('',#2459,#2461,#2463,.T.);
#2459 = VERTEX_POINT('',#2460);
#2460 = CARTESIAN_POINT('',(33.153392166521,12.4,2.));
#2461 = VERTEX_POINT('',#2462);
#2462 = CARTESIAN_POINT('',(33.753392166521,12.4,2.));
#2463 = LINE('',#2464,#2465);
#2464 = CARTESIAN_POINT('',(33.153392166521,12.4,2.));
#2465 = VECTOR('',#2466,1.);
#2466 = DIRECTION('',(1.,0.,0.));
#2467 = ORIENTED_EDGE('',*,*,#2468,.T.);
#2468 = EDGE_CURVE('',#2459,#1248,#2469,.T.);
#2469 = LINE('',#2470,#2471);
#2470 = CARTESIAN_POINT('',(33.153392166521,12.4,2.));
#2471 = VECTOR('',#2472,1.);
#2472 = DIRECTION('',(-0.,-0.,-1.));
#2473 = ORIENTED_EDGE('',*,*,#1245,.F.);
#2474 = ORIENTED_EDGE('',*,*,#2475,.F.);
#2475 = EDGE_CURVE('',#2461,#1246,#2476,.T.);
#2476 = LINE('',#2477,#2478);
#2477 = CARTESIAN_POINT('',(33.753392166521,12.4,2.));
#2478 = VECTOR('',#2479,1.);
#2479 = DIRECTION('',(-0.,-0.,-1.));
#2480 = PLANE('',#2481);
#2481 = AXIS2_PLACEMENT_3D('',#2482,#2483,#2484);
#2482 = CARTESIAN_POINT('',(33.153392166521,12.4,2.));
#2483 = DIRECTION('',(0.,-1.,0.));
#2484 = DIRECTION('',(1.,0.,0.));
#2485 = ADVANCED_FACE('',(#2486),#2504,.T.);
#2486 = FACE_BOUND('',#2487,.T.);
#2487 = EDGE_LOOP('',(#2488,#2496,#2497,#2498));
#2488 = ORIENTED_EDGE('',*,*,#2489,.F.);
#2489 = EDGE_CURVE('',#2461,#2490,#2492,.T.);
#2490 = VERTEX_POINT('',#2491);
#2491 = CARTESIAN_POINT('',(33.753392166521,13.,2.));
#2492 = LINE('',#2493,#2494);
#2493 = CARTESIAN_POINT('',(33.753392166521,12.4,2.));
#2494 = VECTOR('',#2495,1.);
#2495 = DIRECTION('',(0.,1.,0.));
#2496 = ORIENTED_EDGE('',*,*,#2475,.T.);
#2497 = ORIENTED_EDGE('',*,*,#1271,.F.);
#2498 = ORIENTED_EDGE('',*,*,#2499,.F.);
#2499 = EDGE_CURVE('',#2490,#1264,#2500,.T.);
#2500 = LINE('',#2501,#2502);
#2501 = CARTESIAN_POINT('',(33.753392166521,13.,2.));
#2502 = VECTOR('',#2503,1.);
#2503 = DIRECTION('',(-0.,-0.,-1.));
#2504 = PLANE('',#2505);
#2505 = AXIS2_PLACEMENT_3D('',#2506,#2507,#2508);
#2506 = CARTESIAN_POINT('',(33.753392166521,12.4,2.));
#2507 = DIRECTION('',(1.,0.,0.));
#2508 = DIRECTION('',(0.,1.,0.));
#2509 = ADVANCED_FACE('',(#2510),#2528,.T.);
#2510 = FACE_BOUND('',#2511,.T.);
#2511 = EDGE_LOOP('',(#2512,#2520,#2521,#2522));
#2512 = ORIENTED_EDGE('',*,*,#2513,.F.);
#2513 = EDGE_CURVE('',#2490,#2514,#2516,.T.);
#2514 = VERTEX_POINT('',#2515);
#2515 = CARTESIAN_POINT('',(33.153392166521,13.,2.));
#2516 = LINE('',#2517,#2518);
#2517 = CARTESIAN_POINT('',(33.753392166521,13.,2.));
#2518 = VECTOR('',#2519,1.);
#2519 = DIRECTION('',(-1.,0.,0.));
#2520 = ORIENTED_EDGE('',*,*,#2499,.T.);
#2521 = ORIENTED_EDGE('',*,*,#1263,.F.);
#2522 = ORIENTED_EDGE('',*,*,#2523,.F.);
#2523 = EDGE_CURVE('',#2514,#1256,#2524,.T.);
#2524 = LINE('',#2525,#2526);
#2525 = CARTESIAN_POINT('',(33.153392166521,13.,2.));
#2526 = VECTOR('',#2527,1.);
#2527 = DIRECTION('',(-0.,-0.,-1.));
#2528 = PLANE('',#2529);
#2529 = AXIS2_PLACEMENT_3D('',#2530,#2531,#2532);
#2530 = CARTESIAN_POINT('',(33.753392166521,13.,2.));
#2531 = DIRECTION('',(0.,1.,0.));
#2532 = DIRECTION('',(-1.,0.,0.));
#2533 = ADVANCED_FACE('',(#2534),#2545,.T.);
#2534 = FACE_BOUND('',#2535,.T.);
#2535 = EDGE_LOOP('',(#2536,#2542,#2543,#2544));
#2536 = ORIENTED_EDGE('',*,*,#2537,.F.);
#2537 = EDGE_CURVE('',#2514,#2459,#2538,.T.);
#2538 = LINE('',#2539,#2540);
#2539 = CARTESIAN_POINT('',(33.153392166521,13.,2.));
#2540 = VECTOR('',#2541,1.);
#2541 = DIRECTION('',(0.,-1.,0.));
#2542 = ORIENTED_EDGE('',*,*,#2523,.T.);
#2543 = ORIENTED_EDGE('',*,*,#1255,.F.);
#2544 = ORIENTED_EDGE('',*,*,#2468,.F.);
#2545 = PLANE('',#2546);
#2546 = AXIS2_PLACEMENT_3D('',#2547,#2548,#2549);
#2547 = CARTESIAN_POINT('',(33.153392166521,13.,2.));
#2548 = DIRECTION('',(-1.,0.,0.));
#2549 = DIRECTION('',(0.,-1.,0.));
#2550 = ADVANCED_FACE('',(#2551),#2557,.T.);
#2551 = FACE_BOUND('',#2552,.T.);
#2552 = EDGE_LOOP('',(#2553,#2554,#2555,#2556));
#2553 = ORIENTED_EDGE('',*,*,#2537,.T.);
#2554 = ORIENTED_EDGE('',*,*,#2458,.T.);
#2555 = ORIENTED_EDGE('',*,*,#2489,.T.);
#2556 = ORIENTED_EDGE('',*,*,#2513,.T.);
#2557 = PLANE('',#2558);
#2558 = AXIS2_PLACEMENT_3D('',#2559,#2560,#2561);
#2559 = CARTESIAN_POINT('',(33.453392166521,-6.4420747E-10,2.));
#2560 = DIRECTION('',(0.,0.,1.));
#2561 = DIRECTION('',(1.,0.,0.));
#2562 = ADVANCED_FACE('',(#2563),#2588,.T.);
#2563 = FACE_BOUND('',#2564,.T.);
#2564 = EDGE_LOOP('',(#2565,#2575,#2581,#2582));
#2565 = ORIENTED_EDGE('',*,*,#2566,.F.);
#2566 = EDGE_CURVE('',#2567,#2569,#2571,.T.);
#2567 = VERTEX_POINT('',#2568);
#2568 = CARTESIAN_POINT('',(38.233392166521,12.4,2.));
#2569 = VERTEX_POINT('',#2570);
#2570 = CARTESIAN_POINT('',(38.833392166521,12.4,2.));
#2571 = LINE('',#2572,#2573);
#2572 = CARTESIAN_POINT('',(38.233392166521,12.4,2.));
#2573 = VECTOR('',#2574,1.);
#2574 = DIRECTION('',(1.,0.,0.));
#2575 = ORIENTED_EDGE('',*,*,#2576,.T.);
#2576 = EDGE_CURVE('',#2567,#1282,#2577,.T.);
#2577 = LINE('',#2578,#2579);
#2578 = CARTESIAN_POINT('',(38.233392166521,12.4,2.));
#2579 = VECTOR('',#2580,1.);
#2580 = DIRECTION('',(-0.,-0.,-1.));
#2581 = ORIENTED_EDGE('',*,*,#1279,.F.);
#2582 = ORIENTED_EDGE('',*,*,#2583,.F.);
#2583 = EDGE_CURVE('',#2569,#1280,#2584,.T.);
#2584 = LINE('',#2585,#2586);
#2585 = CARTESIAN_POINT('',(38.833392166521,12.4,2.));
#2586 = VECTOR('',#2587,1.);
#2587 = DIRECTION('',(-0.,-0.,-1.));
#2588 = PLANE('',#2589);
#2589 = AXIS2_PLACEMENT_3D('',#2590,#2591,#2592);
#2590 = CARTESIAN_POINT('',(38.233392166521,12.4,2.));
#2591 = DIRECTION('',(0.,-1.,0.));
#2592 = DIRECTION('',(1.,0.,0.));
#2593 = ADVANCED_FACE('',(#2594),#2612,.T.);
#2594 = FACE_BOUND('',#2595,.T.);
#2595 = EDGE_LOOP('',(#2596,#2604,#2605,#2606));
#2596 = ORIENTED_EDGE('',*,*,#2597,.F.);
#2597 = EDGE_CURVE('',#2569,#2598,#2600,.T.);
#2598 = VERTEX_POINT('',#2599);
#2599 = CARTESIAN_POINT('',(38.833392166521,13.,2.));
#2600 = LINE('',#2601,#2602);
#2601 = CARTESIAN_POINT('',(38.833392166521,12.4,2.));
#2602 = VECTOR('',#2603,1.);
#2603 = DIRECTION('',(0.,1.,0.));
#2604 = ORIENTED_EDGE('',*,*,#2583,.T.);
#2605 = ORIENTED_EDGE('',*,*,#1305,.F.);
#2606 = ORIENTED_EDGE('',*,*,#2607,.F.);
#2607 = EDGE_CURVE('',#2598,#1298,#2608,.T.);
#2608 = LINE('',#2609,#2610);
#2609 = CARTESIAN_POINT('',(38.833392166521,13.,2.));
#2610 = VECTOR('',#2611,1.);
#2611 = DIRECTION('',(-0.,-0.,-1.));
#2612 = PLANE('',#2613);
#2613 = AXIS2_PLACEMENT_3D('',#2614,#2615,#2616);
#2614 = CARTESIAN_POINT('',(38.833392166521,12.4,2.));
#2615 = DIRECTION('',(1.,0.,0.));
#2616 = DIRECTION('',(0.,1.,0.));
#2617 = ADVANCED_FACE('',(#2618),#2636,.T.);
#2618 = FACE_BOUND('',#2619,.T.);
#2619 = EDGE_LOOP('',(#2620,#2628,#2629,#2630));
#2620 = ORIENTED_EDGE('',*,*,#2621,.F.);
#2621 = EDGE_CURVE('',#2598,#2622,#2624,.T.);
#2622 = VERTEX_POINT('',#2623);
#2623 = CARTESIAN_POINT('',(38.233392166521,13.,2.));
#2624 = LINE('',#2625,#2626);
#2625 = CARTESIAN_POINT('',(38.833392166521,13.,2.));
#2626 = VECTOR('',#2627,1.);
#2627 = DIRECTION('',(-1.,0.,0.));
#2628 = ORIENTED_EDGE('',*,*,#2607,.T.);
#2629 = ORIENTED_EDGE('',*,*,#1297,.F.);
#2630 = ORIENTED_EDGE('',*,*,#2631,.F.);
#2631 = EDGE_CURVE('',#2622,#1290,#2632,.T.);
#2632 = LINE('',#2633,#2634);
#2633 = CARTESIAN_POINT('',(38.233392166521,13.,2.));
#2634 = VECTOR('',#2635,1.);
#2635 = DIRECTION('',(-0.,-0.,-1.));
#2636 = PLANE('',#2637);
#2637 = AXIS2_PLACEMENT_3D('',#2638,#2639,#2640);
#2638 = CARTESIAN_POINT('',(38.833392166521,13.,2.));
#2639 = DIRECTION('',(0.,1.,0.));
#2640 = DIRECTION('',(-1.,0.,0.));
#2641 = ADVANCED_FACE('',(#2642),#2653,.T.);
#2642 = FACE_BOUND('',#2643,.T.);
#2643 = EDGE_LOOP('',(#2644,#2650,#2651,#2652));
#2644 = ORIENTED_EDGE('',*,*,#2645,.F.);
#2645 = EDGE_CURVE('',#2622,#2567,#2646,.T.);
#2646 = LINE('',#2647,#2648);
#2647 = CARTESIAN_POINT('',(38.233392166521,13.,2.));
#2648 = VECTOR('',#2649,1.);
#2649 = DIRECTION('',(0.,-1.,0.));
#2650 = ORIENTED_EDGE('',*,*,#2631,.T.);
#2651 = ORIENTED_EDGE('',*,*,#1289,.F.);
#2652 = ORIENTED_EDGE('',*,*,#2576,.F.);
#2653 = PLANE('',#2654);
#2654 = AXIS2_PLACEMENT_3D('',#2655,#2656,#2657);
#2655 = CARTESIAN_POINT('',(38.233392166521,13.,2.));
#2656 = DIRECTION('',(-1.,0.,0.));
#2657 = DIRECTION('',(0.,-1.,0.));
#2658 = ADVANCED_FACE('',(#2659),#2665,.T.);
#2659 = FACE_BOUND('',#2660,.T.);
#2660 = EDGE_LOOP('',(#2661,#2662,#2663,#2664));
#2661 = ORIENTED_EDGE('',*,*,#2645,.T.);
#2662 = ORIENTED_EDGE('',*,*,#2566,.T.);
#2663 = ORIENTED_EDGE('',*,*,#2597,.T.);
#2664 = ORIENTED_EDGE('',*,*,#2621,.T.);
#2665 = PLANE('',#2666);
#2666 = AXIS2_PLACEMENT_3D('',#2667,#2668,#2669);
#2667 = CARTESIAN_POINT('',(38.533392166521,-6.4420747E-10,2.));
#2668 = DIRECTION('',(0.,0.,1.));
#2669 = DIRECTION('',(1.,0.,0.));
#2670 = ADVANCED_FACE('',(#2671),#2696,.T.);
#2671 = FACE_BOUND('',#2672,.T.);
#2672 = EDGE_LOOP('',(#2673,#2683,#2689,#2690));
#2673 = ORIENTED_EDGE('',*,*,#2674,.F.);
#2674 = EDGE_CURVE('',#2675,#2677,#2679,.T.);
#2675 = VERTEX_POINT('',#2676);
#2676 = CARTESIAN_POINT('',(43.313392166521,12.4,2.));
#2677 = VERTEX_POINT('',#2678);
#2678 = CARTESIAN_POINT('',(43.913392166521,12.4,2.));
#2679 = LINE('',#2680,#2681);
#2680 = CARTESIAN_POINT('',(43.313392166521,12.4,2.));
#2681 = VECTOR('',#2682,1.);
#2682 = DIRECTION('',(1.,0.,0.));
#2683 = ORIENTED_EDGE('',*,*,#2684,.T.);
#2684 = EDGE_CURVE('',#2675,#1316,#2685,.T.);
#2685 = LINE('',#2686,#2687);
#2686 = CARTESIAN_POINT('',(43.313392166521,12.4,2.));
#2687 = VECTOR('',#2688,1.);
#2688 = DIRECTION('',(-0.,-0.,-1.));
#2689 = ORIENTED_EDGE('',*,*,#1313,.F.);
#2690 = ORIENTED_EDGE('',*,*,#2691,.F.);
#2691 = EDGE_CURVE('',#2677,#1314,#2692,.T.);
#2692 = LINE('',#2693,#2694);
#2693 = CARTESIAN_POINT('',(43.913392166521,12.4,2.));
#2694 = VECTOR('',#2695,1.);
#2695 = DIRECTION('',(-0.,-0.,-1.));
#2696 = PLANE('',#2697);
#2697 = AXIS2_PLACEMENT_3D('',#2698,#2699,#2700);
#2698 = CARTESIAN_POINT('',(43.313392166521,12.4,2.));
#2699 = DIRECTION('',(0.,-1.,0.));
#2700 = DIRECTION('',(1.,0.,0.));
#2701 = ADVANCED_FACE('',(#2702),#2720,.T.);
#2702 = FACE_BOUND('',#2703,.T.);
#2703 = EDGE_LOOP('',(#2704,#2712,#2713,#2714));
#2704 = ORIENTED_EDGE('',*,*,#2705,.F.);
#2705 = EDGE_CURVE('',#2677,#2706,#2708,.T.);
#2706 = VERTEX_POINT('',#2707);
#2707 = CARTESIAN_POINT('',(43.913392166521,13.,2.));
#2708 = LINE('',#2709,#2710);
#2709 = CARTESIAN_POINT('',(43.913392166521,12.4,2.));
#2710 = VECTOR('',#2711,1.);
#2711 = DIRECTION('',(0.,1.,0.));
#2712 = ORIENTED_EDGE('',*,*,#2691,.T.);
#2713 = ORIENTED_EDGE('',*,*,#1339,.F.);
#2714 = ORIENTED_EDGE('',*,*,#2715,.F.);
#2715 = EDGE_CURVE('',#2706,#1332,#2716,.T.);
#2716 = LINE('',#2717,#2718);
#2717 = CARTESIAN_POINT('',(43.913392166521,13.,2.));
#2718 = VECTOR('',#2719,1.);
#2719 = DIRECTION('',(-0.,-0.,-1.));
#2720 = PLANE('',#2721);
#2721 = AXIS2_PLACEMENT_3D('',#2722,#2723,#2724);
#2722 = CARTESIAN_POINT('',(43.913392166521,12.4,2.));
#2723 = DIRECTION('',(1.,0.,0.));
#2724 = DIRECTION('',(0.,1.,0.));
#2725 = ADVANCED_FACE('',(#2726),#2744,.T.);
#2726 = FACE_BOUND('',#2727,.T.);
#2727 = EDGE_LOOP('',(#2728,#2736,#2737,#2738));
#2728 = ORIENTED_EDGE('',*,*,#2729,.F.);
#2729 = EDGE_CURVE('',#2706,#2730,#2732,.T.);
#2730 = VERTEX_POINT('',#2731);
#2731 = CARTESIAN_POINT('',(43.313392166521,13.,2.));
#2732 = LINE('',#2733,#2734);
#2733 = CARTESIAN_POINT('',(43.913392166521,13.,2.));
#2734 = VECTOR('',#2735,1.);
#2735 = DIRECTION('',(-1.,0.,0.));
#2736 = ORIENTED_EDGE('',*,*,#2715,.T.);
#2737 = ORIENTED_EDGE('',*,*,#1331,.F.);
#2738 = ORIENTED_EDGE('',*,*,#2739,.F.);
#2739 = EDGE_CURVE('',#2730,#1324,#2740,.T.);
#2740 = LINE('',#2741,#2742);
#2741 = CARTESIAN_POINT('',(43.313392166521,13.,2.));
#2742 = VECTOR('',#2743,1.);
#2743 = DIRECTION('',(-0.,-0.,-1.));
#2744 = PLANE('',#2745);
#2745 = AXIS2_PLACEMENT_3D('',#2746,#2747,#2748);
#2746 = CARTESIAN_POINT('',(43.913392166521,13.,2.));
#2747 = DIRECTION('',(0.,1.,0.));
#2748 = DIRECTION('',(-1.,0.,0.));
#2749 = ADVANCED_FACE('',(#2750),#2761,.T.);
#2750 = FACE_BOUND('',#2751,.T.);
#2751 = EDGE_LOOP('',(#2752,#2758,#2759,#2760));
#2752 = ORIENTED_EDGE('',*,*,#2753,.F.);
#2753 = EDGE_CURVE('',#2730,#2675,#2754,.T.);
#2754 = LINE('',#2755,#2756);
#2755 = CARTESIAN_POINT('',(43.313392166521,13.,2.));
#2756 = VECTOR('',#2757,1.);
#2757 = DIRECTION('',(0.,-1.,0.));
#2758 = ORIENTED_EDGE('',*,*,#2739,.T.);
#2759 = ORIENTED_EDGE('',*,*,#1323,.F.);
#2760 = ORIENTED_EDGE('',*,*,#2684,.F.);
#2761 = PLANE('',#2762);
#2762 = AXIS2_PLACEMENT_3D('',#2763,#2764,#2765);
#2763 = CARTESIAN_POINT('',(43.313392166521,13.,2.));
#2764 = DIRECTION('',(-1.,0.,0.));
#2765 = DIRECTION('',(0.,-1.,0.));
#2766 = ADVANCED_FACE('',(#2767),#2773,.T.);
#2767 = FACE_BOUND('',#2768,.T.);
#2768 = EDGE_LOOP('',(#2769,#2770,#2771,#2772));
#2769 = ORIENTED_EDGE('',*,*,#2753,.T.);
#2770 = ORIENTED_EDGE('',*,*,#2674,.T.);
#2771 = ORIENTED_EDGE('',*,*,#2705,.T.);
#2772 = ORIENTED_EDGE('',*,*,#2729,.T.);
#2773 = PLANE('',#2774);
#2774 = AXIS2_PLACEMENT_3D('',#2775,#2776,#2777);
#2775 = CARTESIAN_POINT('',(43.613392166521,-6.4420747E-10,2.));
#2776 = DIRECTION('',(0.,0.,1.));
#2777 = DIRECTION('',(1.,0.,0.));
#2778 = ADVANCED_FACE('',(#2779),#2804,.T.);
#2779 = FACE_BOUND('',#2780,.T.);
#2780 = EDGE_LOOP('',(#2781,#2791,#2797,#2798));
#2781 = ORIENTED_EDGE('',*,*,#2782,.F.);
#2782 = EDGE_CURVE('',#2783,#2785,#2787,.T.);
#2783 = VERTEX_POINT('',#2784);
#2784 = CARTESIAN_POINT('',(48.393392166521,12.4,2.));
#2785 = VERTEX_POINT('',#2786);
#2786 = CARTESIAN_POINT('',(48.993392166521,12.4,2.));
#2787 = LINE('',#2788,#2789);
#2788 = CARTESIAN_POINT('',(48.393392166521,12.4,2.));
#2789 = VECTOR('',#2790,1.);
#2790 = DIRECTION('',(1.,0.,0.));
#2791 = ORIENTED_EDGE('',*,*,#2792,.T.);
#2792 = EDGE_CURVE('',#2783,#1350,#2793,.T.);
#2793 = LINE('',#2794,#2795);
#2794 = CARTESIAN_POINT('',(48.393392166521,12.4,2.));
#2795 = VECTOR('',#2796,1.);
#2796 = DIRECTION('',(-0.,-0.,-1.));
#2797 = ORIENTED_EDGE('',*,*,#1347,.F.);
#2798 = ORIENTED_EDGE('',*,*,#2799,.F.);
#2799 = EDGE_CURVE('',#2785,#1348,#2800,.T.);
#2800 = LINE('',#2801,#2802);
#2801 = CARTESIAN_POINT('',(48.993392166521,12.4,2.));
#2802 = VECTOR('',#2803,1.);
#2803 = DIRECTION('',(-0.,-0.,-1.));
#2804 = PLANE('',#2805);
#2805 = AXIS2_PLACEMENT_3D('',#2806,#2807,#2808);
#2806 = CARTESIAN_POINT('',(48.393392166521,12.4,2.));
#2807 = DIRECTION('',(0.,-1.,0.));
#2808 = DIRECTION('',(1.,0.,0.));
#2809 = ADVANCED_FACE('',(#2810),#2828,.T.);
#2810 = FACE_BOUND('',#2811,.T.);
#2811 = EDGE_LOOP('',(#2812,#2820,#2821,#2822));
#2812 = ORIENTED_EDGE('',*,*,#2813,.F.);
#2813 = EDGE_CURVE('',#2785,#2814,#2816,.T.);
#2814 = VERTEX_POINT('',#2815);
#2815 = CARTESIAN_POINT('',(48.993392166521,13.,2.));
#2816 = LINE('',#2817,#2818);
#2817 = CARTESIAN_POINT('',(48.993392166521,12.4,2.));
#2818 = VECTOR('',#2819,1.);
#2819 = DIRECTION('',(0.,1.,0.));
#2820 = ORIENTED_EDGE('',*,*,#2799,.T.);
#2821 = ORIENTED_EDGE('',*,*,#1373,.F.);
#2822 = ORIENTED_EDGE('',*,*,#2823,.F.);
#2823 = EDGE_CURVE('',#2814,#1366,#2824,.T.);
#2824 = LINE('',#2825,#2826);
#2825 = CARTESIAN_POINT('',(48.993392166521,13.,2.));
#2826 = VECTOR('',#2827,1.);
#2827 = DIRECTION('',(-0.,-0.,-1.));
#2828 = PLANE('',#2829);
#2829 = AXIS2_PLACEMENT_3D('',#2830,#2831,#2832);
#2830 = CARTESIAN_POINT('',(48.993392166521,12.4,2.));
#2831 = DIRECTION('',(1.,0.,0.));
#2832 = DIRECTION('',(0.,1.,0.));
#2833 = ADVANCED_FACE('',(#2834),#2852,.T.);
#2834 = FACE_BOUND('',#2835,.T.);
#2835 = EDGE_LOOP('',(#2836,#2844,#2845,#2846));
#2836 = ORIENTED_EDGE('',*,*,#2837,.F.);
#2837 = EDGE_CURVE('',#2814,#2838,#2840,.T.);
#2838 = VERTEX_POINT('',#2839);
#2839 = CARTESIAN_POINT('',(48.393392166521,13.,2.));
#2840 = LINE('',#2841,#2842);
#2841 = CARTESIAN_POINT('',(48.993392166521,13.,2.));
#2842 = VECTOR('',#2843,1.);
#2843 = DIRECTION('',(-1.,0.,0.));
#2844 = ORIENTED_EDGE('',*,*,#2823,.T.);
#2845 = ORIENTED_EDGE('',*,*,#1365,.F.);
#2846 = ORIENTED_EDGE('',*,*,#2847,.F.);
#2847 = EDGE_CURVE('',#2838,#1358,#2848,.T.);
#2848 = LINE('',#2849,#2850);
#2849 = CARTESIAN_POINT('',(48.393392166521,13.,2.));
#2850 = VECTOR('',#2851,1.);
#2851 = DIRECTION('',(-0.,-0.,-1.));
#2852 = PLANE('',#2853);
#2853 = AXIS2_PLACEMENT_3D('',#2854,#2855,#2856);
#2854 = CARTESIAN_POINT('',(48.993392166521,13.,2.));
#2855 = DIRECTION('',(0.,1.,0.));
#2856 = DIRECTION('',(-1.,0.,0.));
#2857 = ADVANCED_FACE('',(#2858),#2869,.T.);
#2858 = FACE_BOUND('',#2859,.T.);
#2859 = EDGE_LOOP('',(#2860,#2866,#2867,#2868));
#2860 = ORIENTED_EDGE('',*,*,#2861,.F.);
#2861 = EDGE_CURVE('',#2838,#2783,#2862,.T.);
#2862 = LINE('',#2863,#2864);
#2863 = CARTESIAN_POINT('',(48.393392166521,13.,2.));
#2864 = VECTOR('',#2865,1.);
#2865 = DIRECTION('',(0.,-1.,0.));
#2866 = ORIENTED_EDGE('',*,*,#2847,.T.);
#2867 = ORIENTED_EDGE('',*,*,#1357,.F.);
#2868 = ORIENTED_EDGE('',*,*,#2792,.F.);
#2869 = PLANE('',#2870);
#2870 = AXIS2_PLACEMENT_3D('',#2871,#2872,#2873);
#2871 = CARTESIAN_POINT('',(48.393392166521,13.,2.));
#2872 = DIRECTION('',(-1.,0.,0.));
#2873 = DIRECTION('',(0.,-1.,0.));
#2874 = ADVANCED_FACE('',(#2875),#2881,.T.);
#2875 = FACE_BOUND('',#2876,.T.);
#2876 = EDGE_LOOP('',(#2877,#2878,#2879,#2880));
#2877 = ORIENTED_EDGE('',*,*,#2861,.T.);
#2878 = ORIENTED_EDGE('',*,*,#2782,.T.);
#2879 = ORIENTED_EDGE('',*,*,#2813,.T.);
#2880 = ORIENTED_EDGE('',*,*,#2837,.T.);
#2881 = PLANE('',#2882);
#2882 = AXIS2_PLACEMENT_3D('',#2883,#2884,#2885);
#2883 = CARTESIAN_POINT('',(48.693392166521,-6.4420747E-10,2.));
#2884 = DIRECTION('',(0.,0.,1.));
#2885 = DIRECTION('',(1.,0.,0.));
#2886 = ADVANCED_FACE('',(#2887),#2912,.T.);
#2887 = FACE_BOUND('',#2888,.T.);
#2888 = EDGE_LOOP('',(#2889,#2899,#2905,#2906));
#2889 = ORIENTED_EDGE('',*,*,#2890,.F.);
#2890 = EDGE_CURVE('',#2891,#2893,#2895,.T.);
#2891 = VERTEX_POINT('',#2892);
#2892 = CARTESIAN_POINT('',(53.473392166521,12.4,2.));
#2893 = VERTEX_POINT('',#2894);
#2894 = CARTESIAN_POINT('',(54.073392166521,12.4,2.));
#2895 = LINE('',#2896,#2897);
#2896 = CARTESIAN_POINT('',(53.473392166521,12.4,2.));
#2897 = VECTOR('',#2898,1.);
#2898 = DIRECTION('',(1.,0.,0.));
#2899 = ORIENTED_EDGE('',*,*,#2900,.T.);
#2900 = EDGE_CURVE('',#2891,#1384,#2901,.T.);
#2901 = LINE('',#2902,#2903);
#2902 = CARTESIAN_POINT('',(53.473392166521,12.4,2.));
#2903 = VECTOR('',#2904,1.);
#2904 = DIRECTION('',(-0.,-0.,-1.));
#2905 = ORIENTED_EDGE('',*,*,#1381,.F.);
#2906 = ORIENTED_EDGE('',*,*,#2907,.F.);
#2907 = EDGE_CURVE('',#2893,#1382,#2908,.T.);
#2908 = LINE('',#2909,#2910);
#2909 = CARTESIAN_POINT('',(54.073392166521,12.4,2.));
#2910 = VECTOR('',#2911,1.);
#2911 = DIRECTION('',(-0.,-0.,-1.));
#2912 = PLANE('',#2913);
#2913 = AXIS2_PLACEMENT_3D('',#2914,#2915,#2916);
#2914 = CARTESIAN_POINT('',(53.473392166521,12.4,2.));
#2915 = DIRECTION('',(0.,-1.,0.));
#2916 = DIRECTION('',(1.,0.,0.));
#2917 = ADVANCED_FACE('',(#2918),#2936,.T.);
#2918 = FACE_BOUND('',#2919,.T.);
#2919 = EDGE_LOOP('',(#2920,#2928,#2929,#2930));
#2920 = ORIENTED_EDGE('',*,*,#2921,.F.);
#2921 = EDGE_CURVE('',#2893,#2922,#2924,.T.);
#2922 = VERTEX_POINT('',#2923);
#2923 = CARTESIAN_POINT('',(54.073392166521,13.,2.));
#2924 = LINE('',#2925,#2926);
#2925 = CARTESIAN_POINT('',(54.073392166521,12.4,2.));
#2926 = VECTOR('',#2927,1.);
#2927 = DIRECTION('',(0.,1.,0.));
#2928 = ORIENTED_EDGE('',*,*,#2907,.T.);
#2929 = ORIENTED_EDGE('',*,*,#1407,.F.);
#2930 = ORIENTED_EDGE('',*,*,#2931,.F.);
#2931 = EDGE_CURVE('',#2922,#1400,#2932,.T.);
#2932 = LINE('',#2933,#2934);
#2933 = CARTESIAN_POINT('',(54.073392166521,13.,2.));
#2934 = VECTOR('',#2935,1.);
#2935 = DIRECTION('',(-0.,-0.,-1.));
#2936 = PLANE('',#2937);
#2937 = AXIS2_PLACEMENT_3D('',#2938,#2939,#2940);
#2938 = CARTESIAN_POINT('',(54.073392166521,12.4,2.));
#2939 = DIRECTION('',(1.,0.,0.));
#2940 = DIRECTION('',(0.,1.,0.));
#2941 = ADVANCED_FACE('',(#2942),#2960,.T.);
#2942 = FACE_BOUND('',#2943,.T.);
#2943 = EDGE_LOOP('',(#2944,#2952,#2953,#2954));
#2944 = ORIENTED_EDGE('',*,*,#2945,.F.);
#2945 = EDGE_CURVE('',#2922,#2946,#2948,.T.);
#2946 = VERTEX_POINT('',#2947);
#2947 = CARTESIAN_POINT('',(53.473392166521,13.,2.));
#2948 = LINE('',#2949,#2950);
#2949 = CARTESIAN_POINT('',(54.073392166521,13.,2.));
#2950 = VECTOR('',#2951,1.);
#2951 = DIRECTION('',(-1.,0.,0.));
#2952 = ORIENTED_EDGE('',*,*,#2931,.T.);
#2953 = ORIENTED_EDGE('',*,*,#1399,.F.);
#2954 = ORIENTED_EDGE('',*,*,#2955,.F.);
#2955 = EDGE_CURVE('',#2946,#1392,#2956,.T.);
#2956 = LINE('',#2957,#2958);
#2957 = CARTESIAN_POINT('',(53.473392166521,13.,2.));
#2958 = VECTOR('',#2959,1.);
#2959 = DIRECTION('',(-0.,-0.,-1.));
#2960 = PLANE('',#2961);
#2961 = AXIS2_PLACEMENT_3D('',#2962,#2963,#2964);
#2962 = CARTESIAN_POINT('',(54.073392166521,13.,2.));
#2963 = DIRECTION('',(0.,1.,0.));
#2964 = DIRECTION('',(-1.,0.,0.));
#2965 = ADVANCED_FACE('',(#2966),#2977,.T.);
#2966 = FACE_BOUND('',#2967,.T.);
#2967 = EDGE_LOOP('',(#2968,#2974,#2975,#2976));
#2968 = ORIENTED_EDGE('',*,*,#2969,.F.);
#2969 = EDGE_CURVE('',#2946,#2891,#2970,.T.);
#2970 = LINE('',#2971,#2972);
#2971 = CARTESIAN_POINT('',(53.473392166521,13.,2.));
#2972 = VECTOR('',#2973,1.);
#2973 = DIRECTION('',(0.,-1.,0.));
#2974 = ORIENTED_EDGE('',*,*,#2955,.T.);
#2975 = ORIENTED_EDGE('',*,*,#1391,.F.);
#2976 = ORIENTED_EDGE('',*,*,#2900,.F.);
#2977 = PLANE('',#2978);
#2978 = AXIS2_PLACEMENT_3D('',#2979,#2980,#2981);
#2979 = CARTESIAN_POINT('',(53.473392166521,13.,2.));
#2980 = DIRECTION('',(-1.,0.,0.));
#2981 = DIRECTION('',(0.,-1.,0.));
#2982 = ADVANCED_FACE('',(#2983),#2989,.T.);
#2983 = FACE_BOUND('',#2984,.T.);
#2984 = EDGE_LOOP('',(#2985,#2986,#2987,#2988));
#2985 = ORIENTED_EDGE('',*,*,#2969,.T.);
#2986 = ORIENTED_EDGE('',*,*,#2890,.T.);
#2987 = ORIENTED_EDGE('',*,*,#2921,.T.);
#2988 = ORIENTED_EDGE('',*,*,#2945,.T.);
#2989 = PLANE('',#2990);
#2990 = AXIS2_PLACEMENT_3D('',#2991,#2992,#2993);
#2991 = CARTESIAN_POINT('',(53.773392166521,-6.4420747E-10,2.));
#2992 = DIRECTION('',(0.,0.,1.));
#2993 = DIRECTION('',(1.,0.,0.));
#2994 = ADVANCED_FACE('',(#2995),#3020,.T.);
#2995 = FACE_BOUND('',#2996,.T.);
#2996 = EDGE_LOOP('',(#2997,#3007,#3013,#3014));
#2997 = ORIENTED_EDGE('',*,*,#2998,.F.);
#2998 = EDGE_CURVE('',#2999,#3001,#3003,.T.);
#2999 = VERTEX_POINT('',#3000);
#3000 = CARTESIAN_POINT('',(61.093392166521,12.4,2.));
#3001 = VERTEX_POINT('',#3002);
#3002 = CARTESIAN_POINT('',(61.693392166521,12.4,2.));
#3003 = LINE('',#3004,#3005);
#3004 = CARTESIAN_POINT('',(61.093392166521,12.4,2.));
#3005 = VECTOR('',#3006,1.);
#3006 = DIRECTION('',(1.,0.,0.));
#3007 = ORIENTED_EDGE('',*,*,#3008,.T.);
#3008 = EDGE_CURVE('',#2999,#1418,#3009,.T.);
#3009 = LINE('',#3010,#3011);
#3010 = CARTESIAN_POINT('',(61.093392166521,12.4,2.));
#3011 = VECTOR('',#3012,1.);
#3012 = DIRECTION('',(-0.,-0.,-1.));
#3013 = ORIENTED_EDGE('',*,*,#1415,.F.);
#3014 = ORIENTED_EDGE('',*,*,#3015,.F.);
#3015 = EDGE_CURVE('',#3001,#1416,#3016,.T.);
#3016 = LINE('',#3017,#3018);
#3017 = CARTESIAN_POINT('',(61.693392166521,12.4,2.));
#3018 = VECTOR('',#3019,1.);
#3019 = DIRECTION('',(-0.,-0.,-1.));
#3020 = PLANE('',#3021);
#3021 = AXIS2_PLACEMENT_3D('',#3022,#3023,#3024);
#3022 = CARTESIAN_POINT('',(61.093392166521,12.4,2.));
#3023 = DIRECTION('',(0.,-1.,0.));
#3024 = DIRECTION('',(1.,0.,0.));
#3025 = ADVANCED_FACE('',(#3026),#3044,.T.);
#3026 = FACE_BOUND('',#3027,.T.);
#3027 = EDGE_LOOP('',(#3028,#3036,#3037,#3038));
#3028 = ORIENTED_EDGE('',*,*,#3029,.F.);
#3029 = EDGE_CURVE('',#3001,#3030,#3032,.T.);
#3030 = VERTEX_POINT('',#3031);
#3031 = CARTESIAN_POINT('',(61.693392166521,13.,2.));
#3032 = LINE('',#3033,#3034);
#3033 = CARTESIAN_POINT('',(61.693392166521,12.4,2.));
#3034 = VECTOR('',#3035,1.);
#3035 = DIRECTION('',(0.,1.,0.));
#3036 = ORIENTED_EDGE('',*,*,#3015,.T.);
#3037 = ORIENTED_EDGE('',*,*,#1441,.F.);
#3038 = ORIENTED_EDGE('',*,*,#3039,.F.);
#3039 = EDGE_CURVE('',#3030,#1434,#3040,.T.);
#3040 = LINE('',#3041,#3042);
#3041 = CARTESIAN_POINT('',(61.693392166521,13.,2.));
#3042 = VECTOR('',#3043,1.);
#3043 = DIRECTION('',(-0.,-0.,-1.));
#3044 = PLANE('',#3045);
#3045 = AXIS2_PLACEMENT_3D('',#3046,#3047,#3048);
#3046 = CARTESIAN_POINT('',(61.693392166521,12.4,2.));
#3047 = DIRECTION('',(1.,0.,0.));
#3048 = DIRECTION('',(0.,1.,0.));
#3049 = ADVANCED_FACE('',(#3050),#3068,.T.);
#3050 = FACE_BOUND('',#3051,.T.);
#3051 = EDGE_LOOP('',(#3052,#3060,#3061,#3062));
#3052 = ORIENTED_EDGE('',*,*,#3053,.F.);
#3053 = EDGE_CURVE('',#3030,#3054,#3056,.T.);
#3054 = VERTEX_POINT('',#3055);
#3055 = CARTESIAN_POINT('',(61.093392166521,13.,2.));
#3056 = LINE('',#3057,#3058);
#3057 = CARTESIAN_POINT('',(61.693392166521,13.,2.));
#3058 = VECTOR('',#3059,1.);
#3059 = DIRECTION('',(-1.,0.,0.));
#3060 = ORIENTED_EDGE('',*,*,#3039,.T.);
#3061 = ORIENTED_EDGE('',*,*,#1433,.F.);
#3062 = ORIENTED_EDGE('',*,*,#3063,.F.);
#3063 = EDGE_CURVE('',#3054,#1426,#3064,.T.);
#3064 = LINE('',#3065,#3066);
#3065 = CARTESIAN_POINT('',(61.093392166521,13.,2.));
#3066 = VECTOR('',#3067,1.);
#3067 = DIRECTION('',(-0.,-0.,-1.));
#3068 = PLANE('',#3069);
#3069 = AXIS2_PLACEMENT_3D('',#3070,#3071,#3072);
#3070 = CARTESIAN_POINT('',(61.693392166521,13.,2.));
#3071 = DIRECTION('',(0.,1.,0.));
#3072 = DIRECTION('',(-1.,0.,0.));
#3073 = ADVANCED_FACE('',(#3074),#3085,.T.);
#3074 = FACE_BOUND('',#3075,.T.);
#3075 = EDGE_LOOP('',(#3076,#3082,#3083,#3084));
#3076 = ORIENTED_EDGE('',*,*,#3077,.F.);
#3077 = EDGE_CURVE('',#3054,#2999,#3078,.T.);
#3078 = LINE('',#3079,#3080);
#3079 = CARTESIAN_POINT('',(61.093392166521,13.,2.));
#3080 = VECTOR('',#3081,1.);
#3081 = DIRECTION('',(0.,-1.,0.));
#3082 = ORIENTED_EDGE('',*,*,#3063,.T.);
#3083 = ORIENTED_EDGE('',*,*,#1425,.F.);
#3084 = ORIENTED_EDGE('',*,*,#3008,.F.);
#3085 = PLANE('',#3086);
#3086 = AXIS2_PLACEMENT_3D('',#3087,#3088,#3089);
#3087 = CARTESIAN_POINT('',(61.093392166521,13.,2.));
#3088 = DIRECTION('',(-1.,0.,0.));
#3089 = DIRECTION('',(0.,-1.,0.));
#3090 = ADVANCED_FACE('',(#3091),#3097,.T.);
#3091 = FACE_BOUND('',#3092,.T.);
#3092 = EDGE_LOOP('',(#3093,#3094,#3095,#3096));
#3093 = ORIENTED_EDGE('',*,*,#3077,.T.);
#3094 = ORIENTED_EDGE('',*,*,#2998,.T.);
#3095 = ORIENTED_EDGE('',*,*,#3029,.T.);
#3096 = ORIENTED_EDGE('',*,*,#3053,.T.);
#3097 = PLANE('',#3098);
#3098 = AXIS2_PLACEMENT_3D('',#3099,#3100,#3101);
#3099 = CARTESIAN_POINT('',(61.393392166521,-6.4420747E-10,2.));
#3100 = DIRECTION('',(0.,0.,1.));
#3101 = DIRECTION('',(1.,0.,0.));
#3102 = ADVANCED_FACE('',(#3103),#3114,.T.);
#3103 = FACE_BOUND('',#3104,.T.);
#3104 = EDGE_LOOP('',(#3105,#3106,#3112,#3113));
#3105 = ORIENTED_EDGE('',*,*,#1471,.T.);
#3106 = ORIENTED_EDGE('',*,*,#3107,.T.);
#3107 = EDGE_CURVE('',#1464,#877,#3108,.T.);
#3108 = LINE('',#3109,#3110);
#3109 = CARTESIAN_POINT('',(24.563392166521,11.43,-2.2));
#3110 = VECTOR('',#3111,1.);
#3111 = DIRECTION('',(1.,0.,0.));
#3112 = ORIENTED_EDGE('',*,*,#874,.F.);
#3113 = ORIENTED_EDGE('',*,*,#914,.F.);
#3114 = PLANE('',#3115);
#3115 = AXIS2_PLACEMENT_3D('',#3116,#3117,#3118);
#3116 = CARTESIAN_POINT('',(43.613392166521,11.43,-1.1));
#3117 = DIRECTION('',(-0.,-1.,-0.));
#3118 = DIRECTION('',(0.,0.,-1.));
#3119 = ADVANCED_FACE('',(#3120),#3131,.T.);
#3120 = FACE_BOUND('',#3121,.T.);
#3121 = EDGE_LOOP('',(#3122,#3123,#3124,#3125));
#3122 = ORIENTED_EDGE('',*,*,#1455,.F.);
#3123 = ORIENTED_EDGE('',*,*,#923,.F.);
#3124 = ORIENTED_EDGE('',*,*,#892,.T.);
#3125 = ORIENTED_EDGE('',*,*,#3126,.T.);
#3126 = EDGE_CURVE('',#885,#1456,#3127,.T.);
#3127 = LINE('',#3128,#3129);
#3128 = CARTESIAN_POINT('',(62.663392166521,13.97,-2.2));
#3129 = VECTOR('',#3130,1.);
#3130 = DIRECTION('',(-1.,0.,0.));
#3131 = PLANE('',#3132);
#3132 = AXIS2_PLACEMENT_3D('',#3133,#3134,#3135);
#3133 = CARTESIAN_POINT('',(43.613392166521,13.97,-1.1));
#3134 = DIRECTION('',(0.,1.,0.));
#3135 = DIRECTION('',(0.,-0.,1.));
#3136 = ADVANCED_FACE('',(#3137,#3143,#3177,#3211,#3245,#3279,#3313,
    #3347,#3381,#3415,#3449,#3483,#3517,#3551,#3585,#3619),#3653,.T.);
#3137 = FACE_BOUND('',#3138,.T.);
#3138 = EDGE_LOOP('',(#3139,#3140,#3141,#3142));
#3139 = ORIENTED_EDGE('',*,*,#3107,.F.);
#3140 = ORIENTED_EDGE('',*,*,#1463,.F.);
#3141 = ORIENTED_EDGE('',*,*,#3126,.F.);
#3142 = ORIENTED_EDGE('',*,*,#884,.F.);
#3143 = FACE_BOUND('',#3144,.T.);
#3144 = EDGE_LOOP('',(#3145,#3155,#3163,#3171));
#3145 = ORIENTED_EDGE('',*,*,#3146,.F.);
#3146 = EDGE_CURVE('',#3147,#3149,#3151,.T.);
#3147 = VERTEX_POINT('',#3148);
#3148 = CARTESIAN_POINT('',(26.133392166521,12.4,-2.2));
#3149 = VERTEX_POINT('',#3150);
#3150 = CARTESIAN_POINT('',(25.533392166521,12.4,-2.2));
#3151 = LINE('',#3152,#3153);
#3152 = CARTESIAN_POINT('',(25.683392166521,12.4,-2.2));
#3153 = VECTOR('',#3154,1.);
#3154 = DIRECTION('',(-1.,0.,0.));
#3155 = ORIENTED_EDGE('',*,*,#3156,.F.);
#3156 = EDGE_CURVE('',#3157,#3147,#3159,.T.);
#3157 = VERTEX_POINT('',#3158);
#3158 = CARTESIAN_POINT('',(26.133392166521,13.,-2.2));
#3159 = LINE('',#3160,#3161);
#3160 = CARTESIAN_POINT('',(26.133392166521,6.2,-2.2));
#3161 = VECTOR('',#3162,1.);
#3162 = DIRECTION('',(0.,-1.,0.));
#3163 = ORIENTED_EDGE('',*,*,#3164,.F.);
#3164 = EDGE_CURVE('',#3165,#3157,#3167,.T.);
#3165 = VERTEX_POINT('',#3166);
#3166 = CARTESIAN_POINT('',(25.533392166521,13.,-2.2));
#3167 = LINE('',#3168,#3169);
#3168 = CARTESIAN_POINT('',(25.983392166521,13.,-2.2));
#3169 = VECTOR('',#3170,1.);
#3170 = DIRECTION('',(1.,0.,0.));
#3171 = ORIENTED_EDGE('',*,*,#3172,.F.);
#3172 = EDGE_CURVE('',#3149,#3165,#3173,.T.);
#3173 = LINE('',#3174,#3175);
#3174 = CARTESIAN_POINT('',(25.533392166521,6.5,-2.2));
#3175 = VECTOR('',#3176,1.);
#3176 = DIRECTION('',(0.,1.,0.));
#3177 = FACE_BOUND('',#3178,.T.);
#3178 = EDGE_LOOP('',(#3179,#3189,#3197,#3205));
#3179 = ORIENTED_EDGE('',*,*,#3180,.F.);
#3180 = EDGE_CURVE('',#3181,#3183,#3185,.T.);
#3181 = VERTEX_POINT('',#3182);
#3182 = CARTESIAN_POINT('',(31.213392166521,12.4,-2.2));
#3183 = VERTEX_POINT('',#3184);
#3184 = CARTESIAN_POINT('',(30.613392166521,12.4,-2.2));
#3185 = LINE('',#3186,#3187);
#3186 = CARTESIAN_POINT('',(30.763392166521,12.4,-2.2));
#3187 = VECTOR('',#3188,1.);
#3188 = DIRECTION('',(-1.,0.,0.));
#3189 = ORIENTED_EDGE('',*,*,#3190,.F.);
#3190 = EDGE_CURVE('',#3191,#3181,#3193,.T.);
#3191 = VERTEX_POINT('',#3192);
#3192 = CARTESIAN_POINT('',(31.213392166521,13.,-2.2));
#3193 = LINE('',#3194,#3195);
#3194 = CARTESIAN_POINT('',(31.213392166521,6.2,-2.2));
#3195 = VECTOR('',#3196,1.);
#3196 = DIRECTION('',(0.,-1.,0.));
#3197 = ORIENTED_EDGE('',*,*,#3198,.F.);
#3198 = EDGE_CURVE('',#3199,#3191,#3201,.T.);
#3199 = VERTEX_POINT('',#3200);
#3200 = CARTESIAN_POINT('',(30.613392166521,13.,-2.2));
#3201 = LINE('',#3202,#3203);
#3202 = CARTESIAN_POINT('',(31.063392166521,13.,-2.2));
#3203 = VECTOR('',#3204,1.);
#3204 = DIRECTION('',(1.,0.,0.));
#3205 = ORIENTED_EDGE('',*,*,#3206,.F.);
#3206 = EDGE_CURVE('',#3183,#3199,#3207,.T.);
#3207 = LINE('',#3208,#3209);
#3208 = CARTESIAN_POINT('',(30.613392166521,6.5,-2.2));
#3209 = VECTOR('',#3210,1.);
#3210 = DIRECTION('',(0.,1.,0.));
#3211 = FACE_BOUND('',#3212,.T.);
#3212 = EDGE_LOOP('',(#3213,#3223,#3231,#3239));
#3213 = ORIENTED_EDGE('',*,*,#3214,.F.);
#3214 = EDGE_CURVE('',#3215,#3217,#3219,.T.);
#3215 = VERTEX_POINT('',#3216);
#3216 = CARTESIAN_POINT('',(36.293392166521,12.4,-2.2));
#3217 = VERTEX_POINT('',#3218);
#3218 = CARTESIAN_POINT('',(35.693392166521,12.4,-2.2));
#3219 = LINE('',#3220,#3221);
#3220 = CARTESIAN_POINT('',(35.843392166521,12.4,-2.2));
#3221 = VECTOR('',#3222,1.);
#3222 = DIRECTION('',(-1.,0.,0.));
#3223 = ORIENTED_EDGE('',*,*,#3224,.F.);
#3224 = EDGE_CURVE('',#3225,#3215,#3227,.T.);
#3225 = VERTEX_POINT('',#3226);
#3226 = CARTESIAN_POINT('',(36.293392166521,13.,-2.2));
#3227 = LINE('',#3228,#3229);
#3228 = CARTESIAN_POINT('',(36.293392166521,6.2,-2.2));
#3229 = VECTOR('',#3230,1.);
#3230 = DIRECTION('',(0.,-1.,0.));
#3231 = ORIENTED_EDGE('',*,*,#3232,.F.);
#3232 = EDGE_CURVE('',#3233,#3225,#3235,.T.);
#3233 = VERTEX_POINT('',#3234);
#3234 = CARTESIAN_POINT('',(35.693392166521,13.,-2.2));
#3235 = LINE('',#3236,#3237);
#3236 = CARTESIAN_POINT('',(36.143392166521,13.,-2.2));
#3237 = VECTOR('',#3238,1.);
#3238 = DIRECTION('',(1.,0.,0.));
#3239 = ORIENTED_EDGE('',*,*,#3240,.F.);
#3240 = EDGE_CURVE('',#3217,#3233,#3241,.T.);
#3241 = LINE('',#3242,#3243);
#3242 = CARTESIAN_POINT('',(35.693392166521,6.5,-2.2));
#3243 = VECTOR('',#3244,1.);
#3244 = DIRECTION('',(0.,1.,0.));
#3245 = FACE_BOUND('',#3246,.T.);
#3246 = EDGE_LOOP('',(#3247,#3257,#3265,#3273));
#3247 = ORIENTED_EDGE('',*,*,#3248,.F.);
#3248 = EDGE_CURVE('',#3249,#3251,#3253,.T.);
#3249 = VERTEX_POINT('',#3250);
#3250 = CARTESIAN_POINT('',(41.373392166521,12.4,-2.2));
#3251 = VERTEX_POINT('',#3252);
#3252 = CARTESIAN_POINT('',(40.773392166521,12.4,-2.2));
#3253 = LINE('',#3254,#3255);
#3254 = CARTESIAN_POINT('',(40.923392166521,12.4,-2.2));
#3255 = VECTOR('',#3256,1.);
#3256 = DIRECTION('',(-1.,0.,0.));
#3257 = ORIENTED_EDGE('',*,*,#3258,.F.);
#3258 = EDGE_CURVE('',#3259,#3249,#3261,.T.);
#3259 = VERTEX_POINT('',#3260);
#3260 = CARTESIAN_POINT('',(41.373392166521,13.,-2.2));
#3261 = LINE('',#3262,#3263);
#3262 = CARTESIAN_POINT('',(41.373392166521,6.2,-2.2));
#3263 = VECTOR('',#3264,1.);
#3264 = DIRECTION('',(0.,-1.,0.));
#3265 = ORIENTED_EDGE('',*,*,#3266,.F.);
#3266 = EDGE_CURVE('',#3267,#3259,#3269,.T.);
#3267 = VERTEX_POINT('',#3268);
#3268 = CARTESIAN_POINT('',(40.773392166521,13.,-2.2));
#3269 = LINE('',#3270,#3271);
#3270 = CARTESIAN_POINT('',(41.223392166521,13.,-2.2));
#3271 = VECTOR('',#3272,1.);
#3272 = DIRECTION('',(1.,0.,0.));
#3273 = ORIENTED_EDGE('',*,*,#3274,.F.);
#3274 = EDGE_CURVE('',#3251,#3267,#3275,.T.);
#3275 = LINE('',#3276,#3277);
#3276 = CARTESIAN_POINT('',(40.773392166521,6.5,-2.2));
#3277 = VECTOR('',#3278,1.);
#3278 = DIRECTION('',(0.,1.,0.));
#3279 = FACE_BOUND('',#3280,.T.);
#3280 = EDGE_LOOP('',(#3281,#3291,#3299,#3307));
#3281 = ORIENTED_EDGE('',*,*,#3282,.F.);
#3282 = EDGE_CURVE('',#3283,#3285,#3287,.T.);
#3283 = VERTEX_POINT('',#3284);
#3284 = CARTESIAN_POINT('',(46.453392166521,12.4,-2.2));
#3285 = VERTEX_POINT('',#3286);
#3286 = CARTESIAN_POINT('',(45.853392166521,12.4,-2.2));
#3287 = LINE('',#3288,#3289);
#3288 = CARTESIAN_POINT('',(46.003392166521,12.4,-2.2));
#3289 = VECTOR('',#3290,1.);
#3290 = DIRECTION('',(-1.,0.,0.));
#3291 = ORIENTED_EDGE('',*,*,#3292,.F.);
#3292 = EDGE_CURVE('',#3293,#3283,#3295,.T.);
#3293 = VERTEX_POINT('',#3294);
#3294 = CARTESIAN_POINT('',(46.453392166521,13.,-2.2));
#3295 = LINE('',#3296,#3297);
#3296 = CARTESIAN_POINT('',(46.453392166521,6.2,-2.2));
#3297 = VECTOR('',#3298,1.);
#3298 = DIRECTION('',(0.,-1.,0.));
#3299 = ORIENTED_EDGE('',*,*,#3300,.F.);
#3300 = EDGE_CURVE('',#3301,#3293,#3303,.T.);
#3301 = VERTEX_POINT('',#3302);
#3302 = CARTESIAN_POINT('',(45.853392166521,13.,-2.2));
#3303 = LINE('',#3304,#3305);
#3304 = CARTESIAN_POINT('',(46.303392166521,13.,-2.2));
#3305 = VECTOR('',#3306,1.);
#3306 = DIRECTION('',(1.,0.,0.));
#3307 = ORIENTED_EDGE('',*,*,#3308,.F.);
#3308 = EDGE_CURVE('',#3285,#3301,#3309,.T.);
#3309 = LINE('',#3310,#3311);
#3310 = CARTESIAN_POINT('',(45.853392166521,6.5,-2.2));
#3311 = VECTOR('',#3312,1.);
#3312 = DIRECTION('',(0.,1.,0.));
#3313 = FACE_BOUND('',#3314,.T.);
#3314 = EDGE_LOOP('',(#3315,#3325,#3333,#3341));
#3315 = ORIENTED_EDGE('',*,*,#3316,.F.);
#3316 = EDGE_CURVE('',#3317,#3319,#3321,.T.);
#3317 = VERTEX_POINT('',#3318);
#3318 = CARTESIAN_POINT('',(51.533392166521,12.4,-2.2));
#3319 = VERTEX_POINT('',#3320);
#3320 = CARTESIAN_POINT('',(50.933392166521,12.4,-2.2));
#3321 = LINE('',#3322,#3323);
#3322 = CARTESIAN_POINT('',(51.083392166521,12.4,-2.2));
#3323 = VECTOR('',#3324,1.);
#3324 = DIRECTION('',(-1.,0.,0.));
#3325 = ORIENTED_EDGE('',*,*,#3326,.F.);
#3326 = EDGE_CURVE('',#3327,#3317,#3329,.T.);
#3327 = VERTEX_POINT('',#3328);
#3328 = CARTESIAN_POINT('',(51.533392166521,13.,-2.2));
#3329 = LINE('',#3330,#3331);
#3330 = CARTESIAN_POINT('',(51.533392166521,6.2,-2.2));
#3331 = VECTOR('',#3332,1.);
#3332 = DIRECTION('',(0.,-1.,0.));
#3333 = ORIENTED_EDGE('',*,*,#3334,.F.);
#3334 = EDGE_CURVE('',#3335,#3327,#3337,.T.);
#3335 = VERTEX_POINT('',#3336);
#3336 = CARTESIAN_POINT('',(50.933392166521,13.,-2.2));
#3337 = LINE('',#3338,#3339);
#3338 = CARTESIAN_POINT('',(51.383392166521,13.,-2.2));
#3339 = VECTOR('',#3340,1.);
#3340 = DIRECTION('',(1.,0.,0.));
#3341 = ORIENTED_EDGE('',*,*,#3342,.F.);
#3342 = EDGE_CURVE('',#3319,#3335,#3343,.T.);
#3343 = LINE('',#3344,#3345);
#3344 = CARTESIAN_POINT('',(50.933392166521,6.5,-2.2));
#3345 = VECTOR('',#3346,1.);
#3346 = DIRECTION('',(0.,1.,0.));
#3347 = FACE_BOUND('',#3348,.T.);
#3348 = EDGE_LOOP('',(#3349,#3359,#3367,#3375));
#3349 = ORIENTED_EDGE('',*,*,#3350,.F.);
#3350 = EDGE_CURVE('',#3351,#3353,#3355,.T.);
#3351 = VERTEX_POINT('',#3352);
#3352 = CARTESIAN_POINT('',(56.613392166521,12.4,-2.2));
#3353 = VERTEX_POINT('',#3354);
#3354 = CARTESIAN_POINT('',(56.013392166521,12.4,-2.2));
#3355 = LINE('',#3356,#3357);
#3356 = CARTESIAN_POINT('',(56.163392166521,12.4,-2.2));
#3357 = VECTOR('',#3358,1.);
#3358 = DIRECTION('',(-1.,0.,0.));
#3359 = ORIENTED_EDGE('',*,*,#3360,.F.);
#3360 = EDGE_CURVE('',#3361,#3351,#3363,.T.);
#3361 = VERTEX_POINT('',#3362);
#3362 = CARTESIAN_POINT('',(56.613392166521,13.,-2.2));
#3363 = LINE('',#3364,#3365);
#3364 = CARTESIAN_POINT('',(56.613392166521,6.2,-2.2));
#3365 = VECTOR('',#3366,1.);
#3366 = DIRECTION('',(0.,-1.,0.));
#3367 = ORIENTED_EDGE('',*,*,#3368,.F.);
#3368 = EDGE_CURVE('',#3369,#3361,#3371,.T.);
#3369 = VERTEX_POINT('',#3370);
#3370 = CARTESIAN_POINT('',(56.013392166521,13.,-2.2));
#3371 = LINE('',#3372,#3373);
#3372 = CARTESIAN_POINT('',(56.463392166521,13.,-2.2));
#3373 = VECTOR('',#3374,1.);
#3374 = DIRECTION('',(1.,0.,0.));
#3375 = ORIENTED_EDGE('',*,*,#3376,.F.);
#3376 = EDGE_CURVE('',#3353,#3369,#3377,.T.);
#3377 = LINE('',#3378,#3379);
#3378 = CARTESIAN_POINT('',(56.013392166521,6.5,-2.2));
#3379 = VECTOR('',#3380,1.);
#3380 = DIRECTION('',(0.,1.,0.));
#3381 = FACE_BOUND('',#3382,.T.);
#3382 = EDGE_LOOP('',(#3383,#3393,#3401,#3409));
#3383 = ORIENTED_EDGE('',*,*,#3384,.F.);
#3384 = EDGE_CURVE('',#3385,#3387,#3389,.T.);
#3385 = VERTEX_POINT('',#3386);
#3386 = CARTESIAN_POINT('',(59.153392166521,12.4,-2.2));
#3387 = VERTEX_POINT('',#3388);
#3388 = CARTESIAN_POINT('',(58.553392166521,12.4,-2.2));
#3389 = LINE('',#3390,#3391);
#3390 = CARTESIAN_POINT('',(58.703392166521,12.4,-2.2));
#3391 = VECTOR('',#3392,1.);
#3392 = DIRECTION('',(-1.,0.,0.));
#3393 = ORIENTED_EDGE('',*,*,#3394,.F.);
#3394 = EDGE_CURVE('',#3395,#3385,#3397,.T.);
#3395 = VERTEX_POINT('',#3396);
#3396 = CARTESIAN_POINT('',(59.153392166521,13.,-2.2));
#3397 = LINE('',#3398,#3399);
#3398 = CARTESIAN_POINT('',(59.153392166521,6.2,-2.2));
#3399 = VECTOR('',#3400,1.);
#3400 = DIRECTION('',(0.,-1.,0.));
#3401 = ORIENTED_EDGE('',*,*,#3402,.F.);
#3402 = EDGE_CURVE('',#3403,#3395,#3405,.T.);
#3403 = VERTEX_POINT('',#3404);
#3404 = CARTESIAN_POINT('',(58.553392166521,13.,-2.2));
#3405 = LINE('',#3406,#3407);
#3406 = CARTESIAN_POINT('',(59.003392166521,13.,-2.2));
#3407 = VECTOR('',#3408,1.);
#3408 = DIRECTION('',(1.,0.,0.));
#3409 = ORIENTED_EDGE('',*,*,#3410,.F.);
#3410 = EDGE_CURVE('',#3387,#3403,#3411,.T.);
#3411 = LINE('',#3412,#3413);
#3412 = CARTESIAN_POINT('',(58.553392166521,6.5,-2.2));
#3413 = VECTOR('',#3414,1.);
#3414 = DIRECTION('',(0.,1.,0.));
#3415 = FACE_BOUND('',#3416,.T.);
#3416 = EDGE_LOOP('',(#3417,#3427,#3435,#3443));
#3417 = ORIENTED_EDGE('',*,*,#3418,.F.);
#3418 = EDGE_CURVE('',#3419,#3421,#3423,.T.);
#3419 = VERTEX_POINT('',#3420);
#3420 = CARTESIAN_POINT('',(28.673392166521,12.4,-2.2));
#3421 = VERTEX_POINT('',#3422);
#3422 = CARTESIAN_POINT('',(28.073392166521,12.4,-2.2));
#3423 = LINE('',#3424,#3425);
#3424 = CARTESIAN_POINT('',(28.223392166521,12.4,-2.2));
#3425 = VECTOR('',#3426,1.);
#3426 = DIRECTION('',(-1.,0.,0.));
#3427 = ORIENTED_EDGE('',*,*,#3428,.F.);
#3428 = EDGE_CURVE('',#3429,#3419,#3431,.T.);
#3429 = VERTEX_POINT('',#3430);
#3430 = CARTESIAN_POINT('',(28.673392166521,13.,-2.2));
#3431 = LINE('',#3432,#3433);
#3432 = CARTESIAN_POINT('',(28.673392166521,6.2,-2.2));
#3433 = VECTOR('',#3434,1.);
#3434 = DIRECTION('',(0.,-1.,0.));
#3435 = ORIENTED_EDGE('',*,*,#3436,.F.);
#3436 = EDGE_CURVE('',#3437,#3429,#3439,.T.);
#3437 = VERTEX_POINT('',#3438);
#3438 = CARTESIAN_POINT('',(28.073392166521,13.,-2.2));
#3439 = LINE('',#3440,#3441);
#3440 = CARTESIAN_POINT('',(28.523392166521,13.,-2.2));
#3441 = VECTOR('',#3442,1.);
#3442 = DIRECTION('',(1.,0.,0.));
#3443 = ORIENTED_EDGE('',*,*,#3444,.F.);
#3444 = EDGE_CURVE('',#3421,#3437,#3445,.T.);
#3445 = LINE('',#3446,#3447);
#3446 = CARTESIAN_POINT('',(28.073392166521,6.5,-2.2));
#3447 = VECTOR('',#3448,1.);
#3448 = DIRECTION('',(0.,1.,0.));
#3449 = FACE_BOUND('',#3450,.T.);
#3450 = EDGE_LOOP('',(#3451,#3461,#3469,#3477));
#3451 = ORIENTED_EDGE('',*,*,#3452,.F.);
#3452 = EDGE_CURVE('',#3453,#3455,#3457,.T.);
#3453 = VERTEX_POINT('',#3454);
#3454 = CARTESIAN_POINT('',(33.753392166521,12.4,-2.2));
#3455 = VERTEX_POINT('',#3456);
#3456 = CARTESIAN_POINT('',(33.153392166521,12.4,-2.2));
#3457 = LINE('',#3458,#3459);
#3458 = CARTESIAN_POINT('',(33.303392166521,12.4,-2.2));
#3459 = VECTOR('',#3460,1.);
#3460 = DIRECTION('',(-1.,0.,0.));
#3461 = ORIENTED_EDGE('',*,*,#3462,.F.);
#3462 = EDGE_CURVE('',#3463,#3453,#3465,.T.);
#3463 = VERTEX_POINT('',#3464);
#3464 = CARTESIAN_POINT('',(33.753392166521,13.,-2.2));
#3465 = LINE('',#3466,#3467);
#3466 = CARTESIAN_POINT('',(33.753392166521,6.2,-2.2));
#3467 = VECTOR('',#3468,1.);
#3468 = DIRECTION('',(0.,-1.,0.));
#3469 = ORIENTED_EDGE('',*,*,#3470,.F.);
#3470 = EDGE_CURVE('',#3471,#3463,#3473,.T.);
#3471 = VERTEX_POINT('',#3472);
#3472 = CARTESIAN_POINT('',(33.153392166521,13.,-2.2));
#3473 = LINE('',#3474,#3475);
#3474 = CARTESIAN_POINT('',(33.603392166521,13.,-2.2));
#3475 = VECTOR('',#3476,1.);
#3476 = DIRECTION('',(1.,0.,0.));
#3477 = ORIENTED_EDGE('',*,*,#3478,.F.);
#3478 = EDGE_CURVE('',#3455,#3471,#3479,.T.);
#3479 = LINE('',#3480,#3481);
#3480 = CARTESIAN_POINT('',(33.153392166521,6.5,-2.2));
#3481 = VECTOR('',#3482,1.);
#3482 = DIRECTION('',(0.,1.,0.));
#3483 = FACE_BOUND('',#3484,.T.);
#3484 = EDGE_LOOP('',(#3485,#3495,#3503,#3511));
#3485 = ORIENTED_EDGE('',*,*,#3486,.F.);
#3486 = EDGE_CURVE('',#3487,#3489,#3491,.T.);
#3487 = VERTEX_POINT('',#3488);
#3488 = CARTESIAN_POINT('',(38.833392166521,12.4,-2.2));
#3489 = VERTEX_POINT('',#3490);
#3490 = CARTESIAN_POINT('',(38.233392166521,12.4,-2.2));
#3491 = LINE('',#3492,#3493);
#3492 = CARTESIAN_POINT('',(38.383392166521,12.4,-2.2));
#3493 = VECTOR('',#3494,1.);
#3494 = DIRECTION('',(-1.,0.,0.));
#3495 = ORIENTED_EDGE('',*,*,#3496,.F.);
#3496 = EDGE_CURVE('',#3497,#3487,#3499,.T.);
#3497 = VERTEX_POINT('',#3498);
#3498 = CARTESIAN_POINT('',(38.833392166521,13.,-2.2));
#3499 = LINE('',#3500,#3501);
#3500 = CARTESIAN_POINT('',(38.833392166521,6.2,-2.2));
#3501 = VECTOR('',#3502,1.);
#3502 = DIRECTION('',(0.,-1.,0.));
#3503 = ORIENTED_EDGE('',*,*,#3504,.F.);
#3504 = EDGE_CURVE('',#3505,#3497,#3507,.T.);
#3505 = VERTEX_POINT('',#3506);
#3506 = CARTESIAN_POINT('',(38.233392166521,13.,-2.2));
#3507 = LINE('',#3508,#3509);
#3508 = CARTESIAN_POINT('',(38.683392166521,13.,-2.2));
#3509 = VECTOR('',#3510,1.);
#3510 = DIRECTION('',(1.,0.,0.));
#3511 = ORIENTED_EDGE('',*,*,#3512,.F.);
#3512 = EDGE_CURVE('',#3489,#3505,#3513,.T.);
#3513 = LINE('',#3514,#3515);
#3514 = CARTESIAN_POINT('',(38.233392166521,6.5,-2.2));
#3515 = VECTOR('',#3516,1.);
#3516 = DIRECTION('',(0.,1.,0.));
#3517 = FACE_BOUND('',#3518,.T.);
#3518 = EDGE_LOOP('',(#3519,#3529,#3537,#3545));
#3519 = ORIENTED_EDGE('',*,*,#3520,.F.);
#3520 = EDGE_CURVE('',#3521,#3523,#3525,.T.);
#3521 = VERTEX_POINT('',#3522);
#3522 = CARTESIAN_POINT('',(43.913392166521,12.4,-2.2));
#3523 = VERTEX_POINT('',#3524);
#3524 = CARTESIAN_POINT('',(43.313392166521,12.4,-2.2));
#3525 = LINE('',#3526,#3527);
#3526 = CARTESIAN_POINT('',(43.463392166521,12.4,-2.2));
#3527 = VECTOR('',#3528,1.);
#3528 = DIRECTION('',(-1.,0.,0.));
#3529 = ORIENTED_EDGE('',*,*,#3530,.F.);
#3530 = EDGE_CURVE('',#3531,#3521,#3533,.T.);
#3531 = VERTEX_POINT('',#3532);
#3532 = CARTESIAN_POINT('',(43.913392166521,13.,-2.2));
#3533 = LINE('',#3534,#3535);
#3534 = CARTESIAN_POINT('',(43.913392166521,6.2,-2.2));
#3535 = VECTOR('',#3536,1.);
#3536 = DIRECTION('',(0.,-1.,0.));
#3537 = ORIENTED_EDGE('',*,*,#3538,.F.);
#3538 = EDGE_CURVE('',#3539,#3531,#3541,.T.);
#3539 = VERTEX_POINT('',#3540);
#3540 = CARTESIAN_POINT('',(43.313392166521,13.,-2.2));
#3541 = LINE('',#3542,#3543);
#3542 = CARTESIAN_POINT('',(43.763392166521,13.,-2.2));
#3543 = VECTOR('',#3544,1.);
#3544 = DIRECTION('',(1.,0.,0.));
#3545 = ORIENTED_EDGE('',*,*,#3546,.F.);
#3546 = EDGE_CURVE('',#3523,#3539,#3547,.T.);
#3547 = LINE('',#3548,#3549);
#3548 = CARTESIAN_POINT('',(43.313392166521,6.5,-2.2));
#3549 = VECTOR('',#3550,1.);
#3550 = DIRECTION('',(0.,1.,0.));
#3551 = FACE_BOUND('',#3552,.T.);
#3552 = EDGE_LOOP('',(#3553,#3563,#3571,#3579));
#3553 = ORIENTED_EDGE('',*,*,#3554,.F.);
#3554 = EDGE_CURVE('',#3555,#3557,#3559,.T.);
#3555 = VERTEX_POINT('',#3556);
#3556 = CARTESIAN_POINT('',(48.993392166521,12.4,-2.2));
#3557 = VERTEX_POINT('',#3558);
#3558 = CARTESIAN_POINT('',(48.393392166521,12.4,-2.2));
#3559 = LINE('',#3560,#3561);
#3560 = CARTESIAN_POINT('',(48.543392166521,12.4,-2.2));
#3561 = VECTOR('',#3562,1.);
#3562 = DIRECTION('',(-1.,0.,0.));
#3563 = ORIENTED_EDGE('',*,*,#3564,.F.);
#3564 = EDGE_CURVE('',#3565,#3555,#3567,.T.);
#3565 = VERTEX_POINT('',#3566);
#3566 = CARTESIAN_POINT('',(48.993392166521,13.,-2.2));
#3567 = LINE('',#3568,#3569);
#3568 = CARTESIAN_POINT('',(48.993392166521,6.2,-2.2));
#3569 = VECTOR('',#3570,1.);
#3570 = DIRECTION('',(0.,-1.,0.));
#3571 = ORIENTED_EDGE('',*,*,#3572,.F.);
#3572 = EDGE_CURVE('',#3573,#3565,#3575,.T.);
#3573 = VERTEX_POINT('',#3574);
#3574 = CARTESIAN_POINT('',(48.393392166521,13.,-2.2));
#3575 = LINE('',#3576,#3577);
#3576 = CARTESIAN_POINT('',(48.843392166521,13.,-2.2));
#3577 = VECTOR('',#3578,1.);
#3578 = DIRECTION('',(1.,0.,0.));
#3579 = ORIENTED_EDGE('',*,*,#3580,.F.);
#3580 = EDGE_CURVE('',#3557,#3573,#3581,.T.);
#3581 = LINE('',#3582,#3583);
#3582 = CARTESIAN_POINT('',(48.393392166521,6.5,-2.2));
#3583 = VECTOR('',#3584,1.);
#3584 = DIRECTION('',(0.,1.,0.));
#3585 = FACE_BOUND('',#3586,.T.);
#3586 = EDGE_LOOP('',(#3587,#3597,#3605,#3613));
#3587 = ORIENTED_EDGE('',*,*,#3588,.F.);
#3588 = EDGE_CURVE('',#3589,#3591,#3593,.T.);
#3589 = VERTEX_POINT('',#3590);
#3590 = CARTESIAN_POINT('',(54.073392166521,12.4,-2.2));
#3591 = VERTEX_POINT('',#3592);
#3592 = CARTESIAN_POINT('',(53.473392166521,12.4,-2.2));
#3593 = LINE('',#3594,#3595);
#3594 = CARTESIAN_POINT('',(53.623392166521,12.4,-2.2));
#3595 = VECTOR('',#3596,1.);
#3596 = DIRECTION('',(-1.,0.,0.));
#3597 = ORIENTED_EDGE('',*,*,#3598,.F.);
#3598 = EDGE_CURVE('',#3599,#3589,#3601,.T.);
#3599 = VERTEX_POINT('',#3600);
#3600 = CARTESIAN_POINT('',(54.073392166521,13.,-2.2));
#3601 = LINE('',#3602,#3603);
#3602 = CARTESIAN_POINT('',(54.073392166521,6.2,-2.2));
#3603 = VECTOR('',#3604,1.);
#3604 = DIRECTION('',(0.,-1.,0.));
#3605 = ORIENTED_EDGE('',*,*,#3606,.F.);
#3606 = EDGE_CURVE('',#3607,#3599,#3609,.T.);
#3607 = VERTEX_POINT('',#3608);
#3608 = CARTESIAN_POINT('',(53.473392166521,13.,-2.2));
#3609 = LINE('',#3610,#3611);
#3610 = CARTESIAN_POINT('',(53.923392166521,13.,-2.2));
#3611 = VECTOR('',#3612,1.);
#3612 = DIRECTION('',(1.,0.,0.));
#3613 = ORIENTED_EDGE('',*,*,#3614,.F.);
#3614 = EDGE_CURVE('',#3591,#3607,#3615,.T.);
#3615 = LINE('',#3616,#3617);
#3616 = CARTESIAN_POINT('',(53.473392166521,6.5,-2.2));
#3617 = VECTOR('',#3618,1.);
#3618 = DIRECTION('',(0.,1.,0.));
#3619 = FACE_BOUND('',#3620,.T.);
#3620 = EDGE_LOOP('',(#3621,#3631,#3639,#3647));
#3621 = ORIENTED_EDGE('',*,*,#3622,.F.);
#3622 = EDGE_CURVE('',#3623,#3625,#3627,.T.);
#3623 = VERTEX_POINT('',#3624);
#3624 = CARTESIAN_POINT('',(61.693392166521,12.4,-2.2));
#3625 = VERTEX_POINT('',#3626);
#3626 = CARTESIAN_POINT('',(61.093392166521,12.4,-2.2));
#3627 = LINE('',#3628,#3629);
#3628 = CARTESIAN_POINT('',(61.243392166521,12.4,-2.2));
#3629 = VECTOR('',#3630,1.);
#3630 = DIRECTION('',(-1.,0.,0.));
#3631 = ORIENTED_EDGE('',*,*,#3632,.F.);
#3632 = EDGE_CURVE('',#3633,#3623,#3635,.T.);
#3633 = VERTEX_POINT('',#3634);
#3634 = CARTESIAN_POINT('',(61.693392166521,13.,-2.2));
#3635 = LINE('',#3636,#3637);
#3636 = CARTESIAN_POINT('',(61.693392166521,6.2,-2.2));
#3637 = VECTOR('',#3638,1.);
#3638 = DIRECTION('',(0.,-1.,0.));
#3639 = ORIENTED_EDGE('',*,*,#3640,.F.);
#3640 = EDGE_CURVE('',#3641,#3633,#3643,.T.);
#3641 = VERTEX_POINT('',#3642);
#3642 = CARTESIAN_POINT('',(61.093392166521,13.,-2.2));
#3643 = LINE('',#3644,#3645);
#3644 = CARTESIAN_POINT('',(61.543392166521,13.,-2.2));
#3645 = VECTOR('',#3646,1.);
#3646 = DIRECTION('',(1.,0.,0.));
#3647 = ORIENTED_EDGE('',*,*,#3648,.F.);
#3648 = EDGE_CURVE('',#3625,#3641,#3649,.T.);
#3649 = LINE('',#3650,#3651);
#3650 = CARTESIAN_POINT('',(61.093392166521,6.5,-2.2));
#3651 = VECTOR('',#3652,1.);
#3652 = DIRECTION('',(0.,1.,0.));
#3653 = PLANE('',#3654);
#3654 = AXIS2_PLACEMENT_3D('',#3655,#3656,#3657);
#3655 = CARTESIAN_POINT('',(43.613392166521,12.7,-2.2));
#3656 = DIRECTION('',(-0.,-0.,-1.));
#3657 = DIRECTION('',(-1.,0.,0.));
#3658 = ADVANCED_FACE('',(#3659),#3684,.T.);
#3659 = FACE_BOUND('',#3660,.T.);
#3660 = EDGE_LOOP('',(#3661,#3662,#3670,#3678));
#3661 = ORIENTED_EDGE('',*,*,#3146,.T.);
#3662 = ORIENTED_EDGE('',*,*,#3663,.T.);
#3663 = EDGE_CURVE('',#3149,#3664,#3666,.T.);
#3664 = VERTEX_POINT('',#3665);
#3665 = CARTESIAN_POINT('',(25.533392166521,12.4,-8.5));
#3666 = LINE('',#3667,#3668);
#3667 = CARTESIAN_POINT('',(25.533392166521,12.4,2.));
#3668 = VECTOR('',#3669,1.);
#3669 = DIRECTION('',(-0.,-0.,-1.));
#3670 = ORIENTED_EDGE('',*,*,#3671,.T.);
#3671 = EDGE_CURVE('',#3664,#3672,#3674,.T.);
#3672 = VERTEX_POINT('',#3673);
#3673 = CARTESIAN_POINT('',(26.133392166521,12.4,-8.5));
#3674 = LINE('',#3675,#3676);
#3675 = CARTESIAN_POINT('',(25.533392166521,12.4,-8.5));
#3676 = VECTOR('',#3677,1.);
#3677 = DIRECTION('',(1.,0.,0.));
#3678 = ORIENTED_EDGE('',*,*,#3679,.F.);
#3679 = EDGE_CURVE('',#3147,#3672,#3680,.T.);
#3680 = LINE('',#3681,#3682);
#3681 = CARTESIAN_POINT('',(26.133392166521,12.4,2.));
#3682 = VECTOR('',#3683,1.);
#3683 = DIRECTION('',(-0.,-0.,-1.));
#3684 = PLANE('',#3685);
#3685 = AXIS2_PLACEMENT_3D('',#3686,#3687,#3688);
#3686 = CARTESIAN_POINT('',(25.533392166521,12.4,2.));
#3687 = DIRECTION('',(0.,-1.,0.));
#3688 = DIRECTION('',(1.,0.,0.));
#3689 = ADVANCED_FACE('',(#3690),#3708,.T.);
#3690 = FACE_BOUND('',#3691,.T.);
#3691 = EDGE_LOOP('',(#3692,#3693,#3694,#3702));
#3692 = ORIENTED_EDGE('',*,*,#3156,.T.);
#3693 = ORIENTED_EDGE('',*,*,#3679,.T.);
#3694 = ORIENTED_EDGE('',*,*,#3695,.T.);
#3695 = EDGE_CURVE('',#3672,#3696,#3698,.T.);
#3696 = VERTEX_POINT('',#3697);
#3697 = CARTESIAN_POINT('',(26.133392166521,13.,-8.5));
#3698 = LINE('',#3699,#3700);
#3699 = CARTESIAN_POINT('',(26.133392166521,12.4,-8.5));
#3700 = VECTOR('',#3701,1.);
#3701 = DIRECTION('',(0.,1.,0.));
#3702 = ORIENTED_EDGE('',*,*,#3703,.F.);
#3703 = EDGE_CURVE('',#3157,#3696,#3704,.T.);
#3704 = LINE('',#3705,#3706);
#3705 = CARTESIAN_POINT('',(26.133392166521,13.,2.));
#3706 = VECTOR('',#3707,1.);
#3707 = DIRECTION('',(-0.,-0.,-1.));
#3708 = PLANE('',#3709);
#3709 = AXIS2_PLACEMENT_3D('',#3710,#3711,#3712);
#3710 = CARTESIAN_POINT('',(26.133392166521,12.4,2.));
#3711 = DIRECTION('',(1.,0.,0.));
#3712 = DIRECTION('',(0.,1.,0.));
#3713 = ADVANCED_FACE('',(#3714),#3732,.T.);
#3714 = FACE_BOUND('',#3715,.T.);
#3715 = EDGE_LOOP('',(#3716,#3717,#3718,#3726));
#3716 = ORIENTED_EDGE('',*,*,#3164,.T.);
#3717 = ORIENTED_EDGE('',*,*,#3703,.T.);
#3718 = ORIENTED_EDGE('',*,*,#3719,.T.);
#3719 = EDGE_CURVE('',#3696,#3720,#3722,.T.);
#3720 = VERTEX_POINT('',#3721);
#3721 = CARTESIAN_POINT('',(25.533392166521,13.,-8.5));
#3722 = LINE('',#3723,#3724);
#3723 = CARTESIAN_POINT('',(26.133392166521,13.,-8.5));
#3724 = VECTOR('',#3725,1.);
#3725 = DIRECTION('',(-1.,0.,0.));
#3726 = ORIENTED_EDGE('',*,*,#3727,.F.);
#3727 = EDGE_CURVE('',#3165,#3720,#3728,.T.);
#3728 = LINE('',#3729,#3730);
#3729 = CARTESIAN_POINT('',(25.533392166521,13.,2.));
#3730 = VECTOR('',#3731,1.);
#3731 = DIRECTION('',(-0.,-0.,-1.));
#3732 = PLANE('',#3733);
#3733 = AXIS2_PLACEMENT_3D('',#3734,#3735,#3736);
#3734 = CARTESIAN_POINT('',(26.133392166521,13.,2.));
#3735 = DIRECTION('',(0.,1.,0.));
#3736 = DIRECTION('',(-1.,0.,0.));
#3737 = ADVANCED_FACE('',(#3738),#3749,.T.);
#3738 = FACE_BOUND('',#3739,.T.);
#3739 = EDGE_LOOP('',(#3740,#3741,#3742,#3748));
#3740 = ORIENTED_EDGE('',*,*,#3172,.T.);
#3741 = ORIENTED_EDGE('',*,*,#3727,.T.);
#3742 = ORIENTED_EDGE('',*,*,#3743,.T.);
#3743 = EDGE_CURVE('',#3720,#3664,#3744,.T.);
#3744 = LINE('',#3745,#3746);
#3745 = CARTESIAN_POINT('',(25.533392166521,13.,-8.5));
#3746 = VECTOR('',#3747,1.);
#3747 = DIRECTION('',(0.,-1.,0.));
#3748 = ORIENTED_EDGE('',*,*,#3663,.F.);
#3749 = PLANE('',#3750);
#3750 = AXIS2_PLACEMENT_3D('',#3751,#3752,#3753);
#3751 = CARTESIAN_POINT('',(25.533392166521,13.,2.));
#3752 = DIRECTION('',(-1.,0.,0.));
#3753 = DIRECTION('',(0.,-1.,0.));
#3754 = ADVANCED_FACE('',(#3755),#3761,.F.);
#3755 = FACE_BOUND('',#3756,.F.);
#3756 = EDGE_LOOP('',(#3757,#3758,#3759,#3760));
#3757 = ORIENTED_EDGE('',*,*,#3743,.T.);
#3758 = ORIENTED_EDGE('',*,*,#3671,.T.);
#3759 = ORIENTED_EDGE('',*,*,#3695,.T.);
#3760 = ORIENTED_EDGE('',*,*,#3719,.T.);
#3761 = PLANE('',#3762);
#3762 = AXIS2_PLACEMENT_3D('',#3763,#3764,#3765);
#3763 = CARTESIAN_POINT('',(25.833392166521,-6.4420747E-10,-8.5));
#3764 = DIRECTION('',(0.,0.,1.));
#3765 = DIRECTION('',(1.,0.,0.));
#3766 = ADVANCED_FACE('',(#3767),#3792,.T.);
#3767 = FACE_BOUND('',#3768,.T.);
#3768 = EDGE_LOOP('',(#3769,#3770,#3778,#3786));
#3769 = ORIENTED_EDGE('',*,*,#3180,.T.);
#3770 = ORIENTED_EDGE('',*,*,#3771,.T.);
#3771 = EDGE_CURVE('',#3183,#3772,#3774,.T.);
#3772 = VERTEX_POINT('',#3773);
#3773 = CARTESIAN_POINT('',(30.613392166521,12.4,-8.5));
#3774 = LINE('',#3775,#3776);
#3775 = CARTESIAN_POINT('',(30.613392166521,12.4,2.));
#3776 = VECTOR('',#3777,1.);
#3777 = DIRECTION('',(-0.,-0.,-1.));
#3778 = ORIENTED_EDGE('',*,*,#3779,.T.);
#3779 = EDGE_CURVE('',#3772,#3780,#3782,.T.);
#3780 = VERTEX_POINT('',#3781);
#3781 = CARTESIAN_POINT('',(31.213392166521,12.4,-8.5));
#3782 = LINE('',#3783,#3784);
#3783 = CARTESIAN_POINT('',(30.613392166521,12.4,-8.5));
#3784 = VECTOR('',#3785,1.);
#3785 = DIRECTION('',(1.,0.,0.));
#3786 = ORIENTED_EDGE('',*,*,#3787,.F.);
#3787 = EDGE_CURVE('',#3181,#3780,#3788,.T.);
#3788 = LINE('',#3789,#3790);
#3789 = CARTESIAN_POINT('',(31.213392166521,12.4,2.));
#3790 = VECTOR('',#3791,1.);
#3791 = DIRECTION('',(-0.,-0.,-1.));
#3792 = PLANE('',#3793);
#3793 = AXIS2_PLACEMENT_3D('',#3794,#3795,#3796);
#3794 = CARTESIAN_POINT('',(30.613392166521,12.4,2.));
#3795 = DIRECTION('',(0.,-1.,0.));
#3796 = DIRECTION('',(1.,0.,0.));
#3797 = ADVANCED_FACE('',(#3798),#3816,.T.);
#3798 = FACE_BOUND('',#3799,.T.);
#3799 = EDGE_LOOP('',(#3800,#3801,#3802,#3810));
#3800 = ORIENTED_EDGE('',*,*,#3190,.T.);
#3801 = ORIENTED_EDGE('',*,*,#3787,.T.);
#3802 = ORIENTED_EDGE('',*,*,#3803,.T.);
#3803 = EDGE_CURVE('',#3780,#3804,#3806,.T.);
#3804 = VERTEX_POINT('',#3805);
#3805 = CARTESIAN_POINT('',(31.213392166521,13.,-8.5));
#3806 = LINE('',#3807,#3808);
#3807 = CARTESIAN_POINT('',(31.213392166521,12.4,-8.5));
#3808 = VECTOR('',#3809,1.);
#3809 = DIRECTION('',(0.,1.,0.));
#3810 = ORIENTED_EDGE('',*,*,#3811,.F.);
#3811 = EDGE_CURVE('',#3191,#3804,#3812,.T.);
#3812 = LINE('',#3813,#3814);
#3813 = CARTESIAN_POINT('',(31.213392166521,13.,2.));
#3814 = VECTOR('',#3815,1.);
#3815 = DIRECTION('',(-0.,-0.,-1.));
#3816 = PLANE('',#3817);
#3817 = AXIS2_PLACEMENT_3D('',#3818,#3819,#3820);
#3818 = CARTESIAN_POINT('',(31.213392166521,12.4,2.));
#3819 = DIRECTION('',(1.,0.,0.));
#3820 = DIRECTION('',(0.,1.,0.));
#3821 = ADVANCED_FACE('',(#3822),#3840,.T.);
#3822 = FACE_BOUND('',#3823,.T.);
#3823 = EDGE_LOOP('',(#3824,#3825,#3826,#3834));
#3824 = ORIENTED_EDGE('',*,*,#3198,.T.);
#3825 = ORIENTED_EDGE('',*,*,#3811,.T.);
#3826 = ORIENTED_EDGE('',*,*,#3827,.T.);
#3827 = EDGE_CURVE('',#3804,#3828,#3830,.T.);
#3828 = VERTEX_POINT('',#3829);
#3829 = CARTESIAN_POINT('',(30.613392166521,13.,-8.5));
#3830 = LINE('',#3831,#3832);
#3831 = CARTESIAN_POINT('',(31.213392166521,13.,-8.5));
#3832 = VECTOR('',#3833,1.);
#3833 = DIRECTION('',(-1.,0.,0.));
#3834 = ORIENTED_EDGE('',*,*,#3835,.F.);
#3835 = EDGE_CURVE('',#3199,#3828,#3836,.T.);
#3836 = LINE('',#3837,#3838);
#3837 = CARTESIAN_POINT('',(30.613392166521,13.,2.));
#3838 = VECTOR('',#3839,1.);
#3839 = DIRECTION('',(-0.,-0.,-1.));
#3840 = PLANE('',#3841);
#3841 = AXIS2_PLACEMENT_3D('',#3842,#3843,#3844);
#3842 = CARTESIAN_POINT('',(31.213392166521,13.,2.));
#3843 = DIRECTION('',(0.,1.,0.));
#3844 = DIRECTION('',(-1.,0.,0.));
#3845 = ADVANCED_FACE('',(#3846),#3857,.T.);
#3846 = FACE_BOUND('',#3847,.T.);
#3847 = EDGE_LOOP('',(#3848,#3849,#3850,#3856));
#3848 = ORIENTED_EDGE('',*,*,#3206,.T.);
#3849 = ORIENTED_EDGE('',*,*,#3835,.T.);
#3850 = ORIENTED_EDGE('',*,*,#3851,.T.);
#3851 = EDGE_CURVE('',#3828,#3772,#3852,.T.);
#3852 = LINE('',#3853,#3854);
#3853 = CARTESIAN_POINT('',(30.613392166521,13.,-8.5));
#3854 = VECTOR('',#3855,1.);
#3855 = DIRECTION('',(0.,-1.,0.));
#3856 = ORIENTED_EDGE('',*,*,#3771,.F.);
#3857 = PLANE('',#3858);
#3858 = AXIS2_PLACEMENT_3D('',#3859,#3860,#3861);
#3859 = CARTESIAN_POINT('',(30.613392166521,13.,2.));
#3860 = DIRECTION('',(-1.,0.,0.));
#3861 = DIRECTION('',(0.,-1.,0.));
#3862 = ADVANCED_FACE('',(#3863),#3869,.F.);
#3863 = FACE_BOUND('',#3864,.F.);
#3864 = EDGE_LOOP('',(#3865,#3866,#3867,#3868));
#3865 = ORIENTED_EDGE('',*,*,#3851,.T.);
#3866 = ORIENTED_EDGE('',*,*,#3779,.T.);
#3867 = ORIENTED_EDGE('',*,*,#3803,.T.);
#3868 = ORIENTED_EDGE('',*,*,#3827,.T.);
#3869 = PLANE('',#3870);
#3870 = AXIS2_PLACEMENT_3D('',#3871,#3872,#3873);
#3871 = CARTESIAN_POINT('',(30.913392166521,-6.4420747E-10,-8.5));
#3872 = DIRECTION('',(0.,0.,1.));
#3873 = DIRECTION('',(1.,0.,0.));
#3874 = ADVANCED_FACE('',(#3875),#3900,.T.);
#3875 = FACE_BOUND('',#3876,.T.);
#3876 = EDGE_LOOP('',(#3877,#3878,#3886,#3894));
#3877 = ORIENTED_EDGE('',*,*,#3214,.T.);
#3878 = ORIENTED_EDGE('',*,*,#3879,.T.);
#3879 = EDGE_CURVE('',#3217,#3880,#3882,.T.);
#3880 = VERTEX_POINT('',#3881);
#3881 = CARTESIAN_POINT('',(35.693392166521,12.4,-8.5));
#3882 = LINE('',#3883,#3884);
#3883 = CARTESIAN_POINT('',(35.693392166521,12.4,2.));
#3884 = VECTOR('',#3885,1.);
#3885 = DIRECTION('',(-0.,-0.,-1.));
#3886 = ORIENTED_EDGE('',*,*,#3887,.T.);
#3887 = EDGE_CURVE('',#3880,#3888,#3890,.T.);
#3888 = VERTEX_POINT('',#3889);
#3889 = CARTESIAN_POINT('',(36.293392166521,12.4,-8.5));
#3890 = LINE('',#3891,#3892);
#3891 = CARTESIAN_POINT('',(35.693392166521,12.4,-8.5));
#3892 = VECTOR('',#3893,1.);
#3893 = DIRECTION('',(1.,0.,0.));
#3894 = ORIENTED_EDGE('',*,*,#3895,.F.);
#3895 = EDGE_CURVE('',#3215,#3888,#3896,.T.);
#3896 = LINE('',#3897,#3898);
#3897 = CARTESIAN_POINT('',(36.293392166521,12.4,2.));
#3898 = VECTOR('',#3899,1.);
#3899 = DIRECTION('',(-0.,-0.,-1.));
#3900 = PLANE('',#3901);
#3901 = AXIS2_PLACEMENT_3D('',#3902,#3903,#3904);
#3902 = CARTESIAN_POINT('',(35.693392166521,12.4,2.));
#3903 = DIRECTION('',(0.,-1.,0.));
#3904 = DIRECTION('',(1.,0.,0.));
#3905 = ADVANCED_FACE('',(#3906),#3924,.T.);
#3906 = FACE_BOUND('',#3907,.T.);
#3907 = EDGE_LOOP('',(#3908,#3909,#3910,#3918));
#3908 = ORIENTED_EDGE('',*,*,#3224,.T.);
#3909 = ORIENTED_EDGE('',*,*,#3895,.T.);
#3910 = ORIENTED_EDGE('',*,*,#3911,.T.);
#3911 = EDGE_CURVE('',#3888,#3912,#3914,.T.);
#3912 = VERTEX_POINT('',#3913);
#3913 = CARTESIAN_POINT('',(36.293392166521,13.,-8.5));
#3914 = LINE('',#3915,#3916);
#3915 = CARTESIAN_POINT('',(36.293392166521,12.4,-8.5));
#3916 = VECTOR('',#3917,1.);
#3917 = DIRECTION('',(0.,1.,0.));
#3918 = ORIENTED_EDGE('',*,*,#3919,.F.);
#3919 = EDGE_CURVE('',#3225,#3912,#3920,.T.);
#3920 = LINE('',#3921,#3922);
#3921 = CARTESIAN_POINT('',(36.293392166521,13.,2.));
#3922 = VECTOR('',#3923,1.);
#3923 = DIRECTION('',(-0.,-0.,-1.));
#3924 = PLANE('',#3925);
#3925 = AXIS2_PLACEMENT_3D('',#3926,#3927,#3928);
#3926 = CARTESIAN_POINT('',(36.293392166521,12.4,2.));
#3927 = DIRECTION('',(1.,0.,0.));
#3928 = DIRECTION('',(0.,1.,0.));
#3929 = ADVANCED_FACE('',(#3930),#3948,.T.);
#3930 = FACE_BOUND('',#3931,.T.);
#3931 = EDGE_LOOP('',(#3932,#3933,#3934,#3942));
#3932 = ORIENTED_EDGE('',*,*,#3232,.T.);
#3933 = ORIENTED_EDGE('',*,*,#3919,.T.);
#3934 = ORIENTED_EDGE('',*,*,#3935,.T.);
#3935 = EDGE_CURVE('',#3912,#3936,#3938,.T.);
#3936 = VERTEX_POINT('',#3937);
#3937 = CARTESIAN_POINT('',(35.693392166521,13.,-8.5));
#3938 = LINE('',#3939,#3940);
#3939 = CARTESIAN_POINT('',(36.293392166521,13.,-8.5));
#3940 = VECTOR('',#3941,1.);
#3941 = DIRECTION('',(-1.,0.,0.));
#3942 = ORIENTED_EDGE('',*,*,#3943,.F.);
#3943 = EDGE_CURVE('',#3233,#3936,#3944,.T.);
#3944 = LINE('',#3945,#3946);
#3945 = CARTESIAN_POINT('',(35.693392166521,13.,2.));
#3946 = VECTOR('',#3947,1.);
#3947 = DIRECTION('',(-0.,-0.,-1.));
#3948 = PLANE('',#3949);
#3949 = AXIS2_PLACEMENT_3D('',#3950,#3951,#3952);
#3950 = CARTESIAN_POINT('',(36.293392166521,13.,2.));
#3951 = DIRECTION('',(0.,1.,0.));
#3952 = DIRECTION('',(-1.,0.,0.));
#3953 = ADVANCED_FACE('',(#3954),#3965,.T.);
#3954 = FACE_BOUND('',#3955,.T.);
#3955 = EDGE_LOOP('',(#3956,#3957,#3958,#3964));
#3956 = ORIENTED_EDGE('',*,*,#3240,.T.);
#3957 = ORIENTED_EDGE('',*,*,#3943,.T.);
#3958 = ORIENTED_EDGE('',*,*,#3959,.T.);
#3959 = EDGE_CURVE('',#3936,#3880,#3960,.T.);
#3960 = LINE('',#3961,#3962);
#3961 = CARTESIAN_POINT('',(35.693392166521,13.,-8.5));
#3962 = VECTOR('',#3963,1.);
#3963 = DIRECTION('',(0.,-1.,0.));
#3964 = ORIENTED_EDGE('',*,*,#3879,.F.);
#3965 = PLANE('',#3966);
#3966 = AXIS2_PLACEMENT_3D('',#3967,#3968,#3969);
#3967 = CARTESIAN_POINT('',(35.693392166521,13.,2.));
#3968 = DIRECTION('',(-1.,0.,0.));
#3969 = DIRECTION('',(0.,-1.,0.));
#3970 = ADVANCED_FACE('',(#3971),#3977,.F.);
#3971 = FACE_BOUND('',#3972,.F.);
#3972 = EDGE_LOOP('',(#3973,#3974,#3975,#3976));
#3973 = ORIENTED_EDGE('',*,*,#3959,.T.);
#3974 = ORIENTED_EDGE('',*,*,#3887,.T.);
#3975 = ORIENTED_EDGE('',*,*,#3911,.T.);
#3976 = ORIENTED_EDGE('',*,*,#3935,.T.);
#3977 = PLANE('',#3978);
#3978 = AXIS2_PLACEMENT_3D('',#3979,#3980,#3981);
#3979 = CARTESIAN_POINT('',(35.993392166521,-6.4420747E-10,-8.5));
#3980 = DIRECTION('',(0.,0.,1.));
#3981 = DIRECTION('',(1.,0.,0.));
#3982 = ADVANCED_FACE('',(#3983),#4008,.T.);
#3983 = FACE_BOUND('',#3984,.T.);
#3984 = EDGE_LOOP('',(#3985,#3986,#3994,#4002));
#3985 = ORIENTED_EDGE('',*,*,#3248,.T.);
#3986 = ORIENTED_EDGE('',*,*,#3987,.T.);
#3987 = EDGE_CURVE('',#3251,#3988,#3990,.T.);
#3988 = VERTEX_POINT('',#3989);
#3989 = CARTESIAN_POINT('',(40.773392166521,12.4,-8.5));
#3990 = LINE('',#3991,#3992);
#3991 = CARTESIAN_POINT('',(40.773392166521,12.4,2.));
#3992 = VECTOR('',#3993,1.);
#3993 = DIRECTION('',(-0.,-0.,-1.));
#3994 = ORIENTED_EDGE('',*,*,#3995,.T.);
#3995 = EDGE_CURVE('',#3988,#3996,#3998,.T.);
#3996 = VERTEX_POINT('',#3997);
#3997 = CARTESIAN_POINT('',(41.373392166521,12.4,-8.5));
#3998 = LINE('',#3999,#4000);
#3999 = CARTESIAN_POINT('',(40.773392166521,12.4,-8.5));
#4000 = VECTOR('',#4001,1.);
#4001 = DIRECTION('',(1.,0.,0.));
#4002 = ORIENTED_EDGE('',*,*,#4003,.F.);
#4003 = EDGE_CURVE('',#3249,#3996,#4004,.T.);
#4004 = LINE('',#4005,#4006);
#4005 = CARTESIAN_POINT('',(41.373392166521,12.4,2.));
#4006 = VECTOR('',#4007,1.);
#4007 = DIRECTION('',(-0.,-0.,-1.));
#4008 = PLANE('',#4009);
#4009 = AXIS2_PLACEMENT_3D('',#4010,#4011,#4012);
#4010 = CARTESIAN_POINT('',(40.773392166521,12.4,2.));
#4011 = DIRECTION('',(0.,-1.,0.));
#4012 = DIRECTION('',(1.,0.,0.));
#4013 = ADVANCED_FACE('',(#4014),#4032,.T.);
#4014 = FACE_BOUND('',#4015,.T.);
#4015 = EDGE_LOOP('',(#4016,#4017,#4018,#4026));
#4016 = ORIENTED_EDGE('',*,*,#3258,.T.);
#4017 = ORIENTED_EDGE('',*,*,#4003,.T.);
#4018 = ORIENTED_EDGE('',*,*,#4019,.T.);
#4019 = EDGE_CURVE('',#3996,#4020,#4022,.T.);
#4020 = VERTEX_POINT('',#4021);
#4021 = CARTESIAN_POINT('',(41.373392166521,13.,-8.5));
#4022 = LINE('',#4023,#4024);
#4023 = CARTESIAN_POINT('',(41.373392166521,12.4,-8.5));
#4024 = VECTOR('',#4025,1.);
#4025 = DIRECTION('',(0.,1.,0.));
#4026 = ORIENTED_EDGE('',*,*,#4027,.F.);
#4027 = EDGE_CURVE('',#3259,#4020,#4028,.T.);
#4028 = LINE('',#4029,#4030);
#4029 = CARTESIAN_POINT('',(41.373392166521,13.,2.));
#4030 = VECTOR('',#4031,1.);
#4031 = DIRECTION('',(-0.,-0.,-1.));
#4032 = PLANE('',#4033);
#4033 = AXIS2_PLACEMENT_3D('',#4034,#4035,#4036);
#4034 = CARTESIAN_POINT('',(41.373392166521,12.4,2.));
#4035 = DIRECTION('',(1.,0.,0.));
#4036 = DIRECTION('',(0.,1.,0.));
#4037 = ADVANCED_FACE('',(#4038),#4056,.T.);
#4038 = FACE_BOUND('',#4039,.T.);
#4039 = EDGE_LOOP('',(#4040,#4041,#4042,#4050));
#4040 = ORIENTED_EDGE('',*,*,#3266,.T.);
#4041 = ORIENTED_EDGE('',*,*,#4027,.T.);
#4042 = ORIENTED_EDGE('',*,*,#4043,.T.);
#4043 = EDGE_CURVE('',#4020,#4044,#4046,.T.);
#4044 = VERTEX_POINT('',#4045);
#4045 = CARTESIAN_POINT('',(40.773392166521,13.,-8.5));
#4046 = LINE('',#4047,#4048);
#4047 = CARTESIAN_POINT('',(41.373392166521,13.,-8.5));
#4048 = VECTOR('',#4049,1.);
#4049 = DIRECTION('',(-1.,0.,0.));
#4050 = ORIENTED_EDGE('',*,*,#4051,.F.);
#4051 = EDGE_CURVE('',#3267,#4044,#4052,.T.);
#4052 = LINE('',#4053,#4054);
#4053 = CARTESIAN_POINT('',(40.773392166521,13.,2.));
#4054 = VECTOR('',#4055,1.);
#4055 = DIRECTION('',(-0.,-0.,-1.));
#4056 = PLANE('',#4057);
#4057 = AXIS2_PLACEMENT_3D('',#4058,#4059,#4060);
#4058 = CARTESIAN_POINT('',(41.373392166521,13.,2.));
#4059 = DIRECTION('',(0.,1.,0.));
#4060 = DIRECTION('',(-1.,0.,0.));
#4061 = ADVANCED_FACE('',(#4062),#4073,.T.);
#4062 = FACE_BOUND('',#4063,.T.);
#4063 = EDGE_LOOP('',(#4064,#4065,#4066,#4072));
#4064 = ORIENTED_EDGE('',*,*,#3274,.T.);
#4065 = ORIENTED_EDGE('',*,*,#4051,.T.);
#4066 = ORIENTED_EDGE('',*,*,#4067,.T.);
#4067 = EDGE_CURVE('',#4044,#3988,#4068,.T.);
#4068 = LINE('',#4069,#4070);
#4069 = CARTESIAN_POINT('',(40.773392166521,13.,-8.5));
#4070 = VECTOR('',#4071,1.);
#4071 = DIRECTION('',(0.,-1.,0.));
#4072 = ORIENTED_EDGE('',*,*,#3987,.F.);
#4073 = PLANE('',#4074);
#4074 = AXIS2_PLACEMENT_3D('',#4075,#4076,#4077);
#4075 = CARTESIAN_POINT('',(40.773392166521,13.,2.));
#4076 = DIRECTION('',(-1.,0.,0.));
#4077 = DIRECTION('',(0.,-1.,0.));
#4078 = ADVANCED_FACE('',(#4079),#4085,.F.);
#4079 = FACE_BOUND('',#4080,.F.);
#4080 = EDGE_LOOP('',(#4081,#4082,#4083,#4084));
#4081 = ORIENTED_EDGE('',*,*,#4067,.T.);
#4082 = ORIENTED_EDGE('',*,*,#3995,.T.);
#4083 = ORIENTED_EDGE('',*,*,#4019,.T.);
#4084 = ORIENTED_EDGE('',*,*,#4043,.T.);
#4085 = PLANE('',#4086);
#4086 = AXIS2_PLACEMENT_3D('',#4087,#4088,#4089);
#4087 = CARTESIAN_POINT('',(41.073392166521,-6.4420747E-10,-8.5));
#4088 = DIRECTION('',(0.,0.,1.));
#4089 = DIRECTION('',(1.,0.,0.));
#4090 = ADVANCED_FACE('',(#4091),#4116,.T.);
#4091 = FACE_BOUND('',#4092,.T.);
#4092 = EDGE_LOOP('',(#4093,#4094,#4102,#4110));
#4093 = ORIENTED_EDGE('',*,*,#3282,.T.);
#4094 = ORIENTED_EDGE('',*,*,#4095,.T.);
#4095 = EDGE_CURVE('',#3285,#4096,#4098,.T.);
#4096 = VERTEX_POINT('',#4097);
#4097 = CARTESIAN_POINT('',(45.853392166521,12.4,-8.5));
#4098 = LINE('',#4099,#4100);
#4099 = CARTESIAN_POINT('',(45.853392166521,12.4,2.));
#4100 = VECTOR('',#4101,1.);
#4101 = DIRECTION('',(-0.,-0.,-1.));
#4102 = ORIENTED_EDGE('',*,*,#4103,.T.);
#4103 = EDGE_CURVE('',#4096,#4104,#4106,.T.);
#4104 = VERTEX_POINT('',#4105);
#4105 = CARTESIAN_POINT('',(46.453392166521,12.4,-8.5));
#4106 = LINE('',#4107,#4108);
#4107 = CARTESIAN_POINT('',(45.853392166521,12.4,-8.5));
#4108 = VECTOR('',#4109,1.);
#4109 = DIRECTION('',(1.,0.,0.));
#4110 = ORIENTED_EDGE('',*,*,#4111,.F.);
#4111 = EDGE_CURVE('',#3283,#4104,#4112,.T.);
#4112 = LINE('',#4113,#4114);
#4113 = CARTESIAN_POINT('',(46.453392166521,12.4,2.));
#4114 = VECTOR('',#4115,1.);
#4115 = DIRECTION('',(-0.,-0.,-1.));
#4116 = PLANE('',#4117);
#4117 = AXIS2_PLACEMENT_3D('',#4118,#4119,#4120);
#4118 = CARTESIAN_POINT('',(45.853392166521,12.4,2.));
#4119 = DIRECTION('',(0.,-1.,0.));
#4120 = DIRECTION('',(1.,0.,0.));
#4121 = ADVANCED_FACE('',(#4122),#4140,.T.);
#4122 = FACE_BOUND('',#4123,.T.);
#4123 = EDGE_LOOP('',(#4124,#4125,#4126,#4134));
#4124 = ORIENTED_EDGE('',*,*,#3292,.T.);
#4125 = ORIENTED_EDGE('',*,*,#4111,.T.);
#4126 = ORIENTED_EDGE('',*,*,#4127,.T.);
#4127 = EDGE_CURVE('',#4104,#4128,#4130,.T.);
#4128 = VERTEX_POINT('',#4129);
#4129 = CARTESIAN_POINT('',(46.453392166521,13.,-8.5));
#4130 = LINE('',#4131,#4132);
#4131 = CARTESIAN_POINT('',(46.453392166521,12.4,-8.5));
#4132 = VECTOR('',#4133,1.);
#4133 = DIRECTION('',(0.,1.,0.));
#4134 = ORIENTED_EDGE('',*,*,#4135,.F.);
#4135 = EDGE_CURVE('',#3293,#4128,#4136,.T.);
#4136 = LINE('',#4137,#4138);
#4137 = CARTESIAN_POINT('',(46.453392166521,13.,2.));
#4138 = VECTOR('',#4139,1.);
#4139 = DIRECTION('',(-0.,-0.,-1.));
#4140 = PLANE('',#4141);
#4141 = AXIS2_PLACEMENT_3D('',#4142,#4143,#4144);
#4142 = CARTESIAN_POINT('',(46.453392166521,12.4,2.));
#4143 = DIRECTION('',(1.,0.,0.));
#4144 = DIRECTION('',(0.,1.,0.));
#4145 = ADVANCED_FACE('',(#4146),#4164,.T.);
#4146 = FACE_BOUND('',#4147,.T.);
#4147 = EDGE_LOOP('',(#4148,#4149,#4150,#4158));
#4148 = ORIENTED_EDGE('',*,*,#3300,.T.);
#4149 = ORIENTED_EDGE('',*,*,#4135,.T.);
#4150 = ORIENTED_EDGE('',*,*,#4151,.T.);
#4151 = EDGE_CURVE('',#4128,#4152,#4154,.T.);
#4152 = VERTEX_POINT('',#4153);
#4153 = CARTESIAN_POINT('',(45.853392166521,13.,-8.5));
#4154 = LINE('',#4155,#4156);
#4155 = CARTESIAN_POINT('',(46.453392166521,13.,-8.5));
#4156 = VECTOR('',#4157,1.);
#4157 = DIRECTION('',(-1.,0.,0.));
#4158 = ORIENTED_EDGE('',*,*,#4159,.F.);
#4159 = EDGE_CURVE('',#3301,#4152,#4160,.T.);
#4160 = LINE('',#4161,#4162);
#4161 = CARTESIAN_POINT('',(45.853392166521,13.,2.));
#4162 = VECTOR('',#4163,1.);
#4163 = DIRECTION('',(-0.,-0.,-1.));
#4164 = PLANE('',#4165);
#4165 = AXIS2_PLACEMENT_3D('',#4166,#4167,#4168);
#4166 = CARTESIAN_POINT('',(46.453392166521,13.,2.));
#4167 = DIRECTION('',(0.,1.,0.));
#4168 = DIRECTION('',(-1.,0.,0.));
#4169 = ADVANCED_FACE('',(#4170),#4181,.T.);
#4170 = FACE_BOUND('',#4171,.T.);
#4171 = EDGE_LOOP('',(#4172,#4173,#4174,#4180));
#4172 = ORIENTED_EDGE('',*,*,#3308,.T.);
#4173 = ORIENTED_EDGE('',*,*,#4159,.T.);
#4174 = ORIENTED_EDGE('',*,*,#4175,.T.);
#4175 = EDGE_CURVE('',#4152,#4096,#4176,.T.);
#4176 = LINE('',#4177,#4178);
#4177 = CARTESIAN_POINT('',(45.853392166521,13.,-8.5));
#4178 = VECTOR('',#4179,1.);
#4179 = DIRECTION('',(0.,-1.,0.));
#4180 = ORIENTED_EDGE('',*,*,#4095,.F.);
#4181 = PLANE('',#4182);
#4182 = AXIS2_PLACEMENT_3D('',#4183,#4184,#4185);
#4183 = CARTESIAN_POINT('',(45.853392166521,13.,2.));
#4184 = DIRECTION('',(-1.,0.,0.));
#4185 = DIRECTION('',(0.,-1.,0.));
#4186 = ADVANCED_FACE('',(#4187),#4193,.F.);
#4187 = FACE_BOUND('',#4188,.F.);
#4188 = EDGE_LOOP('',(#4189,#4190,#4191,#4192));
#4189 = ORIENTED_EDGE('',*,*,#4175,.T.);
#4190 = ORIENTED_EDGE('',*,*,#4103,.T.);
#4191 = ORIENTED_EDGE('',*,*,#4127,.T.);
#4192 = ORIENTED_EDGE('',*,*,#4151,.T.);
#4193 = PLANE('',#4194);
#4194 = AXIS2_PLACEMENT_3D('',#4195,#4196,#4197);
#4195 = CARTESIAN_POINT('',(46.153392166521,-6.4420747E-10,-8.5));
#4196 = DIRECTION('',(0.,0.,1.));
#4197 = DIRECTION('',(1.,0.,0.));
#4198 = ADVANCED_FACE('',(#4199),#4224,.T.);
#4199 = FACE_BOUND('',#4200,.T.);
#4200 = EDGE_LOOP('',(#4201,#4202,#4210,#4218));
#4201 = ORIENTED_EDGE('',*,*,#3316,.T.);
#4202 = ORIENTED_EDGE('',*,*,#4203,.T.);
#4203 = EDGE_CURVE('',#3319,#4204,#4206,.T.);
#4204 = VERTEX_POINT('',#4205);
#4205 = CARTESIAN_POINT('',(50.933392166521,12.4,-8.5));
#4206 = LINE('',#4207,#4208);
#4207 = CARTESIAN_POINT('',(50.933392166521,12.4,2.));
#4208 = VECTOR('',#4209,1.);
#4209 = DIRECTION('',(-0.,-0.,-1.));
#4210 = ORIENTED_EDGE('',*,*,#4211,.T.);
#4211 = EDGE_CURVE('',#4204,#4212,#4214,.T.);
#4212 = VERTEX_POINT('',#4213);
#4213 = CARTESIAN_POINT('',(51.533392166521,12.4,-8.5));
#4214 = LINE('',#4215,#4216);
#4215 = CARTESIAN_POINT('',(50.933392166521,12.4,-8.5));
#4216 = VECTOR('',#4217,1.);
#4217 = DIRECTION('',(1.,0.,0.));
#4218 = ORIENTED_EDGE('',*,*,#4219,.F.);
#4219 = EDGE_CURVE('',#3317,#4212,#4220,.T.);
#4220 = LINE('',#4221,#4222);
#4221 = CARTESIAN_POINT('',(51.533392166521,12.4,2.));
#4222 = VECTOR('',#4223,1.);
#4223 = DIRECTION('',(-0.,-0.,-1.));
#4224 = PLANE('',#4225);
#4225 = AXIS2_PLACEMENT_3D('',#4226,#4227,#4228);
#4226 = CARTESIAN_POINT('',(50.933392166521,12.4,2.));
#4227 = DIRECTION('',(0.,-1.,0.));
#4228 = DIRECTION('',(1.,0.,0.));
#4229 = ADVANCED_FACE('',(#4230),#4248,.T.);
#4230 = FACE_BOUND('',#4231,.T.);
#4231 = EDGE_LOOP('',(#4232,#4233,#4234,#4242));
#4232 = ORIENTED_EDGE('',*,*,#3326,.T.);
#4233 = ORIENTED_EDGE('',*,*,#4219,.T.);
#4234 = ORIENTED_EDGE('',*,*,#4235,.T.);
#4235 = EDGE_CURVE('',#4212,#4236,#4238,.T.);
#4236 = VERTEX_POINT('',#4237);
#4237 = CARTESIAN_POINT('',(51.533392166521,13.,-8.5));
#4238 = LINE('',#4239,#4240);
#4239 = CARTESIAN_POINT('',(51.533392166521,12.4,-8.5));
#4240 = VECTOR('',#4241,1.);
#4241 = DIRECTION('',(0.,1.,0.));
#4242 = ORIENTED_EDGE('',*,*,#4243,.F.);
#4243 = EDGE_CURVE('',#3327,#4236,#4244,.T.);
#4244 = LINE('',#4245,#4246);
#4245 = CARTESIAN_POINT('',(51.533392166521,13.,2.));
#4246 = VECTOR('',#4247,1.);
#4247 = DIRECTION('',(-0.,-0.,-1.));
#4248 = PLANE('',#4249);
#4249 = AXIS2_PLACEMENT_3D('',#4250,#4251,#4252);
#4250 = CARTESIAN_POINT('',(51.533392166521,12.4,2.));
#4251 = DIRECTION('',(1.,0.,0.));
#4252 = DIRECTION('',(0.,1.,0.));
#4253 = ADVANCED_FACE('',(#4254),#4272,.T.);
#4254 = FACE_BOUND('',#4255,.T.);
#4255 = EDGE_LOOP('',(#4256,#4257,#4258,#4266));
#4256 = ORIENTED_EDGE('',*,*,#3334,.T.);
#4257 = ORIENTED_EDGE('',*,*,#4243,.T.);
#4258 = ORIENTED_EDGE('',*,*,#4259,.T.);
#4259 = EDGE_CURVE('',#4236,#4260,#4262,.T.);
#4260 = VERTEX_POINT('',#4261);
#4261 = CARTESIAN_POINT('',(50.933392166521,13.,-8.5));
#4262 = LINE('',#4263,#4264);
#4263 = CARTESIAN_POINT('',(51.533392166521,13.,-8.5));
#4264 = VECTOR('',#4265,1.);
#4265 = DIRECTION('',(-1.,0.,0.));
#4266 = ORIENTED_EDGE('',*,*,#4267,.F.);
#4267 = EDGE_CURVE('',#3335,#4260,#4268,.T.);
#4268 = LINE('',#4269,#4270);
#4269 = CARTESIAN_POINT('',(50.933392166521,13.,2.));
#4270 = VECTOR('',#4271,1.);
#4271 = DIRECTION('',(-0.,-0.,-1.));
#4272 = PLANE('',#4273);
#4273 = AXIS2_PLACEMENT_3D('',#4274,#4275,#4276);
#4274 = CARTESIAN_POINT('',(51.533392166521,13.,2.));
#4275 = DIRECTION('',(0.,1.,0.));
#4276 = DIRECTION('',(-1.,0.,0.));
#4277 = ADVANCED_FACE('',(#4278),#4289,.T.);
#4278 = FACE_BOUND('',#4279,.T.);
#4279 = EDGE_LOOP('',(#4280,#4281,#4282,#4288));
#4280 = ORIENTED_EDGE('',*,*,#3342,.T.);
#4281 = ORIENTED_EDGE('',*,*,#4267,.T.);
#4282 = ORIENTED_EDGE('',*,*,#4283,.T.);
#4283 = EDGE_CURVE('',#4260,#4204,#4284,.T.);
#4284 = LINE('',#4285,#4286);
#4285 = CARTESIAN_POINT('',(50.933392166521,13.,-8.5));
#4286 = VECTOR('',#4287,1.);
#4287 = DIRECTION('',(0.,-1.,0.));
#4288 = ORIENTED_EDGE('',*,*,#4203,.F.);
#4289 = PLANE('',#4290);
#4290 = AXIS2_PLACEMENT_3D('',#4291,#4292,#4293);
#4291 = CARTESIAN_POINT('',(50.933392166521,13.,2.));
#4292 = DIRECTION('',(-1.,0.,0.));
#4293 = DIRECTION('',(0.,-1.,0.));
#4294 = ADVANCED_FACE('',(#4295),#4301,.F.);
#4295 = FACE_BOUND('',#4296,.F.);
#4296 = EDGE_LOOP('',(#4297,#4298,#4299,#4300));
#4297 = ORIENTED_EDGE('',*,*,#4283,.T.);
#4298 = ORIENTED_EDGE('',*,*,#4211,.T.);
#4299 = ORIENTED_EDGE('',*,*,#4235,.T.);
#4300 = ORIENTED_EDGE('',*,*,#4259,.T.);
#4301 = PLANE('',#4302);
#4302 = AXIS2_PLACEMENT_3D('',#4303,#4304,#4305);
#4303 = CARTESIAN_POINT('',(51.233392166521,-6.4420747E-10,-8.5));
#4304 = DIRECTION('',(0.,0.,1.));
#4305 = DIRECTION('',(1.,0.,0.));
#4306 = ADVANCED_FACE('',(#4307),#4332,.T.);
#4307 = FACE_BOUND('',#4308,.T.);
#4308 = EDGE_LOOP('',(#4309,#4310,#4318,#4326));
#4309 = ORIENTED_EDGE('',*,*,#3350,.T.);
#4310 = ORIENTED_EDGE('',*,*,#4311,.T.);
#4311 = EDGE_CURVE('',#3353,#4312,#4314,.T.);
#4312 = VERTEX_POINT('',#4313);
#4313 = CARTESIAN_POINT('',(56.013392166521,12.4,-8.5));
#4314 = LINE('',#4315,#4316);
#4315 = CARTESIAN_POINT('',(56.013392166521,12.4,2.));
#4316 = VECTOR('',#4317,1.);
#4317 = DIRECTION('',(-0.,-0.,-1.));
#4318 = ORIENTED_EDGE('',*,*,#4319,.T.);
#4319 = EDGE_CURVE('',#4312,#4320,#4322,.T.);
#4320 = VERTEX_POINT('',#4321);
#4321 = CARTESIAN_POINT('',(56.613392166521,12.4,-8.5));
#4322 = LINE('',#4323,#4324);
#4323 = CARTESIAN_POINT('',(56.013392166521,12.4,-8.5));
#4324 = VECTOR('',#4325,1.);
#4325 = DIRECTION('',(1.,0.,0.));
#4326 = ORIENTED_EDGE('',*,*,#4327,.F.);
#4327 = EDGE_CURVE('',#3351,#4320,#4328,.T.);
#4328 = LINE('',#4329,#4330);
#4329 = CARTESIAN_POINT('',(56.613392166521,12.4,2.));
#4330 = VECTOR('',#4331,1.);
#4331 = DIRECTION('',(-0.,-0.,-1.));
#4332 = PLANE('',#4333);
#4333 = AXIS2_PLACEMENT_3D('',#4334,#4335,#4336);
#4334 = CARTESIAN_POINT('',(56.013392166521,12.4,2.));
#4335 = DIRECTION('',(0.,-1.,0.));
#4336 = DIRECTION('',(1.,0.,0.));
#4337 = ADVANCED_FACE('',(#4338),#4356,.T.);
#4338 = FACE_BOUND('',#4339,.T.);
#4339 = EDGE_LOOP('',(#4340,#4341,#4342,#4350));
#4340 = ORIENTED_EDGE('',*,*,#3360,.T.);
#4341 = ORIENTED_EDGE('',*,*,#4327,.T.);
#4342 = ORIENTED_EDGE('',*,*,#4343,.T.);
#4343 = EDGE_CURVE('',#4320,#4344,#4346,.T.);
#4344 = VERTEX_POINT('',#4345);
#4345 = CARTESIAN_POINT('',(56.613392166521,13.,-8.5));
#4346 = LINE('',#4347,#4348);
#4347 = CARTESIAN_POINT('',(56.613392166521,12.4,-8.5));
#4348 = VECTOR('',#4349,1.);
#4349 = DIRECTION('',(0.,1.,0.));
#4350 = ORIENTED_EDGE('',*,*,#4351,.F.);
#4351 = EDGE_CURVE('',#3361,#4344,#4352,.T.);
#4352 = LINE('',#4353,#4354);
#4353 = CARTESIAN_POINT('',(56.613392166521,13.,2.));
#4354 = VECTOR('',#4355,1.);
#4355 = DIRECTION('',(-0.,-0.,-1.));
#4356 = PLANE('',#4357);
#4357 = AXIS2_PLACEMENT_3D('',#4358,#4359,#4360);
#4358 = CARTESIAN_POINT('',(56.613392166521,12.4,2.));
#4359 = DIRECTION('',(1.,0.,0.));
#4360 = DIRECTION('',(0.,1.,0.));
#4361 = ADVANCED_FACE('',(#4362),#4380,.T.);
#4362 = FACE_BOUND('',#4363,.T.);
#4363 = EDGE_LOOP('',(#4364,#4365,#4366,#4374));
#4364 = ORIENTED_EDGE('',*,*,#3368,.T.);
#4365 = ORIENTED_EDGE('',*,*,#4351,.T.);
#4366 = ORIENTED_EDGE('',*,*,#4367,.T.);
#4367 = EDGE_CURVE('',#4344,#4368,#4370,.T.);
#4368 = VERTEX_POINT('',#4369);
#4369 = CARTESIAN_POINT('',(56.013392166521,13.,-8.5));
#4370 = LINE('',#4371,#4372);
#4371 = CARTESIAN_POINT('',(56.613392166521,13.,-8.5));
#4372 = VECTOR('',#4373,1.);
#4373 = DIRECTION('',(-1.,0.,0.));
#4374 = ORIENTED_EDGE('',*,*,#4375,.F.);
#4375 = EDGE_CURVE('',#3369,#4368,#4376,.T.);
#4376 = LINE('',#4377,#4378);
#4377 = CARTESIAN_POINT('',(56.013392166521,13.,2.));
#4378 = VECTOR('',#4379,1.);
#4379 = DIRECTION('',(-0.,-0.,-1.));
#4380 = PLANE('',#4381);
#4381 = AXIS2_PLACEMENT_3D('',#4382,#4383,#4384);
#4382 = CARTESIAN_POINT('',(56.613392166521,13.,2.));
#4383 = DIRECTION('',(0.,1.,0.));
#4384 = DIRECTION('',(-1.,0.,0.));
#4385 = ADVANCED_FACE('',(#4386),#4397,.T.);
#4386 = FACE_BOUND('',#4387,.T.);
#4387 = EDGE_LOOP('',(#4388,#4389,#4390,#4396));
#4388 = ORIENTED_EDGE('',*,*,#3376,.T.);
#4389 = ORIENTED_EDGE('',*,*,#4375,.T.);
#4390 = ORIENTED_EDGE('',*,*,#4391,.T.);
#4391 = EDGE_CURVE('',#4368,#4312,#4392,.T.);
#4392 = LINE('',#4393,#4394);
#4393 = CARTESIAN_POINT('',(56.013392166521,13.,-8.5));
#4394 = VECTOR('',#4395,1.);
#4395 = DIRECTION('',(0.,-1.,0.));
#4396 = ORIENTED_EDGE('',*,*,#4311,.F.);
#4397 = PLANE('',#4398);
#4398 = AXIS2_PLACEMENT_3D('',#4399,#4400,#4401);
#4399 = CARTESIAN_POINT('',(56.013392166521,13.,2.));
#4400 = DIRECTION('',(-1.,0.,0.));
#4401 = DIRECTION('',(0.,-1.,0.));
#4402 = ADVANCED_FACE('',(#4403),#4409,.F.);
#4403 = FACE_BOUND('',#4404,.F.);
#4404 = EDGE_LOOP('',(#4405,#4406,#4407,#4408));
#4405 = ORIENTED_EDGE('',*,*,#4391,.T.);
#4406 = ORIENTED_EDGE('',*,*,#4319,.T.);
#4407 = ORIENTED_EDGE('',*,*,#4343,.T.);
#4408 = ORIENTED_EDGE('',*,*,#4367,.T.);
#4409 = PLANE('',#4410);
#4410 = AXIS2_PLACEMENT_3D('',#4411,#4412,#4413);
#4411 = CARTESIAN_POINT('',(56.313392166521,-6.4420747E-10,-8.5));
#4412 = DIRECTION('',(0.,0.,1.));
#4413 = DIRECTION('',(1.,0.,0.));
#4414 = ADVANCED_FACE('',(#4415),#4440,.T.);
#4415 = FACE_BOUND('',#4416,.T.);
#4416 = EDGE_LOOP('',(#4417,#4418,#4426,#4434));
#4417 = ORIENTED_EDGE('',*,*,#3384,.T.);
#4418 = ORIENTED_EDGE('',*,*,#4419,.T.);
#4419 = EDGE_CURVE('',#3387,#4420,#4422,.T.);
#4420 = VERTEX_POINT('',#4421);
#4421 = CARTESIAN_POINT('',(58.553392166521,12.4,-8.5));
#4422 = LINE('',#4423,#4424);
#4423 = CARTESIAN_POINT('',(58.553392166521,12.4,2.));
#4424 = VECTOR('',#4425,1.);
#4425 = DIRECTION('',(-0.,-0.,-1.));
#4426 = ORIENTED_EDGE('',*,*,#4427,.T.);
#4427 = EDGE_CURVE('',#4420,#4428,#4430,.T.);
#4428 = VERTEX_POINT('',#4429);
#4429 = CARTESIAN_POINT('',(59.153392166521,12.4,-8.5));
#4430 = LINE('',#4431,#4432);
#4431 = CARTESIAN_POINT('',(58.553392166521,12.4,-8.5));
#4432 = VECTOR('',#4433,1.);
#4433 = DIRECTION('',(1.,0.,0.));
#4434 = ORIENTED_EDGE('',*,*,#4435,.F.);
#4435 = EDGE_CURVE('',#3385,#4428,#4436,.T.);
#4436 = LINE('',#4437,#4438);
#4437 = CARTESIAN_POINT('',(59.153392166521,12.4,2.));
#4438 = VECTOR('',#4439,1.);
#4439 = DIRECTION('',(-0.,-0.,-1.));
#4440 = PLANE('',#4441);
#4441 = AXIS2_PLACEMENT_3D('',#4442,#4443,#4444);
#4442 = CARTESIAN_POINT('',(58.553392166521,12.4,2.));
#4443 = DIRECTION('',(0.,-1.,0.));
#4444 = DIRECTION('',(1.,0.,0.));
#4445 = ADVANCED_FACE('',(#4446),#4464,.T.);
#4446 = FACE_BOUND('',#4447,.T.);
#4447 = EDGE_LOOP('',(#4448,#4449,#4450,#4458));
#4448 = ORIENTED_EDGE('',*,*,#3394,.T.);
#4449 = ORIENTED_EDGE('',*,*,#4435,.T.);
#4450 = ORIENTED_EDGE('',*,*,#4451,.T.);
#4451 = EDGE_CURVE('',#4428,#4452,#4454,.T.);
#4452 = VERTEX_POINT('',#4453);
#4453 = CARTESIAN_POINT('',(59.153392166521,13.,-8.5));
#4454 = LINE('',#4455,#4456);
#4455 = CARTESIAN_POINT('',(59.153392166521,12.4,-8.5));
#4456 = VECTOR('',#4457,1.);
#4457 = DIRECTION('',(0.,1.,0.));
#4458 = ORIENTED_EDGE('',*,*,#4459,.F.);
#4459 = EDGE_CURVE('',#3395,#4452,#4460,.T.);
#4460 = LINE('',#4461,#4462);
#4461 = CARTESIAN_POINT('',(59.153392166521,13.,2.));
#4462 = VECTOR('',#4463,1.);
#4463 = DIRECTION('',(-0.,-0.,-1.));
#4464 = PLANE('',#4465);
#4465 = AXIS2_PLACEMENT_3D('',#4466,#4467,#4468);
#4466 = CARTESIAN_POINT('',(59.153392166521,12.4,2.));
#4467 = DIRECTION('',(1.,0.,0.));
#4468 = DIRECTION('',(0.,1.,0.));
#4469 = ADVANCED_FACE('',(#4470),#4488,.T.);
#4470 = FACE_BOUND('',#4471,.T.);
#4471 = EDGE_LOOP('',(#4472,#4473,#4474,#4482));
#4472 = ORIENTED_EDGE('',*,*,#3402,.T.);
#4473 = ORIENTED_EDGE('',*,*,#4459,.T.);
#4474 = ORIENTED_EDGE('',*,*,#4475,.T.);
#4475 = EDGE_CURVE('',#4452,#4476,#4478,.T.);
#4476 = VERTEX_POINT('',#4477);
#4477 = CARTESIAN_POINT('',(58.553392166521,13.,-8.5));
#4478 = LINE('',#4479,#4480);
#4479 = CARTESIAN_POINT('',(59.153392166521,13.,-8.5));
#4480 = VECTOR('',#4481,1.);
#4481 = DIRECTION('',(-1.,0.,0.));
#4482 = ORIENTED_EDGE('',*,*,#4483,.F.);
#4483 = EDGE_CURVE('',#3403,#4476,#4484,.T.);
#4484 = LINE('',#4485,#4486);
#4485 = CARTESIAN_POINT('',(58.553392166521,13.,2.));
#4486 = VECTOR('',#4487,1.);
#4487 = DIRECTION('',(-0.,-0.,-1.));
#4488 = PLANE('',#4489);
#4489 = AXIS2_PLACEMENT_3D('',#4490,#4491,#4492);
#4490 = CARTESIAN_POINT('',(59.153392166521,13.,2.));
#4491 = DIRECTION('',(0.,1.,0.));
#4492 = DIRECTION('',(-1.,0.,0.));
#4493 = ADVANCED_FACE('',(#4494),#4505,.T.);
#4494 = FACE_BOUND('',#4495,.T.);
#4495 = EDGE_LOOP('',(#4496,#4497,#4498,#4504));
#4496 = ORIENTED_EDGE('',*,*,#3410,.T.);
#4497 = ORIENTED_EDGE('',*,*,#4483,.T.);
#4498 = ORIENTED_EDGE('',*,*,#4499,.T.);
#4499 = EDGE_CURVE('',#4476,#4420,#4500,.T.);
#4500 = LINE('',#4501,#4502);
#4501 = CARTESIAN_POINT('',(58.553392166521,13.,-8.5));
#4502 = VECTOR('',#4503,1.);
#4503 = DIRECTION('',(0.,-1.,0.));
#4504 = ORIENTED_EDGE('',*,*,#4419,.F.);
#4505 = PLANE('',#4506);
#4506 = AXIS2_PLACEMENT_3D('',#4507,#4508,#4509);
#4507 = CARTESIAN_POINT('',(58.553392166521,13.,2.));
#4508 = DIRECTION('',(-1.,0.,0.));
#4509 = DIRECTION('',(0.,-1.,0.));
#4510 = ADVANCED_FACE('',(#4511),#4517,.F.);
#4511 = FACE_BOUND('',#4512,.F.);
#4512 = EDGE_LOOP('',(#4513,#4514,#4515,#4516));
#4513 = ORIENTED_EDGE('',*,*,#4499,.T.);
#4514 = ORIENTED_EDGE('',*,*,#4427,.T.);
#4515 = ORIENTED_EDGE('',*,*,#4451,.T.);
#4516 = ORIENTED_EDGE('',*,*,#4475,.T.);
#4517 = PLANE('',#4518);
#4518 = AXIS2_PLACEMENT_3D('',#4519,#4520,#4521);
#4519 = CARTESIAN_POINT('',(58.853392166521,-6.4420747E-10,-8.5));
#4520 = DIRECTION('',(0.,0.,1.));
#4521 = DIRECTION('',(1.,0.,0.));
#4522 = ADVANCED_FACE('',(#4523),#4548,.T.);
#4523 = FACE_BOUND('',#4524,.T.);
#4524 = EDGE_LOOP('',(#4525,#4526,#4534,#4542));
#4525 = ORIENTED_EDGE('',*,*,#3418,.T.);
#4526 = ORIENTED_EDGE('',*,*,#4527,.T.);
#4527 = EDGE_CURVE('',#3421,#4528,#4530,.T.);
#4528 = VERTEX_POINT('',#4529);
#4529 = CARTESIAN_POINT('',(28.073392166521,12.4,-8.5));
#4530 = LINE('',#4531,#4532);
#4531 = CARTESIAN_POINT('',(28.073392166521,12.4,2.));
#4532 = VECTOR('',#4533,1.);
#4533 = DIRECTION('',(-0.,-0.,-1.));
#4534 = ORIENTED_EDGE('',*,*,#4535,.T.);
#4535 = EDGE_CURVE('',#4528,#4536,#4538,.T.);
#4536 = VERTEX_POINT('',#4537);
#4537 = CARTESIAN_POINT('',(28.673392166521,12.4,-8.5));
#4538 = LINE('',#4539,#4540);
#4539 = CARTESIAN_POINT('',(28.073392166521,12.4,-8.5));
#4540 = VECTOR('',#4541,1.);
#4541 = DIRECTION('',(1.,0.,0.));
#4542 = ORIENTED_EDGE('',*,*,#4543,.F.);
#4543 = EDGE_CURVE('',#3419,#4536,#4544,.T.);
#4544 = LINE('',#4545,#4546);
#4545 = CARTESIAN_POINT('',(28.673392166521,12.4,2.));
#4546 = VECTOR('',#4547,1.);
#4547 = DIRECTION('',(-0.,-0.,-1.));
#4548 = PLANE('',#4549);
#4549 = AXIS2_PLACEMENT_3D('',#4550,#4551,#4552);
#4550 = CARTESIAN_POINT('',(28.073392166521,12.4,2.));
#4551 = DIRECTION('',(0.,-1.,0.));
#4552 = DIRECTION('',(1.,0.,0.));
#4553 = ADVANCED_FACE('',(#4554),#4572,.T.);
#4554 = FACE_BOUND('',#4555,.T.);
#4555 = EDGE_LOOP('',(#4556,#4557,#4558,#4566));
#4556 = ORIENTED_EDGE('',*,*,#3428,.T.);
#4557 = ORIENTED_EDGE('',*,*,#4543,.T.);
#4558 = ORIENTED_EDGE('',*,*,#4559,.T.);
#4559 = EDGE_CURVE('',#4536,#4560,#4562,.T.);
#4560 = VERTEX_POINT('',#4561);
#4561 = CARTESIAN_POINT('',(28.673392166521,13.,-8.5));
#4562 = LINE('',#4563,#4564);
#4563 = CARTESIAN_POINT('',(28.673392166521,12.4,-8.5));
#4564 = VECTOR('',#4565,1.);
#4565 = DIRECTION('',(0.,1.,0.));
#4566 = ORIENTED_EDGE('',*,*,#4567,.F.);
#4567 = EDGE_CURVE('',#3429,#4560,#4568,.T.);
#4568 = LINE('',#4569,#4570);
#4569 = CARTESIAN_POINT('',(28.673392166521,13.,2.));
#4570 = VECTOR('',#4571,1.);
#4571 = DIRECTION('',(-0.,-0.,-1.));
#4572 = PLANE('',#4573);
#4573 = AXIS2_PLACEMENT_3D('',#4574,#4575,#4576);
#4574 = CARTESIAN_POINT('',(28.673392166521,12.4,2.));
#4575 = DIRECTION('',(1.,0.,0.));
#4576 = DIRECTION('',(0.,1.,0.));
#4577 = ADVANCED_FACE('',(#4578),#4596,.T.);
#4578 = FACE_BOUND('',#4579,.T.);
#4579 = EDGE_LOOP('',(#4580,#4581,#4582,#4590));
#4580 = ORIENTED_EDGE('',*,*,#3436,.T.);
#4581 = ORIENTED_EDGE('',*,*,#4567,.T.);
#4582 = ORIENTED_EDGE('',*,*,#4583,.T.);
#4583 = EDGE_CURVE('',#4560,#4584,#4586,.T.);
#4584 = VERTEX_POINT('',#4585);
#4585 = CARTESIAN_POINT('',(28.073392166521,13.,-8.5));
#4586 = LINE('',#4587,#4588);
#4587 = CARTESIAN_POINT('',(28.673392166521,13.,-8.5));
#4588 = VECTOR('',#4589,1.);
#4589 = DIRECTION('',(-1.,0.,0.));
#4590 = ORIENTED_EDGE('',*,*,#4591,.F.);
#4591 = EDGE_CURVE('',#3437,#4584,#4592,.T.);
#4592 = LINE('',#4593,#4594);
#4593 = CARTESIAN_POINT('',(28.073392166521,13.,2.));
#4594 = VECTOR('',#4595,1.);
#4595 = DIRECTION('',(-0.,-0.,-1.));
#4596 = PLANE('',#4597);
#4597 = AXIS2_PLACEMENT_3D('',#4598,#4599,#4600);
#4598 = CARTESIAN_POINT('',(28.673392166521,13.,2.));
#4599 = DIRECTION('',(0.,1.,0.));
#4600 = DIRECTION('',(-1.,0.,0.));
#4601 = ADVANCED_FACE('',(#4602),#4613,.T.);
#4602 = FACE_BOUND('',#4603,.T.);
#4603 = EDGE_LOOP('',(#4604,#4605,#4606,#4612));
#4604 = ORIENTED_EDGE('',*,*,#3444,.T.);
#4605 = ORIENTED_EDGE('',*,*,#4591,.T.);
#4606 = ORIENTED_EDGE('',*,*,#4607,.T.);
#4607 = EDGE_CURVE('',#4584,#4528,#4608,.T.);
#4608 = LINE('',#4609,#4610);
#4609 = CARTESIAN_POINT('',(28.073392166521,13.,-8.5));
#4610 = VECTOR('',#4611,1.);
#4611 = DIRECTION('',(0.,-1.,0.));
#4612 = ORIENTED_EDGE('',*,*,#4527,.F.);
#4613 = PLANE('',#4614);
#4614 = AXIS2_PLACEMENT_3D('',#4615,#4616,#4617);
#4615 = CARTESIAN_POINT('',(28.073392166521,13.,2.));
#4616 = DIRECTION('',(-1.,0.,0.));
#4617 = DIRECTION('',(0.,-1.,0.));
#4618 = ADVANCED_FACE('',(#4619),#4625,.F.);
#4619 = FACE_BOUND('',#4620,.F.);
#4620 = EDGE_LOOP('',(#4621,#4622,#4623,#4624));
#4621 = ORIENTED_EDGE('',*,*,#4607,.T.);
#4622 = ORIENTED_EDGE('',*,*,#4535,.T.);
#4623 = ORIENTED_EDGE('',*,*,#4559,.T.);
#4624 = ORIENTED_EDGE('',*,*,#4583,.T.);
#4625 = PLANE('',#4626);
#4626 = AXIS2_PLACEMENT_3D('',#4627,#4628,#4629);
#4627 = CARTESIAN_POINT('',(28.373392166521,-6.4420747E-10,-8.5));
#4628 = DIRECTION('',(0.,0.,1.));
#4629 = DIRECTION('',(1.,0.,0.));
#4630 = ADVANCED_FACE('',(#4631),#4656,.T.);
#4631 = FACE_BOUND('',#4632,.T.);
#4632 = EDGE_LOOP('',(#4633,#4634,#4642,#4650));
#4633 = ORIENTED_EDGE('',*,*,#3452,.T.);
#4634 = ORIENTED_EDGE('',*,*,#4635,.T.);
#4635 = EDGE_CURVE('',#3455,#4636,#4638,.T.);
#4636 = VERTEX_POINT('',#4637);
#4637 = CARTESIAN_POINT('',(33.153392166521,12.4,-8.5));
#4638 = LINE('',#4639,#4640);
#4639 = CARTESIAN_POINT('',(33.153392166521,12.4,2.));
#4640 = VECTOR('',#4641,1.);
#4641 = DIRECTION('',(-0.,-0.,-1.));
#4642 = ORIENTED_EDGE('',*,*,#4643,.T.);
#4643 = EDGE_CURVE('',#4636,#4644,#4646,.T.);
#4644 = VERTEX_POINT('',#4645);
#4645 = CARTESIAN_POINT('',(33.753392166521,12.4,-8.5));
#4646 = LINE('',#4647,#4648);
#4647 = CARTESIAN_POINT('',(33.153392166521,12.4,-8.5));
#4648 = VECTOR('',#4649,1.);
#4649 = DIRECTION('',(1.,0.,0.));
#4650 = ORIENTED_EDGE('',*,*,#4651,.F.);
#4651 = EDGE_CURVE('',#3453,#4644,#4652,.T.);
#4652 = LINE('',#4653,#4654);
#4653 = CARTESIAN_POINT('',(33.753392166521,12.4,2.));
#4654 = VECTOR('',#4655,1.);
#4655 = DIRECTION('',(-0.,-0.,-1.));
#4656 = PLANE('',#4657);
#4657 = AXIS2_PLACEMENT_3D('',#4658,#4659,#4660);
#4658 = CARTESIAN_POINT('',(33.153392166521,12.4,2.));
#4659 = DIRECTION('',(0.,-1.,0.));
#4660 = DIRECTION('',(1.,0.,0.));
#4661 = ADVANCED_FACE('',(#4662),#4680,.T.);
#4662 = FACE_BOUND('',#4663,.T.);
#4663 = EDGE_LOOP('',(#4664,#4665,#4666,#4674));
#4664 = ORIENTED_EDGE('',*,*,#3462,.T.);
#4665 = ORIENTED_EDGE('',*,*,#4651,.T.);
#4666 = ORIENTED_EDGE('',*,*,#4667,.T.);
#4667 = EDGE_CURVE('',#4644,#4668,#4670,.T.);
#4668 = VERTEX_POINT('',#4669);
#4669 = CARTESIAN_POINT('',(33.753392166521,13.,-8.5));
#4670 = LINE('',#4671,#4672);
#4671 = CARTESIAN_POINT('',(33.753392166521,12.4,-8.5));
#4672 = VECTOR('',#4673,1.);
#4673 = DIRECTION('',(0.,1.,0.));
#4674 = ORIENTED_EDGE('',*,*,#4675,.F.);
#4675 = EDGE_CURVE('',#3463,#4668,#4676,.T.);
#4676 = LINE('',#4677,#4678);
#4677 = CARTESIAN_POINT('',(33.753392166521,13.,2.));
#4678 = VECTOR('',#4679,1.);
#4679 = DIRECTION('',(-0.,-0.,-1.));
#4680 = PLANE('',#4681);
#4681 = AXIS2_PLACEMENT_3D('',#4682,#4683,#4684);
#4682 = CARTESIAN_POINT('',(33.753392166521,12.4,2.));
#4683 = DIRECTION('',(1.,0.,0.));
#4684 = DIRECTION('',(0.,1.,0.));
#4685 = ADVANCED_FACE('',(#4686),#4704,.T.);
#4686 = FACE_BOUND('',#4687,.T.);
#4687 = EDGE_LOOP('',(#4688,#4689,#4690,#4698));
#4688 = ORIENTED_EDGE('',*,*,#3470,.T.);
#4689 = ORIENTED_EDGE('',*,*,#4675,.T.);
#4690 = ORIENTED_EDGE('',*,*,#4691,.T.);
#4691 = EDGE_CURVE('',#4668,#4692,#4694,.T.);
#4692 = VERTEX_POINT('',#4693);
#4693 = CARTESIAN_POINT('',(33.153392166521,13.,-8.5));
#4694 = LINE('',#4695,#4696);
#4695 = CARTESIAN_POINT('',(33.753392166521,13.,-8.5));
#4696 = VECTOR('',#4697,1.);
#4697 = DIRECTION('',(-1.,0.,0.));
#4698 = ORIENTED_EDGE('',*,*,#4699,.F.);
#4699 = EDGE_CURVE('',#3471,#4692,#4700,.T.);
#4700 = LINE('',#4701,#4702);
#4701 = CARTESIAN_POINT('',(33.153392166521,13.,2.));
#4702 = VECTOR('',#4703,1.);
#4703 = DIRECTION('',(-0.,-0.,-1.));
#4704 = PLANE('',#4705);
#4705 = AXIS2_PLACEMENT_3D('',#4706,#4707,#4708);
#4706 = CARTESIAN_POINT('',(33.753392166521,13.,2.));
#4707 = DIRECTION('',(0.,1.,0.));
#4708 = DIRECTION('',(-1.,0.,0.));
#4709 = ADVANCED_FACE('',(#4710),#4721,.T.);
#4710 = FACE_BOUND('',#4711,.T.);
#4711 = EDGE_LOOP('',(#4712,#4713,#4714,#4720));
#4712 = ORIENTED_EDGE('',*,*,#3478,.T.);
#4713 = ORIENTED_EDGE('',*,*,#4699,.T.);
#4714 = ORIENTED_EDGE('',*,*,#4715,.T.);
#4715 = EDGE_CURVE('',#4692,#4636,#4716,.T.);
#4716 = LINE('',#4717,#4718);
#4717 = CARTESIAN_POINT('',(33.153392166521,13.,-8.5));
#4718 = VECTOR('',#4719,1.);
#4719 = DIRECTION('',(0.,-1.,0.));
#4720 = ORIENTED_EDGE('',*,*,#4635,.F.);
#4721 = PLANE('',#4722);
#4722 = AXIS2_PLACEMENT_3D('',#4723,#4724,#4725);
#4723 = CARTESIAN_POINT('',(33.153392166521,13.,2.));
#4724 = DIRECTION('',(-1.,0.,0.));
#4725 = DIRECTION('',(0.,-1.,0.));
#4726 = ADVANCED_FACE('',(#4727),#4733,.F.);
#4727 = FACE_BOUND('',#4728,.F.);
#4728 = EDGE_LOOP('',(#4729,#4730,#4731,#4732));
#4729 = ORIENTED_EDGE('',*,*,#4715,.T.);
#4730 = ORIENTED_EDGE('',*,*,#4643,.T.);
#4731 = ORIENTED_EDGE('',*,*,#4667,.T.);
#4732 = ORIENTED_EDGE('',*,*,#4691,.T.);
#4733 = PLANE('',#4734);
#4734 = AXIS2_PLACEMENT_3D('',#4735,#4736,#4737);
#4735 = CARTESIAN_POINT('',(33.453392166521,-6.4420747E-10,-8.5));
#4736 = DIRECTION('',(0.,0.,1.));
#4737 = DIRECTION('',(1.,0.,0.));
#4738 = ADVANCED_FACE('',(#4739),#4764,.T.);
#4739 = FACE_BOUND('',#4740,.T.);
#4740 = EDGE_LOOP('',(#4741,#4742,#4750,#4758));
#4741 = ORIENTED_EDGE('',*,*,#3486,.T.);
#4742 = ORIENTED_EDGE('',*,*,#4743,.T.);
#4743 = EDGE_CURVE('',#3489,#4744,#4746,.T.);
#4744 = VERTEX_POINT('',#4745);
#4745 = CARTESIAN_POINT('',(38.233392166521,12.4,-8.5));
#4746 = LINE('',#4747,#4748);
#4747 = CARTESIAN_POINT('',(38.233392166521,12.4,2.));
#4748 = VECTOR('',#4749,1.);
#4749 = DIRECTION('',(-0.,-0.,-1.));
#4750 = ORIENTED_EDGE('',*,*,#4751,.T.);
#4751 = EDGE_CURVE('',#4744,#4752,#4754,.T.);
#4752 = VERTEX_POINT('',#4753);
#4753 = CARTESIAN_POINT('',(38.833392166521,12.4,-8.5));
#4754 = LINE('',#4755,#4756);
#4755 = CARTESIAN_POINT('',(38.233392166521,12.4,-8.5));
#4756 = VECTOR('',#4757,1.);
#4757 = DIRECTION('',(1.,0.,0.));
#4758 = ORIENTED_EDGE('',*,*,#4759,.F.);
#4759 = EDGE_CURVE('',#3487,#4752,#4760,.T.);
#4760 = LINE('',#4761,#4762);
#4761 = CARTESIAN_POINT('',(38.833392166521,12.4,2.));
#4762 = VECTOR('',#4763,1.);
#4763 = DIRECTION('',(-0.,-0.,-1.));
#4764 = PLANE('',#4765);
#4765 = AXIS2_PLACEMENT_3D('',#4766,#4767,#4768);
#4766 = CARTESIAN_POINT('',(38.233392166521,12.4,2.));
#4767 = DIRECTION('',(0.,-1.,0.));
#4768 = DIRECTION('',(1.,0.,0.));
#4769 = ADVANCED_FACE('',(#4770),#4788,.T.);
#4770 = FACE_BOUND('',#4771,.T.);
#4771 = EDGE_LOOP('',(#4772,#4773,#4774,#4782));
#4772 = ORIENTED_EDGE('',*,*,#3496,.T.);
#4773 = ORIENTED_EDGE('',*,*,#4759,.T.);
#4774 = ORIENTED_EDGE('',*,*,#4775,.T.);
#4775 = EDGE_CURVE('',#4752,#4776,#4778,.T.);
#4776 = VERTEX_POINT('',#4777);
#4777 = CARTESIAN_POINT('',(38.833392166521,13.,-8.5));
#4778 = LINE('',#4779,#4780);
#4779 = CARTESIAN_POINT('',(38.833392166521,12.4,-8.5));
#4780 = VECTOR('',#4781,1.);
#4781 = DIRECTION('',(0.,1.,0.));
#4782 = ORIENTED_EDGE('',*,*,#4783,.F.);
#4783 = EDGE_CURVE('',#3497,#4776,#4784,.T.);
#4784 = LINE('',#4785,#4786);
#4785 = CARTESIAN_POINT('',(38.833392166521,13.,2.));
#4786 = VECTOR('',#4787,1.);
#4787 = DIRECTION('',(-0.,-0.,-1.));
#4788 = PLANE('',#4789);
#4789 = AXIS2_PLACEMENT_3D('',#4790,#4791,#4792);
#4790 = CARTESIAN_POINT('',(38.833392166521,12.4,2.));
#4791 = DIRECTION('',(1.,0.,0.));
#4792 = DIRECTION('',(0.,1.,0.));
#4793 = ADVANCED_FACE('',(#4794),#4812,.T.);
#4794 = FACE_BOUND('',#4795,.T.);
#4795 = EDGE_LOOP('',(#4796,#4797,#4798,#4806));
#4796 = ORIENTED_EDGE('',*,*,#3504,.T.);
#4797 = ORIENTED_EDGE('',*,*,#4783,.T.);
#4798 = ORIENTED_EDGE('',*,*,#4799,.T.);
#4799 = EDGE_CURVE('',#4776,#4800,#4802,.T.);
#4800 = VERTEX_POINT('',#4801);
#4801 = CARTESIAN_POINT('',(38.233392166521,13.,-8.5));
#4802 = LINE('',#4803,#4804);
#4803 = CARTESIAN_POINT('',(38.833392166521,13.,-8.5));
#4804 = VECTOR('',#4805,1.);
#4805 = DIRECTION('',(-1.,0.,0.));
#4806 = ORIENTED_EDGE('',*,*,#4807,.F.);
#4807 = EDGE_CURVE('',#3505,#4800,#4808,.T.);
#4808 = LINE('',#4809,#4810);
#4809 = CARTESIAN_POINT('',(38.233392166521,13.,2.));
#4810 = VECTOR('',#4811,1.);
#4811 = DIRECTION('',(-0.,-0.,-1.));
#4812 = PLANE('',#4813);
#4813 = AXIS2_PLACEMENT_3D('',#4814,#4815,#4816);
#4814 = CARTESIAN_POINT('',(38.833392166521,13.,2.));
#4815 = DIRECTION('',(0.,1.,0.));
#4816 = DIRECTION('',(-1.,0.,0.));
#4817 = ADVANCED_FACE('',(#4818),#4829,.T.);
#4818 = FACE_BOUND('',#4819,.T.);
#4819 = EDGE_LOOP('',(#4820,#4821,#4822,#4828));
#4820 = ORIENTED_EDGE('',*,*,#3512,.T.);
#4821 = ORIENTED_EDGE('',*,*,#4807,.T.);
#4822 = ORIENTED_EDGE('',*,*,#4823,.T.);
#4823 = EDGE_CURVE('',#4800,#4744,#4824,.T.);
#4824 = LINE('',#4825,#4826);
#4825 = CARTESIAN_POINT('',(38.233392166521,13.,-8.5));
#4826 = VECTOR('',#4827,1.);
#4827 = DIRECTION('',(0.,-1.,0.));
#4828 = ORIENTED_EDGE('',*,*,#4743,.F.);
#4829 = PLANE('',#4830);
#4830 = AXIS2_PLACEMENT_3D('',#4831,#4832,#4833);
#4831 = CARTESIAN_POINT('',(38.233392166521,13.,2.));
#4832 = DIRECTION('',(-1.,0.,0.));
#4833 = DIRECTION('',(0.,-1.,0.));
#4834 = ADVANCED_FACE('',(#4835),#4841,.F.);
#4835 = FACE_BOUND('',#4836,.F.);
#4836 = EDGE_LOOP('',(#4837,#4838,#4839,#4840));
#4837 = ORIENTED_EDGE('',*,*,#4823,.T.);
#4838 = ORIENTED_EDGE('',*,*,#4751,.T.);
#4839 = ORIENTED_EDGE('',*,*,#4775,.T.);
#4840 = ORIENTED_EDGE('',*,*,#4799,.T.);
#4841 = PLANE('',#4842);
#4842 = AXIS2_PLACEMENT_3D('',#4843,#4844,#4845);
#4843 = CARTESIAN_POINT('',(38.533392166521,-6.4420747E-10,-8.5));
#4844 = DIRECTION('',(0.,0.,1.));
#4845 = DIRECTION('',(1.,0.,0.));
#4846 = ADVANCED_FACE('',(#4847),#4872,.T.);
#4847 = FACE_BOUND('',#4848,.T.);
#4848 = EDGE_LOOP('',(#4849,#4850,#4858,#4866));
#4849 = ORIENTED_EDGE('',*,*,#3520,.T.);
#4850 = ORIENTED_EDGE('',*,*,#4851,.T.);
#4851 = EDGE_CURVE('',#3523,#4852,#4854,.T.);
#4852 = VERTEX_POINT('',#4853);
#4853 = CARTESIAN_POINT('',(43.313392166521,12.4,-8.5));
#4854 = LINE('',#4855,#4856);
#4855 = CARTESIAN_POINT('',(43.313392166521,12.4,2.));
#4856 = VECTOR('',#4857,1.);
#4857 = DIRECTION('',(-0.,-0.,-1.));
#4858 = ORIENTED_EDGE('',*,*,#4859,.T.);
#4859 = EDGE_CURVE('',#4852,#4860,#4862,.T.);
#4860 = VERTEX_POINT('',#4861);
#4861 = CARTESIAN_POINT('',(43.913392166521,12.4,-8.5));
#4862 = LINE('',#4863,#4864);
#4863 = CARTESIAN_POINT('',(43.313392166521,12.4,-8.5));
#4864 = VECTOR('',#4865,1.);
#4865 = DIRECTION('',(1.,0.,0.));
#4866 = ORIENTED_EDGE('',*,*,#4867,.F.);
#4867 = EDGE_CURVE('',#3521,#4860,#4868,.T.);
#4868 = LINE('',#4869,#4870);
#4869 = CARTESIAN_POINT('',(43.913392166521,12.4,2.));
#4870 = VECTOR('',#4871,1.);
#4871 = DIRECTION('',(-0.,-0.,-1.));
#4872 = PLANE('',#4873);
#4873 = AXIS2_PLACEMENT_3D('',#4874,#4875,#4876);
#4874 = CARTESIAN_POINT('',(43.313392166521,12.4,2.));
#4875 = DIRECTION('',(0.,-1.,0.));
#4876 = DIRECTION('',(1.,0.,0.));
#4877 = ADVANCED_FACE('',(#4878),#4896,.T.);
#4878 = FACE_BOUND('',#4879,.T.);
#4879 = EDGE_LOOP('',(#4880,#4881,#4882,#4890));
#4880 = ORIENTED_EDGE('',*,*,#3530,.T.);
#4881 = ORIENTED_EDGE('',*,*,#4867,.T.);
#4882 = ORIENTED_EDGE('',*,*,#4883,.T.);
#4883 = EDGE_CURVE('',#4860,#4884,#4886,.T.);
#4884 = VERTEX_POINT('',#4885);
#4885 = CARTESIAN_POINT('',(43.913392166521,13.,-8.5));
#4886 = LINE('',#4887,#4888);
#4887 = CARTESIAN_POINT('',(43.913392166521,12.4,-8.5));
#4888 = VECTOR('',#4889,1.);
#4889 = DIRECTION('',(0.,1.,0.));
#4890 = ORIENTED_EDGE('',*,*,#4891,.F.);
#4891 = EDGE_CURVE('',#3531,#4884,#4892,.T.);
#4892 = LINE('',#4893,#4894);
#4893 = CARTESIAN_POINT('',(43.913392166521,13.,2.));
#4894 = VECTOR('',#4895,1.);
#4895 = DIRECTION('',(-0.,-0.,-1.));
#4896 = PLANE('',#4897);
#4897 = AXIS2_PLACEMENT_3D('',#4898,#4899,#4900);
#4898 = CARTESIAN_POINT('',(43.913392166521,12.4,2.));
#4899 = DIRECTION('',(1.,0.,0.));
#4900 = DIRECTION('',(0.,1.,0.));
#4901 = ADVANCED_FACE('',(#4902),#4920,.T.);
#4902 = FACE_BOUND('',#4903,.T.);
#4903 = EDGE_LOOP('',(#4904,#4905,#4906,#4914));
#4904 = ORIENTED_EDGE('',*,*,#3538,.T.);
#4905 = ORIENTED_EDGE('',*,*,#4891,.T.);
#4906 = ORIENTED_EDGE('',*,*,#4907,.T.);
#4907 = EDGE_CURVE('',#4884,#4908,#4910,.T.);
#4908 = VERTEX_POINT('',#4909);
#4909 = CARTESIAN_POINT('',(43.313392166521,13.,-8.5));
#4910 = LINE('',#4911,#4912);
#4911 = CARTESIAN_POINT('',(43.913392166521,13.,-8.5));
#4912 = VECTOR('',#4913,1.);
#4913 = DIRECTION('',(-1.,0.,0.));
#4914 = ORIENTED_EDGE('',*,*,#4915,.F.);
#4915 = EDGE_CURVE('',#3539,#4908,#4916,.T.);
#4916 = LINE('',#4917,#4918);
#4917 = CARTESIAN_POINT('',(43.313392166521,13.,2.));
#4918 = VECTOR('',#4919,1.);
#4919 = DIRECTION('',(-0.,-0.,-1.));
#4920 = PLANE('',#4921);
#4921 = AXIS2_PLACEMENT_3D('',#4922,#4923,#4924);
#4922 = CARTESIAN_POINT('',(43.913392166521,13.,2.));
#4923 = DIRECTION('',(0.,1.,0.));
#4924 = DIRECTION('',(-1.,0.,0.));
#4925 = ADVANCED_FACE('',(#4926),#4937,.T.);
#4926 = FACE_BOUND('',#4927,.T.);
#4927 = EDGE_LOOP('',(#4928,#4929,#4930,#4936));
#4928 = ORIENTED_EDGE('',*,*,#3546,.T.);
#4929 = ORIENTED_EDGE('',*,*,#4915,.T.);
#4930 = ORIENTED_EDGE('',*,*,#4931,.T.);
#4931 = EDGE_CURVE('',#4908,#4852,#4932,.T.);
#4932 = LINE('',#4933,#4934);
#4933 = CARTESIAN_POINT('',(43.313392166521,13.,-8.5));
#4934 = VECTOR('',#4935,1.);
#4935 = DIRECTION('',(0.,-1.,0.));
#4936 = ORIENTED_EDGE('',*,*,#4851,.F.);
#4937 = PLANE('',#4938);
#4938 = AXIS2_PLACEMENT_3D('',#4939,#4940,#4941);
#4939 = CARTESIAN_POINT('',(43.313392166521,13.,2.));
#4940 = DIRECTION('',(-1.,0.,0.));
#4941 = DIRECTION('',(0.,-1.,0.));
#4942 = ADVANCED_FACE('',(#4943),#4949,.F.);
#4943 = FACE_BOUND('',#4944,.F.);
#4944 = EDGE_LOOP('',(#4945,#4946,#4947,#4948));
#4945 = ORIENTED_EDGE('',*,*,#4931,.T.);
#4946 = ORIENTED_EDGE('',*,*,#4859,.T.);
#4947 = ORIENTED_EDGE('',*,*,#4883,.T.);
#4948 = ORIENTED_EDGE('',*,*,#4907,.T.);
#4949 = PLANE('',#4950);
#4950 = AXIS2_PLACEMENT_3D('',#4951,#4952,#4953);
#4951 = CARTESIAN_POINT('',(43.613392166521,-6.4420747E-10,-8.5));
#4952 = DIRECTION('',(0.,0.,1.));
#4953 = DIRECTION('',(1.,0.,0.));
#4954 = ADVANCED_FACE('',(#4955),#4980,.T.);
#4955 = FACE_BOUND('',#4956,.T.);
#4956 = EDGE_LOOP('',(#4957,#4958,#4966,#4974));
#4957 = ORIENTED_EDGE('',*,*,#3554,.T.);
#4958 = ORIENTED_EDGE('',*,*,#4959,.T.);
#4959 = EDGE_CURVE('',#3557,#4960,#4962,.T.);
#4960 = VERTEX_POINT('',#4961);
#4961 = CARTESIAN_POINT('',(48.393392166521,12.4,-8.5));
#4962 = LINE('',#4963,#4964);
#4963 = CARTESIAN_POINT('',(48.393392166521,12.4,2.));
#4964 = VECTOR('',#4965,1.);
#4965 = DIRECTION('',(-0.,-0.,-1.));
#4966 = ORIENTED_EDGE('',*,*,#4967,.T.);
#4967 = EDGE_CURVE('',#4960,#4968,#4970,.T.);
#4968 = VERTEX_POINT('',#4969);
#4969 = CARTESIAN_POINT('',(48.993392166521,12.4,-8.5));
#4970 = LINE('',#4971,#4972);
#4971 = CARTESIAN_POINT('',(48.393392166521,12.4,-8.5));
#4972 = VECTOR('',#4973,1.);
#4973 = DIRECTION('',(1.,0.,0.));
#4974 = ORIENTED_EDGE('',*,*,#4975,.F.);
#4975 = EDGE_CURVE('',#3555,#4968,#4976,.T.);
#4976 = LINE('',#4977,#4978);
#4977 = CARTESIAN_POINT('',(48.993392166521,12.4,2.));
#4978 = VECTOR('',#4979,1.);
#4979 = DIRECTION('',(-0.,-0.,-1.));
#4980 = PLANE('',#4981);
#4981 = AXIS2_PLACEMENT_3D('',#4982,#4983,#4984);
#4982 = CARTESIAN_POINT('',(48.393392166521,12.4,2.));
#4983 = DIRECTION('',(0.,-1.,0.));
#4984 = DIRECTION('',(1.,0.,0.));
#4985 = ADVANCED_FACE('',(#4986),#5004,.T.);
#4986 = FACE_BOUND('',#4987,.T.);
#4987 = EDGE_LOOP('',(#4988,#4989,#4990,#4998));
#4988 = ORIENTED_EDGE('',*,*,#3564,.T.);
#4989 = ORIENTED_EDGE('',*,*,#4975,.T.);
#4990 = ORIENTED_EDGE('',*,*,#4991,.T.);
#4991 = EDGE_CURVE('',#4968,#4992,#4994,.T.);
#4992 = VERTEX_POINT('',#4993);
#4993 = CARTESIAN_POINT('',(48.993392166521,13.,-8.5));
#4994 = LINE('',#4995,#4996);
#4995 = CARTESIAN_POINT('',(48.993392166521,12.4,-8.5));
#4996 = VECTOR('',#4997,1.);
#4997 = DIRECTION('',(0.,1.,0.));
#4998 = ORIENTED_EDGE('',*,*,#4999,.F.);
#4999 = EDGE_CURVE('',#3565,#4992,#5000,.T.);
#5000 = LINE('',#5001,#5002);
#5001 = CARTESIAN_POINT('',(48.993392166521,13.,2.));
#5002 = VECTOR('',#5003,1.);
#5003 = DIRECTION('',(-0.,-0.,-1.));
#5004 = PLANE('',#5005);
#5005 = AXIS2_PLACEMENT_3D('',#5006,#5007,#5008);
#5006 = CARTESIAN_POINT('',(48.993392166521,12.4,2.));
#5007 = DIRECTION('',(1.,0.,0.));
#5008 = DIRECTION('',(0.,1.,0.));
#5009 = ADVANCED_FACE('',(#5010),#5028,.T.);
#5010 = FACE_BOUND('',#5011,.T.);
#5011 = EDGE_LOOP('',(#5012,#5013,#5014,#5022));
#5012 = ORIENTED_EDGE('',*,*,#3572,.T.);
#5013 = ORIENTED_EDGE('',*,*,#4999,.T.);
#5014 = ORIENTED_EDGE('',*,*,#5015,.T.);
#5015 = EDGE_CURVE('',#4992,#5016,#5018,.T.);
#5016 = VERTEX_POINT('',#5017);
#5017 = CARTESIAN_POINT('',(48.393392166521,13.,-8.5));
#5018 = LINE('',#5019,#5020);
#5019 = CARTESIAN_POINT('',(48.993392166521,13.,-8.5));
#5020 = VECTOR('',#5021,1.);
#5021 = DIRECTION('',(-1.,0.,0.));
#5022 = ORIENTED_EDGE('',*,*,#5023,.F.);
#5023 = EDGE_CURVE('',#3573,#5016,#5024,.T.);
#5024 = LINE('',#5025,#5026);
#5025 = CARTESIAN_POINT('',(48.393392166521,13.,2.));
#5026 = VECTOR('',#5027,1.);
#5027 = DIRECTION('',(-0.,-0.,-1.));
#5028 = PLANE('',#5029);
#5029 = AXIS2_PLACEMENT_3D('',#5030,#5031,#5032);
#5030 = CARTESIAN_POINT('',(48.993392166521,13.,2.));
#5031 = DIRECTION('',(0.,1.,0.));
#5032 = DIRECTION('',(-1.,0.,0.));
#5033 = ADVANCED_FACE('',(#5034),#5045,.T.);
#5034 = FACE_BOUND('',#5035,.T.);
#5035 = EDGE_LOOP('',(#5036,#5037,#5038,#5044));
#5036 = ORIENTED_EDGE('',*,*,#3580,.T.);
#5037 = ORIENTED_EDGE('',*,*,#5023,.T.);
#5038 = ORIENTED_EDGE('',*,*,#5039,.T.);
#5039 = EDGE_CURVE('',#5016,#4960,#5040,.T.);
#5040 = LINE('',#5041,#5042);
#5041 = CARTESIAN_POINT('',(48.393392166521,13.,-8.5));
#5042 = VECTOR('',#5043,1.);
#5043 = DIRECTION('',(0.,-1.,0.));
#5044 = ORIENTED_EDGE('',*,*,#4959,.F.);
#5045 = PLANE('',#5046);
#5046 = AXIS2_PLACEMENT_3D('',#5047,#5048,#5049);
#5047 = CARTESIAN_POINT('',(48.393392166521,13.,2.));
#5048 = DIRECTION('',(-1.,0.,0.));
#5049 = DIRECTION('',(0.,-1.,0.));
#5050 = ADVANCED_FACE('',(#5051),#5057,.F.);
#5051 = FACE_BOUND('',#5052,.F.);
#5052 = EDGE_LOOP('',(#5053,#5054,#5055,#5056));
#5053 = ORIENTED_EDGE('',*,*,#5039,.T.);
#5054 = ORIENTED_EDGE('',*,*,#4967,.T.);
#5055 = ORIENTED_EDGE('',*,*,#4991,.T.);
#5056 = ORIENTED_EDGE('',*,*,#5015,.T.);
#5057 = PLANE('',#5058);
#5058 = AXIS2_PLACEMENT_3D('',#5059,#5060,#5061);
#5059 = CARTESIAN_POINT('',(48.693392166521,-6.4420747E-10,-8.5));
#5060 = DIRECTION('',(0.,0.,1.));
#5061 = DIRECTION('',(1.,0.,0.));
#5062 = ADVANCED_FACE('',(#5063),#5088,.T.);
#5063 = FACE_BOUND('',#5064,.T.);
#5064 = EDGE_LOOP('',(#5065,#5066,#5074,#5082));
#5065 = ORIENTED_EDGE('',*,*,#3588,.T.);
#5066 = ORIENTED_EDGE('',*,*,#5067,.T.);
#5067 = EDGE_CURVE('',#3591,#5068,#5070,.T.);
#5068 = VERTEX_POINT('',#5069);
#5069 = CARTESIAN_POINT('',(53.473392166521,12.4,-8.5));
#5070 = LINE('',#5071,#5072);
#5071 = CARTESIAN_POINT('',(53.473392166521,12.4,2.));
#5072 = VECTOR('',#5073,1.);
#5073 = DIRECTION('',(-0.,-0.,-1.));
#5074 = ORIENTED_EDGE('',*,*,#5075,.T.);
#5075 = EDGE_CURVE('',#5068,#5076,#5078,.T.);
#5076 = VERTEX_POINT('',#5077);
#5077 = CARTESIAN_POINT('',(54.073392166521,12.4,-8.5));
#5078 = LINE('',#5079,#5080);
#5079 = CARTESIAN_POINT('',(53.473392166521,12.4,-8.5));
#5080 = VECTOR('',#5081,1.);
#5081 = DIRECTION('',(1.,0.,0.));
#5082 = ORIENTED_EDGE('',*,*,#5083,.F.);
#5083 = EDGE_CURVE('',#3589,#5076,#5084,.T.);
#5084 = LINE('',#5085,#5086);
#5085 = CARTESIAN_POINT('',(54.073392166521,12.4,2.));
#5086 = VECTOR('',#5087,1.);
#5087 = DIRECTION('',(-0.,-0.,-1.));
#5088 = PLANE('',#5089);
#5089 = AXIS2_PLACEMENT_3D('',#5090,#5091,#5092);
#5090 = CARTESIAN_POINT('',(53.473392166521,12.4,2.));
#5091 = DIRECTION('',(0.,-1.,0.));
#5092 = DIRECTION('',(1.,0.,0.));
#5093 = ADVANCED_FACE('',(#5094),#5112,.T.);
#5094 = FACE_BOUND('',#5095,.T.);
#5095 = EDGE_LOOP('',(#5096,#5097,#5098,#5106));
#5096 = ORIENTED_EDGE('',*,*,#3598,.T.);
#5097 = ORIENTED_EDGE('',*,*,#5083,.T.);
#5098 = ORIENTED_EDGE('',*,*,#5099,.T.);
#5099 = EDGE_CURVE('',#5076,#5100,#5102,.T.);
#5100 = VERTEX_POINT('',#5101);
#5101 = CARTESIAN_POINT('',(54.073392166521,13.,-8.5));
#5102 = LINE('',#5103,#5104);
#5103 = CARTESIAN_POINT('',(54.073392166521,12.4,-8.5));
#5104 = VECTOR('',#5105,1.);
#5105 = DIRECTION('',(0.,1.,0.));
#5106 = ORIENTED_EDGE('',*,*,#5107,.F.);
#5107 = EDGE_CURVE('',#3599,#5100,#5108,.T.);
#5108 = LINE('',#5109,#5110);
#5109 = CARTESIAN_POINT('',(54.073392166521,13.,2.));
#5110 = VECTOR('',#5111,1.);
#5111 = DIRECTION('',(-0.,-0.,-1.));
#5112 = PLANE('',#5113);
#5113 = AXIS2_PLACEMENT_3D('',#5114,#5115,#5116);
#5114 = CARTESIAN_POINT('',(54.073392166521,12.4,2.));
#5115 = DIRECTION('',(1.,0.,0.));
#5116 = DIRECTION('',(0.,1.,0.));
#5117 = ADVANCED_FACE('',(#5118),#5136,.T.);
#5118 = FACE_BOUND('',#5119,.T.);
#5119 = EDGE_LOOP('',(#5120,#5121,#5122,#5130));
#5120 = ORIENTED_EDGE('',*,*,#3606,.T.);
#5121 = ORIENTED_EDGE('',*,*,#5107,.T.);
#5122 = ORIENTED_EDGE('',*,*,#5123,.T.);
#5123 = EDGE_CURVE('',#5100,#5124,#5126,.T.);
#5124 = VERTEX_POINT('',#5125);
#5125 = CARTESIAN_POINT('',(53.473392166521,13.,-8.5));
#5126 = LINE('',#5127,#5128);
#5127 = CARTESIAN_POINT('',(54.073392166521,13.,-8.5));
#5128 = VECTOR('',#5129,1.);
#5129 = DIRECTION('',(-1.,0.,0.));
#5130 = ORIENTED_EDGE('',*,*,#5131,.F.);
#5131 = EDGE_CURVE('',#3607,#5124,#5132,.T.);
#5132 = LINE('',#5133,#5134);
#5133 = CARTESIAN_POINT('',(53.473392166521,13.,2.));
#5134 = VECTOR('',#5135,1.);
#5135 = DIRECTION('',(-0.,-0.,-1.));
#5136 = PLANE('',#5137);
#5137 = AXIS2_PLACEMENT_3D('',#5138,#5139,#5140);
#5138 = CARTESIAN_POINT('',(54.073392166521,13.,2.));
#5139 = DIRECTION('',(0.,1.,0.));
#5140 = DIRECTION('',(-1.,0.,0.));
#5141 = ADVANCED_FACE('',(#5142),#5153,.T.);
#5142 = FACE_BOUND('',#5143,.T.);
#5143 = EDGE_LOOP('',(#5144,#5145,#5146,#5152));
#5144 = ORIENTED_EDGE('',*,*,#3614,.T.);
#5145 = ORIENTED_EDGE('',*,*,#5131,.T.);
#5146 = ORIENTED_EDGE('',*,*,#5147,.T.);
#5147 = EDGE_CURVE('',#5124,#5068,#5148,.T.);
#5148 = LINE('',#5149,#5150);
#5149 = CARTESIAN_POINT('',(53.473392166521,13.,-8.5));
#5150 = VECTOR('',#5151,1.);
#5151 = DIRECTION('',(0.,-1.,0.));
#5152 = ORIENTED_EDGE('',*,*,#5067,.F.);
#5153 = PLANE('',#5154);
#5154 = AXIS2_PLACEMENT_3D('',#5155,#5156,#5157);
#5155 = CARTESIAN_POINT('',(53.473392166521,13.,2.));
#5156 = DIRECTION('',(-1.,0.,0.));
#5157 = DIRECTION('',(0.,-1.,0.));
#5158 = ADVANCED_FACE('',(#5159),#5165,.F.);
#5159 = FACE_BOUND('',#5160,.F.);
#5160 = EDGE_LOOP('',(#5161,#5162,#5163,#5164));
#5161 = ORIENTED_EDGE('',*,*,#5147,.T.);
#5162 = ORIENTED_EDGE('',*,*,#5075,.T.);
#5163 = ORIENTED_EDGE('',*,*,#5099,.T.);
#5164 = ORIENTED_EDGE('',*,*,#5123,.T.);
#5165 = PLANE('',#5166);
#5166 = AXIS2_PLACEMENT_3D('',#5167,#5168,#5169);
#5167 = CARTESIAN_POINT('',(53.773392166521,-6.4420747E-10,-8.5));
#5168 = DIRECTION('',(0.,0.,1.));
#5169 = DIRECTION('',(1.,0.,0.));
#5170 = ADVANCED_FACE('',(#5171),#5196,.T.);
#5171 = FACE_BOUND('',#5172,.T.);
#5172 = EDGE_LOOP('',(#5173,#5174,#5182,#5190));
#5173 = ORIENTED_EDGE('',*,*,#3622,.T.);
#5174 = ORIENTED_EDGE('',*,*,#5175,.T.);
#5175 = EDGE_CURVE('',#3625,#5176,#5178,.T.);
#5176 = VERTEX_POINT('',#5177);
#5177 = CARTESIAN_POINT('',(61.093392166521,12.4,-8.5));
#5178 = LINE('',#5179,#5180);
#5179 = CARTESIAN_POINT('',(61.093392166521,12.4,2.));
#5180 = VECTOR('',#5181,1.);
#5181 = DIRECTION('',(-0.,-0.,-1.));
#5182 = ORIENTED_EDGE('',*,*,#5183,.T.);
#5183 = EDGE_CURVE('',#5176,#5184,#5186,.T.);
#5184 = VERTEX_POINT('',#5185);
#5185 = CARTESIAN_POINT('',(61.693392166521,12.4,-8.5));
#5186 = LINE('',#5187,#5188);
#5187 = CARTESIAN_POINT('',(61.093392166521,12.4,-8.5));
#5188 = VECTOR('',#5189,1.);
#5189 = DIRECTION('',(1.,0.,0.));
#5190 = ORIENTED_EDGE('',*,*,#5191,.F.);
#5191 = EDGE_CURVE('',#3623,#5184,#5192,.T.);
#5192 = LINE('',#5193,#5194);
#5193 = CARTESIAN_POINT('',(61.693392166521,12.4,2.));
#5194 = VECTOR('',#5195,1.);
#5195 = DIRECTION('',(-0.,-0.,-1.));
#5196 = PLANE('',#5197);
#5197 = AXIS2_PLACEMENT_3D('',#5198,#5199,#5200);
#5198 = CARTESIAN_POINT('',(61.093392166521,12.4,2.));
#5199 = DIRECTION('',(0.,-1.,0.));
#5200 = DIRECTION('',(1.,0.,0.));
#5201 = ADVANCED_FACE('',(#5202),#5220,.T.);
#5202 = FACE_BOUND('',#5203,.T.);
#5203 = EDGE_LOOP('',(#5204,#5205,#5206,#5214));
#5204 = ORIENTED_EDGE('',*,*,#3632,.T.);
#5205 = ORIENTED_EDGE('',*,*,#5191,.T.);
#5206 = ORIENTED_EDGE('',*,*,#5207,.T.);
#5207 = EDGE_CURVE('',#5184,#5208,#5210,.T.);
#5208 = VERTEX_POINT('',#5209);
#5209 = CARTESIAN_POINT('',(61.693392166521,13.,-8.5));
#5210 = LINE('',#5211,#5212);
#5211 = CARTESIAN_POINT('',(61.693392166521,12.4,-8.5));
#5212 = VECTOR('',#5213,1.);
#5213 = DIRECTION('',(0.,1.,0.));
#5214 = ORIENTED_EDGE('',*,*,#5215,.F.);
#5215 = EDGE_CURVE('',#3633,#5208,#5216,.T.);
#5216 = LINE('',#5217,#5218);
#5217 = CARTESIAN_POINT('',(61.693392166521,13.,2.));
#5218 = VECTOR('',#5219,1.);
#5219 = DIRECTION('',(-0.,-0.,-1.));
#5220 = PLANE('',#5221);
#5221 = AXIS2_PLACEMENT_3D('',#5222,#5223,#5224);
#5222 = CARTESIAN_POINT('',(61.693392166521,12.4,2.));
#5223 = DIRECTION('',(1.,0.,0.));
#5224 = DIRECTION('',(0.,1.,0.));
#5225 = ADVANCED_FACE('',(#5226),#5244,.T.);
#5226 = FACE_BOUND('',#5227,.T.);
#5227 = EDGE_LOOP('',(#5228,#5229,#5230,#5238));
#5228 = ORIENTED_EDGE('',*,*,#3640,.T.);
#5229 = ORIENTED_EDGE('',*,*,#5215,.T.);
#5230 = ORIENTED_EDGE('',*,*,#5231,.T.);
#5231 = EDGE_CURVE('',#5208,#5232,#5234,.T.);
#5232 = VERTEX_POINT('',#5233);
#5233 = CARTESIAN_POINT('',(61.093392166521,13.,-8.5));
#5234 = LINE('',#5235,#5236);
#5235 = CARTESIAN_POINT('',(61.693392166521,13.,-8.5));
#5236 = VECTOR('',#5237,1.);
#5237 = DIRECTION('',(-1.,0.,0.));
#5238 = ORIENTED_EDGE('',*,*,#5239,.F.);
#5239 = EDGE_CURVE('',#3641,#5232,#5240,.T.);
#5240 = LINE('',#5241,#5242);
#5241 = CARTESIAN_POINT('',(61.093392166521,13.,2.));
#5242 = VECTOR('',#5243,1.);
#5243 = DIRECTION('',(-0.,-0.,-1.));
#5244 = PLANE('',#5245);
#5245 = AXIS2_PLACEMENT_3D('',#5246,#5247,#5248);
#5246 = CARTESIAN_POINT('',(61.693392166521,13.,2.));
#5247 = DIRECTION('',(0.,1.,0.));
#5248 = DIRECTION('',(-1.,0.,0.));
#5249 = ADVANCED_FACE('',(#5250),#5261,.T.);
#5250 = FACE_BOUND('',#5251,.T.);
#5251 = EDGE_LOOP('',(#5252,#5253,#5254,#5260));
#5252 = ORIENTED_EDGE('',*,*,#3648,.T.);
#5253 = ORIENTED_EDGE('',*,*,#5239,.T.);
#5254 = ORIENTED_EDGE('',*,*,#5255,.T.);
#5255 = EDGE_CURVE('',#5232,#5176,#5256,.T.);
#5256 = LINE('',#5257,#5258);
#5257 = CARTESIAN_POINT('',(61.093392166521,13.,-8.5));
#5258 = VECTOR('',#5259,1.);
#5259 = DIRECTION('',(0.,-1.,0.));
#5260 = ORIENTED_EDGE('',*,*,#5175,.F.);
#5261 = PLANE('',#5262);
#5262 = AXIS2_PLACEMENT_3D('',#5263,#5264,#5265);
#5263 = CARTESIAN_POINT('',(61.093392166521,13.,2.));
#5264 = DIRECTION('',(-1.,0.,0.));
#5265 = DIRECTION('',(0.,-1.,0.));
#5266 = ADVANCED_FACE('',(#5267),#5273,.F.);
#5267 = FACE_BOUND('',#5268,.F.);
#5268 = EDGE_LOOP('',(#5269,#5270,#5271,#5272));
#5269 = ORIENTED_EDGE('',*,*,#5255,.T.);
#5270 = ORIENTED_EDGE('',*,*,#5183,.T.);
#5271 = ORIENTED_EDGE('',*,*,#5207,.T.);
#5272 = ORIENTED_EDGE('',*,*,#5231,.T.);
#5273 = PLANE('',#5274);
#5274 = AXIS2_PLACEMENT_3D('',#5275,#5276,#5277);
#5275 = CARTESIAN_POINT('',(61.393392166521,-6.4420747E-10,-8.5));
#5276 = DIRECTION('',(0.,0.,1.));
#5277 = DIRECTION('',(1.,0.,0.));
#5278 = MANIFOLD_SOLID_BREP('',#5279);
#5279 = CLOSED_SHELL('',(#5280,#5320,#5861,#5892,#5923,#5954,#5971,#5988
    ,#6000,#6031,#6055,#6079,#6096,#6108,#6139,#6163,#6187,#6204,#6216,
    #6247,#6271,#6295,#6312,#6324,#6355,#6379,#6403,#6420,#6432,#6463,
    #6487,#6511,#6528,#6540,#6571,#6595,#6619,#6636,#6648,#6679,#6703,
    #6727,#6744,#6756,#6787,#6811,#6835,#6852,#6864,#6895,#6919,#6943,
    #6960,#6972,#7003,#7027,#7051,#7068,#7080,#7111,#7135,#7159,#7176,
    #7188,#7219,#7243,#7267,#7284,#7296,#7327,#7351,#7375,#7392,#7404,
    #7435,#7459,#7483,#7500,#7512,#7529,#7546,#8068,#8099,#8123,#8147,
    #8164,#8176,#8207,#8231,#8255,#8272,#8284,#8315,#8339,#8363,#8380,
    #8392,#8423,#8447,#8471,#8488,#8500,#8531,#8555,#8579,#8596,#8608,
    #8639,#8663,#8687,#8704,#8716,#8747,#8771,#8795,#8812,#8824,#8855,
    #8879,#8903,#8920,#8932,#8963,#8987,#9011,#9028,#9040,#9071,#9095,
    #9119,#9136,#9148,#9179,#9203,#9227,#9244,#9256,#9287,#9311,#9335,
    #9352,#9364,#9395,#9419,#9443,#9460,#9472,#9503,#9527,#9551,#9568,
    #9580,#9611,#9635,#9659,#9676));
#5280 = ADVANCED_FACE('',(#5281),#5315,.T.);
#5281 = FACE_BOUND('',#5282,.T.);
#5282 = EDGE_LOOP('',(#5283,#5293,#5301,#5309));
#5283 = ORIENTED_EDGE('',*,*,#5284,.T.);
#5284 = EDGE_CURVE('',#5285,#5287,#5289,.T.);
#5285 = VERTEX_POINT('',#5286);
#5286 = CARTESIAN_POINT('',(62.663392166521,-13.97,0.));
#5287 = VERTEX_POINT('',#5288);
#5288 = CARTESIAN_POINT('',(62.663392166521,-13.97,-2.2));
#5289 = LINE('',#5290,#5291);
#5290 = CARTESIAN_POINT('',(62.663392166521,-13.97,0.));
#5291 = VECTOR('',#5292,1.);
#5292 = DIRECTION('',(-0.,-0.,-1.));
#5293 = ORIENTED_EDGE('',*,*,#5294,.T.);
#5294 = EDGE_CURVE('',#5287,#5295,#5297,.T.);
#5295 = VERTEX_POINT('',#5296);
#5296 = CARTESIAN_POINT('',(62.663392166521,-11.43,-2.2));
#5297 = LINE('',#5298,#5299);
#5298 = CARTESIAN_POINT('',(62.663392166521,-13.97,-2.2));
#5299 = VECTOR('',#5300,1.);
#5300 = DIRECTION('',(0.,1.,0.));
#5301 = ORIENTED_EDGE('',*,*,#5302,.F.);
#5302 = EDGE_CURVE('',#5303,#5295,#5305,.T.);
#5303 = VERTEX_POINT('',#5304);
#5304 = CARTESIAN_POINT('',(62.663392166521,-11.43,0.));
#5305 = LINE('',#5306,#5307);
#5306 = CARTESIAN_POINT('',(62.663392166521,-11.43,0.));
#5307 = VECTOR('',#5308,1.);
#5308 = DIRECTION('',(-0.,-0.,-1.));
#5309 = ORIENTED_EDGE('',*,*,#5310,.F.);
#5310 = EDGE_CURVE('',#5285,#5303,#5311,.T.);
#5311 = LINE('',#5312,#5313);
#5312 = CARTESIAN_POINT('',(62.663392166521,-13.97,0.));
#5313 = VECTOR('',#5314,1.);
#5314 = DIRECTION('',(0.,1.,0.));
#5315 = PLANE('',#5316);
#5316 = AXIS2_PLACEMENT_3D('',#5317,#5318,#5319);
#5317 = CARTESIAN_POINT('',(62.663392166521,-13.97,0.));
#5318 = DIRECTION('',(1.,0.,0.));
#5319 = DIRECTION('',(0.,1.,0.));
#5320 = ADVANCED_FACE('',(#5321,#5346,#5380,#5414,#5448,#5482,#5516,
    #5550,#5584,#5618,#5652,#5686,#5720,#5754,#5788,#5822),#5856,.T.);
#5321 = FACE_BOUND('',#5322,.T.);
#5322 = EDGE_LOOP('',(#5323,#5331,#5332,#5340));
#5323 = ORIENTED_EDGE('',*,*,#5324,.T.);
#5324 = EDGE_CURVE('',#5325,#5285,#5327,.T.);
#5325 = VERTEX_POINT('',#5326);
#5326 = CARTESIAN_POINT('',(24.563392166521,-13.97,0.));
#5327 = LINE('',#5328,#5329);
#5328 = CARTESIAN_POINT('',(24.563392166521,-13.97,0.));
#5329 = VECTOR('',#5330,1.);
#5330 = DIRECTION('',(1.,0.,0.));
#5331 = ORIENTED_EDGE('',*,*,#5310,.T.);
#5332 = ORIENTED_EDGE('',*,*,#5333,.T.);
#5333 = EDGE_CURVE('',#5303,#5334,#5336,.T.);
#5334 = VERTEX_POINT('',#5335);
#5335 = CARTESIAN_POINT('',(24.563392166521,-11.43,0.));
#5336 = LINE('',#5337,#5338);
#5337 = CARTESIAN_POINT('',(62.663392166521,-11.43,0.));
#5338 = VECTOR('',#5339,1.);
#5339 = DIRECTION('',(-1.,0.,0.));
#5340 = ORIENTED_EDGE('',*,*,#5341,.T.);
#5341 = EDGE_CURVE('',#5334,#5325,#5342,.T.);
#5342 = LINE('',#5343,#5344);
#5343 = CARTESIAN_POINT('',(24.563392166521,-11.43,0.));
#5344 = VECTOR('',#5345,1.);
#5345 = DIRECTION('',(0.,-1.,0.));
#5346 = FACE_BOUND('',#5347,.T.);
#5347 = EDGE_LOOP('',(#5348,#5358,#5366,#5374));
#5348 = ORIENTED_EDGE('',*,*,#5349,.T.);
#5349 = EDGE_CURVE('',#5350,#5352,#5354,.T.);
#5350 = VERTEX_POINT('',#5351);
#5351 = CARTESIAN_POINT('',(26.133392166551,-13.00000000003,0.));
#5352 = VERTEX_POINT('',#5353);
#5353 = CARTESIAN_POINT('',(25.533392166491,-13.00000000003,0.));
#5354 = LINE('',#5355,#5356);
#5355 = CARTESIAN_POINT('',(25.683392166506,-13.00000000003,0.));
#5356 = VECTOR('',#5357,1.);
#5357 = DIRECTION('',(-1.,0.,0.));
#5358 = ORIENTED_EDGE('',*,*,#5359,.T.);
#5359 = EDGE_CURVE('',#5352,#5360,#5362,.T.);
#5360 = VERTEX_POINT('',#5361);
#5361 = CARTESIAN_POINT('',(25.533392166491,-12.39999999997,0.));
#5362 = LINE('',#5363,#5364);
#5363 = CARTESIAN_POINT('',(25.533392166491,-6.199999999985,0.));
#5364 = VECTOR('',#5365,1.);
#5365 = DIRECTION('',(0.,1.,0.));
#5366 = ORIENTED_EDGE('',*,*,#5367,.T.);
#5367 = EDGE_CURVE('',#5360,#5368,#5370,.T.);
#5368 = VERTEX_POINT('',#5369);
#5369 = CARTESIAN_POINT('',(26.133392166551,-12.39999999997,0.));
#5370 = LINE('',#5371,#5372);
#5371 = CARTESIAN_POINT('',(25.983392166536,-12.39999999997,0.));
#5372 = VECTOR('',#5373,1.);
#5373 = DIRECTION('',(1.,0.,0.));
#5374 = ORIENTED_EDGE('',*,*,#5375,.T.);
#5375 = EDGE_CURVE('',#5368,#5350,#5376,.T.);
#5376 = LINE('',#5377,#5378);
#5377 = CARTESIAN_POINT('',(26.133392166551,-6.500000000015,0.));
#5378 = VECTOR('',#5379,1.);
#5379 = DIRECTION('',(0.,-1.,0.));
#5380 = FACE_BOUND('',#5381,.T.);
#5381 = EDGE_LOOP('',(#5382,#5392,#5400,#5408));
#5382 = ORIENTED_EDGE('',*,*,#5383,.T.);
#5383 = EDGE_CURVE('',#5384,#5386,#5388,.T.);
#5384 = VERTEX_POINT('',#5385);
#5385 = CARTESIAN_POINT('',(31.213392166551,-13.00000000003,0.));
#5386 = VERTEX_POINT('',#5387);
#5387 = CARTESIAN_POINT('',(30.613392166491,-13.00000000003,0.));
#5388 = LINE('',#5389,#5390);
#5389 = CARTESIAN_POINT('',(30.763392166506,-13.00000000003,0.));
#5390 = VECTOR('',#5391,1.);
#5391 = DIRECTION('',(-1.,0.,0.));
#5392 = ORIENTED_EDGE('',*,*,#5393,.T.);
#5393 = EDGE_CURVE('',#5386,#5394,#5396,.T.);
#5394 = VERTEX_POINT('',#5395);
#5395 = CARTESIAN_POINT('',(30.613392166491,-12.39999999997,0.));
#5396 = LINE('',#5397,#5398);
#5397 = CARTESIAN_POINT('',(30.613392166491,-6.199999999985,0.));
#5398 = VECTOR('',#5399,1.);
#5399 = DIRECTION('',(0.,1.,0.));
#5400 = ORIENTED_EDGE('',*,*,#5401,.T.);
#5401 = EDGE_CURVE('',#5394,#5402,#5404,.T.);
#5402 = VERTEX_POINT('',#5403);
#5403 = CARTESIAN_POINT('',(31.213392166551,-12.39999999997,0.));
#5404 = LINE('',#5405,#5406);
#5405 = CARTESIAN_POINT('',(31.063392166536,-12.39999999997,0.));
#5406 = VECTOR('',#5407,1.);
#5407 = DIRECTION('',(1.,0.,0.));
#5408 = ORIENTED_EDGE('',*,*,#5409,.T.);
#5409 = EDGE_CURVE('',#5402,#5384,#5410,.T.);
#5410 = LINE('',#5411,#5412);
#5411 = CARTESIAN_POINT('',(31.213392166551,-6.500000000015,0.));
#5412 = VECTOR('',#5413,1.);
#5413 = DIRECTION('',(0.,-1.,0.));
#5414 = FACE_BOUND('',#5415,.T.);
#5415 = EDGE_LOOP('',(#5416,#5426,#5434,#5442));
#5416 = ORIENTED_EDGE('',*,*,#5417,.T.);
#5417 = EDGE_CURVE('',#5418,#5420,#5422,.T.);
#5418 = VERTEX_POINT('',#5419);
#5419 = CARTESIAN_POINT('',(33.753392166551,-13.00000000003,0.));
#5420 = VERTEX_POINT('',#5421);
#5421 = CARTESIAN_POINT('',(33.153392166491,-13.00000000003,0.));
#5422 = LINE('',#5423,#5424);
#5423 = CARTESIAN_POINT('',(33.303392166506,-13.00000000003,0.));
#5424 = VECTOR('',#5425,1.);
#5425 = DIRECTION('',(-1.,0.,0.));
#5426 = ORIENTED_EDGE('',*,*,#5427,.T.);
#5427 = EDGE_CURVE('',#5420,#5428,#5430,.T.);
#5428 = VERTEX_POINT('',#5429);
#5429 = CARTESIAN_POINT('',(33.153392166491,-12.39999999997,0.));
#5430 = LINE('',#5431,#5432);
#5431 = CARTESIAN_POINT('',(33.153392166491,-6.199999999985,0.));
#5432 = VECTOR('',#5433,1.);
#5433 = DIRECTION('',(0.,1.,0.));
#5434 = ORIENTED_EDGE('',*,*,#5435,.T.);
#5435 = EDGE_CURVE('',#5428,#5436,#5438,.T.);
#5436 = VERTEX_POINT('',#5437);
#5437 = CARTESIAN_POINT('',(33.753392166551,-12.39999999997,0.));
#5438 = LINE('',#5439,#5440);
#5439 = CARTESIAN_POINT('',(33.603392166536,-12.39999999997,0.));
#5440 = VECTOR('',#5441,1.);
#5441 = DIRECTION('',(1.,0.,0.));
#5442 = ORIENTED_EDGE('',*,*,#5443,.T.);
#5443 = EDGE_CURVE('',#5436,#5418,#5444,.T.);
#5444 = LINE('',#5445,#5446);
#5445 = CARTESIAN_POINT('',(33.753392166551,-6.500000000015,0.));
#5446 = VECTOR('',#5447,1.);
#5447 = DIRECTION('',(0.,-1.,0.));
#5448 = FACE_BOUND('',#5449,.T.);
#5449 = EDGE_LOOP('',(#5450,#5460,#5468,#5476));
#5450 = ORIENTED_EDGE('',*,*,#5451,.T.);
#5451 = EDGE_CURVE('',#5452,#5454,#5456,.T.);
#5452 = VERTEX_POINT('',#5453);
#5453 = CARTESIAN_POINT('',(36.293392166551,-13.00000000003,0.));
#5454 = VERTEX_POINT('',#5455);
#5455 = CARTESIAN_POINT('',(35.693392166491,-13.00000000003,0.));
#5456 = LINE('',#5457,#5458);
#5457 = CARTESIAN_POINT('',(35.843392166506,-13.00000000003,0.));
#5458 = VECTOR('',#5459,1.);
#5459 = DIRECTION('',(-1.,0.,0.));
#5460 = ORIENTED_EDGE('',*,*,#5461,.T.);
#5461 = EDGE_CURVE('',#5454,#5462,#5464,.T.);
#5462 = VERTEX_POINT('',#5463);
#5463 = CARTESIAN_POINT('',(35.693392166491,-12.39999999997,0.));
#5464 = LINE('',#5465,#5466);
#5465 = CARTESIAN_POINT('',(35.693392166491,-6.199999999985,0.));
#5466 = VECTOR('',#5467,1.);
#5467 = DIRECTION('',(0.,1.,0.));
#5468 = ORIENTED_EDGE('',*,*,#5469,.T.);
#5469 = EDGE_CURVE('',#5462,#5470,#5472,.T.);
#5470 = VERTEX_POINT('',#5471);
#5471 = CARTESIAN_POINT('',(36.293392166551,-12.39999999997,0.));
#5472 = LINE('',#5473,#5474);
#5473 = CARTESIAN_POINT('',(36.143392166536,-12.39999999997,0.));
#5474 = VECTOR('',#5475,1.);
#5475 = DIRECTION('',(1.,0.,0.));
#5476 = ORIENTED_EDGE('',*,*,#5477,.T.);
#5477 = EDGE_CURVE('',#5470,#5452,#5478,.T.);
#5478 = LINE('',#5479,#5480);
#5479 = CARTESIAN_POINT('',(36.293392166551,-6.500000000015,0.));
#5480 = VECTOR('',#5481,1.);
#5481 = DIRECTION('',(0.,-1.,0.));
#5482 = FACE_BOUND('',#5483,.T.);
#5483 = EDGE_LOOP('',(#5484,#5494,#5502,#5510));
#5484 = ORIENTED_EDGE('',*,*,#5485,.T.);
#5485 = EDGE_CURVE('',#5486,#5488,#5490,.T.);
#5486 = VERTEX_POINT('',#5487);
#5487 = CARTESIAN_POINT('',(38.833392166551,-13.00000000003,0.));
#5488 = VERTEX_POINT('',#5489);
#5489 = CARTESIAN_POINT('',(38.233392166491,-13.00000000003,0.));
#5490 = LINE('',#5491,#5492);
#5491 = CARTESIAN_POINT('',(38.383392166506,-13.00000000003,0.));
#5492 = VECTOR('',#5493,1.);
#5493 = DIRECTION('',(-1.,0.,0.));
#5494 = ORIENTED_EDGE('',*,*,#5495,.T.);
#5495 = EDGE_CURVE('',#5488,#5496,#5498,.T.);
#5496 = VERTEX_POINT('',#5497);
#5497 = CARTESIAN_POINT('',(38.233392166491,-12.39999999997,0.));
#5498 = LINE('',#5499,#5500);
#5499 = CARTESIAN_POINT('',(38.233392166491,-6.199999999985,0.));
#5500 = VECTOR('',#5501,1.);
#5501 = DIRECTION('',(0.,1.,0.));
#5502 = ORIENTED_EDGE('',*,*,#5503,.T.);
#5503 = EDGE_CURVE('',#5496,#5504,#5506,.T.);
#5504 = VERTEX_POINT('',#5505);
#5505 = CARTESIAN_POINT('',(38.833392166551,-12.39999999997,0.));
#5506 = LINE('',#5507,#5508);
#5507 = CARTESIAN_POINT('',(38.683392166536,-12.39999999997,0.));
#5508 = VECTOR('',#5509,1.);
#5509 = DIRECTION('',(1.,0.,0.));
#5510 = ORIENTED_EDGE('',*,*,#5511,.T.);
#5511 = EDGE_CURVE('',#5504,#5486,#5512,.T.);
#5512 = LINE('',#5513,#5514);
#5513 = CARTESIAN_POINT('',(38.833392166551,-6.500000000015,0.));
#5514 = VECTOR('',#5515,1.);
#5515 = DIRECTION('',(0.,-1.,0.));
#5516 = FACE_BOUND('',#5517,.T.);
#5517 = EDGE_LOOP('',(#5518,#5528,#5536,#5544));
#5518 = ORIENTED_EDGE('',*,*,#5519,.T.);
#5519 = EDGE_CURVE('',#5520,#5522,#5524,.T.);
#5520 = VERTEX_POINT('',#5521);
#5521 = CARTESIAN_POINT('',(41.373392166551,-13.00000000003,0.));
#5522 = VERTEX_POINT('',#5523);
#5523 = CARTESIAN_POINT('',(40.773392166491,-13.00000000003,0.));
#5524 = LINE('',#5525,#5526);
#5525 = CARTESIAN_POINT('',(40.923392166506,-13.00000000003,0.));
#5526 = VECTOR('',#5527,1.);
#5527 = DIRECTION('',(-1.,0.,0.));
#5528 = ORIENTED_EDGE('',*,*,#5529,.T.);
#5529 = EDGE_CURVE('',#5522,#5530,#5532,.T.);
#5530 = VERTEX_POINT('',#5531);
#5531 = CARTESIAN_POINT('',(40.773392166491,-12.39999999997,0.));
#5532 = LINE('',#5533,#5534);
#5533 = CARTESIAN_POINT('',(40.773392166491,-6.199999999985,0.));
#5534 = VECTOR('',#5535,1.);
#5535 = DIRECTION('',(0.,1.,0.));
#5536 = ORIENTED_EDGE('',*,*,#5537,.T.);
#5537 = EDGE_CURVE('',#5530,#5538,#5540,.T.);
#5538 = VERTEX_POINT('',#5539);
#5539 = CARTESIAN_POINT('',(41.373392166551,-12.39999999997,0.));
#5540 = LINE('',#5541,#5542);
#5541 = CARTESIAN_POINT('',(41.223392166536,-12.39999999997,0.));
#5542 = VECTOR('',#5543,1.);
#5543 = DIRECTION('',(1.,0.,0.));
#5544 = ORIENTED_EDGE('',*,*,#5545,.T.);
#5545 = EDGE_CURVE('',#5538,#5520,#5546,.T.);
#5546 = LINE('',#5547,#5548);
#5547 = CARTESIAN_POINT('',(41.373392166551,-6.500000000015,0.));
#5548 = VECTOR('',#5549,1.);
#5549 = DIRECTION('',(0.,-1.,0.));
#5550 = FACE_BOUND('',#5551,.T.);
#5551 = EDGE_LOOP('',(#5552,#5562,#5570,#5578));
#5552 = ORIENTED_EDGE('',*,*,#5553,.T.);
#5553 = EDGE_CURVE('',#5554,#5556,#5558,.T.);
#5554 = VERTEX_POINT('',#5555);
#5555 = CARTESIAN_POINT('',(43.913392166551,-13.00000000003,0.));
#5556 = VERTEX_POINT('',#5557);
#5557 = CARTESIAN_POINT('',(43.313392166491,-13.00000000003,0.));
#5558 = LINE('',#5559,#5560);
#5559 = CARTESIAN_POINT('',(43.463392166506,-13.00000000003,0.));
#5560 = VECTOR('',#5561,1.);
#5561 = DIRECTION('',(-1.,0.,0.));
#5562 = ORIENTED_EDGE('',*,*,#5563,.T.);
#5563 = EDGE_CURVE('',#5556,#5564,#5566,.T.);
#5564 = VERTEX_POINT('',#5565);
#5565 = CARTESIAN_POINT('',(43.313392166491,-12.39999999997,0.));
#5566 = LINE('',#5567,#5568);
#5567 = CARTESIAN_POINT('',(43.313392166491,-6.199999999985,0.));
#5568 = VECTOR('',#5569,1.);
#5569 = DIRECTION('',(0.,1.,0.));
#5570 = ORIENTED_EDGE('',*,*,#5571,.T.);
#5571 = EDGE_CURVE('',#5564,#5572,#5574,.T.);
#5572 = VERTEX_POINT('',#5573);
#5573 = CARTESIAN_POINT('',(43.913392166551,-12.39999999997,0.));
#5574 = LINE('',#5575,#5576);
#5575 = CARTESIAN_POINT('',(43.763392166536,-12.39999999997,0.));
#5576 = VECTOR('',#5577,1.);
#5577 = DIRECTION('',(1.,0.,0.));
#5578 = ORIENTED_EDGE('',*,*,#5579,.T.);
#5579 = EDGE_CURVE('',#5572,#5554,#5580,.T.);
#5580 = LINE('',#5581,#5582);
#5581 = CARTESIAN_POINT('',(43.913392166551,-6.500000000015,0.));
#5582 = VECTOR('',#5583,1.);
#5583 = DIRECTION('',(0.,-1.,0.));
#5584 = FACE_BOUND('',#5585,.T.);
#5585 = EDGE_LOOP('',(#5586,#5596,#5604,#5612));
#5586 = ORIENTED_EDGE('',*,*,#5587,.T.);
#5587 = EDGE_CURVE('',#5588,#5590,#5592,.T.);
#5588 = VERTEX_POINT('',#5589);
#5589 = CARTESIAN_POINT('',(46.453392166551,-13.00000000003,0.));
#5590 = VERTEX_POINT('',#5591);
#5591 = CARTESIAN_POINT('',(45.853392166491,-13.00000000003,0.));
#5592 = LINE('',#5593,#5594);
#5593 = CARTESIAN_POINT('',(46.003392166506,-13.00000000003,0.));
#5594 = VECTOR('',#5595,1.);
#5595 = DIRECTION('',(-1.,0.,0.));
#5596 = ORIENTED_EDGE('',*,*,#5597,.T.);
#5597 = EDGE_CURVE('',#5590,#5598,#5600,.T.);
#5598 = VERTEX_POINT('',#5599);
#5599 = CARTESIAN_POINT('',(45.853392166491,-12.39999999997,0.));
#5600 = LINE('',#5601,#5602);
#5601 = CARTESIAN_POINT('',(45.853392166491,-6.199999999985,0.));
#5602 = VECTOR('',#5603,1.);
#5603 = DIRECTION('',(0.,1.,0.));
#5604 = ORIENTED_EDGE('',*,*,#5605,.T.);
#5605 = EDGE_CURVE('',#5598,#5606,#5608,.T.);
#5606 = VERTEX_POINT('',#5607);
#5607 = CARTESIAN_POINT('',(46.453392166551,-12.39999999997,0.));
#5608 = LINE('',#5609,#5610);
#5609 = CARTESIAN_POINT('',(46.303392166536,-12.39999999997,0.));
#5610 = VECTOR('',#5611,1.);
#5611 = DIRECTION('',(1.,0.,0.));
#5612 = ORIENTED_EDGE('',*,*,#5613,.T.);
#5613 = EDGE_CURVE('',#5606,#5588,#5614,.T.);
#5614 = LINE('',#5615,#5616);
#5615 = CARTESIAN_POINT('',(46.453392166551,-6.500000000015,0.));
#5616 = VECTOR('',#5617,1.);
#5617 = DIRECTION('',(0.,-1.,0.));
#5618 = FACE_BOUND('',#5619,.T.);
#5619 = EDGE_LOOP('',(#5620,#5630,#5638,#5646));
#5620 = ORIENTED_EDGE('',*,*,#5621,.T.);
#5621 = EDGE_CURVE('',#5622,#5624,#5626,.T.);
#5622 = VERTEX_POINT('',#5623);
#5623 = CARTESIAN_POINT('',(48.993392166551,-13.00000000003,0.));
#5624 = VERTEX_POINT('',#5625);
#5625 = CARTESIAN_POINT('',(48.393392166491,-13.00000000003,0.));
#5626 = LINE('',#5627,#5628);
#5627 = CARTESIAN_POINT('',(48.543392166506,-13.00000000003,0.));
#5628 = VECTOR('',#5629,1.);
#5629 = DIRECTION('',(-1.,0.,0.));
#5630 = ORIENTED_EDGE('',*,*,#5631,.T.);
#5631 = EDGE_CURVE('',#5624,#5632,#5634,.T.);
#5632 = VERTEX_POINT('',#5633);
#5633 = CARTESIAN_POINT('',(48.393392166491,-12.39999999997,0.));
#5634 = LINE('',#5635,#5636);
#5635 = CARTESIAN_POINT('',(48.393392166491,-6.199999999985,0.));
#5636 = VECTOR('',#5637,1.);
#5637 = DIRECTION('',(0.,1.,0.));
#5638 = ORIENTED_EDGE('',*,*,#5639,.T.);
#5639 = EDGE_CURVE('',#5632,#5640,#5642,.T.);
#5640 = VERTEX_POINT('',#5641);
#5641 = CARTESIAN_POINT('',(48.993392166551,-12.39999999997,0.));
#5642 = LINE('',#5643,#5644);
#5643 = CARTESIAN_POINT('',(48.843392166536,-12.39999999997,0.));
#5644 = VECTOR('',#5645,1.);
#5645 = DIRECTION('',(1.,0.,0.));
#5646 = ORIENTED_EDGE('',*,*,#5647,.T.);
#5647 = EDGE_CURVE('',#5640,#5622,#5648,.T.);
#5648 = LINE('',#5649,#5650);
#5649 = CARTESIAN_POINT('',(48.993392166551,-6.500000000015,0.));
#5650 = VECTOR('',#5651,1.);
#5651 = DIRECTION('',(0.,-1.,0.));
#5652 = FACE_BOUND('',#5653,.T.);
#5653 = EDGE_LOOP('',(#5654,#5664,#5672,#5680));
#5654 = ORIENTED_EDGE('',*,*,#5655,.T.);
#5655 = EDGE_CURVE('',#5656,#5658,#5660,.T.);
#5656 = VERTEX_POINT('',#5657);
#5657 = CARTESIAN_POINT('',(51.533392166551,-13.00000000003,0.));
#5658 = VERTEX_POINT('',#5659);
#5659 = CARTESIAN_POINT('',(50.933392166491,-13.00000000003,0.));
#5660 = LINE('',#5661,#5662);
#5661 = CARTESIAN_POINT('',(51.083392166506,-13.00000000003,0.));
#5662 = VECTOR('',#5663,1.);
#5663 = DIRECTION('',(-1.,0.,0.));
#5664 = ORIENTED_EDGE('',*,*,#5665,.T.);
#5665 = EDGE_CURVE('',#5658,#5666,#5668,.T.);
#5666 = VERTEX_POINT('',#5667);
#5667 = CARTESIAN_POINT('',(50.933392166491,-12.39999999997,0.));
#5668 = LINE('',#5669,#5670);
#5669 = CARTESIAN_POINT('',(50.933392166491,-6.199999999985,0.));
#5670 = VECTOR('',#5671,1.);
#5671 = DIRECTION('',(0.,1.,0.));
#5672 = ORIENTED_EDGE('',*,*,#5673,.T.);
#5673 = EDGE_CURVE('',#5666,#5674,#5676,.T.);
#5674 = VERTEX_POINT('',#5675);
#5675 = CARTESIAN_POINT('',(51.533392166551,-12.39999999997,0.));
#5676 = LINE('',#5677,#5678);
#5677 = CARTESIAN_POINT('',(51.383392166536,-12.39999999997,0.));
#5678 = VECTOR('',#5679,1.);
#5679 = DIRECTION('',(1.,0.,0.));
#5680 = ORIENTED_EDGE('',*,*,#5681,.T.);
#5681 = EDGE_CURVE('',#5674,#5656,#5682,.T.);
#5682 = LINE('',#5683,#5684);
#5683 = CARTESIAN_POINT('',(51.533392166551,-6.500000000015,0.));
#5684 = VECTOR('',#5685,1.);
#5685 = DIRECTION('',(0.,-1.,0.));
#5686 = FACE_BOUND('',#5687,.T.);
#5687 = EDGE_LOOP('',(#5688,#5698,#5706,#5714));
#5688 = ORIENTED_EDGE('',*,*,#5689,.T.);
#5689 = EDGE_CURVE('',#5690,#5692,#5694,.T.);
#5690 = VERTEX_POINT('',#5691);
#5691 = CARTESIAN_POINT('',(54.073392166551,-13.00000000003,0.));
#5692 = VERTEX_POINT('',#5693);
#5693 = CARTESIAN_POINT('',(53.473392166491,-13.00000000003,0.));
#5694 = LINE('',#5695,#5696);
#5695 = CARTESIAN_POINT('',(53.623392166506,-13.00000000003,0.));
#5696 = VECTOR('',#5697,1.);
#5697 = DIRECTION('',(-1.,0.,0.));
#5698 = ORIENTED_EDGE('',*,*,#5699,.T.);
#5699 = EDGE_CURVE('',#5692,#5700,#5702,.T.);
#5700 = VERTEX_POINT('',#5701);
#5701 = CARTESIAN_POINT('',(53.473392166491,-12.39999999997,0.));
#5702 = LINE('',#5703,#5704);
#5703 = CARTESIAN_POINT('',(53.473392166491,-6.199999999985,0.));
#5704 = VECTOR('',#5705,1.);
#5705 = DIRECTION('',(0.,1.,0.));
#5706 = ORIENTED_EDGE('',*,*,#5707,.T.);
#5707 = EDGE_CURVE('',#5700,#5708,#5710,.T.);
#5708 = VERTEX_POINT('',#5709);
#5709 = CARTESIAN_POINT('',(54.073392166551,-12.39999999997,0.));
#5710 = LINE('',#5711,#5712);
#5711 = CARTESIAN_POINT('',(53.923392166536,-12.39999999997,0.));
#5712 = VECTOR('',#5713,1.);
#5713 = DIRECTION('',(1.,0.,0.));
#5714 = ORIENTED_EDGE('',*,*,#5715,.T.);
#5715 = EDGE_CURVE('',#5708,#5690,#5716,.T.);
#5716 = LINE('',#5717,#5718);
#5717 = CARTESIAN_POINT('',(54.073392166551,-6.500000000015,0.));
#5718 = VECTOR('',#5719,1.);
#5719 = DIRECTION('',(0.,-1.,0.));
#5720 = FACE_BOUND('',#5721,.T.);
#5721 = EDGE_LOOP('',(#5722,#5732,#5740,#5748));
#5722 = ORIENTED_EDGE('',*,*,#5723,.T.);
#5723 = EDGE_CURVE('',#5724,#5726,#5728,.T.);
#5724 = VERTEX_POINT('',#5725);
#5725 = CARTESIAN_POINT('',(56.613392166551,-13.00000000003,0.));
#5726 = VERTEX_POINT('',#5727);
#5727 = CARTESIAN_POINT('',(56.013392166491,-13.00000000003,0.));
#5728 = LINE('',#5729,#5730);
#5729 = CARTESIAN_POINT('',(56.163392166506,-13.00000000003,0.));
#5730 = VECTOR('',#5731,1.);
#5731 = DIRECTION('',(-1.,0.,0.));
#5732 = ORIENTED_EDGE('',*,*,#5733,.T.);
#5733 = EDGE_CURVE('',#5726,#5734,#5736,.T.);
#5734 = VERTEX_POINT('',#5735);
#5735 = CARTESIAN_POINT('',(56.013392166491,-12.39999999997,0.));
#5736 = LINE('',#5737,#5738);
#5737 = CARTESIAN_POINT('',(56.013392166491,-6.199999999985,0.));
#5738 = VECTOR('',#5739,1.);
#5739 = DIRECTION('',(0.,1.,0.));
#5740 = ORIENTED_EDGE('',*,*,#5741,.T.);
#5741 = EDGE_CURVE('',#5734,#5742,#5744,.T.);
#5742 = VERTEX_POINT('',#5743);
#5743 = CARTESIAN_POINT('',(56.613392166551,-12.39999999997,0.));
#5744 = LINE('',#5745,#5746);
#5745 = CARTESIAN_POINT('',(56.463392166536,-12.39999999997,0.));
#5746 = VECTOR('',#5747,1.);
#5747 = DIRECTION('',(1.,0.,0.));
#5748 = ORIENTED_EDGE('',*,*,#5749,.T.);
#5749 = EDGE_CURVE('',#5742,#5724,#5750,.T.);
#5750 = LINE('',#5751,#5752);
#5751 = CARTESIAN_POINT('',(56.613392166551,-6.500000000015,0.));
#5752 = VECTOR('',#5753,1.);
#5753 = DIRECTION('',(0.,-1.,0.));
#5754 = FACE_BOUND('',#5755,.T.);
#5755 = EDGE_LOOP('',(#5756,#5766,#5774,#5782));
#5756 = ORIENTED_EDGE('',*,*,#5757,.T.);
#5757 = EDGE_CURVE('',#5758,#5760,#5762,.T.);
#5758 = VERTEX_POINT('',#5759);
#5759 = CARTESIAN_POINT('',(59.153392166551,-13.00000000003,0.));
#5760 = VERTEX_POINT('',#5761);
#5761 = CARTESIAN_POINT('',(58.553392166491,-13.00000000003,0.));
#5762 = LINE('',#5763,#5764);
#5763 = CARTESIAN_POINT('',(58.703392166506,-13.00000000003,0.));
#5764 = VECTOR('',#5765,1.);
#5765 = DIRECTION('',(-1.,0.,0.));
#5766 = ORIENTED_EDGE('',*,*,#5767,.T.);
#5767 = EDGE_CURVE('',#5760,#5768,#5770,.T.);
#5768 = VERTEX_POINT('',#5769);
#5769 = CARTESIAN_POINT('',(58.553392166491,-12.39999999997,0.));
#5770 = LINE('',#5771,#5772);
#5771 = CARTESIAN_POINT('',(58.553392166491,-6.199999999985,0.));
#5772 = VECTOR('',#5773,1.);
#5773 = DIRECTION('',(0.,1.,0.));
#5774 = ORIENTED_EDGE('',*,*,#5775,.T.);
#5775 = EDGE_CURVE('',#5768,#5776,#5778,.T.);
#5776 = VERTEX_POINT('',#5777);
#5777 = CARTESIAN_POINT('',(59.153392166551,-12.39999999997,0.));
#5778 = LINE('',#5779,#5780);
#5779 = CARTESIAN_POINT('',(59.003392166536,-12.39999999997,0.));
#5780 = VECTOR('',#5781,1.);
#5781 = DIRECTION('',(1.,0.,0.));
#5782 = ORIENTED_EDGE('',*,*,#5783,.T.);
#5783 = EDGE_CURVE('',#5776,#5758,#5784,.T.);
#5784 = LINE('',#5785,#5786);
#5785 = CARTESIAN_POINT('',(59.153392166551,-6.500000000015,0.));
#5786 = VECTOR('',#5787,1.);
#5787 = DIRECTION('',(0.,-1.,0.));
#5788 = FACE_BOUND('',#5789,.T.);
#5789 = EDGE_LOOP('',(#5790,#5800,#5808,#5816));
#5790 = ORIENTED_EDGE('',*,*,#5791,.T.);
#5791 = EDGE_CURVE('',#5792,#5794,#5796,.T.);
#5792 = VERTEX_POINT('',#5793);
#5793 = CARTESIAN_POINT('',(61.693392166551,-13.00000000003,0.));
#5794 = VERTEX_POINT('',#5795);
#5795 = CARTESIAN_POINT('',(61.093392166491,-13.00000000003,0.));
#5796 = LINE('',#5797,#5798);
#5797 = CARTESIAN_POINT('',(61.243392166506,-13.00000000003,0.));
#5798 = VECTOR('',#5799,1.);
#5799 = DIRECTION('',(-1.,0.,0.));
#5800 = ORIENTED_EDGE('',*,*,#5801,.T.);
#5801 = EDGE_CURVE('',#5794,#5802,#5804,.T.);
#5802 = VERTEX_POINT('',#5803);
#5803 = CARTESIAN_POINT('',(61.093392166491,-12.39999999997,0.));
#5804 = LINE('',#5805,#5806);
#5805 = CARTESIAN_POINT('',(61.093392166491,-6.199999999985,0.));
#5806 = VECTOR('',#5807,1.);
#5807 = DIRECTION('',(0.,1.,0.));
#5808 = ORIENTED_EDGE('',*,*,#5809,.T.);
#5809 = EDGE_CURVE('',#5802,#5810,#5812,.T.);
#5810 = VERTEX_POINT('',#5811);
#5811 = CARTESIAN_POINT('',(61.693392166551,-12.39999999997,0.));
#5812 = LINE('',#5813,#5814);
#5813 = CARTESIAN_POINT('',(61.543392166536,-12.39999999997,0.));
#5814 = VECTOR('',#5815,1.);
#5815 = DIRECTION('',(1.,0.,0.));
#5816 = ORIENTED_EDGE('',*,*,#5817,.T.);
#5817 = EDGE_CURVE('',#5810,#5792,#5818,.T.);
#5818 = LINE('',#5819,#5820);
#5819 = CARTESIAN_POINT('',(61.693392166551,-6.500000000015,0.));
#5820 = VECTOR('',#5821,1.);
#5821 = DIRECTION('',(0.,-1.,0.));
#5822 = FACE_BOUND('',#5823,.T.);
#5823 = EDGE_LOOP('',(#5824,#5834,#5842,#5850));
#5824 = ORIENTED_EDGE('',*,*,#5825,.T.);
#5825 = EDGE_CURVE('',#5826,#5828,#5830,.T.);
#5826 = VERTEX_POINT('',#5827);
#5827 = CARTESIAN_POINT('',(28.673392166551,-13.00000000003,0.));
#5828 = VERTEX_POINT('',#5829);
#5829 = CARTESIAN_POINT('',(28.073392166491,-13.00000000003,0.));
#5830 = LINE('',#5831,#5832);
#5831 = CARTESIAN_POINT('',(28.223392166506,-13.00000000003,0.));
#5832 = VECTOR('',#5833,1.);
#5833 = DIRECTION('',(-1.,0.,0.));
#5834 = ORIENTED_EDGE('',*,*,#5835,.T.);
#5835 = EDGE_CURVE('',#5828,#5836,#5838,.T.);
#5836 = VERTEX_POINT('',#5837);
#5837 = CARTESIAN_POINT('',(28.073392166491,-12.39999999997,0.));
#5838 = LINE('',#5839,#5840);
#5839 = CARTESIAN_POINT('',(28.073392166491,-6.199999999985,0.));
#5840 = VECTOR('',#5841,1.);
#5841 = DIRECTION('',(0.,1.,0.));
#5842 = ORIENTED_EDGE('',*,*,#5843,.T.);
#5843 = EDGE_CURVE('',#5836,#5844,#5846,.T.);
#5844 = VERTEX_POINT('',#5845);
#5845 = CARTESIAN_POINT('',(28.673392166551,-12.39999999997,0.));
#5846 = LINE('',#5847,#5848);
#5847 = CARTESIAN_POINT('',(28.523392166536,-12.39999999997,0.));
#5848 = VECTOR('',#5849,1.);
#5849 = DIRECTION('',(1.,0.,0.));
#5850 = ORIENTED_EDGE('',*,*,#5851,.T.);
#5851 = EDGE_CURVE('',#5844,#5826,#5852,.T.);
#5852 = LINE('',#5853,#5854);
#5853 = CARTESIAN_POINT('',(28.673392166551,-6.500000000015,0.));
#5854 = VECTOR('',#5855,1.);
#5855 = DIRECTION('',(0.,-1.,0.));
#5856 = PLANE('',#5857);
#5857 = AXIS2_PLACEMENT_3D('',#5858,#5859,#5860);
#5858 = CARTESIAN_POINT('',(43.613392166521,-12.7,0.));
#5859 = DIRECTION('',(0.,0.,1.));
#5860 = DIRECTION('',(1.,0.,-0.));
#5861 = ADVANCED_FACE('',(#5862),#5887,.T.);
#5862 = FACE_BOUND('',#5863,.T.);
#5863 = EDGE_LOOP('',(#5864,#5872,#5880,#5886));
#5864 = ORIENTED_EDGE('',*,*,#5865,.T.);
#5865 = EDGE_CURVE('',#5334,#5866,#5868,.T.);
#5866 = VERTEX_POINT('',#5867);
#5867 = CARTESIAN_POINT('',(24.563392166521,-11.43,-2.2));
#5868 = LINE('',#5869,#5870);
#5869 = CARTESIAN_POINT('',(24.563392166521,-11.43,0.));
#5870 = VECTOR('',#5871,1.);
#5871 = DIRECTION('',(-0.,-0.,-1.));
#5872 = ORIENTED_EDGE('',*,*,#5873,.T.);
#5873 = EDGE_CURVE('',#5866,#5874,#5876,.T.);
#5874 = VERTEX_POINT('',#5875);
#5875 = CARTESIAN_POINT('',(24.563392166521,-13.97,-2.2));
#5876 = LINE('',#5877,#5878);
#5877 = CARTESIAN_POINT('',(24.563392166521,-11.43,-2.2));
#5878 = VECTOR('',#5879,1.);
#5879 = DIRECTION('',(0.,-1.,0.));
#5880 = ORIENTED_EDGE('',*,*,#5881,.F.);
#5881 = EDGE_CURVE('',#5325,#5874,#5882,.T.);
#5882 = LINE('',#5883,#5884);
#5883 = CARTESIAN_POINT('',(24.563392166521,-13.97,0.));
#5884 = VECTOR('',#5885,1.);
#5885 = DIRECTION('',(-0.,-0.,-1.));
#5886 = ORIENTED_EDGE('',*,*,#5341,.F.);
#5887 = PLANE('',#5888);
#5888 = AXIS2_PLACEMENT_3D('',#5889,#5890,#5891);
#5889 = CARTESIAN_POINT('',(24.563392166521,-11.43,0.));
#5890 = DIRECTION('',(-1.,0.,0.));
#5891 = DIRECTION('',(0.,-1.,0.));
#5892 = ADVANCED_FACE('',(#5893),#5918,.T.);
#5893 = FACE_BOUND('',#5894,.T.);
#5894 = EDGE_LOOP('',(#5895,#5905,#5911,#5912));
#5895 = ORIENTED_EDGE('',*,*,#5896,.F.);
#5896 = EDGE_CURVE('',#5897,#5899,#5901,.T.);
#5897 = VERTEX_POINT('',#5898);
#5898 = CARTESIAN_POINT('',(25.533392166491,-12.39999999997,2.));
#5899 = VERTEX_POINT('',#5900);
#5900 = CARTESIAN_POINT('',(25.533392166491,-13.00000000003,2.));
#5901 = LINE('',#5902,#5903);
#5902 = CARTESIAN_POINT('',(25.533392166491,-12.39999999997,2.));
#5903 = VECTOR('',#5904,1.);
#5904 = DIRECTION('',(0.,-1.,0.));
#5905 = ORIENTED_EDGE('',*,*,#5906,.T.);
#5906 = EDGE_CURVE('',#5897,#5360,#5907,.T.);
#5907 = LINE('',#5908,#5909);
#5908 = CARTESIAN_POINT('',(25.533392166491,-12.39999999997,2.));
#5909 = VECTOR('',#5910,1.);
#5910 = DIRECTION('',(-0.,-0.,-1.));
#5911 = ORIENTED_EDGE('',*,*,#5359,.F.);
#5912 = ORIENTED_EDGE('',*,*,#5913,.F.);
#5913 = EDGE_CURVE('',#5899,#5352,#5914,.T.);
#5914 = LINE('',#5915,#5916);
#5915 = CARTESIAN_POINT('',(25.533392166491,-13.00000000003,2.));
#5916 = VECTOR('',#5917,1.);
#5917 = DIRECTION('',(-0.,-0.,-1.));
#5918 = PLANE('',#5919);
#5919 = AXIS2_PLACEMENT_3D('',#5920,#5921,#5922);
#5920 = CARTESIAN_POINT('',(25.533392166491,-12.39999999997,2.));
#5921 = DIRECTION('',(-1.,0.,0.));
#5922 = DIRECTION('',(0.,-1.,0.));
#5923 = ADVANCED_FACE('',(#5924),#5949,.T.);
#5924 = FACE_BOUND('',#5925,.T.);
#5925 = EDGE_LOOP('',(#5926,#5927,#5935,#5943));
#5926 = ORIENTED_EDGE('',*,*,#5896,.T.);
#5927 = ORIENTED_EDGE('',*,*,#5928,.T.);
#5928 = EDGE_CURVE('',#5899,#5929,#5931,.T.);
#5929 = VERTEX_POINT('',#5930);
#5930 = CARTESIAN_POINT('',(26.133392166551,-13.00000000003,2.));
#5931 = LINE('',#5932,#5933);
#5932 = CARTESIAN_POINT('',(25.533392166491,-13.00000000003,2.));
#5933 = VECTOR('',#5934,1.);
#5934 = DIRECTION('',(1.,0.,0.));
#5935 = ORIENTED_EDGE('',*,*,#5936,.T.);
#5936 = EDGE_CURVE('',#5929,#5937,#5939,.T.);
#5937 = VERTEX_POINT('',#5938);
#5938 = CARTESIAN_POINT('',(26.133392166551,-12.39999999997,2.));
#5939 = LINE('',#5940,#5941);
#5940 = CARTESIAN_POINT('',(26.133392166551,-13.00000000003,2.));
#5941 = VECTOR('',#5942,1.);
#5942 = DIRECTION('',(0.,1.,0.));
#5943 = ORIENTED_EDGE('',*,*,#5944,.T.);
#5944 = EDGE_CURVE('',#5937,#5897,#5945,.T.);
#5945 = LINE('',#5946,#5947);
#5946 = CARTESIAN_POINT('',(26.133392166551,-12.39999999997,2.));
#5947 = VECTOR('',#5948,1.);
#5948 = DIRECTION('',(-1.,0.,0.));
#5949 = PLANE('',#5950);
#5950 = AXIS2_PLACEMENT_3D('',#5951,#5952,#5953);
#5951 = CARTESIAN_POINT('',(25.833392166521,-6.4420747E-10,2.));
#5952 = DIRECTION('',(0.,0.,1.));
#5953 = DIRECTION('',(1.,0.,0.));
#5954 = ADVANCED_FACE('',(#5955),#5966,.T.);
#5955 = FACE_BOUND('',#5956,.T.);
#5956 = EDGE_LOOP('',(#5957,#5958,#5959,#5960));
#5957 = ORIENTED_EDGE('',*,*,#5928,.F.);
#5958 = ORIENTED_EDGE('',*,*,#5913,.T.);
#5959 = ORIENTED_EDGE('',*,*,#5349,.F.);
#5960 = ORIENTED_EDGE('',*,*,#5961,.F.);
#5961 = EDGE_CURVE('',#5929,#5350,#5962,.T.);
#5962 = LINE('',#5963,#5964);
#5963 = CARTESIAN_POINT('',(26.133392166551,-13.00000000003,2.));
#5964 = VECTOR('',#5965,1.);
#5965 = DIRECTION('',(-0.,-0.,-1.));
#5966 = PLANE('',#5967);
#5967 = AXIS2_PLACEMENT_3D('',#5968,#5969,#5970);
#5968 = CARTESIAN_POINT('',(25.533392166491,-13.00000000003,2.));
#5969 = DIRECTION('',(0.,-1.,0.));
#5970 = DIRECTION('',(1.,0.,0.));
#5971 = ADVANCED_FACE('',(#5972),#5983,.T.);
#5972 = FACE_BOUND('',#5973,.T.);
#5973 = EDGE_LOOP('',(#5974,#5975,#5981,#5982));
#5974 = ORIENTED_EDGE('',*,*,#5944,.F.);
#5975 = ORIENTED_EDGE('',*,*,#5976,.T.);
#5976 = EDGE_CURVE('',#5937,#5368,#5977,.T.);
#5977 = LINE('',#5978,#5979);
#5978 = CARTESIAN_POINT('',(26.133392166551,-12.39999999997,2.));
#5979 = VECTOR('',#5980,1.);
#5980 = DIRECTION('',(-0.,-0.,-1.));
#5981 = ORIENTED_EDGE('',*,*,#5367,.F.);
#5982 = ORIENTED_EDGE('',*,*,#5906,.F.);
#5983 = PLANE('',#5984);
#5984 = AXIS2_PLACEMENT_3D('',#5985,#5986,#5987);
#5985 = CARTESIAN_POINT('',(26.133392166551,-12.39999999997,2.));
#5986 = DIRECTION('',(0.,1.,0.));
#5987 = DIRECTION('',(-1.,0.,0.));
#5988 = ADVANCED_FACE('',(#5989),#5995,.T.);
#5989 = FACE_BOUND('',#5990,.T.);
#5990 = EDGE_LOOP('',(#5991,#5992,#5993,#5994));
#5991 = ORIENTED_EDGE('',*,*,#5936,.F.);
#5992 = ORIENTED_EDGE('',*,*,#5961,.T.);
#5993 = ORIENTED_EDGE('',*,*,#5375,.F.);
#5994 = ORIENTED_EDGE('',*,*,#5976,.F.);
#5995 = PLANE('',#5996);
#5996 = AXIS2_PLACEMENT_3D('',#5997,#5998,#5999);
#5997 = CARTESIAN_POINT('',(26.133392166551,-13.00000000003,2.));
#5998 = DIRECTION('',(1.,0.,0.));
#5999 = DIRECTION('',(0.,1.,0.));
#6000 = ADVANCED_FACE('',(#6001),#6026,.T.);
#6001 = FACE_BOUND('',#6002,.T.);
#6002 = EDGE_LOOP('',(#6003,#6013,#6019,#6020));
#6003 = ORIENTED_EDGE('',*,*,#6004,.F.);
#6004 = EDGE_CURVE('',#6005,#6007,#6009,.T.);
#6005 = VERTEX_POINT('',#6006);
#6006 = CARTESIAN_POINT('',(30.613392166491,-13.00000000003,2.));
#6007 = VERTEX_POINT('',#6008);
#6008 = CARTESIAN_POINT('',(31.213392166551,-13.00000000003,2.));
#6009 = LINE('',#6010,#6011);
#6010 = CARTESIAN_POINT('',(30.613392166491,-13.00000000003,2.));
#6011 = VECTOR('',#6012,1.);
#6012 = DIRECTION('',(1.,0.,0.));
#6013 = ORIENTED_EDGE('',*,*,#6014,.T.);
#6014 = EDGE_CURVE('',#6005,#5386,#6015,.T.);
#6015 = LINE('',#6016,#6017);
#6016 = CARTESIAN_POINT('',(30.613392166491,-13.00000000003,2.));
#6017 = VECTOR('',#6018,1.);
#6018 = DIRECTION('',(-0.,-0.,-1.));
#6019 = ORIENTED_EDGE('',*,*,#5383,.F.);
#6020 = ORIENTED_EDGE('',*,*,#6021,.F.);
#6021 = EDGE_CURVE('',#6007,#5384,#6022,.T.);
#6022 = LINE('',#6023,#6024);
#6023 = CARTESIAN_POINT('',(31.213392166551,-13.00000000003,2.));
#6024 = VECTOR('',#6025,1.);
#6025 = DIRECTION('',(-0.,-0.,-1.));
#6026 = PLANE('',#6027);
#6027 = AXIS2_PLACEMENT_3D('',#6028,#6029,#6030);
#6028 = CARTESIAN_POINT('',(30.613392166491,-13.00000000003,2.));
#6029 = DIRECTION('',(0.,-1.,0.));
#6030 = DIRECTION('',(1.,0.,0.));
#6031 = ADVANCED_FACE('',(#6032),#6050,.T.);
#6032 = FACE_BOUND('',#6033,.T.);
#6033 = EDGE_LOOP('',(#6034,#6042,#6043,#6044));
#6034 = ORIENTED_EDGE('',*,*,#6035,.F.);
#6035 = EDGE_CURVE('',#6007,#6036,#6038,.T.);
#6036 = VERTEX_POINT('',#6037);
#6037 = CARTESIAN_POINT('',(31.213392166551,-12.39999999997,2.));
#6038 = LINE('',#6039,#6040);
#6039 = CARTESIAN_POINT('',(31.213392166551,-13.00000000003,2.));
#6040 = VECTOR('',#6041,1.);
#6041 = DIRECTION('',(0.,1.,0.));
#6042 = ORIENTED_EDGE('',*,*,#6021,.T.);
#6043 = ORIENTED_EDGE('',*,*,#5409,.F.);
#6044 = ORIENTED_EDGE('',*,*,#6045,.F.);
#6045 = EDGE_CURVE('',#6036,#5402,#6046,.T.);
#6046 = LINE('',#6047,#6048);
#6047 = CARTESIAN_POINT('',(31.213392166551,-12.39999999997,2.));
#6048 = VECTOR('',#6049,1.);
#6049 = DIRECTION('',(-0.,-0.,-1.));
#6050 = PLANE('',#6051);
#6051 = AXIS2_PLACEMENT_3D('',#6052,#6053,#6054);
#6052 = CARTESIAN_POINT('',(31.213392166551,-13.00000000003,2.));
#6053 = DIRECTION('',(1.,0.,0.));
#6054 = DIRECTION('',(0.,1.,0.));
#6055 = ADVANCED_FACE('',(#6056),#6074,.T.);
#6056 = FACE_BOUND('',#6057,.T.);
#6057 = EDGE_LOOP('',(#6058,#6066,#6067,#6068));
#6058 = ORIENTED_EDGE('',*,*,#6059,.F.);
#6059 = EDGE_CURVE('',#6036,#6060,#6062,.T.);
#6060 = VERTEX_POINT('',#6061);
#6061 = CARTESIAN_POINT('',(30.613392166491,-12.39999999997,2.));
#6062 = LINE('',#6063,#6064);
#6063 = CARTESIAN_POINT('',(31.213392166551,-12.39999999997,2.));
#6064 = VECTOR('',#6065,1.);
#6065 = DIRECTION('',(-1.,0.,0.));
#6066 = ORIENTED_EDGE('',*,*,#6045,.T.);
#6067 = ORIENTED_EDGE('',*,*,#5401,.F.);
#6068 = ORIENTED_EDGE('',*,*,#6069,.F.);
#6069 = EDGE_CURVE('',#6060,#5394,#6070,.T.);
#6070 = LINE('',#6071,#6072);
#6071 = CARTESIAN_POINT('',(30.613392166491,-12.39999999997,2.));
#6072 = VECTOR('',#6073,1.);
#6073 = DIRECTION('',(-0.,-0.,-1.));
#6074 = PLANE('',#6075);
#6075 = AXIS2_PLACEMENT_3D('',#6076,#6077,#6078);
#6076 = CARTESIAN_POINT('',(31.213392166551,-12.39999999997,2.));
#6077 = DIRECTION('',(0.,1.,0.));
#6078 = DIRECTION('',(-1.,0.,0.));
#6079 = ADVANCED_FACE('',(#6080),#6091,.T.);
#6080 = FACE_BOUND('',#6081,.T.);
#6081 = EDGE_LOOP('',(#6082,#6088,#6089,#6090));
#6082 = ORIENTED_EDGE('',*,*,#6083,.F.);
#6083 = EDGE_CURVE('',#6060,#6005,#6084,.T.);
#6084 = LINE('',#6085,#6086);
#6085 = CARTESIAN_POINT('',(30.613392166491,-12.39999999997,2.));
#6086 = VECTOR('',#6087,1.);
#6087 = DIRECTION('',(0.,-1.,0.));
#6088 = ORIENTED_EDGE('',*,*,#6069,.T.);
#6089 = ORIENTED_EDGE('',*,*,#5393,.F.);
#6090 = ORIENTED_EDGE('',*,*,#6014,.F.);
#6091 = PLANE('',#6092);
#6092 = AXIS2_PLACEMENT_3D('',#6093,#6094,#6095);
#6093 = CARTESIAN_POINT('',(30.613392166491,-12.39999999997,2.));
#6094 = DIRECTION('',(-1.,0.,0.));
#6095 = DIRECTION('',(0.,-1.,0.));
#6096 = ADVANCED_FACE('',(#6097),#6103,.T.);
#6097 = FACE_BOUND('',#6098,.T.);
#6098 = EDGE_LOOP('',(#6099,#6100,#6101,#6102));
#6099 = ORIENTED_EDGE('',*,*,#6083,.T.);
#6100 = ORIENTED_EDGE('',*,*,#6004,.T.);
#6101 = ORIENTED_EDGE('',*,*,#6035,.T.);
#6102 = ORIENTED_EDGE('',*,*,#6059,.T.);
#6103 = PLANE('',#6104);
#6104 = AXIS2_PLACEMENT_3D('',#6105,#6106,#6107);
#6105 = CARTESIAN_POINT('',(30.913392166521,-6.4420747E-10,2.));
#6106 = DIRECTION('',(0.,0.,1.));
#6107 = DIRECTION('',(1.,0.,0.));
#6108 = ADVANCED_FACE('',(#6109),#6134,.T.);
#6109 = FACE_BOUND('',#6110,.T.);
#6110 = EDGE_LOOP('',(#6111,#6121,#6127,#6128));
#6111 = ORIENTED_EDGE('',*,*,#6112,.F.);
#6112 = EDGE_CURVE('',#6113,#6115,#6117,.T.);
#6113 = VERTEX_POINT('',#6114);
#6114 = CARTESIAN_POINT('',(33.153392166491,-13.00000000003,2.));
#6115 = VERTEX_POINT('',#6116);
#6116 = CARTESIAN_POINT('',(33.753392166551,-13.00000000003,2.));
#6117 = LINE('',#6118,#6119);
#6118 = CARTESIAN_POINT('',(33.153392166491,-13.00000000003,2.));
#6119 = VECTOR('',#6120,1.);
#6120 = DIRECTION('',(1.,0.,0.));
#6121 = ORIENTED_EDGE('',*,*,#6122,.T.);
#6122 = EDGE_CURVE('',#6113,#5420,#6123,.T.);
#6123 = LINE('',#6124,#6125);
#6124 = CARTESIAN_POINT('',(33.153392166491,-13.00000000003,2.));
#6125 = VECTOR('',#6126,1.);
#6126 = DIRECTION('',(-0.,-0.,-1.));
#6127 = ORIENTED_EDGE('',*,*,#5417,.F.);
#6128 = ORIENTED_EDGE('',*,*,#6129,.F.);
#6129 = EDGE_CURVE('',#6115,#5418,#6130,.T.);
#6130 = LINE('',#6131,#6132);
#6131 = CARTESIAN_POINT('',(33.753392166551,-13.00000000003,2.));
#6132 = VECTOR('',#6133,1.);
#6133 = DIRECTION('',(-0.,-0.,-1.));
#6134 = PLANE('',#6135);
#6135 = AXIS2_PLACEMENT_3D('',#6136,#6137,#6138);
#6136 = CARTESIAN_POINT('',(33.153392166491,-13.00000000003,2.));
#6137 = DIRECTION('',(0.,-1.,0.));
#6138 = DIRECTION('',(1.,0.,0.));
#6139 = ADVANCED_FACE('',(#6140),#6158,.T.);
#6140 = FACE_BOUND('',#6141,.T.);
#6141 = EDGE_LOOP('',(#6142,#6150,#6151,#6152));
#6142 = ORIENTED_EDGE('',*,*,#6143,.F.);
#6143 = EDGE_CURVE('',#6115,#6144,#6146,.T.);
#6144 = VERTEX_POINT('',#6145);
#6145 = CARTESIAN_POINT('',(33.753392166551,-12.39999999997,2.));
#6146 = LINE('',#6147,#6148);
#6147 = CARTESIAN_POINT('',(33.753392166551,-13.00000000003,2.));
#6148 = VECTOR('',#6149,1.);
#6149 = DIRECTION('',(0.,1.,0.));
#6150 = ORIENTED_EDGE('',*,*,#6129,.T.);
#6151 = ORIENTED_EDGE('',*,*,#5443,.F.);
#6152 = ORIENTED_EDGE('',*,*,#6153,.F.);
#6153 = EDGE_CURVE('',#6144,#5436,#6154,.T.);
#6154 = LINE('',#6155,#6156);
#6155 = CARTESIAN_POINT('',(33.753392166551,-12.39999999997,2.));
#6156 = VECTOR('',#6157,1.);
#6157 = DIRECTION('',(-0.,-0.,-1.));
#6158 = PLANE('',#6159);
#6159 = AXIS2_PLACEMENT_3D('',#6160,#6161,#6162);
#6160 = CARTESIAN_POINT('',(33.753392166551,-13.00000000003,2.));
#6161 = DIRECTION('',(1.,0.,0.));
#6162 = DIRECTION('',(0.,1.,0.));
#6163 = ADVANCED_FACE('',(#6164),#6182,.T.);
#6164 = FACE_BOUND('',#6165,.T.);
#6165 = EDGE_LOOP('',(#6166,#6174,#6175,#6176));
#6166 = ORIENTED_EDGE('',*,*,#6167,.F.);
#6167 = EDGE_CURVE('',#6144,#6168,#6170,.T.);
#6168 = VERTEX_POINT('',#6169);
#6169 = CARTESIAN_POINT('',(33.153392166491,-12.39999999997,2.));
#6170 = LINE('',#6171,#6172);
#6171 = CARTESIAN_POINT('',(33.753392166551,-12.39999999997,2.));
#6172 = VECTOR('',#6173,1.);
#6173 = DIRECTION('',(-1.,0.,0.));
#6174 = ORIENTED_EDGE('',*,*,#6153,.T.);
#6175 = ORIENTED_EDGE('',*,*,#5435,.F.);
#6176 = ORIENTED_EDGE('',*,*,#6177,.F.);
#6177 = EDGE_CURVE('',#6168,#5428,#6178,.T.);
#6178 = LINE('',#6179,#6180);
#6179 = CARTESIAN_POINT('',(33.153392166491,-12.39999999997,2.));
#6180 = VECTOR('',#6181,1.);
#6181 = DIRECTION('',(-0.,-0.,-1.));
#6182 = PLANE('',#6183);
#6183 = AXIS2_PLACEMENT_3D('',#6184,#6185,#6186);
#6184 = CARTESIAN_POINT('',(33.753392166551,-12.39999999997,2.));
#6185 = DIRECTION('',(0.,1.,0.));
#6186 = DIRECTION('',(-1.,0.,0.));
#6187 = ADVANCED_FACE('',(#6188),#6199,.T.);
#6188 = FACE_BOUND('',#6189,.T.);
#6189 = EDGE_LOOP('',(#6190,#6196,#6197,#6198));
#6190 = ORIENTED_EDGE('',*,*,#6191,.F.);
#6191 = EDGE_CURVE('',#6168,#6113,#6192,.T.);
#6192 = LINE('',#6193,#6194);
#6193 = CARTESIAN_POINT('',(33.153392166491,-12.39999999997,2.));
#6194 = VECTOR('',#6195,1.);
#6195 = DIRECTION('',(0.,-1.,0.));
#6196 = ORIENTED_EDGE('',*,*,#6177,.T.);
#6197 = ORIENTED_EDGE('',*,*,#5427,.F.);
#6198 = ORIENTED_EDGE('',*,*,#6122,.F.);
#6199 = PLANE('',#6200);
#6200 = AXIS2_PLACEMENT_3D('',#6201,#6202,#6203);
#6201 = CARTESIAN_POINT('',(33.153392166491,-12.39999999997,2.));
#6202 = DIRECTION('',(-1.,0.,0.));
#6203 = DIRECTION('',(0.,-1.,0.));
#6204 = ADVANCED_FACE('',(#6205),#6211,.T.);
#6205 = FACE_BOUND('',#6206,.T.);
#6206 = EDGE_LOOP('',(#6207,#6208,#6209,#6210));
#6207 = ORIENTED_EDGE('',*,*,#6191,.T.);
#6208 = ORIENTED_EDGE('',*,*,#6112,.T.);
#6209 = ORIENTED_EDGE('',*,*,#6143,.T.);
#6210 = ORIENTED_EDGE('',*,*,#6167,.T.);
#6211 = PLANE('',#6212);
#6212 = AXIS2_PLACEMENT_3D('',#6213,#6214,#6215);
#6213 = CARTESIAN_POINT('',(33.453392166521,-6.4420747E-10,2.));
#6214 = DIRECTION('',(0.,0.,1.));
#6215 = DIRECTION('',(1.,0.,0.));
#6216 = ADVANCED_FACE('',(#6217),#6242,.T.);
#6217 = FACE_BOUND('',#6218,.T.);
#6218 = EDGE_LOOP('',(#6219,#6229,#6235,#6236));
#6219 = ORIENTED_EDGE('',*,*,#6220,.F.);
#6220 = EDGE_CURVE('',#6221,#6223,#6225,.T.);
#6221 = VERTEX_POINT('',#6222);
#6222 = CARTESIAN_POINT('',(35.693392166491,-13.00000000003,2.));
#6223 = VERTEX_POINT('',#6224);
#6224 = CARTESIAN_POINT('',(36.293392166551,-13.00000000003,2.));
#6225 = LINE('',#6226,#6227);
#6226 = CARTESIAN_POINT('',(35.693392166491,-13.00000000003,2.));
#6227 = VECTOR('',#6228,1.);
#6228 = DIRECTION('',(1.,0.,0.));
#6229 = ORIENTED_EDGE('',*,*,#6230,.T.);
#6230 = EDGE_CURVE('',#6221,#5454,#6231,.T.);
#6231 = LINE('',#6232,#6233);
#6232 = CARTESIAN_POINT('',(35.693392166491,-13.00000000003,2.));
#6233 = VECTOR('',#6234,1.);
#6234 = DIRECTION('',(-0.,-0.,-1.));
#6235 = ORIENTED_EDGE('',*,*,#5451,.F.);
#6236 = ORIENTED_EDGE('',*,*,#6237,.F.);
#6237 = EDGE_CURVE('',#6223,#5452,#6238,.T.);
#6238 = LINE('',#6239,#6240);
#6239 = CARTESIAN_POINT('',(36.293392166551,-13.00000000003,2.));
#6240 = VECTOR('',#6241,1.);
#6241 = DIRECTION('',(-0.,-0.,-1.));
#6242 = PLANE('',#6243);
#6243 = AXIS2_PLACEMENT_3D('',#6244,#6245,#6246);
#6244 = CARTESIAN_POINT('',(35.693392166491,-13.00000000003,2.));
#6245 = DIRECTION('',(0.,-1.,0.));
#6246 = DIRECTION('',(1.,0.,0.));
#6247 = ADVANCED_FACE('',(#6248),#6266,.T.);
#6248 = FACE_BOUND('',#6249,.T.);
#6249 = EDGE_LOOP('',(#6250,#6258,#6259,#6260));
#6250 = ORIENTED_EDGE('',*,*,#6251,.F.);
#6251 = EDGE_CURVE('',#6223,#6252,#6254,.T.);
#6252 = VERTEX_POINT('',#6253);
#6253 = CARTESIAN_POINT('',(36.293392166551,-12.39999999997,2.));
#6254 = LINE('',#6255,#6256);
#6255 = CARTESIAN_POINT('',(36.293392166551,-13.00000000003,2.));
#6256 = VECTOR('',#6257,1.);
#6257 = DIRECTION('',(0.,1.,0.));
#6258 = ORIENTED_EDGE('',*,*,#6237,.T.);
#6259 = ORIENTED_EDGE('',*,*,#5477,.F.);
#6260 = ORIENTED_EDGE('',*,*,#6261,.F.);
#6261 = EDGE_CURVE('',#6252,#5470,#6262,.T.);
#6262 = LINE('',#6263,#6264);
#6263 = CARTESIAN_POINT('',(36.293392166551,-12.39999999997,2.));
#6264 = VECTOR('',#6265,1.);
#6265 = DIRECTION('',(-0.,-0.,-1.));
#6266 = PLANE('',#6267);
#6267 = AXIS2_PLACEMENT_3D('',#6268,#6269,#6270);
#6268 = CARTESIAN_POINT('',(36.293392166551,-13.00000000003,2.));
#6269 = DIRECTION('',(1.,0.,0.));
#6270 = DIRECTION('',(0.,1.,0.));
#6271 = ADVANCED_FACE('',(#6272),#6290,.T.);
#6272 = FACE_BOUND('',#6273,.T.);
#6273 = EDGE_LOOP('',(#6274,#6282,#6283,#6284));
#6274 = ORIENTED_EDGE('',*,*,#6275,.F.);
#6275 = EDGE_CURVE('',#6252,#6276,#6278,.T.);
#6276 = VERTEX_POINT('',#6277);
#6277 = CARTESIAN_POINT('',(35.693392166491,-12.39999999997,2.));
#6278 = LINE('',#6279,#6280);
#6279 = CARTESIAN_POINT('',(36.293392166551,-12.39999999997,2.));
#6280 = VECTOR('',#6281,1.);
#6281 = DIRECTION('',(-1.,0.,0.));
#6282 = ORIENTED_EDGE('',*,*,#6261,.T.);
#6283 = ORIENTED_EDGE('',*,*,#5469,.F.);
#6284 = ORIENTED_EDGE('',*,*,#6285,.F.);
#6285 = EDGE_CURVE('',#6276,#5462,#6286,.T.);
#6286 = LINE('',#6287,#6288);
#6287 = CARTESIAN_POINT('',(35.693392166491,-12.39999999997,2.));
#6288 = VECTOR('',#6289,1.);
#6289 = DIRECTION('',(-0.,-0.,-1.));
#6290 = PLANE('',#6291);
#6291 = AXIS2_PLACEMENT_3D('',#6292,#6293,#6294);
#6292 = CARTESIAN_POINT('',(36.293392166551,-12.39999999997,2.));
#6293 = DIRECTION('',(0.,1.,0.));
#6294 = DIRECTION('',(-1.,0.,0.));
#6295 = ADVANCED_FACE('',(#6296),#6307,.T.);
#6296 = FACE_BOUND('',#6297,.T.);
#6297 = EDGE_LOOP('',(#6298,#6304,#6305,#6306));
#6298 = ORIENTED_EDGE('',*,*,#6299,.F.);
#6299 = EDGE_CURVE('',#6276,#6221,#6300,.T.);
#6300 = LINE('',#6301,#6302);
#6301 = CARTESIAN_POINT('',(35.693392166491,-12.39999999997,2.));
#6302 = VECTOR('',#6303,1.);
#6303 = DIRECTION('',(0.,-1.,0.));
#6304 = ORIENTED_EDGE('',*,*,#6285,.T.);
#6305 = ORIENTED_EDGE('',*,*,#5461,.F.);
#6306 = ORIENTED_EDGE('',*,*,#6230,.F.);
#6307 = PLANE('',#6308);
#6308 = AXIS2_PLACEMENT_3D('',#6309,#6310,#6311);
#6309 = CARTESIAN_POINT('',(35.693392166491,-12.39999999997,2.));
#6310 = DIRECTION('',(-1.,0.,0.));
#6311 = DIRECTION('',(0.,-1.,0.));
#6312 = ADVANCED_FACE('',(#6313),#6319,.T.);
#6313 = FACE_BOUND('',#6314,.T.);
#6314 = EDGE_LOOP('',(#6315,#6316,#6317,#6318));
#6315 = ORIENTED_EDGE('',*,*,#6299,.T.);
#6316 = ORIENTED_EDGE('',*,*,#6220,.T.);
#6317 = ORIENTED_EDGE('',*,*,#6251,.T.);
#6318 = ORIENTED_EDGE('',*,*,#6275,.T.);
#6319 = PLANE('',#6320);
#6320 = AXIS2_PLACEMENT_3D('',#6321,#6322,#6323);
#6321 = CARTESIAN_POINT('',(35.993392166521,-6.4420747E-10,2.));
#6322 = DIRECTION('',(0.,0.,1.));
#6323 = DIRECTION('',(1.,0.,0.));
#6324 = ADVANCED_FACE('',(#6325),#6350,.T.);
#6325 = FACE_BOUND('',#6326,.T.);
#6326 = EDGE_LOOP('',(#6327,#6337,#6343,#6344));
#6327 = ORIENTED_EDGE('',*,*,#6328,.F.);
#6328 = EDGE_CURVE('',#6329,#6331,#6333,.T.);
#6329 = VERTEX_POINT('',#6330);
#6330 = CARTESIAN_POINT('',(38.233392166491,-13.00000000003,2.));
#6331 = VERTEX_POINT('',#6332);
#6332 = CARTESIAN_POINT('',(38.833392166551,-13.00000000003,2.));
#6333 = LINE('',#6334,#6335);
#6334 = CARTESIAN_POINT('',(38.233392166491,-13.00000000003,2.));
#6335 = VECTOR('',#6336,1.);
#6336 = DIRECTION('',(1.,0.,0.));
#6337 = ORIENTED_EDGE('',*,*,#6338,.T.);
#6338 = EDGE_CURVE('',#6329,#5488,#6339,.T.);
#6339 = LINE('',#6340,#6341);
#6340 = CARTESIAN_POINT('',(38.233392166491,-13.00000000003,2.));
#6341 = VECTOR('',#6342,1.);
#6342 = DIRECTION('',(-0.,-0.,-1.));
#6343 = ORIENTED_EDGE('',*,*,#5485,.F.);
#6344 = ORIENTED_EDGE('',*,*,#6345,.F.);
#6345 = EDGE_CURVE('',#6331,#5486,#6346,.T.);
#6346 = LINE('',#6347,#6348);
#6347 = CARTESIAN_POINT('',(38.833392166551,-13.00000000003,2.));
#6348 = VECTOR('',#6349,1.);
#6349 = DIRECTION('',(-0.,-0.,-1.));
#6350 = PLANE('',#6351);
#6351 = AXIS2_PLACEMENT_3D('',#6352,#6353,#6354);
#6352 = CARTESIAN_POINT('',(38.233392166491,-13.00000000003,2.));
#6353 = DIRECTION('',(0.,-1.,0.));
#6354 = DIRECTION('',(1.,0.,0.));
#6355 = ADVANCED_FACE('',(#6356),#6374,.T.);
#6356 = FACE_BOUND('',#6357,.T.);
#6357 = EDGE_LOOP('',(#6358,#6366,#6367,#6368));
#6358 = ORIENTED_EDGE('',*,*,#6359,.F.);
#6359 = EDGE_CURVE('',#6331,#6360,#6362,.T.);
#6360 = VERTEX_POINT('',#6361);
#6361 = CARTESIAN_POINT('',(38.833392166551,-12.39999999997,2.));
#6362 = LINE('',#6363,#6364);
#6363 = CARTESIAN_POINT('',(38.833392166551,-13.00000000003,2.));
#6364 = VECTOR('',#6365,1.);
#6365 = DIRECTION('',(0.,1.,0.));
#6366 = ORIENTED_EDGE('',*,*,#6345,.T.);
#6367 = ORIENTED_EDGE('',*,*,#5511,.F.);
#6368 = ORIENTED_EDGE('',*,*,#6369,.F.);
#6369 = EDGE_CURVE('',#6360,#5504,#6370,.T.);
#6370 = LINE('',#6371,#6372);
#6371 = CARTESIAN_POINT('',(38.833392166551,-12.39999999997,2.));
#6372 = VECTOR('',#6373,1.);
#6373 = DIRECTION('',(-0.,-0.,-1.));
#6374 = PLANE('',#6375);
#6375 = AXIS2_PLACEMENT_3D('',#6376,#6377,#6378);
#6376 = CARTESIAN_POINT('',(38.833392166551,-13.00000000003,2.));
#6377 = DIRECTION('',(1.,0.,0.));
#6378 = DIRECTION('',(0.,1.,0.));
#6379 = ADVANCED_FACE('',(#6380),#6398,.T.);
#6380 = FACE_BOUND('',#6381,.T.);
#6381 = EDGE_LOOP('',(#6382,#6390,#6391,#6392));
#6382 = ORIENTED_EDGE('',*,*,#6383,.F.);
#6383 = EDGE_CURVE('',#6360,#6384,#6386,.T.);
#6384 = VERTEX_POINT('',#6385);
#6385 = CARTESIAN_POINT('',(38.233392166491,-12.39999999997,2.));
#6386 = LINE('',#6387,#6388);
#6387 = CARTESIAN_POINT('',(38.833392166551,-12.39999999997,2.));
#6388 = VECTOR('',#6389,1.);
#6389 = DIRECTION('',(-1.,0.,0.));
#6390 = ORIENTED_EDGE('',*,*,#6369,.T.);
#6391 = ORIENTED_EDGE('',*,*,#5503,.F.);
#6392 = ORIENTED_EDGE('',*,*,#6393,.F.);
#6393 = EDGE_CURVE('',#6384,#5496,#6394,.T.);
#6394 = LINE('',#6395,#6396);
#6395 = CARTESIAN_POINT('',(38.233392166491,-12.39999999997,2.));
#6396 = VECTOR('',#6397,1.);
#6397 = DIRECTION('',(-0.,-0.,-1.));
#6398 = PLANE('',#6399);
#6399 = AXIS2_PLACEMENT_3D('',#6400,#6401,#6402);
#6400 = CARTESIAN_POINT('',(38.833392166551,-12.39999999997,2.));
#6401 = DIRECTION('',(0.,1.,0.));
#6402 = DIRECTION('',(-1.,0.,0.));
#6403 = ADVANCED_FACE('',(#6404),#6415,.T.);
#6404 = FACE_BOUND('',#6405,.T.);
#6405 = EDGE_LOOP('',(#6406,#6412,#6413,#6414));
#6406 = ORIENTED_EDGE('',*,*,#6407,.F.);
#6407 = EDGE_CURVE('',#6384,#6329,#6408,.T.);
#6408 = LINE('',#6409,#6410);
#6409 = CARTESIAN_POINT('',(38.233392166491,-12.39999999997,2.));
#6410 = VECTOR('',#6411,1.);
#6411 = DIRECTION('',(0.,-1.,0.));
#6412 = ORIENTED_EDGE('',*,*,#6393,.T.);
#6413 = ORIENTED_EDGE('',*,*,#5495,.F.);
#6414 = ORIENTED_EDGE('',*,*,#6338,.F.);
#6415 = PLANE('',#6416);
#6416 = AXIS2_PLACEMENT_3D('',#6417,#6418,#6419);
#6417 = CARTESIAN_POINT('',(38.233392166491,-12.39999999997,2.));
#6418 = DIRECTION('',(-1.,0.,0.));
#6419 = DIRECTION('',(0.,-1.,0.));
#6420 = ADVANCED_FACE('',(#6421),#6427,.T.);
#6421 = FACE_BOUND('',#6422,.T.);
#6422 = EDGE_LOOP('',(#6423,#6424,#6425,#6426));
#6423 = ORIENTED_EDGE('',*,*,#6407,.T.);
#6424 = ORIENTED_EDGE('',*,*,#6328,.T.);
#6425 = ORIENTED_EDGE('',*,*,#6359,.T.);
#6426 = ORIENTED_EDGE('',*,*,#6383,.T.);
#6427 = PLANE('',#6428);
#6428 = AXIS2_PLACEMENT_3D('',#6429,#6430,#6431);
#6429 = CARTESIAN_POINT('',(38.533392166521,-6.4420747E-10,2.));
#6430 = DIRECTION('',(0.,0.,1.));
#6431 = DIRECTION('',(1.,0.,0.));
#6432 = ADVANCED_FACE('',(#6433),#6458,.T.);
#6433 = FACE_BOUND('',#6434,.T.);
#6434 = EDGE_LOOP('',(#6435,#6445,#6451,#6452));
#6435 = ORIENTED_EDGE('',*,*,#6436,.F.);
#6436 = EDGE_CURVE('',#6437,#6439,#6441,.T.);
#6437 = VERTEX_POINT('',#6438);
#6438 = CARTESIAN_POINT('',(40.773392166491,-13.00000000003,2.));
#6439 = VERTEX_POINT('',#6440);
#6440 = CARTESIAN_POINT('',(41.373392166551,-13.00000000003,2.));
#6441 = LINE('',#6442,#6443);
#6442 = CARTESIAN_POINT('',(40.773392166491,-13.00000000003,2.));
#6443 = VECTOR('',#6444,1.);
#6444 = DIRECTION('',(1.,0.,0.));
#6445 = ORIENTED_EDGE('',*,*,#6446,.T.);
#6446 = EDGE_CURVE('',#6437,#5522,#6447,.T.);
#6447 = LINE('',#6448,#6449);
#6448 = CARTESIAN_POINT('',(40.773392166491,-13.00000000003,2.));
#6449 = VECTOR('',#6450,1.);
#6450 = DIRECTION('',(-0.,-0.,-1.));
#6451 = ORIENTED_EDGE('',*,*,#5519,.F.);
#6452 = ORIENTED_EDGE('',*,*,#6453,.F.);
#6453 = EDGE_CURVE('',#6439,#5520,#6454,.T.);
#6454 = LINE('',#6455,#6456);
#6455 = CARTESIAN_POINT('',(41.373392166551,-13.00000000003,2.));
#6456 = VECTOR('',#6457,1.);
#6457 = DIRECTION('',(-0.,-0.,-1.));
#6458 = PLANE('',#6459);
#6459 = AXIS2_PLACEMENT_3D('',#6460,#6461,#6462);
#6460 = CARTESIAN_POINT('',(40.773392166491,-13.00000000003,2.));
#6461 = DIRECTION('',(0.,-1.,0.));
#6462 = DIRECTION('',(1.,0.,0.));
#6463 = ADVANCED_FACE('',(#6464),#6482,.T.);
#6464 = FACE_BOUND('',#6465,.T.);
#6465 = EDGE_LOOP('',(#6466,#6474,#6475,#6476));
#6466 = ORIENTED_EDGE('',*,*,#6467,.F.);
#6467 = EDGE_CURVE('',#6439,#6468,#6470,.T.);
#6468 = VERTEX_POINT('',#6469);
#6469 = CARTESIAN_POINT('',(41.373392166551,-12.39999999997,2.));
#6470 = LINE('',#6471,#6472);
#6471 = CARTESIAN_POINT('',(41.373392166551,-13.00000000003,2.));
#6472 = VECTOR('',#6473,1.);
#6473 = DIRECTION('',(0.,1.,0.));
#6474 = ORIENTED_EDGE('',*,*,#6453,.T.);
#6475 = ORIENTED_EDGE('',*,*,#5545,.F.);
#6476 = ORIENTED_EDGE('',*,*,#6477,.F.);
#6477 = EDGE_CURVE('',#6468,#5538,#6478,.T.);
#6478 = LINE('',#6479,#6480);
#6479 = CARTESIAN_POINT('',(41.373392166551,-12.39999999997,2.));
#6480 = VECTOR('',#6481,1.);
#6481 = DIRECTION('',(-0.,-0.,-1.));
#6482 = PLANE('',#6483);
#6483 = AXIS2_PLACEMENT_3D('',#6484,#6485,#6486);
#6484 = CARTESIAN_POINT('',(41.373392166551,-13.00000000003,2.));
#6485 = DIRECTION('',(1.,0.,0.));
#6486 = DIRECTION('',(0.,1.,0.));
#6487 = ADVANCED_FACE('',(#6488),#6506,.T.);
#6488 = FACE_BOUND('',#6489,.T.);
#6489 = EDGE_LOOP('',(#6490,#6498,#6499,#6500));
#6490 = ORIENTED_EDGE('',*,*,#6491,.F.);
#6491 = EDGE_CURVE('',#6468,#6492,#6494,.T.);
#6492 = VERTEX_POINT('',#6493);
#6493 = CARTESIAN_POINT('',(40.773392166491,-12.39999999997,2.));
#6494 = LINE('',#6495,#6496);
#6495 = CARTESIAN_POINT('',(41.373392166551,-12.39999999997,2.));
#6496 = VECTOR('',#6497,1.);
#6497 = DIRECTION('',(-1.,0.,0.));
#6498 = ORIENTED_EDGE('',*,*,#6477,.T.);
#6499 = ORIENTED_EDGE('',*,*,#5537,.F.);
#6500 = ORIENTED_EDGE('',*,*,#6501,.F.);
#6501 = EDGE_CURVE('',#6492,#5530,#6502,.T.);
#6502 = LINE('',#6503,#6504);
#6503 = CARTESIAN_POINT('',(40.773392166491,-12.39999999997,2.));
#6504 = VECTOR('',#6505,1.);
#6505 = DIRECTION('',(-0.,-0.,-1.));
#6506 = PLANE('',#6507);
#6507 = AXIS2_PLACEMENT_3D('',#6508,#6509,#6510);
#6508 = CARTESIAN_POINT('',(41.373392166551,-12.39999999997,2.));
#6509 = DIRECTION('',(0.,1.,0.));
#6510 = DIRECTION('',(-1.,0.,0.));
#6511 = ADVANCED_FACE('',(#6512),#6523,.T.);
#6512 = FACE_BOUND('',#6513,.T.);
#6513 = EDGE_LOOP('',(#6514,#6520,#6521,#6522));
#6514 = ORIENTED_EDGE('',*,*,#6515,.F.);
#6515 = EDGE_CURVE('',#6492,#6437,#6516,.T.);
#6516 = LINE('',#6517,#6518);
#6517 = CARTESIAN_POINT('',(40.773392166491,-12.39999999997,2.));
#6518 = VECTOR('',#6519,1.);
#6519 = DIRECTION('',(0.,-1.,0.));
#6520 = ORIENTED_EDGE('',*,*,#6501,.T.);
#6521 = ORIENTED_EDGE('',*,*,#5529,.F.);
#6522 = ORIENTED_EDGE('',*,*,#6446,.F.);
#6523 = PLANE('',#6524);
#6524 = AXIS2_PLACEMENT_3D('',#6525,#6526,#6527);
#6525 = CARTESIAN_POINT('',(40.773392166491,-12.39999999997,2.));
#6526 = DIRECTION('',(-1.,0.,0.));
#6527 = DIRECTION('',(0.,-1.,0.));
#6528 = ADVANCED_FACE('',(#6529),#6535,.T.);
#6529 = FACE_BOUND('',#6530,.T.);
#6530 = EDGE_LOOP('',(#6531,#6532,#6533,#6534));
#6531 = ORIENTED_EDGE('',*,*,#6515,.T.);
#6532 = ORIENTED_EDGE('',*,*,#6436,.T.);
#6533 = ORIENTED_EDGE('',*,*,#6467,.T.);
#6534 = ORIENTED_EDGE('',*,*,#6491,.T.);
#6535 = PLANE('',#6536);
#6536 = AXIS2_PLACEMENT_3D('',#6537,#6538,#6539);
#6537 = CARTESIAN_POINT('',(41.073392166521,-6.4420747E-10,2.));
#6538 = DIRECTION('',(0.,0.,1.));
#6539 = DIRECTION('',(1.,0.,0.));
#6540 = ADVANCED_FACE('',(#6541),#6566,.T.);
#6541 = FACE_BOUND('',#6542,.T.);
#6542 = EDGE_LOOP('',(#6543,#6553,#6559,#6560));
#6543 = ORIENTED_EDGE('',*,*,#6544,.F.);
#6544 = EDGE_CURVE('',#6545,#6547,#6549,.T.);
#6545 = VERTEX_POINT('',#6546);
#6546 = CARTESIAN_POINT('',(43.313392166491,-13.00000000003,2.));
#6547 = VERTEX_POINT('',#6548);
#6548 = CARTESIAN_POINT('',(43.913392166551,-13.00000000003,2.));
#6549 = LINE('',#6550,#6551);
#6550 = CARTESIAN_POINT('',(43.313392166491,-13.00000000003,2.));
#6551 = VECTOR('',#6552,1.);
#6552 = DIRECTION('',(1.,0.,0.));
#6553 = ORIENTED_EDGE('',*,*,#6554,.T.);
#6554 = EDGE_CURVE('',#6545,#5556,#6555,.T.);
#6555 = LINE('',#6556,#6557);
#6556 = CARTESIAN_POINT('',(43.313392166491,-13.00000000003,2.));
#6557 = VECTOR('',#6558,1.);
#6558 = DIRECTION('',(-0.,-0.,-1.));
#6559 = ORIENTED_EDGE('',*,*,#5553,.F.);
#6560 = ORIENTED_EDGE('',*,*,#6561,.F.);
#6561 = EDGE_CURVE('',#6547,#5554,#6562,.T.);
#6562 = LINE('',#6563,#6564);
#6563 = CARTESIAN_POINT('',(43.913392166551,-13.00000000003,2.));
#6564 = VECTOR('',#6565,1.);
#6565 = DIRECTION('',(-0.,-0.,-1.));
#6566 = PLANE('',#6567);
#6567 = AXIS2_PLACEMENT_3D('',#6568,#6569,#6570);
#6568 = CARTESIAN_POINT('',(43.313392166491,-13.00000000003,2.));
#6569 = DIRECTION('',(0.,-1.,0.));
#6570 = DIRECTION('',(1.,0.,0.));
#6571 = ADVANCED_FACE('',(#6572),#6590,.T.);
#6572 = FACE_BOUND('',#6573,.T.);
#6573 = EDGE_LOOP('',(#6574,#6582,#6583,#6584));
#6574 = ORIENTED_EDGE('',*,*,#6575,.F.);
#6575 = EDGE_CURVE('',#6547,#6576,#6578,.T.);
#6576 = VERTEX_POINT('',#6577);
#6577 = CARTESIAN_POINT('',(43.913392166551,-12.39999999997,2.));
#6578 = LINE('',#6579,#6580);
#6579 = CARTESIAN_POINT('',(43.913392166551,-13.00000000003,2.));
#6580 = VECTOR('',#6581,1.);
#6581 = DIRECTION('',(0.,1.,0.));
#6582 = ORIENTED_EDGE('',*,*,#6561,.T.);
#6583 = ORIENTED_EDGE('',*,*,#5579,.F.);
#6584 = ORIENTED_EDGE('',*,*,#6585,.F.);
#6585 = EDGE_CURVE('',#6576,#5572,#6586,.T.);
#6586 = LINE('',#6587,#6588);
#6587 = CARTESIAN_POINT('',(43.913392166551,-12.39999999997,2.));
#6588 = VECTOR('',#6589,1.);
#6589 = DIRECTION('',(-0.,-0.,-1.));
#6590 = PLANE('',#6591);
#6591 = AXIS2_PLACEMENT_3D('',#6592,#6593,#6594);
#6592 = CARTESIAN_POINT('',(43.913392166551,-13.00000000003,2.));
#6593 = DIRECTION('',(1.,0.,0.));
#6594 = DIRECTION('',(0.,1.,0.));
#6595 = ADVANCED_FACE('',(#6596),#6614,.T.);
#6596 = FACE_BOUND('',#6597,.T.);
#6597 = EDGE_LOOP('',(#6598,#6606,#6607,#6608));
#6598 = ORIENTED_EDGE('',*,*,#6599,.F.);
#6599 = EDGE_CURVE('',#6576,#6600,#6602,.T.);
#6600 = VERTEX_POINT('',#6601);
#6601 = CARTESIAN_POINT('',(43.313392166491,-12.39999999997,2.));
#6602 = LINE('',#6603,#6604);
#6603 = CARTESIAN_POINT('',(43.913392166551,-12.39999999997,2.));
#6604 = VECTOR('',#6605,1.);
#6605 = DIRECTION('',(-1.,0.,0.));
#6606 = ORIENTED_EDGE('',*,*,#6585,.T.);
#6607 = ORIENTED_EDGE('',*,*,#5571,.F.);
#6608 = ORIENTED_EDGE('',*,*,#6609,.F.);
#6609 = EDGE_CURVE('',#6600,#5564,#6610,.T.);
#6610 = LINE('',#6611,#6612);
#6611 = CARTESIAN_POINT('',(43.313392166491,-12.39999999997,2.));
#6612 = VECTOR('',#6613,1.);
#6613 = DIRECTION('',(-0.,-0.,-1.));
#6614 = PLANE('',#6615);
#6615 = AXIS2_PLACEMENT_3D('',#6616,#6617,#6618);
#6616 = CARTESIAN_POINT('',(43.913392166551,-12.39999999997,2.));
#6617 = DIRECTION('',(0.,1.,0.));
#6618 = DIRECTION('',(-1.,0.,0.));
#6619 = ADVANCED_FACE('',(#6620),#6631,.T.);
#6620 = FACE_BOUND('',#6621,.T.);
#6621 = EDGE_LOOP('',(#6622,#6628,#6629,#6630));
#6622 = ORIENTED_EDGE('',*,*,#6623,.F.);
#6623 = EDGE_CURVE('',#6600,#6545,#6624,.T.);
#6624 = LINE('',#6625,#6626);
#6625 = CARTESIAN_POINT('',(43.313392166491,-12.39999999997,2.));
#6626 = VECTOR('',#6627,1.);
#6627 = DIRECTION('',(0.,-1.,0.));
#6628 = ORIENTED_EDGE('',*,*,#6609,.T.);
#6629 = ORIENTED_EDGE('',*,*,#5563,.F.);
#6630 = ORIENTED_EDGE('',*,*,#6554,.F.);
#6631 = PLANE('',#6632);
#6632 = AXIS2_PLACEMENT_3D('',#6633,#6634,#6635);
#6633 = CARTESIAN_POINT('',(43.313392166491,-12.39999999997,2.));
#6634 = DIRECTION('',(-1.,0.,0.));
#6635 = DIRECTION('',(0.,-1.,0.));
#6636 = ADVANCED_FACE('',(#6637),#6643,.T.);
#6637 = FACE_BOUND('',#6638,.T.);
#6638 = EDGE_LOOP('',(#6639,#6640,#6641,#6642));
#6639 = ORIENTED_EDGE('',*,*,#6623,.T.);
#6640 = ORIENTED_EDGE('',*,*,#6544,.T.);
#6641 = ORIENTED_EDGE('',*,*,#6575,.T.);
#6642 = ORIENTED_EDGE('',*,*,#6599,.T.);
#6643 = PLANE('',#6644);
#6644 = AXIS2_PLACEMENT_3D('',#6645,#6646,#6647);
#6645 = CARTESIAN_POINT('',(43.613392166521,-6.4420747E-10,2.));
#6646 = DIRECTION('',(0.,0.,1.));
#6647 = DIRECTION('',(1.,0.,0.));
#6648 = ADVANCED_FACE('',(#6649),#6674,.T.);
#6649 = FACE_BOUND('',#6650,.T.);
#6650 = EDGE_LOOP('',(#6651,#6661,#6667,#6668));
#6651 = ORIENTED_EDGE('',*,*,#6652,.F.);
#6652 = EDGE_CURVE('',#6653,#6655,#6657,.T.);
#6653 = VERTEX_POINT('',#6654);
#6654 = CARTESIAN_POINT('',(45.853392166491,-13.00000000003,2.));
#6655 = VERTEX_POINT('',#6656);
#6656 = CARTESIAN_POINT('',(46.453392166551,-13.00000000003,2.));
#6657 = LINE('',#6658,#6659);
#6658 = CARTESIAN_POINT('',(45.853392166491,-13.00000000003,2.));
#6659 = VECTOR('',#6660,1.);
#6660 = DIRECTION('',(1.,0.,0.));
#6661 = ORIENTED_EDGE('',*,*,#6662,.T.);
#6662 = EDGE_CURVE('',#6653,#5590,#6663,.T.);
#6663 = LINE('',#6664,#6665);
#6664 = CARTESIAN_POINT('',(45.853392166491,-13.00000000003,2.));
#6665 = VECTOR('',#6666,1.);
#6666 = DIRECTION('',(-0.,-0.,-1.));
#6667 = ORIENTED_EDGE('',*,*,#5587,.F.);
#6668 = ORIENTED_EDGE('',*,*,#6669,.F.);
#6669 = EDGE_CURVE('',#6655,#5588,#6670,.T.);
#6670 = LINE('',#6671,#6672);
#6671 = CARTESIAN_POINT('',(46.453392166551,-13.00000000003,2.));
#6672 = VECTOR('',#6673,1.);
#6673 = DIRECTION('',(-0.,-0.,-1.));
#6674 = PLANE('',#6675);
#6675 = AXIS2_PLACEMENT_3D('',#6676,#6677,#6678);
#6676 = CARTESIAN_POINT('',(45.853392166491,-13.00000000003,2.));
#6677 = DIRECTION('',(0.,-1.,0.));
#6678 = DIRECTION('',(1.,0.,0.));
#6679 = ADVANCED_FACE('',(#6680),#6698,.T.);
#6680 = FACE_BOUND('',#6681,.T.);
#6681 = EDGE_LOOP('',(#6682,#6690,#6691,#6692));
#6682 = ORIENTED_EDGE('',*,*,#6683,.F.);
#6683 = EDGE_CURVE('',#6655,#6684,#6686,.T.);
#6684 = VERTEX_POINT('',#6685);
#6685 = CARTESIAN_POINT('',(46.453392166551,-12.39999999997,2.));
#6686 = LINE('',#6687,#6688);
#6687 = CARTESIAN_POINT('',(46.453392166551,-13.00000000003,2.));
#6688 = VECTOR('',#6689,1.);
#6689 = DIRECTION('',(0.,1.,0.));
#6690 = ORIENTED_EDGE('',*,*,#6669,.T.);
#6691 = ORIENTED_EDGE('',*,*,#5613,.F.);
#6692 = ORIENTED_EDGE('',*,*,#6693,.F.);
#6693 = EDGE_CURVE('',#6684,#5606,#6694,.T.);
#6694 = LINE('',#6695,#6696);
#6695 = CARTESIAN_POINT('',(46.453392166551,-12.39999999997,2.));
#6696 = VECTOR('',#6697,1.);
#6697 = DIRECTION('',(-0.,-0.,-1.));
#6698 = PLANE('',#6699);
#6699 = AXIS2_PLACEMENT_3D('',#6700,#6701,#6702);
#6700 = CARTESIAN_POINT('',(46.453392166551,-13.00000000003,2.));
#6701 = DIRECTION('',(1.,0.,0.));
#6702 = DIRECTION('',(0.,1.,0.));
#6703 = ADVANCED_FACE('',(#6704),#6722,.T.);
#6704 = FACE_BOUND('',#6705,.T.);
#6705 = EDGE_LOOP('',(#6706,#6714,#6715,#6716));
#6706 = ORIENTED_EDGE('',*,*,#6707,.F.);
#6707 = EDGE_CURVE('',#6684,#6708,#6710,.T.);
#6708 = VERTEX_POINT('',#6709);
#6709 = CARTESIAN_POINT('',(45.853392166491,-12.39999999997,2.));
#6710 = LINE('',#6711,#6712);
#6711 = CARTESIAN_POINT('',(46.453392166551,-12.39999999997,2.));
#6712 = VECTOR('',#6713,1.);
#6713 = DIRECTION('',(-1.,0.,0.));
#6714 = ORIENTED_EDGE('',*,*,#6693,.T.);
#6715 = ORIENTED_EDGE('',*,*,#5605,.F.);
#6716 = ORIENTED_EDGE('',*,*,#6717,.F.);
#6717 = EDGE_CURVE('',#6708,#5598,#6718,.T.);
#6718 = LINE('',#6719,#6720);
#6719 = CARTESIAN_POINT('',(45.853392166491,-12.39999999997,2.));
#6720 = VECTOR('',#6721,1.);
#6721 = DIRECTION('',(-0.,-0.,-1.));
#6722 = PLANE('',#6723);
#6723 = AXIS2_PLACEMENT_3D('',#6724,#6725,#6726);
#6724 = CARTESIAN_POINT('',(46.453392166551,-12.39999999997,2.));
#6725 = DIRECTION('',(0.,1.,0.));
#6726 = DIRECTION('',(-1.,0.,0.));
#6727 = ADVANCED_FACE('',(#6728),#6739,.T.);
#6728 = FACE_BOUND('',#6729,.T.);
#6729 = EDGE_LOOP('',(#6730,#6736,#6737,#6738));
#6730 = ORIENTED_EDGE('',*,*,#6731,.F.);
#6731 = EDGE_CURVE('',#6708,#6653,#6732,.T.);
#6732 = LINE('',#6733,#6734);
#6733 = CARTESIAN_POINT('',(45.853392166491,-12.39999999997,2.));
#6734 = VECTOR('',#6735,1.);
#6735 = DIRECTION('',(0.,-1.,0.));
#6736 = ORIENTED_EDGE('',*,*,#6717,.T.);
#6737 = ORIENTED_EDGE('',*,*,#5597,.F.);
#6738 = ORIENTED_EDGE('',*,*,#6662,.F.);
#6739 = PLANE('',#6740);
#6740 = AXIS2_PLACEMENT_3D('',#6741,#6742,#6743);
#6741 = CARTESIAN_POINT('',(45.853392166491,-12.39999999997,2.));
#6742 = DIRECTION('',(-1.,0.,0.));
#6743 = DIRECTION('',(0.,-1.,0.));
#6744 = ADVANCED_FACE('',(#6745),#6751,.T.);
#6745 = FACE_BOUND('',#6746,.T.);
#6746 = EDGE_LOOP('',(#6747,#6748,#6749,#6750));
#6747 = ORIENTED_EDGE('',*,*,#6731,.T.);
#6748 = ORIENTED_EDGE('',*,*,#6652,.T.);
#6749 = ORIENTED_EDGE('',*,*,#6683,.T.);
#6750 = ORIENTED_EDGE('',*,*,#6707,.T.);
#6751 = PLANE('',#6752);
#6752 = AXIS2_PLACEMENT_3D('',#6753,#6754,#6755);
#6753 = CARTESIAN_POINT('',(46.153392166521,-6.4420747E-10,2.));
#6754 = DIRECTION('',(0.,0.,1.));
#6755 = DIRECTION('',(1.,0.,0.));
#6756 = ADVANCED_FACE('',(#6757),#6782,.T.);
#6757 = FACE_BOUND('',#6758,.T.);
#6758 = EDGE_LOOP('',(#6759,#6769,#6775,#6776));
#6759 = ORIENTED_EDGE('',*,*,#6760,.F.);
#6760 = EDGE_CURVE('',#6761,#6763,#6765,.T.);
#6761 = VERTEX_POINT('',#6762);
#6762 = CARTESIAN_POINT('',(48.393392166491,-13.00000000003,2.));
#6763 = VERTEX_POINT('',#6764);
#6764 = CARTESIAN_POINT('',(48.993392166551,-13.00000000003,2.));
#6765 = LINE('',#6766,#6767);
#6766 = CARTESIAN_POINT('',(48.393392166491,-13.00000000003,2.));
#6767 = VECTOR('',#6768,1.);
#6768 = DIRECTION('',(1.,0.,0.));
#6769 = ORIENTED_EDGE('',*,*,#6770,.T.);
#6770 = EDGE_CURVE('',#6761,#5624,#6771,.T.);
#6771 = LINE('',#6772,#6773);
#6772 = CARTESIAN_POINT('',(48.393392166491,-13.00000000003,2.));
#6773 = VECTOR('',#6774,1.);
#6774 = DIRECTION('',(-0.,-0.,-1.));
#6775 = ORIENTED_EDGE('',*,*,#5621,.F.);
#6776 = ORIENTED_EDGE('',*,*,#6777,.F.);
#6777 = EDGE_CURVE('',#6763,#5622,#6778,.T.);
#6778 = LINE('',#6779,#6780);
#6779 = CARTESIAN_POINT('',(48.993392166551,-13.00000000003,2.));
#6780 = VECTOR('',#6781,1.);
#6781 = DIRECTION('',(-0.,-0.,-1.));
#6782 = PLANE('',#6783);
#6783 = AXIS2_PLACEMENT_3D('',#6784,#6785,#6786);
#6784 = CARTESIAN_POINT('',(48.393392166491,-13.00000000003,2.));
#6785 = DIRECTION('',(0.,-1.,0.));
#6786 = DIRECTION('',(1.,0.,0.));
#6787 = ADVANCED_FACE('',(#6788),#6806,.T.);
#6788 = FACE_BOUND('',#6789,.T.);
#6789 = EDGE_LOOP('',(#6790,#6798,#6799,#6800));
#6790 = ORIENTED_EDGE('',*,*,#6791,.F.);
#6791 = EDGE_CURVE('',#6763,#6792,#6794,.T.);
#6792 = VERTEX_POINT('',#6793);
#6793 = CARTESIAN_POINT('',(48.993392166551,-12.39999999997,2.));
#6794 = LINE('',#6795,#6796);
#6795 = CARTESIAN_POINT('',(48.993392166551,-13.00000000003,2.));
#6796 = VECTOR('',#6797,1.);
#6797 = DIRECTION('',(0.,1.,0.));
#6798 = ORIENTED_EDGE('',*,*,#6777,.T.);
#6799 = ORIENTED_EDGE('',*,*,#5647,.F.);
#6800 = ORIENTED_EDGE('',*,*,#6801,.F.);
#6801 = EDGE_CURVE('',#6792,#5640,#6802,.T.);
#6802 = LINE('',#6803,#6804);
#6803 = CARTESIAN_POINT('',(48.993392166551,-12.39999999997,2.));
#6804 = VECTOR('',#6805,1.);
#6805 = DIRECTION('',(-0.,-0.,-1.));
#6806 = PLANE('',#6807);
#6807 = AXIS2_PLACEMENT_3D('',#6808,#6809,#6810);
#6808 = CARTESIAN_POINT('',(48.993392166551,-13.00000000003,2.));
#6809 = DIRECTION('',(1.,0.,0.));
#6810 = DIRECTION('',(0.,1.,0.));
#6811 = ADVANCED_FACE('',(#6812),#6830,.T.);
#6812 = FACE_BOUND('',#6813,.T.);
#6813 = EDGE_LOOP('',(#6814,#6822,#6823,#6824));
#6814 = ORIENTED_EDGE('',*,*,#6815,.F.);
#6815 = EDGE_CURVE('',#6792,#6816,#6818,.T.);
#6816 = VERTEX_POINT('',#6817);
#6817 = CARTESIAN_POINT('',(48.393392166491,-12.39999999997,2.));
#6818 = LINE('',#6819,#6820);
#6819 = CARTESIAN_POINT('',(48.993392166551,-12.39999999997,2.));
#6820 = VECTOR('',#6821,1.);
#6821 = DIRECTION('',(-1.,0.,0.));
#6822 = ORIENTED_EDGE('',*,*,#6801,.T.);
#6823 = ORIENTED_EDGE('',*,*,#5639,.F.);
#6824 = ORIENTED_EDGE('',*,*,#6825,.F.);
#6825 = EDGE_CURVE('',#6816,#5632,#6826,.T.);
#6826 = LINE('',#6827,#6828);
#6827 = CARTESIAN_POINT('',(48.393392166491,-12.39999999997,2.));
#6828 = VECTOR('',#6829,1.);
#6829 = DIRECTION('',(-0.,-0.,-1.));
#6830 = PLANE('',#6831);
#6831 = AXIS2_PLACEMENT_3D('',#6832,#6833,#6834);
#6832 = CARTESIAN_POINT('',(48.993392166551,-12.39999999997,2.));
#6833 = DIRECTION('',(0.,1.,0.));
#6834 = DIRECTION('',(-1.,0.,0.));
#6835 = ADVANCED_FACE('',(#6836),#6847,.T.);
#6836 = FACE_BOUND('',#6837,.T.);
#6837 = EDGE_LOOP('',(#6838,#6844,#6845,#6846));
#6838 = ORIENTED_EDGE('',*,*,#6839,.F.);
#6839 = EDGE_CURVE('',#6816,#6761,#6840,.T.);
#6840 = LINE('',#6841,#6842);
#6841 = CARTESIAN_POINT('',(48.393392166491,-12.39999999997,2.));
#6842 = VECTOR('',#6843,1.);
#6843 = DIRECTION('',(0.,-1.,0.));
#6844 = ORIENTED_EDGE('',*,*,#6825,.T.);
#6845 = ORIENTED_EDGE('',*,*,#5631,.F.);
#6846 = ORIENTED_EDGE('',*,*,#6770,.F.);
#6847 = PLANE('',#6848);
#6848 = AXIS2_PLACEMENT_3D('',#6849,#6850,#6851);
#6849 = CARTESIAN_POINT('',(48.393392166491,-12.39999999997,2.));
#6850 = DIRECTION('',(-1.,0.,0.));
#6851 = DIRECTION('',(0.,-1.,0.));
#6852 = ADVANCED_FACE('',(#6853),#6859,.T.);
#6853 = FACE_BOUND('',#6854,.T.);
#6854 = EDGE_LOOP('',(#6855,#6856,#6857,#6858));
#6855 = ORIENTED_EDGE('',*,*,#6839,.T.);
#6856 = ORIENTED_EDGE('',*,*,#6760,.T.);
#6857 = ORIENTED_EDGE('',*,*,#6791,.T.);
#6858 = ORIENTED_EDGE('',*,*,#6815,.T.);
#6859 = PLANE('',#6860);
#6860 = AXIS2_PLACEMENT_3D('',#6861,#6862,#6863);
#6861 = CARTESIAN_POINT('',(48.693392166521,-6.4420747E-10,2.));
#6862 = DIRECTION('',(0.,0.,1.));
#6863 = DIRECTION('',(1.,0.,0.));
#6864 = ADVANCED_FACE('',(#6865),#6890,.T.);
#6865 = FACE_BOUND('',#6866,.T.);
#6866 = EDGE_LOOP('',(#6867,#6877,#6883,#6884));
#6867 = ORIENTED_EDGE('',*,*,#6868,.F.);
#6868 = EDGE_CURVE('',#6869,#6871,#6873,.T.);
#6869 = VERTEX_POINT('',#6870);
#6870 = CARTESIAN_POINT('',(50.933392166491,-13.00000000003,2.));
#6871 = VERTEX_POINT('',#6872);
#6872 = CARTESIAN_POINT('',(51.533392166551,-13.00000000003,2.));
#6873 = LINE('',#6874,#6875);
#6874 = CARTESIAN_POINT('',(50.933392166491,-13.00000000003,2.));
#6875 = VECTOR('',#6876,1.);
#6876 = DIRECTION('',(1.,0.,0.));
#6877 = ORIENTED_EDGE('',*,*,#6878,.T.);
#6878 = EDGE_CURVE('',#6869,#5658,#6879,.T.);
#6879 = LINE('',#6880,#6881);
#6880 = CARTESIAN_POINT('',(50.933392166491,-13.00000000003,2.));
#6881 = VECTOR('',#6882,1.);
#6882 = DIRECTION('',(-0.,-0.,-1.));
#6883 = ORIENTED_EDGE('',*,*,#5655,.F.);
#6884 = ORIENTED_EDGE('',*,*,#6885,.F.);
#6885 = EDGE_CURVE('',#6871,#5656,#6886,.T.);
#6886 = LINE('',#6887,#6888);
#6887 = CARTESIAN_POINT('',(51.533392166551,-13.00000000003,2.));
#6888 = VECTOR('',#6889,1.);
#6889 = DIRECTION('',(-0.,-0.,-1.));
#6890 = PLANE('',#6891);
#6891 = AXIS2_PLACEMENT_3D('',#6892,#6893,#6894);
#6892 = CARTESIAN_POINT('',(50.933392166491,-13.00000000003,2.));
#6893 = DIRECTION('',(0.,-1.,0.));
#6894 = DIRECTION('',(1.,0.,0.));
#6895 = ADVANCED_FACE('',(#6896),#6914,.T.);
#6896 = FACE_BOUND('',#6897,.T.);
#6897 = EDGE_LOOP('',(#6898,#6906,#6907,#6908));
#6898 = ORIENTED_EDGE('',*,*,#6899,.F.);
#6899 = EDGE_CURVE('',#6871,#6900,#6902,.T.);
#6900 = VERTEX_POINT('',#6901);
#6901 = CARTESIAN_POINT('',(51.533392166551,-12.39999999997,2.));
#6902 = LINE('',#6903,#6904);
#6903 = CARTESIAN_POINT('',(51.533392166551,-13.00000000003,2.));
#6904 = VECTOR('',#6905,1.);
#6905 = DIRECTION('',(0.,1.,0.));
#6906 = ORIENTED_EDGE('',*,*,#6885,.T.);
#6907 = ORIENTED_EDGE('',*,*,#5681,.F.);
#6908 = ORIENTED_EDGE('',*,*,#6909,.F.);
#6909 = EDGE_CURVE('',#6900,#5674,#6910,.T.);
#6910 = LINE('',#6911,#6912);
#6911 = CARTESIAN_POINT('',(51.533392166551,-12.39999999997,2.));
#6912 = VECTOR('',#6913,1.);
#6913 = DIRECTION('',(-0.,-0.,-1.));
#6914 = PLANE('',#6915);
#6915 = AXIS2_PLACEMENT_3D('',#6916,#6917,#6918);
#6916 = CARTESIAN_POINT('',(51.533392166551,-13.00000000003,2.));
#6917 = DIRECTION('',(1.,0.,0.));
#6918 = DIRECTION('',(0.,1.,0.));
#6919 = ADVANCED_FACE('',(#6920),#6938,.T.);
#6920 = FACE_BOUND('',#6921,.T.);
#6921 = EDGE_LOOP('',(#6922,#6930,#6931,#6932));
#6922 = ORIENTED_EDGE('',*,*,#6923,.F.);
#6923 = EDGE_CURVE('',#6900,#6924,#6926,.T.);
#6924 = VERTEX_POINT('',#6925);
#6925 = CARTESIAN_POINT('',(50.933392166491,-12.39999999997,2.));
#6926 = LINE('',#6927,#6928);
#6927 = CARTESIAN_POINT('',(51.533392166551,-12.39999999997,2.));
#6928 = VECTOR('',#6929,1.);
#6929 = DIRECTION('',(-1.,0.,0.));
#6930 = ORIENTED_EDGE('',*,*,#6909,.T.);
#6931 = ORIENTED_EDGE('',*,*,#5673,.F.);
#6932 = ORIENTED_EDGE('',*,*,#6933,.F.);
#6933 = EDGE_CURVE('',#6924,#5666,#6934,.T.);
#6934 = LINE('',#6935,#6936);
#6935 = CARTESIAN_POINT('',(50.933392166491,-12.39999999997,2.));
#6936 = VECTOR('',#6937,1.);
#6937 = DIRECTION('',(-0.,-0.,-1.));
#6938 = PLANE('',#6939);
#6939 = AXIS2_PLACEMENT_3D('',#6940,#6941,#6942);
#6940 = CARTESIAN_POINT('',(51.533392166551,-12.39999999997,2.));
#6941 = DIRECTION('',(0.,1.,0.));
#6942 = DIRECTION('',(-1.,0.,0.));
#6943 = ADVANCED_FACE('',(#6944),#6955,.T.);
#6944 = FACE_BOUND('',#6945,.T.);
#6945 = EDGE_LOOP('',(#6946,#6952,#6953,#6954));
#6946 = ORIENTED_EDGE('',*,*,#6947,.F.);
#6947 = EDGE_CURVE('',#6924,#6869,#6948,.T.);
#6948 = LINE('',#6949,#6950);
#6949 = CARTESIAN_POINT('',(50.933392166491,-12.39999999997,2.));
#6950 = VECTOR('',#6951,1.);
#6951 = DIRECTION('',(0.,-1.,0.));
#6952 = ORIENTED_EDGE('',*,*,#6933,.T.);
#6953 = ORIENTED_EDGE('',*,*,#5665,.F.);
#6954 = ORIENTED_EDGE('',*,*,#6878,.F.);
#6955 = PLANE('',#6956);
#6956 = AXIS2_PLACEMENT_3D('',#6957,#6958,#6959);
#6957 = CARTESIAN_POINT('',(50.933392166491,-12.39999999997,2.));
#6958 = DIRECTION('',(-1.,0.,0.));
#6959 = DIRECTION('',(0.,-1.,0.));
#6960 = ADVANCED_FACE('',(#6961),#6967,.T.);
#6961 = FACE_BOUND('',#6962,.T.);
#6962 = EDGE_LOOP('',(#6963,#6964,#6965,#6966));
#6963 = ORIENTED_EDGE('',*,*,#6947,.T.);
#6964 = ORIENTED_EDGE('',*,*,#6868,.T.);
#6965 = ORIENTED_EDGE('',*,*,#6899,.T.);
#6966 = ORIENTED_EDGE('',*,*,#6923,.T.);
#6967 = PLANE('',#6968);
#6968 = AXIS2_PLACEMENT_3D('',#6969,#6970,#6971);
#6969 = CARTESIAN_POINT('',(51.233392166521,-6.4420747E-10,2.));
#6970 = DIRECTION('',(0.,0.,1.));
#6971 = DIRECTION('',(1.,0.,0.));
#6972 = ADVANCED_FACE('',(#6973),#6998,.T.);
#6973 = FACE_BOUND('',#6974,.T.);
#6974 = EDGE_LOOP('',(#6975,#6985,#6991,#6992));
#6975 = ORIENTED_EDGE('',*,*,#6976,.F.);
#6976 = EDGE_CURVE('',#6977,#6979,#6981,.T.);
#6977 = VERTEX_POINT('',#6978);
#6978 = CARTESIAN_POINT('',(53.473392166491,-13.00000000003,2.));
#6979 = VERTEX_POINT('',#6980);
#6980 = CARTESIAN_POINT('',(54.073392166551,-13.00000000003,2.));
#6981 = LINE('',#6982,#6983);
#6982 = CARTESIAN_POINT('',(53.473392166491,-13.00000000003,2.));
#6983 = VECTOR('',#6984,1.);
#6984 = DIRECTION('',(1.,0.,0.));
#6985 = ORIENTED_EDGE('',*,*,#6986,.T.);
#6986 = EDGE_CURVE('',#6977,#5692,#6987,.T.);
#6987 = LINE('',#6988,#6989);
#6988 = CARTESIAN_POINT('',(53.473392166491,-13.00000000003,2.));
#6989 = VECTOR('',#6990,1.);
#6990 = DIRECTION('',(-0.,-0.,-1.));
#6991 = ORIENTED_EDGE('',*,*,#5689,.F.);
#6992 = ORIENTED_EDGE('',*,*,#6993,.F.);
#6993 = EDGE_CURVE('',#6979,#5690,#6994,.T.);
#6994 = LINE('',#6995,#6996);
#6995 = CARTESIAN_POINT('',(54.073392166551,-13.00000000003,2.));
#6996 = VECTOR('',#6997,1.);
#6997 = DIRECTION('',(-0.,-0.,-1.));
#6998 = PLANE('',#6999);
#6999 = AXIS2_PLACEMENT_3D('',#7000,#7001,#7002);
#7000 = CARTESIAN_POINT('',(53.473392166491,-13.00000000003,2.));
#7001 = DIRECTION('',(0.,-1.,0.));
#7002 = DIRECTION('',(1.,0.,0.));
#7003 = ADVANCED_FACE('',(#7004),#7022,.T.);
#7004 = FACE_BOUND('',#7005,.T.);
#7005 = EDGE_LOOP('',(#7006,#7014,#7015,#7016));
#7006 = ORIENTED_EDGE('',*,*,#7007,.F.);
#7007 = EDGE_CURVE('',#6979,#7008,#7010,.T.);
#7008 = VERTEX_POINT('',#7009);
#7009 = CARTESIAN_POINT('',(54.073392166551,-12.39999999997,2.));
#7010 = LINE('',#7011,#7012);
#7011 = CARTESIAN_POINT('',(54.073392166551,-13.00000000003,2.));
#7012 = VECTOR('',#7013,1.);
#7013 = DIRECTION('',(0.,1.,0.));
#7014 = ORIENTED_EDGE('',*,*,#6993,.T.);
#7015 = ORIENTED_EDGE('',*,*,#5715,.F.);
#7016 = ORIENTED_EDGE('',*,*,#7017,.F.);
#7017 = EDGE_CURVE('',#7008,#5708,#7018,.T.);
#7018 = LINE('',#7019,#7020);
#7019 = CARTESIAN_POINT('',(54.073392166551,-12.39999999997,2.));
#7020 = VECTOR('',#7021,1.);
#7021 = DIRECTION('',(-0.,-0.,-1.));
#7022 = PLANE('',#7023);
#7023 = AXIS2_PLACEMENT_3D('',#7024,#7025,#7026);
#7024 = CARTESIAN_POINT('',(54.073392166551,-13.00000000003,2.));
#7025 = DIRECTION('',(1.,0.,0.));
#7026 = DIRECTION('',(0.,1.,0.));
#7027 = ADVANCED_FACE('',(#7028),#7046,.T.);
#7028 = FACE_BOUND('',#7029,.T.);
#7029 = EDGE_LOOP('',(#7030,#7038,#7039,#7040));
#7030 = ORIENTED_EDGE('',*,*,#7031,.F.);
#7031 = EDGE_CURVE('',#7008,#7032,#7034,.T.);
#7032 = VERTEX_POINT('',#7033);
#7033 = CARTESIAN_POINT('',(53.473392166491,-12.39999999997,2.));
#7034 = LINE('',#7035,#7036);
#7035 = CARTESIAN_POINT('',(54.073392166551,-12.39999999997,2.));
#7036 = VECTOR('',#7037,1.);
#7037 = DIRECTION('',(-1.,0.,0.));
#7038 = ORIENTED_EDGE('',*,*,#7017,.T.);
#7039 = ORIENTED_EDGE('',*,*,#5707,.F.);
#7040 = ORIENTED_EDGE('',*,*,#7041,.F.);
#7041 = EDGE_CURVE('',#7032,#5700,#7042,.T.);
#7042 = LINE('',#7043,#7044);
#7043 = CARTESIAN_POINT('',(53.473392166491,-12.39999999997,2.));
#7044 = VECTOR('',#7045,1.);
#7045 = DIRECTION('',(-0.,-0.,-1.));
#7046 = PLANE('',#7047);
#7047 = AXIS2_PLACEMENT_3D('',#7048,#7049,#7050);
#7048 = CARTESIAN_POINT('',(54.073392166551,-12.39999999997,2.));
#7049 = DIRECTION('',(0.,1.,0.));
#7050 = DIRECTION('',(-1.,0.,0.));
#7051 = ADVANCED_FACE('',(#7052),#7063,.T.);
#7052 = FACE_BOUND('',#7053,.T.);
#7053 = EDGE_LOOP('',(#7054,#7060,#7061,#7062));
#7054 = ORIENTED_EDGE('',*,*,#7055,.F.);
#7055 = EDGE_CURVE('',#7032,#6977,#7056,.T.);
#7056 = LINE('',#7057,#7058);
#7057 = CARTESIAN_POINT('',(53.473392166491,-12.39999999997,2.));
#7058 = VECTOR('',#7059,1.);
#7059 = DIRECTION('',(0.,-1.,0.));
#7060 = ORIENTED_EDGE('',*,*,#7041,.T.);
#7061 = ORIENTED_EDGE('',*,*,#5699,.F.);
#7062 = ORIENTED_EDGE('',*,*,#6986,.F.);
#7063 = PLANE('',#7064);
#7064 = AXIS2_PLACEMENT_3D('',#7065,#7066,#7067);
#7065 = CARTESIAN_POINT('',(53.473392166491,-12.39999999997,2.));
#7066 = DIRECTION('',(-1.,0.,0.));
#7067 = DIRECTION('',(0.,-1.,0.));
#7068 = ADVANCED_FACE('',(#7069),#7075,.T.);
#7069 = FACE_BOUND('',#7070,.T.);
#7070 = EDGE_LOOP('',(#7071,#7072,#7073,#7074));
#7071 = ORIENTED_EDGE('',*,*,#7055,.T.);
#7072 = ORIENTED_EDGE('',*,*,#6976,.T.);
#7073 = ORIENTED_EDGE('',*,*,#7007,.T.);
#7074 = ORIENTED_EDGE('',*,*,#7031,.T.);
#7075 = PLANE('',#7076);
#7076 = AXIS2_PLACEMENT_3D('',#7077,#7078,#7079);
#7077 = CARTESIAN_POINT('',(53.773392166521,-6.4420747E-10,2.));
#7078 = DIRECTION('',(0.,0.,1.));
#7079 = DIRECTION('',(1.,0.,0.));
#7080 = ADVANCED_FACE('',(#7081),#7106,.T.);
#7081 = FACE_BOUND('',#7082,.T.);
#7082 = EDGE_LOOP('',(#7083,#7093,#7099,#7100));
#7083 = ORIENTED_EDGE('',*,*,#7084,.F.);
#7084 = EDGE_CURVE('',#7085,#7087,#7089,.T.);
#7085 = VERTEX_POINT('',#7086);
#7086 = CARTESIAN_POINT('',(56.013392166491,-13.00000000003,2.));
#7087 = VERTEX_POINT('',#7088);
#7088 = CARTESIAN_POINT('',(56.613392166551,-13.00000000003,2.));
#7089 = LINE('',#7090,#7091);
#7090 = CARTESIAN_POINT('',(56.013392166491,-13.00000000003,2.));
#7091 = VECTOR('',#7092,1.);
#7092 = DIRECTION('',(1.,0.,0.));
#7093 = ORIENTED_EDGE('',*,*,#7094,.T.);
#7094 = EDGE_CURVE('',#7085,#5726,#7095,.T.);
#7095 = LINE('',#7096,#7097);
#7096 = CARTESIAN_POINT('',(56.013392166491,-13.00000000003,2.));
#7097 = VECTOR('',#7098,1.);
#7098 = DIRECTION('',(-0.,-0.,-1.));
#7099 = ORIENTED_EDGE('',*,*,#5723,.F.);
#7100 = ORIENTED_EDGE('',*,*,#7101,.F.);
#7101 = EDGE_CURVE('',#7087,#5724,#7102,.T.);
#7102 = LINE('',#7103,#7104);
#7103 = CARTESIAN_POINT('',(56.613392166551,-13.00000000003,2.));
#7104 = VECTOR('',#7105,1.);
#7105 = DIRECTION('',(-0.,-0.,-1.));
#7106 = PLANE('',#7107);
#7107 = AXIS2_PLACEMENT_3D('',#7108,#7109,#7110);
#7108 = CARTESIAN_POINT('',(56.013392166491,-13.00000000003,2.));
#7109 = DIRECTION('',(0.,-1.,0.));
#7110 = DIRECTION('',(1.,0.,0.));
#7111 = ADVANCED_FACE('',(#7112),#7130,.T.);
#7112 = FACE_BOUND('',#7113,.T.);
#7113 = EDGE_LOOP('',(#7114,#7122,#7123,#7124));
#7114 = ORIENTED_EDGE('',*,*,#7115,.F.);
#7115 = EDGE_CURVE('',#7087,#7116,#7118,.T.);
#7116 = VERTEX_POINT('',#7117);
#7117 = CARTESIAN_POINT('',(56.613392166551,-12.39999999997,2.));
#7118 = LINE('',#7119,#7120);
#7119 = CARTESIAN_POINT('',(56.613392166551,-13.00000000003,2.));
#7120 = VECTOR('',#7121,1.);
#7121 = DIRECTION('',(0.,1.,0.));
#7122 = ORIENTED_EDGE('',*,*,#7101,.T.);
#7123 = ORIENTED_EDGE('',*,*,#5749,.F.);
#7124 = ORIENTED_EDGE('',*,*,#7125,.F.);
#7125 = EDGE_CURVE('',#7116,#5742,#7126,.T.);
#7126 = LINE('',#7127,#7128);
#7127 = CARTESIAN_POINT('',(56.613392166551,-12.39999999997,2.));
#7128 = VECTOR('',#7129,1.);
#7129 = DIRECTION('',(-0.,-0.,-1.));
#7130 = PLANE('',#7131);
#7131 = AXIS2_PLACEMENT_3D('',#7132,#7133,#7134);
#7132 = CARTESIAN_POINT('',(56.613392166551,-13.00000000003,2.));
#7133 = DIRECTION('',(1.,0.,0.));
#7134 = DIRECTION('',(0.,1.,0.));
#7135 = ADVANCED_FACE('',(#7136),#7154,.T.);
#7136 = FACE_BOUND('',#7137,.T.);
#7137 = EDGE_LOOP('',(#7138,#7146,#7147,#7148));
#7138 = ORIENTED_EDGE('',*,*,#7139,.F.);
#7139 = EDGE_CURVE('',#7116,#7140,#7142,.T.);
#7140 = VERTEX_POINT('',#7141);
#7141 = CARTESIAN_POINT('',(56.013392166491,-12.39999999997,2.));
#7142 = LINE('',#7143,#7144);
#7143 = CARTESIAN_POINT('',(56.613392166551,-12.39999999997,2.));
#7144 = VECTOR('',#7145,1.);
#7145 = DIRECTION('',(-1.,0.,0.));
#7146 = ORIENTED_EDGE('',*,*,#7125,.T.);
#7147 = ORIENTED_EDGE('',*,*,#5741,.F.);
#7148 = ORIENTED_EDGE('',*,*,#7149,.F.);
#7149 = EDGE_CURVE('',#7140,#5734,#7150,.T.);
#7150 = LINE('',#7151,#7152);
#7151 = CARTESIAN_POINT('',(56.013392166491,-12.39999999997,2.));
#7152 = VECTOR('',#7153,1.);
#7153 = DIRECTION('',(-0.,-0.,-1.));
#7154 = PLANE('',#7155);
#7155 = AXIS2_PLACEMENT_3D('',#7156,#7157,#7158);
#7156 = CARTESIAN_POINT('',(56.613392166551,-12.39999999997,2.));
#7157 = DIRECTION('',(0.,1.,0.));
#7158 = DIRECTION('',(-1.,0.,0.));
#7159 = ADVANCED_FACE('',(#7160),#7171,.T.);
#7160 = FACE_BOUND('',#7161,.T.);
#7161 = EDGE_LOOP('',(#7162,#7168,#7169,#7170));
#7162 = ORIENTED_EDGE('',*,*,#7163,.F.);
#7163 = EDGE_CURVE('',#7140,#7085,#7164,.T.);
#7164 = LINE('',#7165,#7166);
#7165 = CARTESIAN_POINT('',(56.013392166491,-12.39999999997,2.));
#7166 = VECTOR('',#7167,1.);
#7167 = DIRECTION('',(0.,-1.,0.));
#7168 = ORIENTED_EDGE('',*,*,#7149,.T.);
#7169 = ORIENTED_EDGE('',*,*,#5733,.F.);
#7170 = ORIENTED_EDGE('',*,*,#7094,.F.);
#7171 = PLANE('',#7172);
#7172 = AXIS2_PLACEMENT_3D('',#7173,#7174,#7175);
#7173 = CARTESIAN_POINT('',(56.013392166491,-12.39999999997,2.));
#7174 = DIRECTION('',(-1.,0.,0.));
#7175 = DIRECTION('',(0.,-1.,0.));
#7176 = ADVANCED_FACE('',(#7177),#7183,.T.);
#7177 = FACE_BOUND('',#7178,.T.);
#7178 = EDGE_LOOP('',(#7179,#7180,#7181,#7182));
#7179 = ORIENTED_EDGE('',*,*,#7163,.T.);
#7180 = ORIENTED_EDGE('',*,*,#7084,.T.);
#7181 = ORIENTED_EDGE('',*,*,#7115,.T.);
#7182 = ORIENTED_EDGE('',*,*,#7139,.T.);
#7183 = PLANE('',#7184);
#7184 = AXIS2_PLACEMENT_3D('',#7185,#7186,#7187);
#7185 = CARTESIAN_POINT('',(56.313392166521,-6.4420747E-10,2.));
#7186 = DIRECTION('',(0.,0.,1.));
#7187 = DIRECTION('',(1.,0.,0.));
#7188 = ADVANCED_FACE('',(#7189),#7214,.T.);
#7189 = FACE_BOUND('',#7190,.T.);
#7190 = EDGE_LOOP('',(#7191,#7201,#7207,#7208));
#7191 = ORIENTED_EDGE('',*,*,#7192,.F.);
#7192 = EDGE_CURVE('',#7193,#7195,#7197,.T.);
#7193 = VERTEX_POINT('',#7194);
#7194 = CARTESIAN_POINT('',(58.553392166491,-13.00000000003,2.));
#7195 = VERTEX_POINT('',#7196);
#7196 = CARTESIAN_POINT('',(59.153392166551,-13.00000000003,2.));
#7197 = LINE('',#7198,#7199);
#7198 = CARTESIAN_POINT('',(58.553392166491,-13.00000000003,2.));
#7199 = VECTOR('',#7200,1.);
#7200 = DIRECTION('',(1.,0.,0.));
#7201 = ORIENTED_EDGE('',*,*,#7202,.T.);
#7202 = EDGE_CURVE('',#7193,#5760,#7203,.T.);
#7203 = LINE('',#7204,#7205);
#7204 = CARTESIAN_POINT('',(58.553392166491,-13.00000000003,2.));
#7205 = VECTOR('',#7206,1.);
#7206 = DIRECTION('',(-0.,-0.,-1.));
#7207 = ORIENTED_EDGE('',*,*,#5757,.F.);
#7208 = ORIENTED_EDGE('',*,*,#7209,.F.);
#7209 = EDGE_CURVE('',#7195,#5758,#7210,.T.);
#7210 = LINE('',#7211,#7212);
#7211 = CARTESIAN_POINT('',(59.153392166551,-13.00000000003,2.));
#7212 = VECTOR('',#7213,1.);
#7213 = DIRECTION('',(-0.,-0.,-1.));
#7214 = PLANE('',#7215);
#7215 = AXIS2_PLACEMENT_3D('',#7216,#7217,#7218);
#7216 = CARTESIAN_POINT('',(58.553392166491,-13.00000000003,2.));
#7217 = DIRECTION('',(0.,-1.,0.));
#7218 = DIRECTION('',(1.,0.,0.));
#7219 = ADVANCED_FACE('',(#7220),#7238,.T.);
#7220 = FACE_BOUND('',#7221,.T.);
#7221 = EDGE_LOOP('',(#7222,#7230,#7231,#7232));
#7222 = ORIENTED_EDGE('',*,*,#7223,.F.);
#7223 = EDGE_CURVE('',#7195,#7224,#7226,.T.);
#7224 = VERTEX_POINT('',#7225);
#7225 = CARTESIAN_POINT('',(59.153392166551,-12.39999999997,2.));
#7226 = LINE('',#7227,#7228);
#7227 = CARTESIAN_POINT('',(59.153392166551,-13.00000000003,2.));
#7228 = VECTOR('',#7229,1.);
#7229 = DIRECTION('',(0.,1.,0.));
#7230 = ORIENTED_EDGE('',*,*,#7209,.T.);
#7231 = ORIENTED_EDGE('',*,*,#5783,.F.);
#7232 = ORIENTED_EDGE('',*,*,#7233,.F.);
#7233 = EDGE_CURVE('',#7224,#5776,#7234,.T.);
#7234 = LINE('',#7235,#7236);
#7235 = CARTESIAN_POINT('',(59.153392166551,-12.39999999997,2.));
#7236 = VECTOR('',#7237,1.);
#7237 = DIRECTION('',(-0.,-0.,-1.));
#7238 = PLANE('',#7239);
#7239 = AXIS2_PLACEMENT_3D('',#7240,#7241,#7242);
#7240 = CARTESIAN_POINT('',(59.153392166551,-13.00000000003,2.));
#7241 = DIRECTION('',(1.,0.,0.));
#7242 = DIRECTION('',(0.,1.,0.));
#7243 = ADVANCED_FACE('',(#7244),#7262,.T.);
#7244 = FACE_BOUND('',#7245,.T.);
#7245 = EDGE_LOOP('',(#7246,#7254,#7255,#7256));
#7246 = ORIENTED_EDGE('',*,*,#7247,.F.);
#7247 = EDGE_CURVE('',#7224,#7248,#7250,.T.);
#7248 = VERTEX_POINT('',#7249);
#7249 = CARTESIAN_POINT('',(58.553392166491,-12.39999999997,2.));
#7250 = LINE('',#7251,#7252);
#7251 = CARTESIAN_POINT('',(59.153392166551,-12.39999999997,2.));
#7252 = VECTOR('',#7253,1.);
#7253 = DIRECTION('',(-1.,0.,0.));
#7254 = ORIENTED_EDGE('',*,*,#7233,.T.);
#7255 = ORIENTED_EDGE('',*,*,#5775,.F.);
#7256 = ORIENTED_EDGE('',*,*,#7257,.F.);
#7257 = EDGE_CURVE('',#7248,#5768,#7258,.T.);
#7258 = LINE('',#7259,#7260);
#7259 = CARTESIAN_POINT('',(58.553392166491,-12.39999999997,2.));
#7260 = VECTOR('',#7261,1.);
#7261 = DIRECTION('',(-0.,-0.,-1.));
#7262 = PLANE('',#7263);
#7263 = AXIS2_PLACEMENT_3D('',#7264,#7265,#7266);
#7264 = CARTESIAN_POINT('',(59.153392166551,-12.39999999997,2.));
#7265 = DIRECTION('',(0.,1.,0.));
#7266 = DIRECTION('',(-1.,0.,0.));
#7267 = ADVANCED_FACE('',(#7268),#7279,.T.);
#7268 = FACE_BOUND('',#7269,.T.);
#7269 = EDGE_LOOP('',(#7270,#7276,#7277,#7278));
#7270 = ORIENTED_EDGE('',*,*,#7271,.F.);
#7271 = EDGE_CURVE('',#7248,#7193,#7272,.T.);
#7272 = LINE('',#7273,#7274);
#7273 = CARTESIAN_POINT('',(58.553392166491,-12.39999999997,2.));
#7274 = VECTOR('',#7275,1.);
#7275 = DIRECTION('',(0.,-1.,0.));
#7276 = ORIENTED_EDGE('',*,*,#7257,.T.);
#7277 = ORIENTED_EDGE('',*,*,#5767,.F.);
#7278 = ORIENTED_EDGE('',*,*,#7202,.F.);
#7279 = PLANE('',#7280);
#7280 = AXIS2_PLACEMENT_3D('',#7281,#7282,#7283);
#7281 = CARTESIAN_POINT('',(58.553392166491,-12.39999999997,2.));
#7282 = DIRECTION('',(-1.,0.,0.));
#7283 = DIRECTION('',(0.,-1.,0.));
#7284 = ADVANCED_FACE('',(#7285),#7291,.T.);
#7285 = FACE_BOUND('',#7286,.T.);
#7286 = EDGE_LOOP('',(#7287,#7288,#7289,#7290));
#7287 = ORIENTED_EDGE('',*,*,#7271,.T.);
#7288 = ORIENTED_EDGE('',*,*,#7192,.T.);
#7289 = ORIENTED_EDGE('',*,*,#7223,.T.);
#7290 = ORIENTED_EDGE('',*,*,#7247,.T.);
#7291 = PLANE('',#7292);
#7292 = AXIS2_PLACEMENT_3D('',#7293,#7294,#7295);
#7293 = CARTESIAN_POINT('',(58.853392166521,-6.4420747E-10,2.));
#7294 = DIRECTION('',(0.,0.,1.));
#7295 = DIRECTION('',(1.,0.,0.));
#7296 = ADVANCED_FACE('',(#7297),#7322,.T.);
#7297 = FACE_BOUND('',#7298,.T.);
#7298 = EDGE_LOOP('',(#7299,#7309,#7315,#7316));
#7299 = ORIENTED_EDGE('',*,*,#7300,.F.);
#7300 = EDGE_CURVE('',#7301,#7303,#7305,.T.);
#7301 = VERTEX_POINT('',#7302);
#7302 = CARTESIAN_POINT('',(61.093392166491,-13.00000000003,2.));
#7303 = VERTEX_POINT('',#7304);
#7304 = CARTESIAN_POINT('',(61.693392166551,-13.00000000003,2.));
#7305 = LINE('',#7306,#7307);
#7306 = CARTESIAN_POINT('',(61.093392166491,-13.00000000003,2.));
#7307 = VECTOR('',#7308,1.);
#7308 = DIRECTION('',(1.,0.,0.));
#7309 = ORIENTED_EDGE('',*,*,#7310,.T.);
#7310 = EDGE_CURVE('',#7301,#5794,#7311,.T.);
#7311 = LINE('',#7312,#7313);
#7312 = CARTESIAN_POINT('',(61.093392166491,-13.00000000003,2.));
#7313 = VECTOR('',#7314,1.);
#7314 = DIRECTION('',(-0.,-0.,-1.));
#7315 = ORIENTED_EDGE('',*,*,#5791,.F.);
#7316 = ORIENTED_EDGE('',*,*,#7317,.F.);
#7317 = EDGE_CURVE('',#7303,#5792,#7318,.T.);
#7318 = LINE('',#7319,#7320);
#7319 = CARTESIAN_POINT('',(61.693392166551,-13.00000000003,2.));
#7320 = VECTOR('',#7321,1.);
#7321 = DIRECTION('',(-0.,-0.,-1.));
#7322 = PLANE('',#7323);
#7323 = AXIS2_PLACEMENT_3D('',#7324,#7325,#7326);
#7324 = CARTESIAN_POINT('',(61.093392166491,-13.00000000003,2.));
#7325 = DIRECTION('',(0.,-1.,0.));
#7326 = DIRECTION('',(1.,0.,0.));
#7327 = ADVANCED_FACE('',(#7328),#7346,.T.);
#7328 = FACE_BOUND('',#7329,.T.);
#7329 = EDGE_LOOP('',(#7330,#7338,#7339,#7340));
#7330 = ORIENTED_EDGE('',*,*,#7331,.F.);
#7331 = EDGE_CURVE('',#7303,#7332,#7334,.T.);
#7332 = VERTEX_POINT('',#7333);
#7333 = CARTESIAN_POINT('',(61.693392166551,-12.39999999997,2.));
#7334 = LINE('',#7335,#7336);
#7335 = CARTESIAN_POINT('',(61.693392166551,-13.00000000003,2.));
#7336 = VECTOR('',#7337,1.);
#7337 = DIRECTION('',(0.,1.,0.));
#7338 = ORIENTED_EDGE('',*,*,#7317,.T.);
#7339 = ORIENTED_EDGE('',*,*,#5817,.F.);
#7340 = ORIENTED_EDGE('',*,*,#7341,.F.);
#7341 = EDGE_CURVE('',#7332,#5810,#7342,.T.);
#7342 = LINE('',#7343,#7344);
#7343 = CARTESIAN_POINT('',(61.693392166551,-12.39999999997,2.));
#7344 = VECTOR('',#7345,1.);
#7345 = DIRECTION('',(-0.,-0.,-1.));
#7346 = PLANE('',#7347);
#7347 = AXIS2_PLACEMENT_3D('',#7348,#7349,#7350);
#7348 = CARTESIAN_POINT('',(61.693392166551,-13.00000000003,2.));
#7349 = DIRECTION('',(1.,0.,0.));
#7350 = DIRECTION('',(0.,1.,0.));
#7351 = ADVANCED_FACE('',(#7352),#7370,.T.);
#7352 = FACE_BOUND('',#7353,.T.);
#7353 = EDGE_LOOP('',(#7354,#7362,#7363,#7364));
#7354 = ORIENTED_EDGE('',*,*,#7355,.F.);
#7355 = EDGE_CURVE('',#7332,#7356,#7358,.T.);
#7356 = VERTEX_POINT('',#7357);
#7357 = CARTESIAN_POINT('',(61.093392166491,-12.39999999997,2.));
#7358 = LINE('',#7359,#7360);
#7359 = CARTESIAN_POINT('',(61.693392166551,-12.39999999997,2.));
#7360 = VECTOR('',#7361,1.);
#7361 = DIRECTION('',(-1.,0.,0.));
#7362 = ORIENTED_EDGE('',*,*,#7341,.T.);
#7363 = ORIENTED_EDGE('',*,*,#5809,.F.);
#7364 = ORIENTED_EDGE('',*,*,#7365,.F.);
#7365 = EDGE_CURVE('',#7356,#5802,#7366,.T.);
#7366 = LINE('',#7367,#7368);
#7367 = CARTESIAN_POINT('',(61.093392166491,-12.39999999997,2.));
#7368 = VECTOR('',#7369,1.);
#7369 = DIRECTION('',(-0.,-0.,-1.));
#7370 = PLANE('',#7371);
#7371 = AXIS2_PLACEMENT_3D('',#7372,#7373,#7374);
#7372 = CARTESIAN_POINT('',(61.693392166551,-12.39999999997,2.));
#7373 = DIRECTION('',(0.,1.,0.));
#7374 = DIRECTION('',(-1.,0.,0.));
#7375 = ADVANCED_FACE('',(#7376),#7387,.T.);
#7376 = FACE_BOUND('',#7377,.T.);
#7377 = EDGE_LOOP('',(#7378,#7384,#7385,#7386));
#7378 = ORIENTED_EDGE('',*,*,#7379,.F.);
#7379 = EDGE_CURVE('',#7356,#7301,#7380,.T.);
#7380 = LINE('',#7381,#7382);
#7381 = CARTESIAN_POINT('',(61.093392166491,-12.39999999997,2.));
#7382 = VECTOR('',#7383,1.);
#7383 = DIRECTION('',(0.,-1.,0.));
#7384 = ORIENTED_EDGE('',*,*,#7365,.T.);
#7385 = ORIENTED_EDGE('',*,*,#5801,.F.);
#7386 = ORIENTED_EDGE('',*,*,#7310,.F.);
#7387 = PLANE('',#7388);
#7388 = AXIS2_PLACEMENT_3D('',#7389,#7390,#7391);
#7389 = CARTESIAN_POINT('',(61.093392166491,-12.39999999997,2.));
#7390 = DIRECTION('',(-1.,0.,0.));
#7391 = DIRECTION('',(0.,-1.,0.));
#7392 = ADVANCED_FACE('',(#7393),#7399,.T.);
#7393 = FACE_BOUND('',#7394,.T.);
#7394 = EDGE_LOOP('',(#7395,#7396,#7397,#7398));
#7395 = ORIENTED_EDGE('',*,*,#7379,.T.);
#7396 = ORIENTED_EDGE('',*,*,#7300,.T.);
#7397 = ORIENTED_EDGE('',*,*,#7331,.T.);
#7398 = ORIENTED_EDGE('',*,*,#7355,.T.);
#7399 = PLANE('',#7400);
#7400 = AXIS2_PLACEMENT_3D('',#7401,#7402,#7403);
#7401 = CARTESIAN_POINT('',(61.393392166521,-6.4420747E-10,2.));
#7402 = DIRECTION('',(0.,0.,1.));
#7403 = DIRECTION('',(1.,0.,0.));
#7404 = ADVANCED_FACE('',(#7405),#7430,.T.);
#7405 = FACE_BOUND('',#7406,.T.);
#7406 = EDGE_LOOP('',(#7407,#7417,#7423,#7424));
#7407 = ORIENTED_EDGE('',*,*,#7408,.F.);
#7408 = EDGE_CURVE('',#7409,#7411,#7413,.T.);
#7409 = VERTEX_POINT('',#7410);
#7410 = CARTESIAN_POINT('',(28.073392166491,-13.00000000003,2.));
#7411 = VERTEX_POINT('',#7412);
#7412 = CARTESIAN_POINT('',(28.673392166551,-13.00000000003,2.));
#7413 = LINE('',#7414,#7415);
#7414 = CARTESIAN_POINT('',(28.073392166491,-13.00000000003,2.));
#7415 = VECTOR('',#7416,1.);
#7416 = DIRECTION('',(1.,0.,0.));
#7417 = ORIENTED_EDGE('',*,*,#7418,.T.);
#7418 = EDGE_CURVE('',#7409,#5828,#7419,.T.);
#7419 = LINE('',#7420,#7421);
#7420 = CARTESIAN_POINT('',(28.073392166491,-13.00000000003,2.));
#7421 = VECTOR('',#7422,1.);
#7422 = DIRECTION('',(-0.,-0.,-1.));
#7423 = ORIENTED_EDGE('',*,*,#5825,.F.);
#7424 = ORIENTED_EDGE('',*,*,#7425,.F.);
#7425 = EDGE_CURVE('',#7411,#5826,#7426,.T.);
#7426 = LINE('',#7427,#7428);
#7427 = CARTESIAN_POINT('',(28.673392166551,-13.00000000003,2.));
#7428 = VECTOR('',#7429,1.);
#7429 = DIRECTION('',(-0.,-0.,-1.));
#7430 = PLANE('',#7431);
#7431 = AXIS2_PLACEMENT_3D('',#7432,#7433,#7434);
#7432 = CARTESIAN_POINT('',(28.073392166491,-13.00000000003,2.));
#7433 = DIRECTION('',(0.,-1.,0.));
#7434 = DIRECTION('',(1.,0.,0.));
#7435 = ADVANCED_FACE('',(#7436),#7454,.T.);
#7436 = FACE_BOUND('',#7437,.T.);
#7437 = EDGE_LOOP('',(#7438,#7446,#7447,#7448));
#7438 = ORIENTED_EDGE('',*,*,#7439,.F.);
#7439 = EDGE_CURVE('',#7411,#7440,#7442,.T.);
#7440 = VERTEX_POINT('',#7441);
#7441 = CARTESIAN_POINT('',(28.673392166551,-12.39999999997,2.));
#7442 = LINE('',#7443,#7444);
#7443 = CARTESIAN_POINT('',(28.673392166551,-13.00000000003,2.));
#7444 = VECTOR('',#7445,1.);
#7445 = DIRECTION('',(0.,1.,0.));
#7446 = ORIENTED_EDGE('',*,*,#7425,.T.);
#7447 = ORIENTED_EDGE('',*,*,#5851,.F.);
#7448 = ORIENTED_EDGE('',*,*,#7449,.F.);
#7449 = EDGE_CURVE('',#7440,#5844,#7450,.T.);
#7450 = LINE('',#7451,#7452);
#7451 = CARTESIAN_POINT('',(28.673392166551,-12.39999999997,2.));
#7452 = VECTOR('',#7453,1.);
#7453 = DIRECTION('',(-0.,-0.,-1.));
#7454 = PLANE('',#7455);
#7455 = AXIS2_PLACEMENT_3D('',#7456,#7457,#7458);
#7456 = CARTESIAN_POINT('',(28.673392166551,-13.00000000003,2.));
#7457 = DIRECTION('',(1.,0.,0.));
#7458 = DIRECTION('',(0.,1.,0.));
#7459 = ADVANCED_FACE('',(#7460),#7478,.T.);
#7460 = FACE_BOUND('',#7461,.T.);
#7461 = EDGE_LOOP('',(#7462,#7470,#7471,#7472));
#7462 = ORIENTED_EDGE('',*,*,#7463,.F.);
#7463 = EDGE_CURVE('',#7440,#7464,#7466,.T.);
#7464 = VERTEX_POINT('',#7465);
#7465 = CARTESIAN_POINT('',(28.073392166491,-12.39999999997,2.));
#7466 = LINE('',#7467,#7468);
#7467 = CARTESIAN_POINT('',(28.673392166551,-12.39999999997,2.));
#7468 = VECTOR('',#7469,1.);
#7469 = DIRECTION('',(-1.,0.,0.));
#7470 = ORIENTED_EDGE('',*,*,#7449,.T.);
#7471 = ORIENTED_EDGE('',*,*,#5843,.F.);
#7472 = ORIENTED_EDGE('',*,*,#7473,.F.);
#7473 = EDGE_CURVE('',#7464,#5836,#7474,.T.);
#7474 = LINE('',#7475,#7476);
#7475 = CARTESIAN_POINT('',(28.073392166491,-12.39999999997,2.));
#7476 = VECTOR('',#7477,1.);
#7477 = DIRECTION('',(-0.,-0.,-1.));
#7478 = PLANE('',#7479);
#7479 = AXIS2_PLACEMENT_3D('',#7480,#7481,#7482);
#7480 = CARTESIAN_POINT('',(28.673392166551,-12.39999999997,2.));
#7481 = DIRECTION('',(0.,1.,0.));
#7482 = DIRECTION('',(-1.,0.,0.));
#7483 = ADVANCED_FACE('',(#7484),#7495,.T.);
#7484 = FACE_BOUND('',#7485,.T.);
#7485 = EDGE_LOOP('',(#7486,#7492,#7493,#7494));
#7486 = ORIENTED_EDGE('',*,*,#7487,.F.);
#7487 = EDGE_CURVE('',#7464,#7409,#7488,.T.);
#7488 = LINE('',#7489,#7490);
#7489 = CARTESIAN_POINT('',(28.073392166491,-12.39999999997,2.));
#7490 = VECTOR('',#7491,1.);
#7491 = DIRECTION('',(0.,-1.,0.));
#7492 = ORIENTED_EDGE('',*,*,#7473,.T.);
#7493 = ORIENTED_EDGE('',*,*,#5835,.F.);
#7494 = ORIENTED_EDGE('',*,*,#7418,.F.);
#7495 = PLANE('',#7496);
#7496 = AXIS2_PLACEMENT_3D('',#7497,#7498,#7499);
#7497 = CARTESIAN_POINT('',(28.073392166491,-12.39999999997,2.));
#7498 = DIRECTION('',(-1.,0.,0.));
#7499 = DIRECTION('',(0.,-1.,0.));
#7500 = ADVANCED_FACE('',(#7501),#7507,.T.);
#7501 = FACE_BOUND('',#7502,.T.);
#7502 = EDGE_LOOP('',(#7503,#7504,#7505,#7506));
#7503 = ORIENTED_EDGE('',*,*,#7487,.T.);
#7504 = ORIENTED_EDGE('',*,*,#7408,.T.);
#7505 = ORIENTED_EDGE('',*,*,#7439,.T.);
#7506 = ORIENTED_EDGE('',*,*,#7463,.T.);
#7507 = PLANE('',#7508);
#7508 = AXIS2_PLACEMENT_3D('',#7509,#7510,#7511);
#7509 = CARTESIAN_POINT('',(28.373392166521,-6.4420747E-10,2.));
#7510 = DIRECTION('',(0.,0.,1.));
#7511 = DIRECTION('',(1.,0.,0.));
#7512 = ADVANCED_FACE('',(#7513),#7524,.T.);
#7513 = FACE_BOUND('',#7514,.T.);
#7514 = EDGE_LOOP('',(#7515,#7516,#7522,#7523));
#7515 = ORIENTED_EDGE('',*,*,#5881,.T.);
#7516 = ORIENTED_EDGE('',*,*,#7517,.T.);
#7517 = EDGE_CURVE('',#5874,#5287,#7518,.T.);
#7518 = LINE('',#7519,#7520);
#7519 = CARTESIAN_POINT('',(24.563392166521,-13.97,-2.2));
#7520 = VECTOR('',#7521,1.);
#7521 = DIRECTION('',(1.,0.,0.));
#7522 = ORIENTED_EDGE('',*,*,#5284,.F.);
#7523 = ORIENTED_EDGE('',*,*,#5324,.F.);
#7524 = PLANE('',#7525);
#7525 = AXIS2_PLACEMENT_3D('',#7526,#7527,#7528);
#7526 = CARTESIAN_POINT('',(43.613392166521,-13.97,-1.1));
#7527 = DIRECTION('',(-0.,-1.,-0.));
#7528 = DIRECTION('',(0.,0.,-1.));
#7529 = ADVANCED_FACE('',(#7530),#7541,.T.);
#7530 = FACE_BOUND('',#7531,.T.);
#7531 = EDGE_LOOP('',(#7532,#7533,#7534,#7535));
#7532 = ORIENTED_EDGE('',*,*,#5865,.F.);
#7533 = ORIENTED_EDGE('',*,*,#5333,.F.);
#7534 = ORIENTED_EDGE('',*,*,#5302,.T.);
#7535 = ORIENTED_EDGE('',*,*,#7536,.T.);
#7536 = EDGE_CURVE('',#5295,#5866,#7537,.T.);
#7537 = LINE('',#7538,#7539);
#7538 = CARTESIAN_POINT('',(62.663392166521,-11.43,-2.2));
#7539 = VECTOR('',#7540,1.);
#7540 = DIRECTION('',(-1.,0.,0.));
#7541 = PLANE('',#7542);
#7542 = AXIS2_PLACEMENT_3D('',#7543,#7544,#7545);
#7543 = CARTESIAN_POINT('',(43.613392166521,-11.43,-1.1));
#7544 = DIRECTION('',(0.,1.,0.));
#7545 = DIRECTION('',(0.,-0.,1.));
#7546 = ADVANCED_FACE('',(#7547,#7553,#7587,#7621,#7655,#7689,#7723,
    #7757,#7791,#7825,#7859,#7893,#7927,#7961,#7995,#8029),#8063,.T.);
#7547 = FACE_BOUND('',#7548,.T.);
#7548 = EDGE_LOOP('',(#7549,#7550,#7551,#7552));
#7549 = ORIENTED_EDGE('',*,*,#7517,.F.);
#7550 = ORIENTED_EDGE('',*,*,#5873,.F.);
#7551 = ORIENTED_EDGE('',*,*,#7536,.F.);
#7552 = ORIENTED_EDGE('',*,*,#5294,.F.);
#7553 = FACE_BOUND('',#7554,.T.);
#7554 = EDGE_LOOP('',(#7555,#7565,#7573,#7581));
#7555 = ORIENTED_EDGE('',*,*,#7556,.F.);
#7556 = EDGE_CURVE('',#7557,#7559,#7561,.T.);
#7557 = VERTEX_POINT('',#7558);
#7558 = CARTESIAN_POINT('',(26.133392166551,-13.00000000003,-2.2));
#7559 = VERTEX_POINT('',#7560);
#7560 = CARTESIAN_POINT('',(25.533392166491,-13.00000000003,-2.2));
#7561 = LINE('',#7562,#7563);
#7562 = CARTESIAN_POINT('',(25.683392166506,-13.00000000003,-2.2));
#7563 = VECTOR('',#7564,1.);
#7564 = DIRECTION('',(-1.,0.,0.));
#7565 = ORIENTED_EDGE('',*,*,#7566,.F.);
#7566 = EDGE_CURVE('',#7567,#7557,#7569,.T.);
#7567 = VERTEX_POINT('',#7568);
#7568 = CARTESIAN_POINT('',(26.133392166551,-12.39999999997,-2.2));
#7569 = LINE('',#7570,#7571);
#7570 = CARTESIAN_POINT('',(26.133392166551,-6.500000000015,-2.2));
#7571 = VECTOR('',#7572,1.);
#7572 = DIRECTION('',(0.,-1.,0.));
#7573 = ORIENTED_EDGE('',*,*,#7574,.F.);
#7574 = EDGE_CURVE('',#7575,#7567,#7577,.T.);
#7575 = VERTEX_POINT('',#7576);
#7576 = CARTESIAN_POINT('',(25.533392166491,-12.39999999997,-2.2));
#7577 = LINE('',#7578,#7579);
#7578 = CARTESIAN_POINT('',(25.983392166536,-12.39999999997,-2.2));
#7579 = VECTOR('',#7580,1.);
#7580 = DIRECTION('',(1.,0.,0.));
#7581 = ORIENTED_EDGE('',*,*,#7582,.F.);
#7582 = EDGE_CURVE('',#7559,#7575,#7583,.T.);
#7583 = LINE('',#7584,#7585);
#7584 = CARTESIAN_POINT('',(25.533392166491,-6.199999999985,-2.2));
#7585 = VECTOR('',#7586,1.);
#7586 = DIRECTION('',(0.,1.,0.));
#7587 = FACE_BOUND('',#7588,.T.);
#7588 = EDGE_LOOP('',(#7589,#7599,#7607,#7615));
#7589 = ORIENTED_EDGE('',*,*,#7590,.F.);
#7590 = EDGE_CURVE('',#7591,#7593,#7595,.T.);
#7591 = VERTEX_POINT('',#7592);
#7592 = CARTESIAN_POINT('',(31.213392166551,-13.00000000003,-2.2));
#7593 = VERTEX_POINT('',#7594);
#7594 = CARTESIAN_POINT('',(30.613392166491,-13.00000000003,-2.2));
#7595 = LINE('',#7596,#7597);
#7596 = CARTESIAN_POINT('',(30.763392166506,-13.00000000003,-2.2));
#7597 = VECTOR('',#7598,1.);
#7598 = DIRECTION('',(-1.,0.,0.));
#7599 = ORIENTED_EDGE('',*,*,#7600,.F.);
#7600 = EDGE_CURVE('',#7601,#7591,#7603,.T.);
#7601 = VERTEX_POINT('',#7602);
#7602 = CARTESIAN_POINT('',(31.213392166551,-12.39999999997,-2.2));
#7603 = LINE('',#7604,#7605);
#7604 = CARTESIAN_POINT('',(31.213392166551,-6.500000000015,-2.2));
#7605 = VECTOR('',#7606,1.);
#7606 = DIRECTION('',(0.,-1.,0.));
#7607 = ORIENTED_EDGE('',*,*,#7608,.F.);
#7608 = EDGE_CURVE('',#7609,#7601,#7611,.T.);
#7609 = VERTEX_POINT('',#7610);
#7610 = CARTESIAN_POINT('',(30.613392166491,-12.39999999997,-2.2));
#7611 = LINE('',#7612,#7613);
#7612 = CARTESIAN_POINT('',(31.063392166536,-12.39999999997,-2.2));
#7613 = VECTOR('',#7614,1.);
#7614 = DIRECTION('',(1.,0.,0.));
#7615 = ORIENTED_EDGE('',*,*,#7616,.F.);
#7616 = EDGE_CURVE('',#7593,#7609,#7617,.T.);
#7617 = LINE('',#7618,#7619);
#7618 = CARTESIAN_POINT('',(30.613392166491,-6.199999999985,-2.2));
#7619 = VECTOR('',#7620,1.);
#7620 = DIRECTION('',(0.,1.,0.));
#7621 = FACE_BOUND('',#7622,.T.);
#7622 = EDGE_LOOP('',(#7623,#7633,#7641,#7649));
#7623 = ORIENTED_EDGE('',*,*,#7624,.F.);
#7624 = EDGE_CURVE('',#7625,#7627,#7629,.T.);
#7625 = VERTEX_POINT('',#7626);
#7626 = CARTESIAN_POINT('',(33.753392166551,-13.00000000003,-2.2));
#7627 = VERTEX_POINT('',#7628);
#7628 = CARTESIAN_POINT('',(33.153392166491,-13.00000000003,-2.2));
#7629 = LINE('',#7630,#7631);
#7630 = CARTESIAN_POINT('',(33.303392166506,-13.00000000003,-2.2));
#7631 = VECTOR('',#7632,1.);
#7632 = DIRECTION('',(-1.,0.,0.));
#7633 = ORIENTED_EDGE('',*,*,#7634,.F.);
#7634 = EDGE_CURVE('',#7635,#7625,#7637,.T.);
#7635 = VERTEX_POINT('',#7636);
#7636 = CARTESIAN_POINT('',(33.753392166551,-12.39999999997,-2.2));
#7637 = LINE('',#7638,#7639);
#7638 = CARTESIAN_POINT('',(33.753392166551,-6.500000000015,-2.2));
#7639 = VECTOR('',#7640,1.);
#7640 = DIRECTION('',(0.,-1.,0.));
#7641 = ORIENTED_EDGE('',*,*,#7642,.F.);
#7642 = EDGE_CURVE('',#7643,#7635,#7645,.T.);
#7643 = VERTEX_POINT('',#7644);
#7644 = CARTESIAN_POINT('',(33.153392166491,-12.39999999997,-2.2));
#7645 = LINE('',#7646,#7647);
#7646 = CARTESIAN_POINT('',(33.603392166536,-12.39999999997,-2.2));
#7647 = VECTOR('',#7648,1.);
#7648 = DIRECTION('',(1.,0.,0.));
#7649 = ORIENTED_EDGE('',*,*,#7650,.F.);
#7650 = EDGE_CURVE('',#7627,#7643,#7651,.T.);
#7651 = LINE('',#7652,#7653);
#7652 = CARTESIAN_POINT('',(33.153392166491,-6.199999999985,-2.2));
#7653 = VECTOR('',#7654,1.);
#7654 = DIRECTION('',(0.,1.,0.));
#7655 = FACE_BOUND('',#7656,.T.);
#7656 = EDGE_LOOP('',(#7657,#7667,#7675,#7683));
#7657 = ORIENTED_EDGE('',*,*,#7658,.F.);
#7658 = EDGE_CURVE('',#7659,#7661,#7663,.T.);
#7659 = VERTEX_POINT('',#7660);
#7660 = CARTESIAN_POINT('',(36.293392166551,-13.00000000003,-2.2));
#7661 = VERTEX_POINT('',#7662);
#7662 = CARTESIAN_POINT('',(35.693392166491,-13.00000000003,-2.2));
#7663 = LINE('',#7664,#7665);
#7664 = CARTESIAN_POINT('',(35.843392166506,-13.00000000003,-2.2));
#7665 = VECTOR('',#7666,1.);
#7666 = DIRECTION('',(-1.,0.,0.));
#7667 = ORIENTED_EDGE('',*,*,#7668,.F.);
#7668 = EDGE_CURVE('',#7669,#7659,#7671,.T.);
#7669 = VERTEX_POINT('',#7670);
#7670 = CARTESIAN_POINT('',(36.293392166551,-12.39999999997,-2.2));
#7671 = LINE('',#7672,#7673);
#7672 = CARTESIAN_POINT('',(36.293392166551,-6.500000000015,-2.2));
#7673 = VECTOR('',#7674,1.);
#7674 = DIRECTION('',(0.,-1.,0.));
#7675 = ORIENTED_EDGE('',*,*,#7676,.F.);
#7676 = EDGE_CURVE('',#7677,#7669,#7679,.T.);
#7677 = VERTEX_POINT('',#7678);
#7678 = CARTESIAN_POINT('',(35.693392166491,-12.39999999997,-2.2));
#7679 = LINE('',#7680,#7681);
#7680 = CARTESIAN_POINT('',(36.143392166536,-12.39999999997,-2.2));
#7681 = VECTOR('',#7682,1.);
#7682 = DIRECTION('',(1.,0.,0.));
#7683 = ORIENTED_EDGE('',*,*,#7684,.F.);
#7684 = EDGE_CURVE('',#7661,#7677,#7685,.T.);
#7685 = LINE('',#7686,#7687);
#7686 = CARTESIAN_POINT('',(35.693392166491,-6.199999999985,-2.2));
#7687 = VECTOR('',#7688,1.);
#7688 = DIRECTION('',(0.,1.,0.));
#7689 = FACE_BOUND('',#7690,.T.);
#7690 = EDGE_LOOP('',(#7691,#7701,#7709,#7717));
#7691 = ORIENTED_EDGE('',*,*,#7692,.F.);
#7692 = EDGE_CURVE('',#7693,#7695,#7697,.T.);
#7693 = VERTEX_POINT('',#7694);
#7694 = CARTESIAN_POINT('',(38.833392166551,-13.00000000003,-2.2));
#7695 = VERTEX_POINT('',#7696);
#7696 = CARTESIAN_POINT('',(38.233392166491,-13.00000000003,-2.2));
#7697 = LINE('',#7698,#7699);
#7698 = CARTESIAN_POINT('',(38.383392166506,-13.00000000003,-2.2));
#7699 = VECTOR('',#7700,1.);
#7700 = DIRECTION('',(-1.,0.,0.));
#7701 = ORIENTED_EDGE('',*,*,#7702,.F.);
#7702 = EDGE_CURVE('',#7703,#7693,#7705,.T.);
#7703 = VERTEX_POINT('',#7704);
#7704 = CARTESIAN_POINT('',(38.833392166551,-12.39999999997,-2.2));
#7705 = LINE('',#7706,#7707);
#7706 = CARTESIAN_POINT('',(38.833392166551,-6.500000000015,-2.2));
#7707 = VECTOR('',#7708,1.);
#7708 = DIRECTION('',(0.,-1.,0.));
#7709 = ORIENTED_EDGE('',*,*,#7710,.F.);
#7710 = EDGE_CURVE('',#7711,#7703,#7713,.T.);
#7711 = VERTEX_POINT('',#7712);
#7712 = CARTESIAN_POINT('',(38.233392166491,-12.39999999997,-2.2));
#7713 = LINE('',#7714,#7715);
#7714 = CARTESIAN_POINT('',(38.683392166536,-12.39999999997,-2.2));
#7715 = VECTOR('',#7716,1.);
#7716 = DIRECTION('',(1.,0.,0.));
#7717 = ORIENTED_EDGE('',*,*,#7718,.F.);
#7718 = EDGE_CURVE('',#7695,#7711,#7719,.T.);
#7719 = LINE('',#7720,#7721);
#7720 = CARTESIAN_POINT('',(38.233392166491,-6.199999999985,-2.2));
#7721 = VECTOR('',#7722,1.);
#7722 = DIRECTION('',(0.,1.,0.));
#7723 = FACE_BOUND('',#7724,.T.);
#7724 = EDGE_LOOP('',(#7725,#7735,#7743,#7751));
#7725 = ORIENTED_EDGE('',*,*,#7726,.F.);
#7726 = EDGE_CURVE('',#7727,#7729,#7731,.T.);
#7727 = VERTEX_POINT('',#7728);
#7728 = CARTESIAN_POINT('',(41.373392166551,-13.00000000003,-2.2));
#7729 = VERTEX_POINT('',#7730);
#7730 = CARTESIAN_POINT('',(40.773392166491,-13.00000000003,-2.2));
#7731 = LINE('',#7732,#7733);
#7732 = CARTESIAN_POINT('',(40.923392166506,-13.00000000003,-2.2));
#7733 = VECTOR('',#7734,1.);
#7734 = DIRECTION('',(-1.,0.,0.));
#7735 = ORIENTED_EDGE('',*,*,#7736,.F.);
#7736 = EDGE_CURVE('',#7737,#7727,#7739,.T.);
#7737 = VERTEX_POINT('',#7738);
#7738 = CARTESIAN_POINT('',(41.373392166551,-12.39999999997,-2.2));
#7739 = LINE('',#7740,#7741);
#7740 = CARTESIAN_POINT('',(41.373392166551,-6.500000000015,-2.2));
#7741 = VECTOR('',#7742,1.);
#7742 = DIRECTION('',(0.,-1.,0.));
#7743 = ORIENTED_EDGE('',*,*,#7744,.F.);
#7744 = EDGE_CURVE('',#7745,#7737,#7747,.T.);
#7745 = VERTEX_POINT('',#7746);
#7746 = CARTESIAN_POINT('',(40.773392166491,-12.39999999997,-2.2));
#7747 = LINE('',#7748,#7749);
#7748 = CARTESIAN_POINT('',(41.223392166536,-12.39999999997,-2.2));
#7749 = VECTOR('',#7750,1.);
#7750 = DIRECTION('',(1.,0.,0.));
#7751 = ORIENTED_EDGE('',*,*,#7752,.F.);
#7752 = EDGE_CURVE('',#7729,#7745,#7753,.T.);
#7753 = LINE('',#7754,#7755);
#7754 = CARTESIAN_POINT('',(40.773392166491,-6.199999999985,-2.2));
#7755 = VECTOR('',#7756,1.);
#7756 = DIRECTION('',(0.,1.,0.));
#7757 = FACE_BOUND('',#7758,.T.);
#7758 = EDGE_LOOP('',(#7759,#7769,#7777,#7785));
#7759 = ORIENTED_EDGE('',*,*,#7760,.F.);
#7760 = EDGE_CURVE('',#7761,#7763,#7765,.T.);
#7761 = VERTEX_POINT('',#7762);
#7762 = CARTESIAN_POINT('',(43.913392166551,-13.00000000003,-2.2));
#7763 = VERTEX_POINT('',#7764);
#7764 = CARTESIAN_POINT('',(43.313392166491,-13.00000000003,-2.2));
#7765 = LINE('',#7766,#7767);
#7766 = CARTESIAN_POINT('',(43.463392166506,-13.00000000003,-2.2));
#7767 = VECTOR('',#7768,1.);
#7768 = DIRECTION('',(-1.,0.,0.));
#7769 = ORIENTED_EDGE('',*,*,#7770,.F.);
#7770 = EDGE_CURVE('',#7771,#7761,#7773,.T.);
#7771 = VERTEX_POINT('',#7772);
#7772 = CARTESIAN_POINT('',(43.913392166551,-12.39999999997,-2.2));
#7773 = LINE('',#7774,#7775);
#7774 = CARTESIAN_POINT('',(43.913392166551,-6.500000000015,-2.2));
#7775 = VECTOR('',#7776,1.);
#7776 = DIRECTION('',(0.,-1.,0.));
#7777 = ORIENTED_EDGE('',*,*,#7778,.F.);
#7778 = EDGE_CURVE('',#7779,#7771,#7781,.T.);
#7779 = VERTEX_POINT('',#7780);
#7780 = CARTESIAN_POINT('',(43.313392166491,-12.39999999997,-2.2));
#7781 = LINE('',#7782,#7783);
#7782 = CARTESIAN_POINT('',(43.763392166536,-12.39999999997,-2.2));
#7783 = VECTOR('',#7784,1.);
#7784 = DIRECTION('',(1.,0.,0.));
#7785 = ORIENTED_EDGE('',*,*,#7786,.F.);
#7786 = EDGE_CURVE('',#7763,#7779,#7787,.T.);
#7787 = LINE('',#7788,#7789);
#7788 = CARTESIAN_POINT('',(43.313392166491,-6.199999999985,-2.2));
#7789 = VECTOR('',#7790,1.);
#7790 = DIRECTION('',(0.,1.,0.));
#7791 = FACE_BOUND('',#7792,.T.);
#7792 = EDGE_LOOP('',(#7793,#7803,#7811,#7819));
#7793 = ORIENTED_EDGE('',*,*,#7794,.F.);
#7794 = EDGE_CURVE('',#7795,#7797,#7799,.T.);
#7795 = VERTEX_POINT('',#7796);
#7796 = CARTESIAN_POINT('',(46.453392166551,-13.00000000003,-2.2));
#7797 = VERTEX_POINT('',#7798);
#7798 = CARTESIAN_POINT('',(45.853392166491,-13.00000000003,-2.2));
#7799 = LINE('',#7800,#7801);
#7800 = CARTESIAN_POINT('',(46.003392166506,-13.00000000003,-2.2));
#7801 = VECTOR('',#7802,1.);
#7802 = DIRECTION('',(-1.,0.,0.));
#7803 = ORIENTED_EDGE('',*,*,#7804,.F.);
#7804 = EDGE_CURVE('',#7805,#7795,#7807,.T.);
#7805 = VERTEX_POINT('',#7806);
#7806 = CARTESIAN_POINT('',(46.453392166551,-12.39999999997,-2.2));
#7807 = LINE('',#7808,#7809);
#7808 = CARTESIAN_POINT('',(46.453392166551,-6.500000000015,-2.2));
#7809 = VECTOR('',#7810,1.);
#7810 = DIRECTION('',(0.,-1.,0.));
#7811 = ORIENTED_EDGE('',*,*,#7812,.F.);
#7812 = EDGE_CURVE('',#7813,#7805,#7815,.T.);
#7813 = VERTEX_POINT('',#7814);
#7814 = CARTESIAN_POINT('',(45.853392166491,-12.39999999997,-2.2));
#7815 = LINE('',#7816,#7817);
#7816 = CARTESIAN_POINT('',(46.303392166536,-12.39999999997,-2.2));
#7817 = VECTOR('',#7818,1.);
#7818 = DIRECTION('',(1.,0.,0.));
#7819 = ORIENTED_EDGE('',*,*,#7820,.F.);
#7820 = EDGE_CURVE('',#7797,#7813,#7821,.T.);
#7821 = LINE('',#7822,#7823);
#7822 = CARTESIAN_POINT('',(45.853392166491,-6.199999999985,-2.2));
#7823 = VECTOR('',#7824,1.);
#7824 = DIRECTION('',(0.,1.,0.));
#7825 = FACE_BOUND('',#7826,.T.);
#7826 = EDGE_LOOP('',(#7827,#7837,#7845,#7853));
#7827 = ORIENTED_EDGE('',*,*,#7828,.F.);
#7828 = EDGE_CURVE('',#7829,#7831,#7833,.T.);
#7829 = VERTEX_POINT('',#7830);
#7830 = CARTESIAN_POINT('',(48.993392166551,-13.00000000003,-2.2));
#7831 = VERTEX_POINT('',#7832);
#7832 = CARTESIAN_POINT('',(48.393392166491,-13.00000000003,-2.2));
#7833 = LINE('',#7834,#7835);
#7834 = CARTESIAN_POINT('',(48.543392166506,-13.00000000003,-2.2));
#7835 = VECTOR('',#7836,1.);
#7836 = DIRECTION('',(-1.,0.,0.));
#7837 = ORIENTED_EDGE('',*,*,#7838,.F.);
#7838 = EDGE_CURVE('',#7839,#7829,#7841,.T.);
#7839 = VERTEX_POINT('',#7840);
#7840 = CARTESIAN_POINT('',(48.993392166551,-12.39999999997,-2.2));
#7841 = LINE('',#7842,#7843);
#7842 = CARTESIAN_POINT('',(48.993392166551,-6.500000000015,-2.2));
#7843 = VECTOR('',#7844,1.);
#7844 = DIRECTION('',(0.,-1.,0.));
#7845 = ORIENTED_EDGE('',*,*,#7846,.F.);
#7846 = EDGE_CURVE('',#7847,#7839,#7849,.T.);
#7847 = VERTEX_POINT('',#7848);
#7848 = CARTESIAN_POINT('',(48.393392166491,-12.39999999997,-2.2));
#7849 = LINE('',#7850,#7851);
#7850 = CARTESIAN_POINT('',(48.843392166536,-12.39999999997,-2.2));
#7851 = VECTOR('',#7852,1.);
#7852 = DIRECTION('',(1.,0.,0.));
#7853 = ORIENTED_EDGE('',*,*,#7854,.F.);
#7854 = EDGE_CURVE('',#7831,#7847,#7855,.T.);
#7855 = LINE('',#7856,#7857);
#7856 = CARTESIAN_POINT('',(48.393392166491,-6.199999999985,-2.2));
#7857 = VECTOR('',#7858,1.);
#7858 = DIRECTION('',(0.,1.,0.));
#7859 = FACE_BOUND('',#7860,.T.);
#7860 = EDGE_LOOP('',(#7861,#7871,#7879,#7887));
#7861 = ORIENTED_EDGE('',*,*,#7862,.F.);
#7862 = EDGE_CURVE('',#7863,#7865,#7867,.T.);
#7863 = VERTEX_POINT('',#7864);
#7864 = CARTESIAN_POINT('',(51.533392166551,-13.00000000003,-2.2));
#7865 = VERTEX_POINT('',#7866);
#7866 = CARTESIAN_POINT('',(50.933392166491,-13.00000000003,-2.2));
#7867 = LINE('',#7868,#7869);
#7868 = CARTESIAN_POINT('',(51.083392166506,-13.00000000003,-2.2));
#7869 = VECTOR('',#7870,1.);
#7870 = DIRECTION('',(-1.,0.,0.));
#7871 = ORIENTED_EDGE('',*,*,#7872,.F.);
#7872 = EDGE_CURVE('',#7873,#7863,#7875,.T.);
#7873 = VERTEX_POINT('',#7874);
#7874 = CARTESIAN_POINT('',(51.533392166551,-12.39999999997,-2.2));
#7875 = LINE('',#7876,#7877);
#7876 = CARTESIAN_POINT('',(51.533392166551,-6.500000000015,-2.2));
#7877 = VECTOR('',#7878,1.);
#7878 = DIRECTION('',(0.,-1.,0.));
#7879 = ORIENTED_EDGE('',*,*,#7880,.F.);
#7880 = EDGE_CURVE('',#7881,#7873,#7883,.T.);
#7881 = VERTEX_POINT('',#7882);
#7882 = CARTESIAN_POINT('',(50.933392166491,-12.39999999997,-2.2));
#7883 = LINE('',#7884,#7885);
#7884 = CARTESIAN_POINT('',(51.383392166536,-12.39999999997,-2.2));
#7885 = VECTOR('',#7886,1.);
#7886 = DIRECTION('',(1.,0.,0.));
#7887 = ORIENTED_EDGE('',*,*,#7888,.F.);
#7888 = EDGE_CURVE('',#7865,#7881,#7889,.T.);
#7889 = LINE('',#7890,#7891);
#7890 = CARTESIAN_POINT('',(50.933392166491,-6.199999999985,-2.2));
#7891 = VECTOR('',#7892,1.);
#7892 = DIRECTION('',(0.,1.,0.));
#7893 = FACE_BOUND('',#7894,.T.);
#7894 = EDGE_LOOP('',(#7895,#7905,#7913,#7921));
#7895 = ORIENTED_EDGE('',*,*,#7896,.F.);
#7896 = EDGE_CURVE('',#7897,#7899,#7901,.T.);
#7897 = VERTEX_POINT('',#7898);
#7898 = CARTESIAN_POINT('',(54.073392166551,-13.00000000003,-2.2));
#7899 = VERTEX_POINT('',#7900);
#7900 = CARTESIAN_POINT('',(53.473392166491,-13.00000000003,-2.2));
#7901 = LINE('',#7902,#7903);
#7902 = CARTESIAN_POINT('',(53.623392166506,-13.00000000003,-2.2));
#7903 = VECTOR('',#7904,1.);
#7904 = DIRECTION('',(-1.,0.,0.));
#7905 = ORIENTED_EDGE('',*,*,#7906,.F.);
#7906 = EDGE_CURVE('',#7907,#7897,#7909,.T.);
#7907 = VERTEX_POINT('',#7908);
#7908 = CARTESIAN_POINT('',(54.073392166551,-12.39999999997,-2.2));
#7909 = LINE('',#7910,#7911);
#7910 = CARTESIAN_POINT('',(54.073392166551,-6.500000000015,-2.2));
#7911 = VECTOR('',#7912,1.);
#7912 = DIRECTION('',(0.,-1.,0.));
#7913 = ORIENTED_EDGE('',*,*,#7914,.F.);
#7914 = EDGE_CURVE('',#7915,#7907,#7917,.T.);
#7915 = VERTEX_POINT('',#7916);
#7916 = CARTESIAN_POINT('',(53.473392166491,-12.39999999997,-2.2));
#7917 = LINE('',#7918,#7919);
#7918 = CARTESIAN_POINT('',(53.923392166536,-12.39999999997,-2.2));
#7919 = VECTOR('',#7920,1.);
#7920 = DIRECTION('',(1.,0.,0.));
#7921 = ORIENTED_EDGE('',*,*,#7922,.F.);
#7922 = EDGE_CURVE('',#7899,#7915,#7923,.T.);
#7923 = LINE('',#7924,#7925);
#7924 = CARTESIAN_POINT('',(53.473392166491,-6.199999999985,-2.2));
#7925 = VECTOR('',#7926,1.);
#7926 = DIRECTION('',(0.,1.,0.));
#7927 = FACE_BOUND('',#7928,.T.);
#7928 = EDGE_LOOP('',(#7929,#7939,#7947,#7955));
#7929 = ORIENTED_EDGE('',*,*,#7930,.F.);
#7930 = EDGE_CURVE('',#7931,#7933,#7935,.T.);
#7931 = VERTEX_POINT('',#7932);
#7932 = CARTESIAN_POINT('',(56.613392166551,-13.00000000003,-2.2));
#7933 = VERTEX_POINT('',#7934);
#7934 = CARTESIAN_POINT('',(56.013392166491,-13.00000000003,-2.2));
#7935 = LINE('',#7936,#7937);
#7936 = CARTESIAN_POINT('',(56.163392166506,-13.00000000003,-2.2));
#7937 = VECTOR('',#7938,1.);
#7938 = DIRECTION('',(-1.,0.,0.));
#7939 = ORIENTED_EDGE('',*,*,#7940,.F.);
#7940 = EDGE_CURVE('',#7941,#7931,#7943,.T.);
#7941 = VERTEX_POINT('',#7942);
#7942 = CARTESIAN_POINT('',(56.613392166551,-12.39999999997,-2.2));
#7943 = LINE('',#7944,#7945);
#7944 = CARTESIAN_POINT('',(56.613392166551,-6.500000000015,-2.2));
#7945 = VECTOR('',#7946,1.);
#7946 = DIRECTION('',(0.,-1.,0.));
#7947 = ORIENTED_EDGE('',*,*,#7948,.F.);
#7948 = EDGE_CURVE('',#7949,#7941,#7951,.T.);
#7949 = VERTEX_POINT('',#7950);
#7950 = CARTESIAN_POINT('',(56.013392166491,-12.39999999997,-2.2));
#7951 = LINE('',#7952,#7953);
#7952 = CARTESIAN_POINT('',(56.463392166536,-12.39999999997,-2.2));
#7953 = VECTOR('',#7954,1.);
#7954 = DIRECTION('',(1.,0.,0.));
#7955 = ORIENTED_EDGE('',*,*,#7956,.F.);
#7956 = EDGE_CURVE('',#7933,#7949,#7957,.T.);
#7957 = LINE('',#7958,#7959);
#7958 = CARTESIAN_POINT('',(56.013392166491,-6.199999999985,-2.2));
#7959 = VECTOR('',#7960,1.);
#7960 = DIRECTION('',(0.,1.,0.));
#7961 = FACE_BOUND('',#7962,.T.);
#7962 = EDGE_LOOP('',(#7963,#7973,#7981,#7989));
#7963 = ORIENTED_EDGE('',*,*,#7964,.F.);
#7964 = EDGE_CURVE('',#7965,#7967,#7969,.T.);
#7965 = VERTEX_POINT('',#7966);
#7966 = CARTESIAN_POINT('',(59.153392166551,-13.00000000003,-2.2));
#7967 = VERTEX_POINT('',#7968);
#7968 = CARTESIAN_POINT('',(58.553392166491,-13.00000000003,-2.2));
#7969 = LINE('',#7970,#7971);
#7970 = CARTESIAN_POINT('',(58.703392166506,-13.00000000003,-2.2));
#7971 = VECTOR('',#7972,1.);
#7972 = DIRECTION('',(-1.,0.,0.));
#7973 = ORIENTED_EDGE('',*,*,#7974,.F.);
#7974 = EDGE_CURVE('',#7975,#7965,#7977,.T.);
#7975 = VERTEX_POINT('',#7976);
#7976 = CARTESIAN_POINT('',(59.153392166551,-12.39999999997,-2.2));
#7977 = LINE('',#7978,#7979);
#7978 = CARTESIAN_POINT('',(59.153392166551,-6.500000000015,-2.2));
#7979 = VECTOR('',#7980,1.);
#7980 = DIRECTION('',(0.,-1.,0.));
#7981 = ORIENTED_EDGE('',*,*,#7982,.F.);
#7982 = EDGE_CURVE('',#7983,#7975,#7985,.T.);
#7983 = VERTEX_POINT('',#7984);
#7984 = CARTESIAN_POINT('',(58.553392166491,-12.39999999997,-2.2));
#7985 = LINE('',#7986,#7987);
#7986 = CARTESIAN_POINT('',(59.003392166536,-12.39999999997,-2.2));
#7987 = VECTOR('',#7988,1.);
#7988 = DIRECTION('',(1.,0.,0.));
#7989 = ORIENTED_EDGE('',*,*,#7990,.F.);
#7990 = EDGE_CURVE('',#7967,#7983,#7991,.T.);
#7991 = LINE('',#7992,#7993);
#7992 = CARTESIAN_POINT('',(58.553392166491,-6.199999999985,-2.2));
#7993 = VECTOR('',#7994,1.);
#7994 = DIRECTION('',(0.,1.,0.));
#7995 = FACE_BOUND('',#7996,.T.);
#7996 = EDGE_LOOP('',(#7997,#8007,#8015,#8023));
#7997 = ORIENTED_EDGE('',*,*,#7998,.F.);
#7998 = EDGE_CURVE('',#7999,#8001,#8003,.T.);
#7999 = VERTEX_POINT('',#8000);
#8000 = CARTESIAN_POINT('',(61.693392166551,-13.00000000003,-2.2));
#8001 = VERTEX_POINT('',#8002);
#8002 = CARTESIAN_POINT('',(61.093392166491,-13.00000000003,-2.2));
#8003 = LINE('',#8004,#8005);
#8004 = CARTESIAN_POINT('',(61.243392166506,-13.00000000003,-2.2));
#8005 = VECTOR('',#8006,1.);
#8006 = DIRECTION('',(-1.,0.,0.));
#8007 = ORIENTED_EDGE('',*,*,#8008,.F.);
#8008 = EDGE_CURVE('',#8009,#7999,#8011,.T.);
#8009 = VERTEX_POINT('',#8010);
#8010 = CARTESIAN_POINT('',(61.693392166551,-12.39999999997,-2.2));
#8011 = LINE('',#8012,#8013);
#8012 = CARTESIAN_POINT('',(61.693392166551,-6.500000000015,-2.2));
#8013 = VECTOR('',#8014,1.);
#8014 = DIRECTION('',(0.,-1.,0.));
#8015 = ORIENTED_EDGE('',*,*,#8016,.F.);
#8016 = EDGE_CURVE('',#8017,#8009,#8019,.T.);
#8017 = VERTEX_POINT('',#8018);
#8018 = CARTESIAN_POINT('',(61.093392166491,-12.39999999997,-2.2));
#8019 = LINE('',#8020,#8021);
#8020 = CARTESIAN_POINT('',(61.543392166536,-12.39999999997,-2.2));
#8021 = VECTOR('',#8022,1.);
#8022 = DIRECTION('',(1.,0.,0.));
#8023 = ORIENTED_EDGE('',*,*,#8024,.F.);
#8024 = EDGE_CURVE('',#8001,#8017,#8025,.T.);
#8025 = LINE('',#8026,#8027);
#8026 = CARTESIAN_POINT('',(61.093392166491,-6.199999999985,-2.2));
#8027 = VECTOR('',#8028,1.);
#8028 = DIRECTION('',(0.,1.,0.));
#8029 = FACE_BOUND('',#8030,.T.);
#8030 = EDGE_LOOP('',(#8031,#8041,#8049,#8057));
#8031 = ORIENTED_EDGE('',*,*,#8032,.F.);
#8032 = EDGE_CURVE('',#8033,#8035,#8037,.T.);
#8033 = VERTEX_POINT('',#8034);
#8034 = CARTESIAN_POINT('',(28.673392166551,-13.00000000003,-2.2));
#8035 = VERTEX_POINT('',#8036);
#8036 = CARTESIAN_POINT('',(28.073392166491,-13.00000000003,-2.2));
#8037 = LINE('',#8038,#8039);
#8038 = CARTESIAN_POINT('',(28.223392166506,-13.00000000003,-2.2));
#8039 = VECTOR('',#8040,1.);
#8040 = DIRECTION('',(-1.,0.,0.));
#8041 = ORIENTED_EDGE('',*,*,#8042,.F.);
#8042 = EDGE_CURVE('',#8043,#8033,#8045,.T.);
#8043 = VERTEX_POINT('',#8044);
#8044 = CARTESIAN_POINT('',(28.673392166551,-12.39999999997,-2.2));
#8045 = LINE('',#8046,#8047);
#8046 = CARTESIAN_POINT('',(28.673392166551,-6.500000000015,-2.2));
#8047 = VECTOR('',#8048,1.);
#8048 = DIRECTION('',(0.,-1.,0.));
#8049 = ORIENTED_EDGE('',*,*,#8050,.F.);
#8050 = EDGE_CURVE('',#8051,#8043,#8053,.T.);
#8051 = VERTEX_POINT('',#8052);
#8052 = CARTESIAN_POINT('',(28.073392166491,-12.39999999997,-2.2));
#8053 = LINE('',#8054,#8055);
#8054 = CARTESIAN_POINT('',(28.523392166536,-12.39999999997,-2.2));
#8055 = VECTOR('',#8056,1.);
#8056 = DIRECTION('',(1.,0.,0.));
#8057 = ORIENTED_EDGE('',*,*,#8058,.F.);
#8058 = EDGE_CURVE('',#8035,#8051,#8059,.T.);
#8059 = LINE('',#8060,#8061);
#8060 = CARTESIAN_POINT('',(28.073392166491,-6.199999999985,-2.2));
#8061 = VECTOR('',#8062,1.);
#8062 = DIRECTION('',(0.,1.,0.));
#8063 = PLANE('',#8064);
#8064 = AXIS2_PLACEMENT_3D('',#8065,#8066,#8067);
#8065 = CARTESIAN_POINT('',(43.613392166521,-12.7,-2.2));
#8066 = DIRECTION('',(-0.,-0.,-1.));
#8067 = DIRECTION('',(-1.,0.,0.));
#8068 = ADVANCED_FACE('',(#8069),#8094,.T.);
#8069 = FACE_BOUND('',#8070,.T.);
#8070 = EDGE_LOOP('',(#8071,#8072,#8080,#8088));
#8071 = ORIENTED_EDGE('',*,*,#7556,.T.);
#8072 = ORIENTED_EDGE('',*,*,#8073,.T.);
#8073 = EDGE_CURVE('',#7559,#8074,#8076,.T.);
#8074 = VERTEX_POINT('',#8075);
#8075 = CARTESIAN_POINT('',(25.533392166491,-13.00000000003,-8.5));
#8076 = LINE('',#8077,#8078);
#8077 = CARTESIAN_POINT('',(25.533392166491,-13.00000000003,2.));
#8078 = VECTOR('',#8079,1.);
#8079 = DIRECTION('',(-0.,-0.,-1.));
#8080 = ORIENTED_EDGE('',*,*,#8081,.T.);
#8081 = EDGE_CURVE('',#8074,#8082,#8084,.T.);
#8082 = VERTEX_POINT('',#8083);
#8083 = CARTESIAN_POINT('',(26.133392166551,-13.00000000003,-8.5));
#8084 = LINE('',#8085,#8086);
#8085 = CARTESIAN_POINT('',(25.533392166491,-13.00000000003,-8.5));
#8086 = VECTOR('',#8087,1.);
#8087 = DIRECTION('',(1.,0.,0.));
#8088 = ORIENTED_EDGE('',*,*,#8089,.F.);
#8089 = EDGE_CURVE('',#7557,#8082,#8090,.T.);
#8090 = LINE('',#8091,#8092);
#8091 = CARTESIAN_POINT('',(26.133392166551,-13.00000000003,2.));
#8092 = VECTOR('',#8093,1.);
#8093 = DIRECTION('',(-0.,-0.,-1.));
#8094 = PLANE('',#8095);
#8095 = AXIS2_PLACEMENT_3D('',#8096,#8097,#8098);
#8096 = CARTESIAN_POINT('',(25.533392166491,-13.00000000003,2.));
#8097 = DIRECTION('',(0.,-1.,0.));
#8098 = DIRECTION('',(1.,0.,0.));
#8099 = ADVANCED_FACE('',(#8100),#8118,.T.);
#8100 = FACE_BOUND('',#8101,.T.);
#8101 = EDGE_LOOP('',(#8102,#8103,#8104,#8112));
#8102 = ORIENTED_EDGE('',*,*,#7566,.T.);
#8103 = ORIENTED_EDGE('',*,*,#8089,.T.);
#8104 = ORIENTED_EDGE('',*,*,#8105,.T.);
#8105 = EDGE_CURVE('',#8082,#8106,#8108,.T.);
#8106 = VERTEX_POINT('',#8107);
#8107 = CARTESIAN_POINT('',(26.133392166551,-12.39999999997,-8.5));
#8108 = LINE('',#8109,#8110);
#8109 = CARTESIAN_POINT('',(26.133392166551,-13.00000000003,-8.5));
#8110 = VECTOR('',#8111,1.);
#8111 = DIRECTION('',(0.,1.,0.));
#8112 = ORIENTED_EDGE('',*,*,#8113,.F.);
#8113 = EDGE_CURVE('',#7567,#8106,#8114,.T.);
#8114 = LINE('',#8115,#8116);
#8115 = CARTESIAN_POINT('',(26.133392166551,-12.39999999997,2.));
#8116 = VECTOR('',#8117,1.);
#8117 = DIRECTION('',(-0.,-0.,-1.));
#8118 = PLANE('',#8119);
#8119 = AXIS2_PLACEMENT_3D('',#8120,#8121,#8122);
#8120 = CARTESIAN_POINT('',(26.133392166551,-13.00000000003,2.));
#8121 = DIRECTION('',(1.,0.,0.));
#8122 = DIRECTION('',(0.,1.,0.));
#8123 = ADVANCED_FACE('',(#8124),#8142,.T.);
#8124 = FACE_BOUND('',#8125,.T.);
#8125 = EDGE_LOOP('',(#8126,#8127,#8128,#8136));
#8126 = ORIENTED_EDGE('',*,*,#7574,.T.);
#8127 = ORIENTED_EDGE('',*,*,#8113,.T.);
#8128 = ORIENTED_EDGE('',*,*,#8129,.T.);
#8129 = EDGE_CURVE('',#8106,#8130,#8132,.T.);
#8130 = VERTEX_POINT('',#8131);
#8131 = CARTESIAN_POINT('',(25.533392166491,-12.39999999997,-8.5));
#8132 = LINE('',#8133,#8134);
#8133 = CARTESIAN_POINT('',(26.133392166551,-12.39999999997,-8.5));
#8134 = VECTOR('',#8135,1.);
#8135 = DIRECTION('',(-1.,0.,0.));
#8136 = ORIENTED_EDGE('',*,*,#8137,.F.);
#8137 = EDGE_CURVE('',#7575,#8130,#8138,.T.);
#8138 = LINE('',#8139,#8140);
#8139 = CARTESIAN_POINT('',(25.533392166491,-12.39999999997,2.));
#8140 = VECTOR('',#8141,1.);
#8141 = DIRECTION('',(-0.,-0.,-1.));
#8142 = PLANE('',#8143);
#8143 = AXIS2_PLACEMENT_3D('',#8144,#8145,#8146);
#8144 = CARTESIAN_POINT('',(26.133392166551,-12.39999999997,2.));
#8145 = DIRECTION('',(0.,1.,0.));
#8146 = DIRECTION('',(-1.,0.,0.));
#8147 = ADVANCED_FACE('',(#8148),#8159,.T.);
#8148 = FACE_BOUND('',#8149,.T.);
#8149 = EDGE_LOOP('',(#8150,#8151,#8152,#8158));
#8150 = ORIENTED_EDGE('',*,*,#7582,.T.);
#8151 = ORIENTED_EDGE('',*,*,#8137,.T.);
#8152 = ORIENTED_EDGE('',*,*,#8153,.T.);
#8153 = EDGE_CURVE('',#8130,#8074,#8154,.T.);
#8154 = LINE('',#8155,#8156);
#8155 = CARTESIAN_POINT('',(25.533392166491,-12.39999999997,-8.5));
#8156 = VECTOR('',#8157,1.);
#8157 = DIRECTION('',(0.,-1.,0.));
#8158 = ORIENTED_EDGE('',*,*,#8073,.F.);
#8159 = PLANE('',#8160);
#8160 = AXIS2_PLACEMENT_3D('',#8161,#8162,#8163);
#8161 = CARTESIAN_POINT('',(25.533392166491,-12.39999999997,2.));
#8162 = DIRECTION('',(-1.,0.,0.));
#8163 = DIRECTION('',(0.,-1.,0.));
#8164 = ADVANCED_FACE('',(#8165),#8171,.F.);
#8165 = FACE_BOUND('',#8166,.F.);
#8166 = EDGE_LOOP('',(#8167,#8168,#8169,#8170));
#8167 = ORIENTED_EDGE('',*,*,#8153,.T.);
#8168 = ORIENTED_EDGE('',*,*,#8081,.T.);
#8169 = ORIENTED_EDGE('',*,*,#8105,.T.);
#8170 = ORIENTED_EDGE('',*,*,#8129,.T.);
#8171 = PLANE('',#8172);
#8172 = AXIS2_PLACEMENT_3D('',#8173,#8174,#8175);
#8173 = CARTESIAN_POINT('',(25.833392166521,-6.4420747E-10,-8.5));
#8174 = DIRECTION('',(0.,0.,1.));
#8175 = DIRECTION('',(1.,0.,0.));
#8176 = ADVANCED_FACE('',(#8177),#8202,.T.);
#8177 = FACE_BOUND('',#8178,.T.);
#8178 = EDGE_LOOP('',(#8179,#8180,#8188,#8196));
#8179 = ORIENTED_EDGE('',*,*,#7590,.T.);
#8180 = ORIENTED_EDGE('',*,*,#8181,.T.);
#8181 = EDGE_CURVE('',#7593,#8182,#8184,.T.);
#8182 = VERTEX_POINT('',#8183);
#8183 = CARTESIAN_POINT('',(30.613392166491,-13.00000000003,-8.5));
#8184 = LINE('',#8185,#8186);
#8185 = CARTESIAN_POINT('',(30.613392166491,-13.00000000003,2.));
#8186 = VECTOR('',#8187,1.);
#8187 = DIRECTION('',(-0.,-0.,-1.));
#8188 = ORIENTED_EDGE('',*,*,#8189,.T.);
#8189 = EDGE_CURVE('',#8182,#8190,#8192,.T.);
#8190 = VERTEX_POINT('',#8191);
#8191 = CARTESIAN_POINT('',(31.213392166551,-13.00000000003,-8.5));
#8192 = LINE('',#8193,#8194);
#8193 = CARTESIAN_POINT('',(30.613392166491,-13.00000000003,-8.5));
#8194 = VECTOR('',#8195,1.);
#8195 = DIRECTION('',(1.,0.,0.));
#8196 = ORIENTED_EDGE('',*,*,#8197,.F.);
#8197 = EDGE_CURVE('',#7591,#8190,#8198,.T.);
#8198 = LINE('',#8199,#8200);
#8199 = CARTESIAN_POINT('',(31.213392166551,-13.00000000003,2.));
#8200 = VECTOR('',#8201,1.);
#8201 = DIRECTION('',(-0.,-0.,-1.));
#8202 = PLANE('',#8203);
#8203 = AXIS2_PLACEMENT_3D('',#8204,#8205,#8206);
#8204 = CARTESIAN_POINT('',(30.613392166491,-13.00000000003,2.));
#8205 = DIRECTION('',(0.,-1.,0.));
#8206 = DIRECTION('',(1.,0.,0.));
#8207 = ADVANCED_FACE('',(#8208),#8226,.T.);
#8208 = FACE_BOUND('',#8209,.T.);
#8209 = EDGE_LOOP('',(#8210,#8211,#8212,#8220));
#8210 = ORIENTED_EDGE('',*,*,#7600,.T.);
#8211 = ORIENTED_EDGE('',*,*,#8197,.T.);
#8212 = ORIENTED_EDGE('',*,*,#8213,.T.);
#8213 = EDGE_CURVE('',#8190,#8214,#8216,.T.);
#8214 = VERTEX_POINT('',#8215);
#8215 = CARTESIAN_POINT('',(31.213392166551,-12.39999999997,-8.5));
#8216 = LINE('',#8217,#8218);
#8217 = CARTESIAN_POINT('',(31.213392166551,-13.00000000003,-8.5));
#8218 = VECTOR('',#8219,1.);
#8219 = DIRECTION('',(0.,1.,0.));
#8220 = ORIENTED_EDGE('',*,*,#8221,.F.);
#8221 = EDGE_CURVE('',#7601,#8214,#8222,.T.);
#8222 = LINE('',#8223,#8224);
#8223 = CARTESIAN_POINT('',(31.213392166551,-12.39999999997,2.));
#8224 = VECTOR('',#8225,1.);
#8225 = DIRECTION('',(-0.,-0.,-1.));
#8226 = PLANE('',#8227);
#8227 = AXIS2_PLACEMENT_3D('',#8228,#8229,#8230);
#8228 = CARTESIAN_POINT('',(31.213392166551,-13.00000000003,2.));
#8229 = DIRECTION('',(1.,0.,0.));
#8230 = DIRECTION('',(0.,1.,0.));
#8231 = ADVANCED_FACE('',(#8232),#8250,.T.);
#8232 = FACE_BOUND('',#8233,.T.);
#8233 = EDGE_LOOP('',(#8234,#8235,#8236,#8244));
#8234 = ORIENTED_EDGE('',*,*,#7608,.T.);
#8235 = ORIENTED_EDGE('',*,*,#8221,.T.);
#8236 = ORIENTED_EDGE('',*,*,#8237,.T.);
#8237 = EDGE_CURVE('',#8214,#8238,#8240,.T.);
#8238 = VERTEX_POINT('',#8239);
#8239 = CARTESIAN_POINT('',(30.613392166491,-12.39999999997,-8.5));
#8240 = LINE('',#8241,#8242);
#8241 = CARTESIAN_POINT('',(31.213392166551,-12.39999999997,-8.5));
#8242 = VECTOR('',#8243,1.);
#8243 = DIRECTION('',(-1.,0.,0.));
#8244 = ORIENTED_EDGE('',*,*,#8245,.F.);
#8245 = EDGE_CURVE('',#7609,#8238,#8246,.T.);
#8246 = LINE('',#8247,#8248);
#8247 = CARTESIAN_POINT('',(30.613392166491,-12.39999999997,2.));
#8248 = VECTOR('',#8249,1.);
#8249 = DIRECTION('',(-0.,-0.,-1.));
#8250 = PLANE('',#8251);
#8251 = AXIS2_PLACEMENT_3D('',#8252,#8253,#8254);
#8252 = CARTESIAN_POINT('',(31.213392166551,-12.39999999997,2.));
#8253 = DIRECTION('',(0.,1.,0.));
#8254 = DIRECTION('',(-1.,0.,0.));
#8255 = ADVANCED_FACE('',(#8256),#8267,.T.);
#8256 = FACE_BOUND('',#8257,.T.);
#8257 = EDGE_LOOP('',(#8258,#8259,#8260,#8266));
#8258 = ORIENTED_EDGE('',*,*,#7616,.T.);
#8259 = ORIENTED_EDGE('',*,*,#8245,.T.);
#8260 = ORIENTED_EDGE('',*,*,#8261,.T.);
#8261 = EDGE_CURVE('',#8238,#8182,#8262,.T.);
#8262 = LINE('',#8263,#8264);
#8263 = CARTESIAN_POINT('',(30.613392166491,-12.39999999997,-8.5));
#8264 = VECTOR('',#8265,1.);
#8265 = DIRECTION('',(0.,-1.,0.));
#8266 = ORIENTED_EDGE('',*,*,#8181,.F.);
#8267 = PLANE('',#8268);
#8268 = AXIS2_PLACEMENT_3D('',#8269,#8270,#8271);
#8269 = CARTESIAN_POINT('',(30.613392166491,-12.39999999997,2.));
#8270 = DIRECTION('',(-1.,0.,0.));
#8271 = DIRECTION('',(0.,-1.,0.));
#8272 = ADVANCED_FACE('',(#8273),#8279,.F.);
#8273 = FACE_BOUND('',#8274,.F.);
#8274 = EDGE_LOOP('',(#8275,#8276,#8277,#8278));
#8275 = ORIENTED_EDGE('',*,*,#8261,.T.);
#8276 = ORIENTED_EDGE('',*,*,#8189,.T.);
#8277 = ORIENTED_EDGE('',*,*,#8213,.T.);
#8278 = ORIENTED_EDGE('',*,*,#8237,.T.);
#8279 = PLANE('',#8280);
#8280 = AXIS2_PLACEMENT_3D('',#8281,#8282,#8283);
#8281 = CARTESIAN_POINT('',(30.913392166521,-6.4420747E-10,-8.5));
#8282 = DIRECTION('',(0.,0.,1.));
#8283 = DIRECTION('',(1.,0.,0.));
#8284 = ADVANCED_FACE('',(#8285),#8310,.T.);
#8285 = FACE_BOUND('',#8286,.T.);
#8286 = EDGE_LOOP('',(#8287,#8288,#8296,#8304));
#8287 = ORIENTED_EDGE('',*,*,#7624,.T.);
#8288 = ORIENTED_EDGE('',*,*,#8289,.T.);
#8289 = EDGE_CURVE('',#7627,#8290,#8292,.T.);
#8290 = VERTEX_POINT('',#8291);
#8291 = CARTESIAN_POINT('',(33.153392166491,-13.00000000003,-8.5));
#8292 = LINE('',#8293,#8294);
#8293 = CARTESIAN_POINT('',(33.153392166491,-13.00000000003,2.));
#8294 = VECTOR('',#8295,1.);
#8295 = DIRECTION('',(-0.,-0.,-1.));
#8296 = ORIENTED_EDGE('',*,*,#8297,.T.);
#8297 = EDGE_CURVE('',#8290,#8298,#8300,.T.);
#8298 = VERTEX_POINT('',#8299);
#8299 = CARTESIAN_POINT('',(33.753392166551,-13.00000000003,-8.5));
#8300 = LINE('',#8301,#8302);
#8301 = CARTESIAN_POINT('',(33.153392166491,-13.00000000003,-8.5));
#8302 = VECTOR('',#8303,1.);
#8303 = DIRECTION('',(1.,0.,0.));
#8304 = ORIENTED_EDGE('',*,*,#8305,.F.);
#8305 = EDGE_CURVE('',#7625,#8298,#8306,.T.);
#8306 = LINE('',#8307,#8308);
#8307 = CARTESIAN_POINT('',(33.753392166551,-13.00000000003,2.));
#8308 = VECTOR('',#8309,1.);
#8309 = DIRECTION('',(-0.,-0.,-1.));
#8310 = PLANE('',#8311);
#8311 = AXIS2_PLACEMENT_3D('',#8312,#8313,#8314);
#8312 = CARTESIAN_POINT('',(33.153392166491,-13.00000000003,2.));
#8313 = DIRECTION('',(0.,-1.,0.));
#8314 = DIRECTION('',(1.,0.,0.));
#8315 = ADVANCED_FACE('',(#8316),#8334,.T.);
#8316 = FACE_BOUND('',#8317,.T.);
#8317 = EDGE_LOOP('',(#8318,#8319,#8320,#8328));
#8318 = ORIENTED_EDGE('',*,*,#7634,.T.);
#8319 = ORIENTED_EDGE('',*,*,#8305,.T.);
#8320 = ORIENTED_EDGE('',*,*,#8321,.T.);
#8321 = EDGE_CURVE('',#8298,#8322,#8324,.T.);
#8322 = VERTEX_POINT('',#8323);
#8323 = CARTESIAN_POINT('',(33.753392166551,-12.39999999997,-8.5));
#8324 = LINE('',#8325,#8326);
#8325 = CARTESIAN_POINT('',(33.753392166551,-13.00000000003,-8.5));
#8326 = VECTOR('',#8327,1.);
#8327 = DIRECTION('',(0.,1.,0.));
#8328 = ORIENTED_EDGE('',*,*,#8329,.F.);
#8329 = EDGE_CURVE('',#7635,#8322,#8330,.T.);
#8330 = LINE('',#8331,#8332);
#8331 = CARTESIAN_POINT('',(33.753392166551,-12.39999999997,2.));
#8332 = VECTOR('',#8333,1.);
#8333 = DIRECTION('',(-0.,-0.,-1.));
#8334 = PLANE('',#8335);
#8335 = AXIS2_PLACEMENT_3D('',#8336,#8337,#8338);
#8336 = CARTESIAN_POINT('',(33.753392166551,-13.00000000003,2.));
#8337 = DIRECTION('',(1.,0.,0.));
#8338 = DIRECTION('',(0.,1.,0.));
#8339 = ADVANCED_FACE('',(#8340),#8358,.T.);
#8340 = FACE_BOUND('',#8341,.T.);
#8341 = EDGE_LOOP('',(#8342,#8343,#8344,#8352));
#8342 = ORIENTED_EDGE('',*,*,#7642,.T.);
#8343 = ORIENTED_EDGE('',*,*,#8329,.T.);
#8344 = ORIENTED_EDGE('',*,*,#8345,.T.);
#8345 = EDGE_CURVE('',#8322,#8346,#8348,.T.);
#8346 = VERTEX_POINT('',#8347);
#8347 = CARTESIAN_POINT('',(33.153392166491,-12.39999999997,-8.5));
#8348 = LINE('',#8349,#8350);
#8349 = CARTESIAN_POINT('',(33.753392166551,-12.39999999997,-8.5));
#8350 = VECTOR('',#8351,1.);
#8351 = DIRECTION('',(-1.,0.,0.));
#8352 = ORIENTED_EDGE('',*,*,#8353,.F.);
#8353 = EDGE_CURVE('',#7643,#8346,#8354,.T.);
#8354 = LINE('',#8355,#8356);
#8355 = CARTESIAN_POINT('',(33.153392166491,-12.39999999997,2.));
#8356 = VECTOR('',#8357,1.);
#8357 = DIRECTION('',(-0.,-0.,-1.));
#8358 = PLANE('',#8359);
#8359 = AXIS2_PLACEMENT_3D('',#8360,#8361,#8362);
#8360 = CARTESIAN_POINT('',(33.753392166551,-12.39999999997,2.));
#8361 = DIRECTION('',(0.,1.,0.));
#8362 = DIRECTION('',(-1.,0.,0.));
#8363 = ADVANCED_FACE('',(#8364),#8375,.T.);
#8364 = FACE_BOUND('',#8365,.T.);
#8365 = EDGE_LOOP('',(#8366,#8367,#8368,#8374));
#8366 = ORIENTED_EDGE('',*,*,#7650,.T.);
#8367 = ORIENTED_EDGE('',*,*,#8353,.T.);
#8368 = ORIENTED_EDGE('',*,*,#8369,.T.);
#8369 = EDGE_CURVE('',#8346,#8290,#8370,.T.);
#8370 = LINE('',#8371,#8372);
#8371 = CARTESIAN_POINT('',(33.153392166491,-12.39999999997,-8.5));
#8372 = VECTOR('',#8373,1.);
#8373 = DIRECTION('',(0.,-1.,0.));
#8374 = ORIENTED_EDGE('',*,*,#8289,.F.);
#8375 = PLANE('',#8376);
#8376 = AXIS2_PLACEMENT_3D('',#8377,#8378,#8379);
#8377 = CARTESIAN_POINT('',(33.153392166491,-12.39999999997,2.));
#8378 = DIRECTION('',(-1.,0.,0.));
#8379 = DIRECTION('',(0.,-1.,0.));
#8380 = ADVANCED_FACE('',(#8381),#8387,.F.);
#8381 = FACE_BOUND('',#8382,.F.);
#8382 = EDGE_LOOP('',(#8383,#8384,#8385,#8386));
#8383 = ORIENTED_EDGE('',*,*,#8369,.T.);
#8384 = ORIENTED_EDGE('',*,*,#8297,.T.);
#8385 = ORIENTED_EDGE('',*,*,#8321,.T.);
#8386 = ORIENTED_EDGE('',*,*,#8345,.T.);
#8387 = PLANE('',#8388);
#8388 = AXIS2_PLACEMENT_3D('',#8389,#8390,#8391);
#8389 = CARTESIAN_POINT('',(33.453392166521,-6.4420747E-10,-8.5));
#8390 = DIRECTION('',(0.,0.,1.));
#8391 = DIRECTION('',(1.,0.,0.));
#8392 = ADVANCED_FACE('',(#8393),#8418,.T.);
#8393 = FACE_BOUND('',#8394,.T.);
#8394 = EDGE_LOOP('',(#8395,#8396,#8404,#8412));
#8395 = ORIENTED_EDGE('',*,*,#7658,.T.);
#8396 = ORIENTED_EDGE('',*,*,#8397,.T.);
#8397 = EDGE_CURVE('',#7661,#8398,#8400,.T.);
#8398 = VERTEX_POINT('',#8399);
#8399 = CARTESIAN_POINT('',(35.693392166491,-13.00000000003,-8.5));
#8400 = LINE('',#8401,#8402);
#8401 = CARTESIAN_POINT('',(35.693392166491,-13.00000000003,2.));
#8402 = VECTOR('',#8403,1.);
#8403 = DIRECTION('',(-0.,-0.,-1.));
#8404 = ORIENTED_EDGE('',*,*,#8405,.T.);
#8405 = EDGE_CURVE('',#8398,#8406,#8408,.T.);
#8406 = VERTEX_POINT('',#8407);
#8407 = CARTESIAN_POINT('',(36.293392166551,-13.00000000003,-8.5));
#8408 = LINE('',#8409,#8410);
#8409 = CARTESIAN_POINT('',(35.693392166491,-13.00000000003,-8.5));
#8410 = VECTOR('',#8411,1.);
#8411 = DIRECTION('',(1.,0.,0.));
#8412 = ORIENTED_EDGE('',*,*,#8413,.F.);
#8413 = EDGE_CURVE('',#7659,#8406,#8414,.T.);
#8414 = LINE('',#8415,#8416);
#8415 = CARTESIAN_POINT('',(36.293392166551,-13.00000000003,2.));
#8416 = VECTOR('',#8417,1.);
#8417 = DIRECTION('',(-0.,-0.,-1.));
#8418 = PLANE('',#8419);
#8419 = AXIS2_PLACEMENT_3D('',#8420,#8421,#8422);
#8420 = CARTESIAN_POINT('',(35.693392166491,-13.00000000003,2.));
#8421 = DIRECTION('',(0.,-1.,0.));
#8422 = DIRECTION('',(1.,0.,0.));
#8423 = ADVANCED_FACE('',(#8424),#8442,.T.);
#8424 = FACE_BOUND('',#8425,.T.);
#8425 = EDGE_LOOP('',(#8426,#8427,#8428,#8436));
#8426 = ORIENTED_EDGE('',*,*,#7668,.T.);
#8427 = ORIENTED_EDGE('',*,*,#8413,.T.);
#8428 = ORIENTED_EDGE('',*,*,#8429,.T.);
#8429 = EDGE_CURVE('',#8406,#8430,#8432,.T.);
#8430 = VERTEX_POINT('',#8431);
#8431 = CARTESIAN_POINT('',(36.293392166551,-12.39999999997,-8.5));
#8432 = LINE('',#8433,#8434);
#8433 = CARTESIAN_POINT('',(36.293392166551,-13.00000000003,-8.5));
#8434 = VECTOR('',#8435,1.);
#8435 = DIRECTION('',(0.,1.,0.));
#8436 = ORIENTED_EDGE('',*,*,#8437,.F.);
#8437 = EDGE_CURVE('',#7669,#8430,#8438,.T.);
#8438 = LINE('',#8439,#8440);
#8439 = CARTESIAN_POINT('',(36.293392166551,-12.39999999997,2.));
#8440 = VECTOR('',#8441,1.);
#8441 = DIRECTION('',(-0.,-0.,-1.));
#8442 = PLANE('',#8443);
#8443 = AXIS2_PLACEMENT_3D('',#8444,#8445,#8446);
#8444 = CARTESIAN_POINT('',(36.293392166551,-13.00000000003,2.));
#8445 = DIRECTION('',(1.,0.,0.));
#8446 = DIRECTION('',(0.,1.,0.));
#8447 = ADVANCED_FACE('',(#8448),#8466,.T.);
#8448 = FACE_BOUND('',#8449,.T.);
#8449 = EDGE_LOOP('',(#8450,#8451,#8452,#8460));
#8450 = ORIENTED_EDGE('',*,*,#7676,.T.);
#8451 = ORIENTED_EDGE('',*,*,#8437,.T.);
#8452 = ORIENTED_EDGE('',*,*,#8453,.T.);
#8453 = EDGE_CURVE('',#8430,#8454,#8456,.T.);
#8454 = VERTEX_POINT('',#8455);
#8455 = CARTESIAN_POINT('',(35.693392166491,-12.39999999997,-8.5));
#8456 = LINE('',#8457,#8458);
#8457 = CARTESIAN_POINT('',(36.293392166551,-12.39999999997,-8.5));
#8458 = VECTOR('',#8459,1.);
#8459 = DIRECTION('',(-1.,0.,0.));
#8460 = ORIENTED_EDGE('',*,*,#8461,.F.);
#8461 = EDGE_CURVE('',#7677,#8454,#8462,.T.);
#8462 = LINE('',#8463,#8464);
#8463 = CARTESIAN_POINT('',(35.693392166491,-12.39999999997,2.));
#8464 = VECTOR('',#8465,1.);
#8465 = DIRECTION('',(-0.,-0.,-1.));
#8466 = PLANE('',#8467);
#8467 = AXIS2_PLACEMENT_3D('',#8468,#8469,#8470);
#8468 = CARTESIAN_POINT('',(36.293392166551,-12.39999999997,2.));
#8469 = DIRECTION('',(0.,1.,0.));
#8470 = DIRECTION('',(-1.,0.,0.));
#8471 = ADVANCED_FACE('',(#8472),#8483,.T.);
#8472 = FACE_BOUND('',#8473,.T.);
#8473 = EDGE_LOOP('',(#8474,#8475,#8476,#8482));
#8474 = ORIENTED_EDGE('',*,*,#7684,.T.);
#8475 = ORIENTED_EDGE('',*,*,#8461,.T.);
#8476 = ORIENTED_EDGE('',*,*,#8477,.T.);
#8477 = EDGE_CURVE('',#8454,#8398,#8478,.T.);
#8478 = LINE('',#8479,#8480);
#8479 = CARTESIAN_POINT('',(35.693392166491,-12.39999999997,-8.5));
#8480 = VECTOR('',#8481,1.);
#8481 = DIRECTION('',(0.,-1.,0.));
#8482 = ORIENTED_EDGE('',*,*,#8397,.F.);
#8483 = PLANE('',#8484);
#8484 = AXIS2_PLACEMENT_3D('',#8485,#8486,#8487);
#8485 = CARTESIAN_POINT('',(35.693392166491,-12.39999999997,2.));
#8486 = DIRECTION('',(-1.,0.,0.));
#8487 = DIRECTION('',(0.,-1.,0.));
#8488 = ADVANCED_FACE('',(#8489),#8495,.F.);
#8489 = FACE_BOUND('',#8490,.F.);
#8490 = EDGE_LOOP('',(#8491,#8492,#8493,#8494));
#8491 = ORIENTED_EDGE('',*,*,#8477,.T.);
#8492 = ORIENTED_EDGE('',*,*,#8405,.T.);
#8493 = ORIENTED_EDGE('',*,*,#8429,.T.);
#8494 = ORIENTED_EDGE('',*,*,#8453,.T.);
#8495 = PLANE('',#8496);
#8496 = AXIS2_PLACEMENT_3D('',#8497,#8498,#8499);
#8497 = CARTESIAN_POINT('',(35.993392166521,-6.4420747E-10,-8.5));
#8498 = DIRECTION('',(0.,0.,1.));
#8499 = DIRECTION('',(1.,0.,0.));
#8500 = ADVANCED_FACE('',(#8501),#8526,.T.);
#8501 = FACE_BOUND('',#8502,.T.);
#8502 = EDGE_LOOP('',(#8503,#8504,#8512,#8520));
#8503 = ORIENTED_EDGE('',*,*,#7692,.T.);
#8504 = ORIENTED_EDGE('',*,*,#8505,.T.);
#8505 = EDGE_CURVE('',#7695,#8506,#8508,.T.);
#8506 = VERTEX_POINT('',#8507);
#8507 = CARTESIAN_POINT('',(38.233392166491,-13.00000000003,-8.5));
#8508 = LINE('',#8509,#8510);
#8509 = CARTESIAN_POINT('',(38.233392166491,-13.00000000003,2.));
#8510 = VECTOR('',#8511,1.);
#8511 = DIRECTION('',(-0.,-0.,-1.));
#8512 = ORIENTED_EDGE('',*,*,#8513,.T.);
#8513 = EDGE_CURVE('',#8506,#8514,#8516,.T.);
#8514 = VERTEX_POINT('',#8515);
#8515 = CARTESIAN_POINT('',(38.833392166551,-13.00000000003,-8.5));
#8516 = LINE('',#8517,#8518);
#8517 = CARTESIAN_POINT('',(38.233392166491,-13.00000000003,-8.5));
#8518 = VECTOR('',#8519,1.);
#8519 = DIRECTION('',(1.,0.,0.));
#8520 = ORIENTED_EDGE('',*,*,#8521,.F.);
#8521 = EDGE_CURVE('',#7693,#8514,#8522,.T.);
#8522 = LINE('',#8523,#8524);
#8523 = CARTESIAN_POINT('',(38.833392166551,-13.00000000003,2.));
#8524 = VECTOR('',#8525,1.);
#8525 = DIRECTION('',(-0.,-0.,-1.));
#8526 = PLANE('',#8527);
#8527 = AXIS2_PLACEMENT_3D('',#8528,#8529,#8530);
#8528 = CARTESIAN_POINT('',(38.233392166491,-13.00000000003,2.));
#8529 = DIRECTION('',(0.,-1.,0.));
#8530 = DIRECTION('',(1.,0.,0.));
#8531 = ADVANCED_FACE('',(#8532),#8550,.T.);
#8532 = FACE_BOUND('',#8533,.T.);
#8533 = EDGE_LOOP('',(#8534,#8535,#8536,#8544));
#8534 = ORIENTED_EDGE('',*,*,#7702,.T.);
#8535 = ORIENTED_EDGE('',*,*,#8521,.T.);
#8536 = ORIENTED_EDGE('',*,*,#8537,.T.);
#8537 = EDGE_CURVE('',#8514,#8538,#8540,.T.);
#8538 = VERTEX_POINT('',#8539);
#8539 = CARTESIAN_POINT('',(38.833392166551,-12.39999999997,-8.5));
#8540 = LINE('',#8541,#8542);
#8541 = CARTESIAN_POINT('',(38.833392166551,-13.00000000003,-8.5));
#8542 = VECTOR('',#8543,1.);
#8543 = DIRECTION('',(0.,1.,0.));
#8544 = ORIENTED_EDGE('',*,*,#8545,.F.);
#8545 = EDGE_CURVE('',#7703,#8538,#8546,.T.);
#8546 = LINE('',#8547,#8548);
#8547 = CARTESIAN_POINT('',(38.833392166551,-12.39999999997,2.));
#8548 = VECTOR('',#8549,1.);
#8549 = DIRECTION('',(-0.,-0.,-1.));
#8550 = PLANE('',#8551);
#8551 = AXIS2_PLACEMENT_3D('',#8552,#8553,#8554);
#8552 = CARTESIAN_POINT('',(38.833392166551,-13.00000000003,2.));
#8553 = DIRECTION('',(1.,0.,0.));
#8554 = DIRECTION('',(0.,1.,0.));
#8555 = ADVANCED_FACE('',(#8556),#8574,.T.);
#8556 = FACE_BOUND('',#8557,.T.);
#8557 = EDGE_LOOP('',(#8558,#8559,#8560,#8568));
#8558 = ORIENTED_EDGE('',*,*,#7710,.T.);
#8559 = ORIENTED_EDGE('',*,*,#8545,.T.);
#8560 = ORIENTED_EDGE('',*,*,#8561,.T.);
#8561 = EDGE_CURVE('',#8538,#8562,#8564,.T.);
#8562 = VERTEX_POINT('',#8563);
#8563 = CARTESIAN_POINT('',(38.233392166491,-12.39999999997,-8.5));
#8564 = LINE('',#8565,#8566);
#8565 = CARTESIAN_POINT('',(38.833392166551,-12.39999999997,-8.5));
#8566 = VECTOR('',#8567,1.);
#8567 = DIRECTION('',(-1.,0.,0.));
#8568 = ORIENTED_EDGE('',*,*,#8569,.F.);
#8569 = EDGE_CURVE('',#7711,#8562,#8570,.T.);
#8570 = LINE('',#8571,#8572);
#8571 = CARTESIAN_POINT('',(38.233392166491,-12.39999999997,2.));
#8572 = VECTOR('',#8573,1.);
#8573 = DIRECTION('',(-0.,-0.,-1.));
#8574 = PLANE('',#8575);
#8575 = AXIS2_PLACEMENT_3D('',#8576,#8577,#8578);
#8576 = CARTESIAN_POINT('',(38.833392166551,-12.39999999997,2.));
#8577 = DIRECTION('',(0.,1.,0.));
#8578 = DIRECTION('',(-1.,0.,0.));
#8579 = ADVANCED_FACE('',(#8580),#8591,.T.);
#8580 = FACE_BOUND('',#8581,.T.);
#8581 = EDGE_LOOP('',(#8582,#8583,#8584,#8590));
#8582 = ORIENTED_EDGE('',*,*,#7718,.T.);
#8583 = ORIENTED_EDGE('',*,*,#8569,.T.);
#8584 = ORIENTED_EDGE('',*,*,#8585,.T.);
#8585 = EDGE_CURVE('',#8562,#8506,#8586,.T.);
#8586 = LINE('',#8587,#8588);
#8587 = CARTESIAN_POINT('',(38.233392166491,-12.39999999997,-8.5));
#8588 = VECTOR('',#8589,1.);
#8589 = DIRECTION('',(0.,-1.,0.));
#8590 = ORIENTED_EDGE('',*,*,#8505,.F.);
#8591 = PLANE('',#8592);
#8592 = AXIS2_PLACEMENT_3D('',#8593,#8594,#8595);
#8593 = CARTESIAN_POINT('',(38.233392166491,-12.39999999997,2.));
#8594 = DIRECTION('',(-1.,0.,0.));
#8595 = DIRECTION('',(0.,-1.,0.));
#8596 = ADVANCED_FACE('',(#8597),#8603,.F.);
#8597 = FACE_BOUND('',#8598,.F.);
#8598 = EDGE_LOOP('',(#8599,#8600,#8601,#8602));
#8599 = ORIENTED_EDGE('',*,*,#8585,.T.);
#8600 = ORIENTED_EDGE('',*,*,#8513,.T.);
#8601 = ORIENTED_EDGE('',*,*,#8537,.T.);
#8602 = ORIENTED_EDGE('',*,*,#8561,.T.);
#8603 = PLANE('',#8604);
#8604 = AXIS2_PLACEMENT_3D('',#8605,#8606,#8607);
#8605 = CARTESIAN_POINT('',(38.533392166521,-6.4420747E-10,-8.5));
#8606 = DIRECTION('',(0.,0.,1.));
#8607 = DIRECTION('',(1.,0.,0.));
#8608 = ADVANCED_FACE('',(#8609),#8634,.T.);
#8609 = FACE_BOUND('',#8610,.T.);
#8610 = EDGE_LOOP('',(#8611,#8612,#8620,#8628));
#8611 = ORIENTED_EDGE('',*,*,#7726,.T.);
#8612 = ORIENTED_EDGE('',*,*,#8613,.T.);
#8613 = EDGE_CURVE('',#7729,#8614,#8616,.T.);
#8614 = VERTEX_POINT('',#8615);
#8615 = CARTESIAN_POINT('',(40.773392166491,-13.00000000003,-8.5));
#8616 = LINE('',#8617,#8618);
#8617 = CARTESIAN_POINT('',(40.773392166491,-13.00000000003,2.));
#8618 = VECTOR('',#8619,1.);
#8619 = DIRECTION('',(-0.,-0.,-1.));
#8620 = ORIENTED_EDGE('',*,*,#8621,.T.);
#8621 = EDGE_CURVE('',#8614,#8622,#8624,.T.);
#8622 = VERTEX_POINT('',#8623);
#8623 = CARTESIAN_POINT('',(41.373392166551,-13.00000000003,-8.5));
#8624 = LINE('',#8625,#8626);
#8625 = CARTESIAN_POINT('',(40.773392166491,-13.00000000003,-8.5));
#8626 = VECTOR('',#8627,1.);
#8627 = DIRECTION('',(1.,0.,0.));
#8628 = ORIENTED_EDGE('',*,*,#8629,.F.);
#8629 = EDGE_CURVE('',#7727,#8622,#8630,.T.);
#8630 = LINE('',#8631,#8632);
#8631 = CARTESIAN_POINT('',(41.373392166551,-13.00000000003,2.));
#8632 = VECTOR('',#8633,1.);
#8633 = DIRECTION('',(-0.,-0.,-1.));
#8634 = PLANE('',#8635);
#8635 = AXIS2_PLACEMENT_3D('',#8636,#8637,#8638);
#8636 = CARTESIAN_POINT('',(40.773392166491,-13.00000000003,2.));
#8637 = DIRECTION('',(0.,-1.,0.));
#8638 = DIRECTION('',(1.,0.,0.));
#8639 = ADVANCED_FACE('',(#8640),#8658,.T.);
#8640 = FACE_BOUND('',#8641,.T.);
#8641 = EDGE_LOOP('',(#8642,#8643,#8644,#8652));
#8642 = ORIENTED_EDGE('',*,*,#7736,.T.);
#8643 = ORIENTED_EDGE('',*,*,#8629,.T.);
#8644 = ORIENTED_EDGE('',*,*,#8645,.T.);
#8645 = EDGE_CURVE('',#8622,#8646,#8648,.T.);
#8646 = VERTEX_POINT('',#8647);
#8647 = CARTESIAN_POINT('',(41.373392166551,-12.39999999997,-8.5));
#8648 = LINE('',#8649,#8650);
#8649 = CARTESIAN_POINT('',(41.373392166551,-13.00000000003,-8.5));
#8650 = VECTOR('',#8651,1.);
#8651 = DIRECTION('',(0.,1.,0.));
#8652 = ORIENTED_EDGE('',*,*,#8653,.F.);
#8653 = EDGE_CURVE('',#7737,#8646,#8654,.T.);
#8654 = LINE('',#8655,#8656);
#8655 = CARTESIAN_POINT('',(41.373392166551,-12.39999999997,2.));
#8656 = VECTOR('',#8657,1.);
#8657 = DIRECTION('',(-0.,-0.,-1.));
#8658 = PLANE('',#8659);
#8659 = AXIS2_PLACEMENT_3D('',#8660,#8661,#8662);
#8660 = CARTESIAN_POINT('',(41.373392166551,-13.00000000003,2.));
#8661 = DIRECTION('',(1.,0.,0.));
#8662 = DIRECTION('',(0.,1.,0.));
#8663 = ADVANCED_FACE('',(#8664),#8682,.T.);
#8664 = FACE_BOUND('',#8665,.T.);
#8665 = EDGE_LOOP('',(#8666,#8667,#8668,#8676));
#8666 = ORIENTED_EDGE('',*,*,#7744,.T.);
#8667 = ORIENTED_EDGE('',*,*,#8653,.T.);
#8668 = ORIENTED_EDGE('',*,*,#8669,.T.);
#8669 = EDGE_CURVE('',#8646,#8670,#8672,.T.);
#8670 = VERTEX_POINT('',#8671);
#8671 = CARTESIAN_POINT('',(40.773392166491,-12.39999999997,-8.5));
#8672 = LINE('',#8673,#8674);
#8673 = CARTESIAN_POINT('',(41.373392166551,-12.39999999997,-8.5));
#8674 = VECTOR('',#8675,1.);
#8675 = DIRECTION('',(-1.,0.,0.));
#8676 = ORIENTED_EDGE('',*,*,#8677,.F.);
#8677 = EDGE_CURVE('',#7745,#8670,#8678,.T.);
#8678 = LINE('',#8679,#8680);
#8679 = CARTESIAN_POINT('',(40.773392166491,-12.39999999997,2.));
#8680 = VECTOR('',#8681,1.);
#8681 = DIRECTION('',(-0.,-0.,-1.));
#8682 = PLANE('',#8683);
#8683 = AXIS2_PLACEMENT_3D('',#8684,#8685,#8686);
#8684 = CARTESIAN_POINT('',(41.373392166551,-12.39999999997,2.));
#8685 = DIRECTION('',(0.,1.,0.));
#8686 = DIRECTION('',(-1.,0.,0.));
#8687 = ADVANCED_FACE('',(#8688),#8699,.T.);
#8688 = FACE_BOUND('',#8689,.T.);
#8689 = EDGE_LOOP('',(#8690,#8691,#8692,#8698));
#8690 = ORIENTED_EDGE('',*,*,#7752,.T.);
#8691 = ORIENTED_EDGE('',*,*,#8677,.T.);
#8692 = ORIENTED_EDGE('',*,*,#8693,.T.);
#8693 = EDGE_CURVE('',#8670,#8614,#8694,.T.);
#8694 = LINE('',#8695,#8696);
#8695 = CARTESIAN_POINT('',(40.773392166491,-12.39999999997,-8.5));
#8696 = VECTOR('',#8697,1.);
#8697 = DIRECTION('',(0.,-1.,0.));
#8698 = ORIENTED_EDGE('',*,*,#8613,.F.);
#8699 = PLANE('',#8700);
#8700 = AXIS2_PLACEMENT_3D('',#8701,#8702,#8703);
#8701 = CARTESIAN_POINT('',(40.773392166491,-12.39999999997,2.));
#8702 = DIRECTION('',(-1.,0.,0.));
#8703 = DIRECTION('',(0.,-1.,0.));
#8704 = ADVANCED_FACE('',(#8705),#8711,.F.);
#8705 = FACE_BOUND('',#8706,.F.);
#8706 = EDGE_LOOP('',(#8707,#8708,#8709,#8710));
#8707 = ORIENTED_EDGE('',*,*,#8693,.T.);
#8708 = ORIENTED_EDGE('',*,*,#8621,.T.);
#8709 = ORIENTED_EDGE('',*,*,#8645,.T.);
#8710 = ORIENTED_EDGE('',*,*,#8669,.T.);
#8711 = PLANE('',#8712);
#8712 = AXIS2_PLACEMENT_3D('',#8713,#8714,#8715);
#8713 = CARTESIAN_POINT('',(41.073392166521,-6.4420747E-10,-8.5));
#8714 = DIRECTION('',(0.,0.,1.));
#8715 = DIRECTION('',(1.,0.,0.));
#8716 = ADVANCED_FACE('',(#8717),#8742,.T.);
#8717 = FACE_BOUND('',#8718,.T.);
#8718 = EDGE_LOOP('',(#8719,#8720,#8728,#8736));
#8719 = ORIENTED_EDGE('',*,*,#7760,.T.);
#8720 = ORIENTED_EDGE('',*,*,#8721,.T.);
#8721 = EDGE_CURVE('',#7763,#8722,#8724,.T.);
#8722 = VERTEX_POINT('',#8723);
#8723 = CARTESIAN_POINT('',(43.313392166491,-13.00000000003,-8.5));
#8724 = LINE('',#8725,#8726);
#8725 = CARTESIAN_POINT('',(43.313392166491,-13.00000000003,2.));
#8726 = VECTOR('',#8727,1.);
#8727 = DIRECTION('',(-0.,-0.,-1.));
#8728 = ORIENTED_EDGE('',*,*,#8729,.T.);
#8729 = EDGE_CURVE('',#8722,#8730,#8732,.T.);
#8730 = VERTEX_POINT('',#8731);
#8731 = CARTESIAN_POINT('',(43.913392166551,-13.00000000003,-8.5));
#8732 = LINE('',#8733,#8734);
#8733 = CARTESIAN_POINT('',(43.313392166491,-13.00000000003,-8.5));
#8734 = VECTOR('',#8735,1.);
#8735 = DIRECTION('',(1.,0.,0.));
#8736 = ORIENTED_EDGE('',*,*,#8737,.F.);
#8737 = EDGE_CURVE('',#7761,#8730,#8738,.T.);
#8738 = LINE('',#8739,#8740);
#8739 = CARTESIAN_POINT('',(43.913392166551,-13.00000000003,2.));
#8740 = VECTOR('',#8741,1.);
#8741 = DIRECTION('',(-0.,-0.,-1.));
#8742 = PLANE('',#8743);
#8743 = AXIS2_PLACEMENT_3D('',#8744,#8745,#8746);
#8744 = CARTESIAN_POINT('',(43.313392166491,-13.00000000003,2.));
#8745 = DIRECTION('',(0.,-1.,0.));
#8746 = DIRECTION('',(1.,0.,0.));
#8747 = ADVANCED_FACE('',(#8748),#8766,.T.);
#8748 = FACE_BOUND('',#8749,.T.);
#8749 = EDGE_LOOP('',(#8750,#8751,#8752,#8760));
#8750 = ORIENTED_EDGE('',*,*,#7770,.T.);
#8751 = ORIENTED_EDGE('',*,*,#8737,.T.);
#8752 = ORIENTED_EDGE('',*,*,#8753,.T.);
#8753 = EDGE_CURVE('',#8730,#8754,#8756,.T.);
#8754 = VERTEX_POINT('',#8755);
#8755 = CARTESIAN_POINT('',(43.913392166551,-12.39999999997,-8.5));
#8756 = LINE('',#8757,#8758);
#8757 = CARTESIAN_POINT('',(43.913392166551,-13.00000000003,-8.5));
#8758 = VECTOR('',#8759,1.);
#8759 = DIRECTION('',(0.,1.,0.));
#8760 = ORIENTED_EDGE('',*,*,#8761,.F.);
#8761 = EDGE_CURVE('',#7771,#8754,#8762,.T.);
#8762 = LINE('',#8763,#8764);
#8763 = CARTESIAN_POINT('',(43.913392166551,-12.39999999997,2.));
#8764 = VECTOR('',#8765,1.);
#8765 = DIRECTION('',(-0.,-0.,-1.));
#8766 = PLANE('',#8767);
#8767 = AXIS2_PLACEMENT_3D('',#8768,#8769,#8770);
#8768 = CARTESIAN_POINT('',(43.913392166551,-13.00000000003,2.));
#8769 = DIRECTION('',(1.,0.,0.));
#8770 = DIRECTION('',(0.,1.,0.));
#8771 = ADVANCED_FACE('',(#8772),#8790,.T.);
#8772 = FACE_BOUND('',#8773,.T.);
#8773 = EDGE_LOOP('',(#8774,#8775,#8776,#8784));
#8774 = ORIENTED_EDGE('',*,*,#7778,.T.);
#8775 = ORIENTED_EDGE('',*,*,#8761,.T.);
#8776 = ORIENTED_EDGE('',*,*,#8777,.T.);
#8777 = EDGE_CURVE('',#8754,#8778,#8780,.T.);
#8778 = VERTEX_POINT('',#8779);
#8779 = CARTESIAN_POINT('',(43.313392166491,-12.39999999997,-8.5));
#8780 = LINE('',#8781,#8782);
#8781 = CARTESIAN_POINT('',(43.913392166551,-12.39999999997,-8.5));
#8782 = VECTOR('',#8783,1.);
#8783 = DIRECTION('',(-1.,0.,0.));
#8784 = ORIENTED_EDGE('',*,*,#8785,.F.);
#8785 = EDGE_CURVE('',#7779,#8778,#8786,.T.);
#8786 = LINE('',#8787,#8788);
#8787 = CARTESIAN_POINT('',(43.313392166491,-12.39999999997,2.));
#8788 = VECTOR('',#8789,1.);
#8789 = DIRECTION('',(-0.,-0.,-1.));
#8790 = PLANE('',#8791);
#8791 = AXIS2_PLACEMENT_3D('',#8792,#8793,#8794);
#8792 = CARTESIAN_POINT('',(43.913392166551,-12.39999999997,2.));
#8793 = DIRECTION('',(0.,1.,0.));
#8794 = DIRECTION('',(-1.,0.,0.));
#8795 = ADVANCED_FACE('',(#8796),#8807,.T.);
#8796 = FACE_BOUND('',#8797,.T.);
#8797 = EDGE_LOOP('',(#8798,#8799,#8800,#8806));
#8798 = ORIENTED_EDGE('',*,*,#7786,.T.);
#8799 = ORIENTED_EDGE('',*,*,#8785,.T.);
#8800 = ORIENTED_EDGE('',*,*,#8801,.T.);
#8801 = EDGE_CURVE('',#8778,#8722,#8802,.T.);
#8802 = LINE('',#8803,#8804);
#8803 = CARTESIAN_POINT('',(43.313392166491,-12.39999999997,-8.5));
#8804 = VECTOR('',#8805,1.);
#8805 = DIRECTION('',(0.,-1.,0.));
#8806 = ORIENTED_EDGE('',*,*,#8721,.F.);
#8807 = PLANE('',#8808);
#8808 = AXIS2_PLACEMENT_3D('',#8809,#8810,#8811);
#8809 = CARTESIAN_POINT('',(43.313392166491,-12.39999999997,2.));
#8810 = DIRECTION('',(-1.,0.,0.));
#8811 = DIRECTION('',(0.,-1.,0.));
#8812 = ADVANCED_FACE('',(#8813),#8819,.F.);
#8813 = FACE_BOUND('',#8814,.F.);
#8814 = EDGE_LOOP('',(#8815,#8816,#8817,#8818));
#8815 = ORIENTED_EDGE('',*,*,#8801,.T.);
#8816 = ORIENTED_EDGE('',*,*,#8729,.T.);
#8817 = ORIENTED_EDGE('',*,*,#8753,.T.);
#8818 = ORIENTED_EDGE('',*,*,#8777,.T.);
#8819 = PLANE('',#8820);
#8820 = AXIS2_PLACEMENT_3D('',#8821,#8822,#8823);
#8821 = CARTESIAN_POINT('',(43.613392166521,-6.4420747E-10,-8.5));
#8822 = DIRECTION('',(0.,0.,1.));
#8823 = DIRECTION('',(1.,0.,0.));
#8824 = ADVANCED_FACE('',(#8825),#8850,.T.);
#8825 = FACE_BOUND('',#8826,.T.);
#8826 = EDGE_LOOP('',(#8827,#8828,#8836,#8844));
#8827 = ORIENTED_EDGE('',*,*,#7794,.T.);
#8828 = ORIENTED_EDGE('',*,*,#8829,.T.);
#8829 = EDGE_CURVE('',#7797,#8830,#8832,.T.);
#8830 = VERTEX_POINT('',#8831);
#8831 = CARTESIAN_POINT('',(45.853392166491,-13.00000000003,-8.5));
#8832 = LINE('',#8833,#8834);
#8833 = CARTESIAN_POINT('',(45.853392166491,-13.00000000003,2.));
#8834 = VECTOR('',#8835,1.);
#8835 = DIRECTION('',(-0.,-0.,-1.));
#8836 = ORIENTED_EDGE('',*,*,#8837,.T.);
#8837 = EDGE_CURVE('',#8830,#8838,#8840,.T.);
#8838 = VERTEX_POINT('',#8839);
#8839 = CARTESIAN_POINT('',(46.453392166551,-13.00000000003,-8.5));
#8840 = LINE('',#8841,#8842);
#8841 = CARTESIAN_POINT('',(45.853392166491,-13.00000000003,-8.5));
#8842 = VECTOR('',#8843,1.);
#8843 = DIRECTION('',(1.,0.,0.));
#8844 = ORIENTED_EDGE('',*,*,#8845,.F.);
#8845 = EDGE_CURVE('',#7795,#8838,#8846,.T.);
#8846 = LINE('',#8847,#8848);
#8847 = CARTESIAN_POINT('',(46.453392166551,-13.00000000003,2.));
#8848 = VECTOR('',#8849,1.);
#8849 = DIRECTION('',(-0.,-0.,-1.));
#8850 = PLANE('',#8851);
#8851 = AXIS2_PLACEMENT_3D('',#8852,#8853,#8854);
#8852 = CARTESIAN_POINT('',(45.853392166491,-13.00000000003,2.));
#8853 = DIRECTION('',(0.,-1.,0.));
#8854 = DIRECTION('',(1.,0.,0.));
#8855 = ADVANCED_FACE('',(#8856),#8874,.T.);
#8856 = FACE_BOUND('',#8857,.T.);
#8857 = EDGE_LOOP('',(#8858,#8859,#8860,#8868));
#8858 = ORIENTED_EDGE('',*,*,#7804,.T.);
#8859 = ORIENTED_EDGE('',*,*,#8845,.T.);
#8860 = ORIENTED_EDGE('',*,*,#8861,.T.);
#8861 = EDGE_CURVE('',#8838,#8862,#8864,.T.);
#8862 = VERTEX_POINT('',#8863);
#8863 = CARTESIAN_POINT('',(46.453392166551,-12.39999999997,-8.5));
#8864 = LINE('',#8865,#8866);
#8865 = CARTESIAN_POINT('',(46.453392166551,-13.00000000003,-8.5));
#8866 = VECTOR('',#8867,1.);
#8867 = DIRECTION('',(0.,1.,0.));
#8868 = ORIENTED_EDGE('',*,*,#8869,.F.);
#8869 = EDGE_CURVE('',#7805,#8862,#8870,.T.);
#8870 = LINE('',#8871,#8872);
#8871 = CARTESIAN_POINT('',(46.453392166551,-12.39999999997,2.));
#8872 = VECTOR('',#8873,1.);
#8873 = DIRECTION('',(-0.,-0.,-1.));
#8874 = PLANE('',#8875);
#8875 = AXIS2_PLACEMENT_3D('',#8876,#8877,#8878);
#8876 = CARTESIAN_POINT('',(46.453392166551,-13.00000000003,2.));
#8877 = DIRECTION('',(1.,0.,0.));
#8878 = DIRECTION('',(0.,1.,0.));
#8879 = ADVANCED_FACE('',(#8880),#8898,.T.);
#8880 = FACE_BOUND('',#8881,.T.);
#8881 = EDGE_LOOP('',(#8882,#8883,#8884,#8892));
#8882 = ORIENTED_EDGE('',*,*,#7812,.T.);
#8883 = ORIENTED_EDGE('',*,*,#8869,.T.);
#8884 = ORIENTED_EDGE('',*,*,#8885,.T.);
#8885 = EDGE_CURVE('',#8862,#8886,#8888,.T.);
#8886 = VERTEX_POINT('',#8887);
#8887 = CARTESIAN_POINT('',(45.853392166491,-12.39999999997,-8.5));
#8888 = LINE('',#8889,#8890);
#8889 = CARTESIAN_POINT('',(46.453392166551,-12.39999999997,-8.5));
#8890 = VECTOR('',#8891,1.);
#8891 = DIRECTION('',(-1.,0.,0.));
#8892 = ORIENTED_EDGE('',*,*,#8893,.F.);
#8893 = EDGE_CURVE('',#7813,#8886,#8894,.T.);
#8894 = LINE('',#8895,#8896);
#8895 = CARTESIAN_POINT('',(45.853392166491,-12.39999999997,2.));
#8896 = VECTOR('',#8897,1.);
#8897 = DIRECTION('',(-0.,-0.,-1.));
#8898 = PLANE('',#8899);
#8899 = AXIS2_PLACEMENT_3D('',#8900,#8901,#8902);
#8900 = CARTESIAN_POINT('',(46.453392166551,-12.39999999997,2.));
#8901 = DIRECTION('',(0.,1.,0.));
#8902 = DIRECTION('',(-1.,0.,0.));
#8903 = ADVANCED_FACE('',(#8904),#8915,.T.);
#8904 = FACE_BOUND('',#8905,.T.);
#8905 = EDGE_LOOP('',(#8906,#8907,#8908,#8914));
#8906 = ORIENTED_EDGE('',*,*,#7820,.T.);
#8907 = ORIENTED_EDGE('',*,*,#8893,.T.);
#8908 = ORIENTED_EDGE('',*,*,#8909,.T.);
#8909 = EDGE_CURVE('',#8886,#8830,#8910,.T.);
#8910 = LINE('',#8911,#8912);
#8911 = CARTESIAN_POINT('',(45.853392166491,-12.39999999997,-8.5));
#8912 = VECTOR('',#8913,1.);
#8913 = DIRECTION('',(0.,-1.,0.));
#8914 = ORIENTED_EDGE('',*,*,#8829,.F.);
#8915 = PLANE('',#8916);
#8916 = AXIS2_PLACEMENT_3D('',#8917,#8918,#8919);
#8917 = CARTESIAN_POINT('',(45.853392166491,-12.39999999997,2.));
#8918 = DIRECTION('',(-1.,0.,0.));
#8919 = DIRECTION('',(0.,-1.,0.));
#8920 = ADVANCED_FACE('',(#8921),#8927,.F.);
#8921 = FACE_BOUND('',#8922,.F.);
#8922 = EDGE_LOOP('',(#8923,#8924,#8925,#8926));
#8923 = ORIENTED_EDGE('',*,*,#8909,.T.);
#8924 = ORIENTED_EDGE('',*,*,#8837,.T.);
#8925 = ORIENTED_EDGE('',*,*,#8861,.T.);
#8926 = ORIENTED_EDGE('',*,*,#8885,.T.);
#8927 = PLANE('',#8928);
#8928 = AXIS2_PLACEMENT_3D('',#8929,#8930,#8931);
#8929 = CARTESIAN_POINT('',(46.153392166521,-6.4420747E-10,-8.5));
#8930 = DIRECTION('',(0.,0.,1.));
#8931 = DIRECTION('',(1.,0.,0.));
#8932 = ADVANCED_FACE('',(#8933),#8958,.T.);
#8933 = FACE_BOUND('',#8934,.T.);
#8934 = EDGE_LOOP('',(#8935,#8936,#8944,#8952));
#8935 = ORIENTED_EDGE('',*,*,#7828,.T.);
#8936 = ORIENTED_EDGE('',*,*,#8937,.T.);
#8937 = EDGE_CURVE('',#7831,#8938,#8940,.T.);
#8938 = VERTEX_POINT('',#8939);
#8939 = CARTESIAN_POINT('',(48.393392166491,-13.00000000003,-8.5));
#8940 = LINE('',#8941,#8942);
#8941 = CARTESIAN_POINT('',(48.393392166491,-13.00000000003,2.));
#8942 = VECTOR('',#8943,1.);
#8943 = DIRECTION('',(-0.,-0.,-1.));
#8944 = ORIENTED_EDGE('',*,*,#8945,.T.);
#8945 = EDGE_CURVE('',#8938,#8946,#8948,.T.);
#8946 = VERTEX_POINT('',#8947);
#8947 = CARTESIAN_POINT('',(48.993392166551,-13.00000000003,-8.5));
#8948 = LINE('',#8949,#8950);
#8949 = CARTESIAN_POINT('',(48.393392166491,-13.00000000003,-8.5));
#8950 = VECTOR('',#8951,1.);
#8951 = DIRECTION('',(1.,0.,0.));
#8952 = ORIENTED_EDGE('',*,*,#8953,.F.);
#8953 = EDGE_CURVE('',#7829,#8946,#8954,.T.);
#8954 = LINE('',#8955,#8956);
#8955 = CARTESIAN_POINT('',(48.993392166551,-13.00000000003,2.));
#8956 = VECTOR('',#8957,1.);
#8957 = DIRECTION('',(-0.,-0.,-1.));
#8958 = PLANE('',#8959);
#8959 = AXIS2_PLACEMENT_3D('',#8960,#8961,#8962);
#8960 = CARTESIAN_POINT('',(48.393392166491,-13.00000000003,2.));
#8961 = DIRECTION('',(0.,-1.,0.));
#8962 = DIRECTION('',(1.,0.,0.));
#8963 = ADVANCED_FACE('',(#8964),#8982,.T.);
#8964 = FACE_BOUND('',#8965,.T.);
#8965 = EDGE_LOOP('',(#8966,#8967,#8968,#8976));
#8966 = ORIENTED_EDGE('',*,*,#7838,.T.);
#8967 = ORIENTED_EDGE('',*,*,#8953,.T.);
#8968 = ORIENTED_EDGE('',*,*,#8969,.T.);
#8969 = EDGE_CURVE('',#8946,#8970,#8972,.T.);
#8970 = VERTEX_POINT('',#8971);
#8971 = CARTESIAN_POINT('',(48.993392166551,-12.39999999997,-8.5));
#8972 = LINE('',#8973,#8974);
#8973 = CARTESIAN_POINT('',(48.993392166551,-13.00000000003,-8.5));
#8974 = VECTOR('',#8975,1.);
#8975 = DIRECTION('',(0.,1.,0.));
#8976 = ORIENTED_EDGE('',*,*,#8977,.F.);
#8977 = EDGE_CURVE('',#7839,#8970,#8978,.T.);
#8978 = LINE('',#8979,#8980);
#8979 = CARTESIAN_POINT('',(48.993392166551,-12.39999999997,2.));
#8980 = VECTOR('',#8981,1.);
#8981 = DIRECTION('',(-0.,-0.,-1.));
#8982 = PLANE('',#8983);
#8983 = AXIS2_PLACEMENT_3D('',#8984,#8985,#8986);
#8984 = CARTESIAN_POINT('',(48.993392166551,-13.00000000003,2.));
#8985 = DIRECTION('',(1.,0.,0.));
#8986 = DIRECTION('',(0.,1.,0.));
#8987 = ADVANCED_FACE('',(#8988),#9006,.T.);
#8988 = FACE_BOUND('',#8989,.T.);
#8989 = EDGE_LOOP('',(#8990,#8991,#8992,#9000));
#8990 = ORIENTED_EDGE('',*,*,#7846,.T.);
#8991 = ORIENTED_EDGE('',*,*,#8977,.T.);
#8992 = ORIENTED_EDGE('',*,*,#8993,.T.);
#8993 = EDGE_CURVE('',#8970,#8994,#8996,.T.);
#8994 = VERTEX_POINT('',#8995);
#8995 = CARTESIAN_POINT('',(48.393392166491,-12.39999999997,-8.5));
#8996 = LINE('',#8997,#8998);
#8997 = CARTESIAN_POINT('',(48.993392166551,-12.39999999997,-8.5));
#8998 = VECTOR('',#8999,1.);
#8999 = DIRECTION('',(-1.,0.,0.));
#9000 = ORIENTED_EDGE('',*,*,#9001,.F.);
#9001 = EDGE_CURVE('',#7847,#8994,#9002,.T.);
#9002 = LINE('',#9003,#9004);
#9003 = CARTESIAN_POINT('',(48.393392166491,-12.39999999997,2.));
#9004 = VECTOR('',#9005,1.);
#9005 = DIRECTION('',(-0.,-0.,-1.));
#9006 = PLANE('',#9007);
#9007 = AXIS2_PLACEMENT_3D('',#9008,#9009,#9010);
#9008 = CARTESIAN_POINT('',(48.993392166551,-12.39999999997,2.));
#9009 = DIRECTION('',(0.,1.,0.));
#9010 = DIRECTION('',(-1.,0.,0.));
#9011 = ADVANCED_FACE('',(#9012),#9023,.T.);
#9012 = FACE_BOUND('',#9013,.T.);
#9013 = EDGE_LOOP('',(#9014,#9015,#9016,#9022));
#9014 = ORIENTED_EDGE('',*,*,#7854,.T.);
#9015 = ORIENTED_EDGE('',*,*,#9001,.T.);
#9016 = ORIENTED_EDGE('',*,*,#9017,.T.);
#9017 = EDGE_CURVE('',#8994,#8938,#9018,.T.);
#9018 = LINE('',#9019,#9020);
#9019 = CARTESIAN_POINT('',(48.393392166491,-12.39999999997,-8.5));
#9020 = VECTOR('',#9021,1.);
#9021 = DIRECTION('',(0.,-1.,0.));
#9022 = ORIENTED_EDGE('',*,*,#8937,.F.);
#9023 = PLANE('',#9024);
#9024 = AXIS2_PLACEMENT_3D('',#9025,#9026,#9027);
#9025 = CARTESIAN_POINT('',(48.393392166491,-12.39999999997,2.));
#9026 = DIRECTION('',(-1.,0.,0.));
#9027 = DIRECTION('',(0.,-1.,0.));
#9028 = ADVANCED_FACE('',(#9029),#9035,.F.);
#9029 = FACE_BOUND('',#9030,.F.);
#9030 = EDGE_LOOP('',(#9031,#9032,#9033,#9034));
#9031 = ORIENTED_EDGE('',*,*,#9017,.T.);
#9032 = ORIENTED_EDGE('',*,*,#8945,.T.);
#9033 = ORIENTED_EDGE('',*,*,#8969,.T.);
#9034 = ORIENTED_EDGE('',*,*,#8993,.T.);
#9035 = PLANE('',#9036);
#9036 = AXIS2_PLACEMENT_3D('',#9037,#9038,#9039);
#9037 = CARTESIAN_POINT('',(48.693392166521,-6.4420747E-10,-8.5));
#9038 = DIRECTION('',(0.,0.,1.));
#9039 = DIRECTION('',(1.,0.,0.));
#9040 = ADVANCED_FACE('',(#9041),#9066,.T.);
#9041 = FACE_BOUND('',#9042,.T.);
#9042 = EDGE_LOOP('',(#9043,#9044,#9052,#9060));
#9043 = ORIENTED_EDGE('',*,*,#7862,.T.);
#9044 = ORIENTED_EDGE('',*,*,#9045,.T.);
#9045 = EDGE_CURVE('',#7865,#9046,#9048,.T.);
#9046 = VERTEX_POINT('',#9047);
#9047 = CARTESIAN_POINT('',(50.933392166491,-13.00000000003,-8.5));
#9048 = LINE('',#9049,#9050);
#9049 = CARTESIAN_POINT('',(50.933392166491,-13.00000000003,2.));
#9050 = VECTOR('',#9051,1.);
#9051 = DIRECTION('',(-0.,-0.,-1.));
#9052 = ORIENTED_EDGE('',*,*,#9053,.T.);
#9053 = EDGE_CURVE('',#9046,#9054,#9056,.T.);
#9054 = VERTEX_POINT('',#9055);
#9055 = CARTESIAN_POINT('',(51.533392166551,-13.00000000003,-8.5));
#9056 = LINE('',#9057,#9058);
#9057 = CARTESIAN_POINT('',(50.933392166491,-13.00000000003,-8.5));
#9058 = VECTOR('',#9059,1.);
#9059 = DIRECTION('',(1.,0.,0.));
#9060 = ORIENTED_EDGE('',*,*,#9061,.F.);
#9061 = EDGE_CURVE('',#7863,#9054,#9062,.T.);
#9062 = LINE('',#9063,#9064);
#9063 = CARTESIAN_POINT('',(51.533392166551,-13.00000000003,2.));
#9064 = VECTOR('',#9065,1.);
#9065 = DIRECTION('',(-0.,-0.,-1.));
#9066 = PLANE('',#9067);
#9067 = AXIS2_PLACEMENT_3D('',#9068,#9069,#9070);
#9068 = CARTESIAN_POINT('',(50.933392166491,-13.00000000003,2.));
#9069 = DIRECTION('',(0.,-1.,0.));
#9070 = DIRECTION('',(1.,0.,0.));
#9071 = ADVANCED_FACE('',(#9072),#9090,.T.);
#9072 = FACE_BOUND('',#9073,.T.);
#9073 = EDGE_LOOP('',(#9074,#9075,#9076,#9084));
#9074 = ORIENTED_EDGE('',*,*,#7872,.T.);
#9075 = ORIENTED_EDGE('',*,*,#9061,.T.);
#9076 = ORIENTED_EDGE('',*,*,#9077,.T.);
#9077 = EDGE_CURVE('',#9054,#9078,#9080,.T.);
#9078 = VERTEX_POINT('',#9079);
#9079 = CARTESIAN_POINT('',(51.533392166551,-12.39999999997,-8.5));
#9080 = LINE('',#9081,#9082);
#9081 = CARTESIAN_POINT('',(51.533392166551,-13.00000000003,-8.5));
#9082 = VECTOR('',#9083,1.);
#9083 = DIRECTION('',(0.,1.,0.));
#9084 = ORIENTED_EDGE('',*,*,#9085,.F.);
#9085 = EDGE_CURVE('',#7873,#9078,#9086,.T.);
#9086 = LINE('',#9087,#9088);
#9087 = CARTESIAN_POINT('',(51.533392166551,-12.39999999997,2.));
#9088 = VECTOR('',#9089,1.);
#9089 = DIRECTION('',(-0.,-0.,-1.));
#9090 = PLANE('',#9091);
#9091 = AXIS2_PLACEMENT_3D('',#9092,#9093,#9094);
#9092 = CARTESIAN_POINT('',(51.533392166551,-13.00000000003,2.));
#9093 = DIRECTION('',(1.,0.,0.));
#9094 = DIRECTION('',(0.,1.,0.));
#9095 = ADVANCED_FACE('',(#9096),#9114,.T.);
#9096 = FACE_BOUND('',#9097,.T.);
#9097 = EDGE_LOOP('',(#9098,#9099,#9100,#9108));
#9098 = ORIENTED_EDGE('',*,*,#7880,.T.);
#9099 = ORIENTED_EDGE('',*,*,#9085,.T.);
#9100 = ORIENTED_EDGE('',*,*,#9101,.T.);
#9101 = EDGE_CURVE('',#9078,#9102,#9104,.T.);
#9102 = VERTEX_POINT('',#9103);
#9103 = CARTESIAN_POINT('',(50.933392166491,-12.39999999997,-8.5));
#9104 = LINE('',#9105,#9106);
#9105 = CARTESIAN_POINT('',(51.533392166551,-12.39999999997,-8.5));
#9106 = VECTOR('',#9107,1.);
#9107 = DIRECTION('',(-1.,0.,0.));
#9108 = ORIENTED_EDGE('',*,*,#9109,.F.);
#9109 = EDGE_CURVE('',#7881,#9102,#9110,.T.);
#9110 = LINE('',#9111,#9112);
#9111 = CARTESIAN_POINT('',(50.933392166491,-12.39999999997,2.));
#9112 = VECTOR('',#9113,1.);
#9113 = DIRECTION('',(-0.,-0.,-1.));
#9114 = PLANE('',#9115);
#9115 = AXIS2_PLACEMENT_3D('',#9116,#9117,#9118);
#9116 = CARTESIAN_POINT('',(51.533392166551,-12.39999999997,2.));
#9117 = DIRECTION('',(0.,1.,0.));
#9118 = DIRECTION('',(-1.,0.,0.));
#9119 = ADVANCED_FACE('',(#9120),#9131,.T.);
#9120 = FACE_BOUND('',#9121,.T.);
#9121 = EDGE_LOOP('',(#9122,#9123,#9124,#9130));
#9122 = ORIENTED_EDGE('',*,*,#7888,.T.);
#9123 = ORIENTED_EDGE('',*,*,#9109,.T.);
#9124 = ORIENTED_EDGE('',*,*,#9125,.T.);
#9125 = EDGE_CURVE('',#9102,#9046,#9126,.T.);
#9126 = LINE('',#9127,#9128);
#9127 = CARTESIAN_POINT('',(50.933392166491,-12.39999999997,-8.5));
#9128 = VECTOR('',#9129,1.);
#9129 = DIRECTION('',(0.,-1.,0.));
#9130 = ORIENTED_EDGE('',*,*,#9045,.F.);
#9131 = PLANE('',#9132);
#9132 = AXIS2_PLACEMENT_3D('',#9133,#9134,#9135);
#9133 = CARTESIAN_POINT('',(50.933392166491,-12.39999999997,2.));
#9134 = DIRECTION('',(-1.,0.,0.));
#9135 = DIRECTION('',(0.,-1.,0.));
#9136 = ADVANCED_FACE('',(#9137),#9143,.F.);
#9137 = FACE_BOUND('',#9138,.F.);
#9138 = EDGE_LOOP('',(#9139,#9140,#9141,#9142));
#9139 = ORIENTED_EDGE('',*,*,#9125,.T.);
#9140 = ORIENTED_EDGE('',*,*,#9053,.T.);
#9141 = ORIENTED_EDGE('',*,*,#9077,.T.);
#9142 = ORIENTED_EDGE('',*,*,#9101,.T.);
#9143 = PLANE('',#9144);
#9144 = AXIS2_PLACEMENT_3D('',#9145,#9146,#9147);
#9145 = CARTESIAN_POINT('',(51.233392166521,-6.4420747E-10,-8.5));
#9146 = DIRECTION('',(0.,0.,1.));
#9147 = DIRECTION('',(1.,0.,0.));
#9148 = ADVANCED_FACE('',(#9149),#9174,.T.);
#9149 = FACE_BOUND('',#9150,.T.);
#9150 = EDGE_LOOP('',(#9151,#9152,#9160,#9168));
#9151 = ORIENTED_EDGE('',*,*,#7896,.T.);
#9152 = ORIENTED_EDGE('',*,*,#9153,.T.);
#9153 = EDGE_CURVE('',#7899,#9154,#9156,.T.);
#9154 = VERTEX_POINT('',#9155);
#9155 = CARTESIAN_POINT('',(53.473392166491,-13.00000000003,-8.5));
#9156 = LINE('',#9157,#9158);
#9157 = CARTESIAN_POINT('',(53.473392166491,-13.00000000003,2.));
#9158 = VECTOR('',#9159,1.);
#9159 = DIRECTION('',(-0.,-0.,-1.));
#9160 = ORIENTED_EDGE('',*,*,#9161,.T.);
#9161 = EDGE_CURVE('',#9154,#9162,#9164,.T.);
#9162 = VERTEX_POINT('',#9163);
#9163 = CARTESIAN_POINT('',(54.073392166551,-13.00000000003,-8.5));
#9164 = LINE('',#9165,#9166);
#9165 = CARTESIAN_POINT('',(53.473392166491,-13.00000000003,-8.5));
#9166 = VECTOR('',#9167,1.);
#9167 = DIRECTION('',(1.,0.,0.));
#9168 = ORIENTED_EDGE('',*,*,#9169,.F.);
#9169 = EDGE_CURVE('',#7897,#9162,#9170,.T.);
#9170 = LINE('',#9171,#9172);
#9171 = CARTESIAN_POINT('',(54.073392166551,-13.00000000003,2.));
#9172 = VECTOR('',#9173,1.);
#9173 = DIRECTION('',(-0.,-0.,-1.));
#9174 = PLANE('',#9175);
#9175 = AXIS2_PLACEMENT_3D('',#9176,#9177,#9178);
#9176 = CARTESIAN_POINT('',(53.473392166491,-13.00000000003,2.));
#9177 = DIRECTION('',(0.,-1.,0.));
#9178 = DIRECTION('',(1.,0.,0.));
#9179 = ADVANCED_FACE('',(#9180),#9198,.T.);
#9180 = FACE_BOUND('',#9181,.T.);
#9181 = EDGE_LOOP('',(#9182,#9183,#9184,#9192));
#9182 = ORIENTED_EDGE('',*,*,#7906,.T.);
#9183 = ORIENTED_EDGE('',*,*,#9169,.T.);
#9184 = ORIENTED_EDGE('',*,*,#9185,.T.);
#9185 = EDGE_CURVE('',#9162,#9186,#9188,.T.);
#9186 = VERTEX_POINT('',#9187);
#9187 = CARTESIAN_POINT('',(54.073392166551,-12.39999999997,-8.5));
#9188 = LINE('',#9189,#9190);
#9189 = CARTESIAN_POINT('',(54.073392166551,-13.00000000003,-8.5));
#9190 = VECTOR('',#9191,1.);
#9191 = DIRECTION('',(0.,1.,0.));
#9192 = ORIENTED_EDGE('',*,*,#9193,.F.);
#9193 = EDGE_CURVE('',#7907,#9186,#9194,.T.);
#9194 = LINE('',#9195,#9196);
#9195 = CARTESIAN_POINT('',(54.073392166551,-12.39999999997,2.));
#9196 = VECTOR('',#9197,1.);
#9197 = DIRECTION('',(-0.,-0.,-1.));
#9198 = PLANE('',#9199);
#9199 = AXIS2_PLACEMENT_3D('',#9200,#9201,#9202);
#9200 = CARTESIAN_POINT('',(54.073392166551,-13.00000000003,2.));
#9201 = DIRECTION('',(1.,0.,0.));
#9202 = DIRECTION('',(0.,1.,0.));
#9203 = ADVANCED_FACE('',(#9204),#9222,.T.);
#9204 = FACE_BOUND('',#9205,.T.);
#9205 = EDGE_LOOP('',(#9206,#9207,#9208,#9216));
#9206 = ORIENTED_EDGE('',*,*,#7914,.T.);
#9207 = ORIENTED_EDGE('',*,*,#9193,.T.);
#9208 = ORIENTED_EDGE('',*,*,#9209,.T.);
#9209 = EDGE_CURVE('',#9186,#9210,#9212,.T.);
#9210 = VERTEX_POINT('',#9211);
#9211 = CARTESIAN_POINT('',(53.473392166491,-12.39999999997,-8.5));
#9212 = LINE('',#9213,#9214);
#9213 = CARTESIAN_POINT('',(54.073392166551,-12.39999999997,-8.5));
#9214 = VECTOR('',#9215,1.);
#9215 = DIRECTION('',(-1.,0.,0.));
#9216 = ORIENTED_EDGE('',*,*,#9217,.F.);
#9217 = EDGE_CURVE('',#7915,#9210,#9218,.T.);
#9218 = LINE('',#9219,#9220);
#9219 = CARTESIAN_POINT('',(53.473392166491,-12.39999999997,2.));
#9220 = VECTOR('',#9221,1.);
#9221 = DIRECTION('',(-0.,-0.,-1.));
#9222 = PLANE('',#9223);
#9223 = AXIS2_PLACEMENT_3D('',#9224,#9225,#9226);
#9224 = CARTESIAN_POINT('',(54.073392166551,-12.39999999997,2.));
#9225 = DIRECTION('',(0.,1.,0.));
#9226 = DIRECTION('',(-1.,0.,0.));
#9227 = ADVANCED_FACE('',(#9228),#9239,.T.);
#9228 = FACE_BOUND('',#9229,.T.);
#9229 = EDGE_LOOP('',(#9230,#9231,#9232,#9238));
#9230 = ORIENTED_EDGE('',*,*,#7922,.T.);
#9231 = ORIENTED_EDGE('',*,*,#9217,.T.);
#9232 = ORIENTED_EDGE('',*,*,#9233,.T.);
#9233 = EDGE_CURVE('',#9210,#9154,#9234,.T.);
#9234 = LINE('',#9235,#9236);
#9235 = CARTESIAN_POINT('',(53.473392166491,-12.39999999997,-8.5));
#9236 = VECTOR('',#9237,1.);
#9237 = DIRECTION('',(0.,-1.,0.));
#9238 = ORIENTED_EDGE('',*,*,#9153,.F.);
#9239 = PLANE('',#9240);
#9240 = AXIS2_PLACEMENT_3D('',#9241,#9242,#9243);
#9241 = CARTESIAN_POINT('',(53.473392166491,-12.39999999997,2.));
#9242 = DIRECTION('',(-1.,0.,0.));
#9243 = DIRECTION('',(0.,-1.,0.));
#9244 = ADVANCED_FACE('',(#9245),#9251,.F.);
#9245 = FACE_BOUND('',#9246,.F.);
#9246 = EDGE_LOOP('',(#9247,#9248,#9249,#9250));
#9247 = ORIENTED_EDGE('',*,*,#9233,.T.);
#9248 = ORIENTED_EDGE('',*,*,#9161,.T.);
#9249 = ORIENTED_EDGE('',*,*,#9185,.T.);
#9250 = ORIENTED_EDGE('',*,*,#9209,.T.);
#9251 = PLANE('',#9252);
#9252 = AXIS2_PLACEMENT_3D('',#9253,#9254,#9255);
#9253 = CARTESIAN_POINT('',(53.773392166521,-6.4420747E-10,-8.5));
#9254 = DIRECTION('',(0.,0.,1.));
#9255 = DIRECTION('',(1.,0.,0.));
#9256 = ADVANCED_FACE('',(#9257),#9282,.T.);
#9257 = FACE_BOUND('',#9258,.T.);
#9258 = EDGE_LOOP('',(#9259,#9260,#9268,#9276));
#9259 = ORIENTED_EDGE('',*,*,#7930,.T.);
#9260 = ORIENTED_EDGE('',*,*,#9261,.T.);
#9261 = EDGE_CURVE('',#7933,#9262,#9264,.T.);
#9262 = VERTEX_POINT('',#9263);
#9263 = CARTESIAN_POINT('',(56.013392166491,-13.00000000003,-8.5));
#9264 = LINE('',#9265,#9266);
#9265 = CARTESIAN_POINT('',(56.013392166491,-13.00000000003,2.));
#9266 = VECTOR('',#9267,1.);
#9267 = DIRECTION('',(-0.,-0.,-1.));
#9268 = ORIENTED_EDGE('',*,*,#9269,.T.);
#9269 = EDGE_CURVE('',#9262,#9270,#9272,.T.);
#9270 = VERTEX_POINT('',#9271);
#9271 = CARTESIAN_POINT('',(56.613392166551,-13.00000000003,-8.5));
#9272 = LINE('',#9273,#9274);
#9273 = CARTESIAN_POINT('',(56.013392166491,-13.00000000003,-8.5));
#9274 = VECTOR('',#9275,1.);
#9275 = DIRECTION('',(1.,0.,0.));
#9276 = ORIENTED_EDGE('',*,*,#9277,.F.);
#9277 = EDGE_CURVE('',#7931,#9270,#9278,.T.);
#9278 = LINE('',#9279,#9280);
#9279 = CARTESIAN_POINT('',(56.613392166551,-13.00000000003,2.));
#9280 = VECTOR('',#9281,1.);
#9281 = DIRECTION('',(-0.,-0.,-1.));
#9282 = PLANE('',#9283);
#9283 = AXIS2_PLACEMENT_3D('',#9284,#9285,#9286);
#9284 = CARTESIAN_POINT('',(56.013392166491,-13.00000000003,2.));
#9285 = DIRECTION('',(0.,-1.,0.));
#9286 = DIRECTION('',(1.,0.,0.));
#9287 = ADVANCED_FACE('',(#9288),#9306,.T.);
#9288 = FACE_BOUND('',#9289,.T.);
#9289 = EDGE_LOOP('',(#9290,#9291,#9292,#9300));
#9290 = ORIENTED_EDGE('',*,*,#7940,.T.);
#9291 = ORIENTED_EDGE('',*,*,#9277,.T.);
#9292 = ORIENTED_EDGE('',*,*,#9293,.T.);
#9293 = EDGE_CURVE('',#9270,#9294,#9296,.T.);
#9294 = VERTEX_POINT('',#9295);
#9295 = CARTESIAN_POINT('',(56.613392166551,-12.39999999997,-8.5));
#9296 = LINE('',#9297,#9298);
#9297 = CARTESIAN_POINT('',(56.613392166551,-13.00000000003,-8.5));
#9298 = VECTOR('',#9299,1.);
#9299 = DIRECTION('',(0.,1.,0.));
#9300 = ORIENTED_EDGE('',*,*,#9301,.F.);
#9301 = EDGE_CURVE('',#7941,#9294,#9302,.T.);
#9302 = LINE('',#9303,#9304);
#9303 = CARTESIAN_POINT('',(56.613392166551,-12.39999999997,2.));
#9304 = VECTOR('',#9305,1.);
#9305 = DIRECTION('',(-0.,-0.,-1.));
#9306 = PLANE('',#9307);
#9307 = AXIS2_PLACEMENT_3D('',#9308,#9309,#9310);
#9308 = CARTESIAN_POINT('',(56.613392166551,-13.00000000003,2.));
#9309 = DIRECTION('',(1.,0.,0.));
#9310 = DIRECTION('',(0.,1.,0.));
#9311 = ADVANCED_FACE('',(#9312),#9330,.T.);
#9312 = FACE_BOUND('',#9313,.T.);
#9313 = EDGE_LOOP('',(#9314,#9315,#9316,#9324));
#9314 = ORIENTED_EDGE('',*,*,#7948,.T.);
#9315 = ORIENTED_EDGE('',*,*,#9301,.T.);
#9316 = ORIENTED_EDGE('',*,*,#9317,.T.);
#9317 = EDGE_CURVE('',#9294,#9318,#9320,.T.);
#9318 = VERTEX_POINT('',#9319);
#9319 = CARTESIAN_POINT('',(56.013392166491,-12.39999999997,-8.5));
#9320 = LINE('',#9321,#9322);
#9321 = CARTESIAN_POINT('',(56.613392166551,-12.39999999997,-8.5));
#9322 = VECTOR('',#9323,1.);
#9323 = DIRECTION('',(-1.,0.,0.));
#9324 = ORIENTED_EDGE('',*,*,#9325,.F.);
#9325 = EDGE_CURVE('',#7949,#9318,#9326,.T.);
#9326 = LINE('',#9327,#9328);
#9327 = CARTESIAN_POINT('',(56.013392166491,-12.39999999997,2.));
#9328 = VECTOR('',#9329,1.);
#9329 = DIRECTION('',(-0.,-0.,-1.));
#9330 = PLANE('',#9331);
#9331 = AXIS2_PLACEMENT_3D('',#9332,#9333,#9334);
#9332 = CARTESIAN_POINT('',(56.613392166551,-12.39999999997,2.));
#9333 = DIRECTION('',(0.,1.,0.));
#9334 = DIRECTION('',(-1.,0.,0.));
#9335 = ADVANCED_FACE('',(#9336),#9347,.T.);
#9336 = FACE_BOUND('',#9337,.T.);
#9337 = EDGE_LOOP('',(#9338,#9339,#9340,#9346));
#9338 = ORIENTED_EDGE('',*,*,#7956,.T.);
#9339 = ORIENTED_EDGE('',*,*,#9325,.T.);
#9340 = ORIENTED_EDGE('',*,*,#9341,.T.);
#9341 = EDGE_CURVE('',#9318,#9262,#9342,.T.);
#9342 = LINE('',#9343,#9344);
#9343 = CARTESIAN_POINT('',(56.013392166491,-12.39999999997,-8.5));
#9344 = VECTOR('',#9345,1.);
#9345 = DIRECTION('',(0.,-1.,0.));
#9346 = ORIENTED_EDGE('',*,*,#9261,.F.);
#9347 = PLANE('',#9348);
#9348 = AXIS2_PLACEMENT_3D('',#9349,#9350,#9351);
#9349 = CARTESIAN_POINT('',(56.013392166491,-12.39999999997,2.));
#9350 = DIRECTION('',(-1.,0.,0.));
#9351 = DIRECTION('',(0.,-1.,0.));
#9352 = ADVANCED_FACE('',(#9353),#9359,.F.);
#9353 = FACE_BOUND('',#9354,.F.);
#9354 = EDGE_LOOP('',(#9355,#9356,#9357,#9358));
#9355 = ORIENTED_EDGE('',*,*,#9341,.T.);
#9356 = ORIENTED_EDGE('',*,*,#9269,.T.);
#9357 = ORIENTED_EDGE('',*,*,#9293,.T.);
#9358 = ORIENTED_EDGE('',*,*,#9317,.T.);
#9359 = PLANE('',#9360);
#9360 = AXIS2_PLACEMENT_3D('',#9361,#9362,#9363);
#9361 = CARTESIAN_POINT('',(56.313392166521,-6.4420747E-10,-8.5));
#9362 = DIRECTION('',(0.,0.,1.));
#9363 = DIRECTION('',(1.,0.,0.));
#9364 = ADVANCED_FACE('',(#9365),#9390,.T.);
#9365 = FACE_BOUND('',#9366,.T.);
#9366 = EDGE_LOOP('',(#9367,#9368,#9376,#9384));
#9367 = ORIENTED_EDGE('',*,*,#7964,.T.);
#9368 = ORIENTED_EDGE('',*,*,#9369,.T.);
#9369 = EDGE_CURVE('',#7967,#9370,#9372,.T.);
#9370 = VERTEX_POINT('',#9371);
#9371 = CARTESIAN_POINT('',(58.553392166491,-13.00000000003,-8.5));
#9372 = LINE('',#9373,#9374);
#9373 = CARTESIAN_POINT('',(58.553392166491,-13.00000000003,2.));
#9374 = VECTOR('',#9375,1.);
#9375 = DIRECTION('',(-0.,-0.,-1.));
#9376 = ORIENTED_EDGE('',*,*,#9377,.T.);
#9377 = EDGE_CURVE('',#9370,#9378,#9380,.T.);
#9378 = VERTEX_POINT('',#9379);
#9379 = CARTESIAN_POINT('',(59.153392166551,-13.00000000003,-8.5));
#9380 = LINE('',#9381,#9382);
#9381 = CARTESIAN_POINT('',(58.553392166491,-13.00000000003,-8.5));
#9382 = VECTOR('',#9383,1.);
#9383 = DIRECTION('',(1.,0.,0.));
#9384 = ORIENTED_EDGE('',*,*,#9385,.F.);
#9385 = EDGE_CURVE('',#7965,#9378,#9386,.T.);
#9386 = LINE('',#9387,#9388);
#9387 = CARTESIAN_POINT('',(59.153392166551,-13.00000000003,2.));
#9388 = VECTOR('',#9389,1.);
#9389 = DIRECTION('',(-0.,-0.,-1.));
#9390 = PLANE('',#9391);
#9391 = AXIS2_PLACEMENT_3D('',#9392,#9393,#9394);
#9392 = CARTESIAN_POINT('',(58.553392166491,-13.00000000003,2.));
#9393 = DIRECTION('',(0.,-1.,0.));
#9394 = DIRECTION('',(1.,0.,0.));
#9395 = ADVANCED_FACE('',(#9396),#9414,.T.);
#9396 = FACE_BOUND('',#9397,.T.);
#9397 = EDGE_LOOP('',(#9398,#9399,#9400,#9408));
#9398 = ORIENTED_EDGE('',*,*,#7974,.T.);
#9399 = ORIENTED_EDGE('',*,*,#9385,.T.);
#9400 = ORIENTED_EDGE('',*,*,#9401,.T.);
#9401 = EDGE_CURVE('',#9378,#9402,#9404,.T.);
#9402 = VERTEX_POINT('',#9403);
#9403 = CARTESIAN_POINT('',(59.153392166551,-12.39999999997,-8.5));
#9404 = LINE('',#9405,#9406);
#9405 = CARTESIAN_POINT('',(59.153392166551,-13.00000000003,-8.5));
#9406 = VECTOR('',#9407,1.);
#9407 = DIRECTION('',(0.,1.,0.));
#9408 = ORIENTED_EDGE('',*,*,#9409,.F.);
#9409 = EDGE_CURVE('',#7975,#9402,#9410,.T.);
#9410 = LINE('',#9411,#9412);
#9411 = CARTESIAN_POINT('',(59.153392166551,-12.39999999997,2.));
#9412 = VECTOR('',#9413,1.);
#9413 = DIRECTION('',(-0.,-0.,-1.));
#9414 = PLANE('',#9415);
#9415 = AXIS2_PLACEMENT_3D('',#9416,#9417,#9418);
#9416 = CARTESIAN_POINT('',(59.153392166551,-13.00000000003,2.));
#9417 = DIRECTION('',(1.,0.,0.));
#9418 = DIRECTION('',(0.,1.,0.));
#9419 = ADVANCED_FACE('',(#9420),#9438,.T.);
#9420 = FACE_BOUND('',#9421,.T.);
#9421 = EDGE_LOOP('',(#9422,#9423,#9424,#9432));
#9422 = ORIENTED_EDGE('',*,*,#7982,.T.);
#9423 = ORIENTED_EDGE('',*,*,#9409,.T.);
#9424 = ORIENTED_EDGE('',*,*,#9425,.T.);
#9425 = EDGE_CURVE('',#9402,#9426,#9428,.T.);
#9426 = VERTEX_POINT('',#9427);
#9427 = CARTESIAN_POINT('',(58.553392166491,-12.39999999997,-8.5));
#9428 = LINE('',#9429,#9430);
#9429 = CARTESIAN_POINT('',(59.153392166551,-12.39999999997,-8.5));
#9430 = VECTOR('',#9431,1.);
#9431 = DIRECTION('',(-1.,0.,0.));
#9432 = ORIENTED_EDGE('',*,*,#9433,.F.);
#9433 = EDGE_CURVE('',#7983,#9426,#9434,.T.);
#9434 = LINE('',#9435,#9436);
#9435 = CARTESIAN_POINT('',(58.553392166491,-12.39999999997,2.));
#9436 = VECTOR('',#9437,1.);
#9437 = DIRECTION('',(-0.,-0.,-1.));
#9438 = PLANE('',#9439);
#9439 = AXIS2_PLACEMENT_3D('',#9440,#9441,#9442);
#9440 = CARTESIAN_POINT('',(59.153392166551,-12.39999999997,2.));
#9441 = DIRECTION('',(0.,1.,0.));
#9442 = DIRECTION('',(-1.,0.,0.));
#9443 = ADVANCED_FACE('',(#9444),#9455,.T.);
#9444 = FACE_BOUND('',#9445,.T.);
#9445 = EDGE_LOOP('',(#9446,#9447,#9448,#9454));
#9446 = ORIENTED_EDGE('',*,*,#7990,.T.);
#9447 = ORIENTED_EDGE('',*,*,#9433,.T.);
#9448 = ORIENTED_EDGE('',*,*,#9449,.T.);
#9449 = EDGE_CURVE('',#9426,#9370,#9450,.T.);
#9450 = LINE('',#9451,#9452);
#9451 = CARTESIAN_POINT('',(58.553392166491,-12.39999999997,-8.5));
#9452 = VECTOR('',#9453,1.);
#9453 = DIRECTION('',(0.,-1.,0.));
#9454 = ORIENTED_EDGE('',*,*,#9369,.F.);
#9455 = PLANE('',#9456);
#9456 = AXIS2_PLACEMENT_3D('',#9457,#9458,#9459);
#9457 = CARTESIAN_POINT('',(58.553392166491,-12.39999999997,2.));
#9458 = DIRECTION('',(-1.,0.,0.));
#9459 = DIRECTION('',(0.,-1.,0.));
#9460 = ADVANCED_FACE('',(#9461),#9467,.F.);
#9461 = FACE_BOUND('',#9462,.F.);
#9462 = EDGE_LOOP('',(#9463,#9464,#9465,#9466));
#9463 = ORIENTED_EDGE('',*,*,#9449,.T.);
#9464 = ORIENTED_EDGE('',*,*,#9377,.T.);
#9465 = ORIENTED_EDGE('',*,*,#9401,.T.);
#9466 = ORIENTED_EDGE('',*,*,#9425,.T.);
#9467 = PLANE('',#9468);
#9468 = AXIS2_PLACEMENT_3D('',#9469,#9470,#9471);
#9469 = CARTESIAN_POINT('',(58.853392166521,-6.4420747E-10,-8.5));
#9470 = DIRECTION('',(0.,0.,1.));
#9471 = DIRECTION('',(1.,0.,0.));
#9472 = ADVANCED_FACE('',(#9473),#9498,.T.);
#9473 = FACE_BOUND('',#9474,.T.);
#9474 = EDGE_LOOP('',(#9475,#9476,#9484,#9492));
#9475 = ORIENTED_EDGE('',*,*,#7998,.T.);
#9476 = ORIENTED_EDGE('',*,*,#9477,.T.);
#9477 = EDGE_CURVE('',#8001,#9478,#9480,.T.);
#9478 = VERTEX_POINT('',#9479);
#9479 = CARTESIAN_POINT('',(61.093392166491,-13.00000000003,-8.5));
#9480 = LINE('',#9481,#9482);
#9481 = CARTESIAN_POINT('',(61.093392166491,-13.00000000003,2.));
#9482 = VECTOR('',#9483,1.);
#9483 = DIRECTION('',(-0.,-0.,-1.));
#9484 = ORIENTED_EDGE('',*,*,#9485,.T.);
#9485 = EDGE_CURVE('',#9478,#9486,#9488,.T.);
#9486 = VERTEX_POINT('',#9487);
#9487 = CARTESIAN_POINT('',(61.693392166551,-13.00000000003,-8.5));
#9488 = LINE('',#9489,#9490);
#9489 = CARTESIAN_POINT('',(61.093392166491,-13.00000000003,-8.5));
#9490 = VECTOR('',#9491,1.);
#9491 = DIRECTION('',(1.,0.,0.));
#9492 = ORIENTED_EDGE('',*,*,#9493,.F.);
#9493 = EDGE_CURVE('',#7999,#9486,#9494,.T.);
#9494 = LINE('',#9495,#9496);
#9495 = CARTESIAN_POINT('',(61.693392166551,-13.00000000003,2.));
#9496 = VECTOR('',#9497,1.);
#9497 = DIRECTION('',(-0.,-0.,-1.));
#9498 = PLANE('',#9499);
#9499 = AXIS2_PLACEMENT_3D('',#9500,#9501,#9502);
#9500 = CARTESIAN_POINT('',(61.093392166491,-13.00000000003,2.));
#9501 = DIRECTION('',(0.,-1.,0.));
#9502 = DIRECTION('',(1.,0.,0.));
#9503 = ADVANCED_FACE('',(#9504),#9522,.T.);
#9504 = FACE_BOUND('',#9505,.T.);
#9505 = EDGE_LOOP('',(#9506,#9507,#9508,#9516));
#9506 = ORIENTED_EDGE('',*,*,#8008,.T.);
#9507 = ORIENTED_EDGE('',*,*,#9493,.T.);
#9508 = ORIENTED_EDGE('',*,*,#9509,.T.);
#9509 = EDGE_CURVE('',#9486,#9510,#9512,.T.);
#9510 = VERTEX_POINT('',#9511);
#9511 = CARTESIAN_POINT('',(61.693392166551,-12.39999999997,-8.5));
#9512 = LINE('',#9513,#9514);
#9513 = CARTESIAN_POINT('',(61.693392166551,-13.00000000003,-8.5));
#9514 = VECTOR('',#9515,1.);
#9515 = DIRECTION('',(0.,1.,0.));
#9516 = ORIENTED_EDGE('',*,*,#9517,.F.);
#9517 = EDGE_CURVE('',#8009,#9510,#9518,.T.);
#9518 = LINE('',#9519,#9520);
#9519 = CARTESIAN_POINT('',(61.693392166551,-12.39999999997,2.));
#9520 = VECTOR('',#9521,1.);
#9521 = DIRECTION('',(-0.,-0.,-1.));
#9522 = PLANE('',#9523);
#9523 = AXIS2_PLACEMENT_3D('',#9524,#9525,#9526);
#9524 = CARTESIAN_POINT('',(61.693392166551,-13.00000000003,2.));
#9525 = DIRECTION('',(1.,0.,0.));
#9526 = DIRECTION('',(0.,1.,0.));
#9527 = ADVANCED_FACE('',(#9528),#9546,.T.);
#9528 = FACE_BOUND('',#9529,.T.);
#9529 = EDGE_LOOP('',(#9530,#9531,#9532,#9540));
#9530 = ORIENTED_EDGE('',*,*,#8016,.T.);
#9531 = ORIENTED_EDGE('',*,*,#9517,.T.);
#9532 = ORIENTED_EDGE('',*,*,#9533,.T.);
#9533 = EDGE_CURVE('',#9510,#9534,#9536,.T.);
#9534 = VERTEX_POINT('',#9535);
#9535 = CARTESIAN_POINT('',(61.093392166491,-12.39999999997,-8.5));
#9536 = LINE('',#9537,#9538);
#9537 = CARTESIAN_POINT('',(61.693392166551,-12.39999999997,-8.5));
#9538 = VECTOR('',#9539,1.);
#9539 = DIRECTION('',(-1.,0.,0.));
#9540 = ORIENTED_EDGE('',*,*,#9541,.F.);
#9541 = EDGE_CURVE('',#8017,#9534,#9542,.T.);
#9542 = LINE('',#9543,#9544);
#9543 = CARTESIAN_POINT('',(61.093392166491,-12.39999999997,2.));
#9544 = VECTOR('',#9545,1.);
#9545 = DIRECTION('',(-0.,-0.,-1.));
#9546 = PLANE('',#9547);
#9547 = AXIS2_PLACEMENT_3D('',#9548,#9549,#9550);
#9548 = CARTESIAN_POINT('',(61.693392166551,-12.39999999997,2.));
#9549 = DIRECTION('',(0.,1.,0.));
#9550 = DIRECTION('',(-1.,0.,0.));
#9551 = ADVANCED_FACE('',(#9552),#9563,.T.);
#9552 = FACE_BOUND('',#9553,.T.);
#9553 = EDGE_LOOP('',(#9554,#9555,#9556,#9562));
#9554 = ORIENTED_EDGE('',*,*,#8024,.T.);
#9555 = ORIENTED_EDGE('',*,*,#9541,.T.);
#9556 = ORIENTED_EDGE('',*,*,#9557,.T.);
#9557 = EDGE_CURVE('',#9534,#9478,#9558,.T.);
#9558 = LINE('',#9559,#9560);
#9559 = CARTESIAN_POINT('',(61.093392166491,-12.39999999997,-8.5));
#9560 = VECTOR('',#9561,1.);
#9561 = DIRECTION('',(0.,-1.,0.));
#9562 = ORIENTED_EDGE('',*,*,#9477,.F.);
#9563 = PLANE('',#9564);
#9564 = AXIS2_PLACEMENT_3D('',#9565,#9566,#9567);
#9565 = CARTESIAN_POINT('',(61.093392166491,-12.39999999997,2.));
#9566 = DIRECTION('',(-1.,0.,0.));
#9567 = DIRECTION('',(0.,-1.,0.));
#9568 = ADVANCED_FACE('',(#9569),#9575,.F.);
#9569 = FACE_BOUND('',#9570,.F.);
#9570 = EDGE_LOOP('',(#9571,#9572,#9573,#9574));
#9571 = ORIENTED_EDGE('',*,*,#9557,.T.);
#9572 = ORIENTED_EDGE('',*,*,#9485,.T.);
#9573 = ORIENTED_EDGE('',*,*,#9509,.T.);
#9574 = ORIENTED_EDGE('',*,*,#9533,.T.);
#9575 = PLANE('',#9576);
#9576 = AXIS2_PLACEMENT_3D('',#9577,#9578,#9579);
#9577 = CARTESIAN_POINT('',(61.393392166521,-6.4420747E-10,-8.5));
#9578 = DIRECTION('',(0.,0.,1.));
#9579 = DIRECTION('',(1.,0.,0.));
#9580 = ADVANCED_FACE('',(#9581),#9606,.T.);
#9581 = FACE_BOUND('',#9582,.T.);
#9582 = EDGE_LOOP('',(#9583,#9584,#9592,#9600));
#9583 = ORIENTED_EDGE('',*,*,#8032,.T.);
#9584 = ORIENTED_EDGE('',*,*,#9585,.T.);
#9585 = EDGE_CURVE('',#8035,#9586,#9588,.T.);
#9586 = VERTEX_POINT('',#9587);
#9587 = CARTESIAN_POINT('',(28.073392166491,-13.00000000003,-8.5));
#9588 = LINE('',#9589,#9590);
#9589 = CARTESIAN_POINT('',(28.073392166491,-13.00000000003,2.));
#9590 = VECTOR('',#9591,1.);
#9591 = DIRECTION('',(-0.,-0.,-1.));
#9592 = ORIENTED_EDGE('',*,*,#9593,.T.);
#9593 = EDGE_CURVE('',#9586,#9594,#9596,.T.);
#9594 = VERTEX_POINT('',#9595);
#9595 = CARTESIAN_POINT('',(28.673392166551,-13.00000000003,-8.5));
#9596 = LINE('',#9597,#9598);
#9597 = CARTESIAN_POINT('',(28.073392166491,-13.00000000003,-8.5));
#9598 = VECTOR('',#9599,1.);
#9599 = DIRECTION('',(1.,0.,0.));
#9600 = ORIENTED_EDGE('',*,*,#9601,.F.);
#9601 = EDGE_CURVE('',#8033,#9594,#9602,.T.);
#9602 = LINE('',#9603,#9604);
#9603 = CARTESIAN_POINT('',(28.673392166551,-13.00000000003,2.));
#9604 = VECTOR('',#9605,1.);
#9605 = DIRECTION('',(-0.,-0.,-1.));
#9606 = PLANE('',#9607);
#9607 = AXIS2_PLACEMENT_3D('',#9608,#9609,#9610);
#9608 = CARTESIAN_POINT('',(28.073392166491,-13.00000000003,2.));
#9609 = DIRECTION('',(0.,-1.,0.));
#9610 = DIRECTION('',(1.,0.,0.));
#9611 = ADVANCED_FACE('',(#9612),#9630,.T.);
#9612 = FACE_BOUND('',#9613,.T.);
#9613 = EDGE_LOOP('',(#9614,#9615,#9616,#9624));
#9614 = ORIENTED_EDGE('',*,*,#8042,.T.);
#9615 = ORIENTED_EDGE('',*,*,#9601,.T.);
#9616 = ORIENTED_EDGE('',*,*,#9617,.T.);
#9617 = EDGE_CURVE('',#9594,#9618,#9620,.T.);
#9618 = VERTEX_POINT('',#9619);
#9619 = CARTESIAN_POINT('',(28.673392166551,-12.39999999997,-8.5));
#9620 = LINE('',#9621,#9622);
#9621 = CARTESIAN_POINT('',(28.673392166551,-13.00000000003,-8.5));
#9622 = VECTOR('',#9623,1.);
#9623 = DIRECTION('',(0.,1.,0.));
#9624 = ORIENTED_EDGE('',*,*,#9625,.F.);
#9625 = EDGE_CURVE('',#8043,#9618,#9626,.T.);
#9626 = LINE('',#9627,#9628);
#9627 = CARTESIAN_POINT('',(28.673392166551,-12.39999999997,2.));
#9628 = VECTOR('',#9629,1.);
#9629 = DIRECTION('',(-0.,-0.,-1.));
#9630 = PLANE('',#9631);
#9631 = AXIS2_PLACEMENT_3D('',#9632,#9633,#9634);
#9632 = CARTESIAN_POINT('',(28.673392166551,-13.00000000003,2.));
#9633 = DIRECTION('',(1.,0.,0.));
#9634 = DIRECTION('',(0.,1.,0.));
#9635 = ADVANCED_FACE('',(#9636),#9654,.T.);
#9636 = FACE_BOUND('',#9637,.T.);
#9637 = EDGE_LOOP('',(#9638,#9639,#9640,#9648));
#9638 = ORIENTED_EDGE('',*,*,#8050,.T.);
#9639 = ORIENTED_EDGE('',*,*,#9625,.T.);
#9640 = ORIENTED_EDGE('',*,*,#9641,.T.);
#9641 = EDGE_CURVE('',#9618,#9642,#9644,.T.);
#9642 = VERTEX_POINT('',#9643);
#9643 = CARTESIAN_POINT('',(28.073392166491,-12.39999999997,-8.5));
#9644 = LINE('',#9645,#9646);
#9645 = CARTESIAN_POINT('',(28.673392166551,-12.39999999997,-8.5));
#9646 = VECTOR('',#9647,1.);
#9647 = DIRECTION('',(-1.,0.,0.));
#9648 = ORIENTED_EDGE('',*,*,#9649,.F.);
#9649 = EDGE_CURVE('',#8051,#9642,#9650,.T.);
#9650 = LINE('',#9651,#9652);
#9651 = CARTESIAN_POINT('',(28.073392166491,-12.39999999997,2.));
#9652 = VECTOR('',#9653,1.);
#9653 = DIRECTION('',(-0.,-0.,-1.));
#9654 = PLANE('',#9655);
#9655 = AXIS2_PLACEMENT_3D('',#9656,#9657,#9658);
#9656 = CARTESIAN_POINT('',(28.673392166551,-12.39999999997,2.));
#9657 = DIRECTION('',(0.,1.,0.));
#9658 = DIRECTION('',(-1.,0.,0.));
#9659 = ADVANCED_FACE('',(#9660),#9671,.T.);
#9660 = FACE_BOUND('',#9661,.T.);
#9661 = EDGE_LOOP('',(#9662,#9663,#9664,#9670));
#9662 = ORIENTED_EDGE('',*,*,#8058,.T.);
#9663 = ORIENTED_EDGE('',*,*,#9649,.T.);
#9664 = ORIENTED_EDGE('',*,*,#9665,.T.);
#9665 = EDGE_CURVE('',#9642,#9586,#9666,.T.);
#9666 = LINE('',#9667,#9668);
#9667 = CARTESIAN_POINT('',(28.073392166491,-12.39999999997,-8.5));
#9668 = VECTOR('',#9669,1.);
#9669 = DIRECTION('',(0.,-1.,0.));
#9670 = ORIENTED_EDGE('',*,*,#9585,.F.);
#9671 = PLANE('',#9672);
#9672 = AXIS2_PLACEMENT_3D('',#9673,#9674,#9675);
#9673 = CARTESIAN_POINT('',(28.073392166491,-12.39999999997,2.));
#9674 = DIRECTION('',(-1.,0.,0.));
#9675 = DIRECTION('',(0.,-1.,0.));
#9676 = ADVANCED_FACE('',(#9677),#9683,.F.);
#9677 = FACE_BOUND('',#9678,.F.);
#9678 = EDGE_LOOP('',(#9679,#9680,#9681,#9682));
#9679 = ORIENTED_EDGE('',*,*,#9665,.T.);
#9680 = ORIENTED_EDGE('',*,*,#9593,.T.);
#9681 = ORIENTED_EDGE('',*,*,#9617,.T.);
#9682 = ORIENTED_EDGE('',*,*,#9641,.T.);
#9683 = PLANE('',#9684);
#9684 = AXIS2_PLACEMENT_3D('',#9685,#9686,#9687);
#9685 = CARTESIAN_POINT('',(28.373392166521,-6.4420747E-10,-8.5));
#9686 = DIRECTION('',(0.,0.,1.));
#9687 = DIRECTION('',(1.,0.,0.));
#9688 = ( GEOMETRIC_REPRESENTATION_CONTEXT(3) 
GLOBAL_UNCERTAINTY_ASSIGNED_CONTEXT((#9692)) 
GLOBAL_UNIT_ASSIGNED_CONTEXT((#9689,#9690,#9691)) REPRESENTATION_CONTEXT
('Context #1','3D Context with UNIT and UNCERTAINTY') );
#9689 = ( LENGTH_UNIT() NAMED_UNIT(*) SI_UNIT(.MILLI.,.METRE.) );
#9690 = ( NAMED_UNIT(*) PLANE_ANGLE_UNIT() SI_UNIT($,.RADIAN.) );
#9691 = ( NAMED_UNIT(*) SI_UNIT($,.STERADIAN.) SOLID_ANGLE_UNIT() );
#9692 = UNCERTAINTY_MEASURE_WITH_UNIT(LENGTH_MEASURE(1.E-05),#9689,
  'distance_accuracy_value','confusion accuracy');
#9693 = CONTEXT_DEPENDENT_SHAPE_REPRESENTATION(#9694,#9696);
#9694 = ( REPRESENTATION_RELATIONSHIP('','',#867,#10) 
REPRESENTATION_RELATIONSHIP_WITH_TRANSFORMATION(#9695) 
SHAPE_REPRESENTATION_RELATIONSHIP() );
#9695 = ITEM_DEFINED_TRANSFORMATION('','',#11,#19);
#9696 = PRODUCT_DEFINITION_SHAPE('Placement','Placement of an item',
  #9697);
#9697 = NEXT_ASSEMBLY_USAGE_OCCURRENCE('2','Body002','',#5,#862,$);
#9698 = PRODUCT_RELATED_PRODUCT_CATEGORY('part',$,(#864));
#9699 = MECHANICAL_DESIGN_GEOMETRIC_PRESENTATION_REPRESENTATION('',(
    #9700),#849);
#9700 = STYLED_ITEM('color',(#9701),#37);
#9701 = PRESENTATION_STYLE_ASSIGNMENT((#9702,#9708));
#9702 = SURFACE_STYLE_USAGE(.BOTH.,#9703);
#9703 = SURFACE_SIDE_STYLE('',(#9704));
#9704 = SURFACE_STYLE_FILL_AREA(#9705);
#9705 = FILL_AREA_STYLE('',(#9706));
#9706 = FILL_AREA_STYLE_COLOUR('',#9707);
#9707 = COLOUR_RGB('',0.800000010877,0.800000010877,0.901960800373);
#9708 = CURVE_STYLE('',#9709,POSITIVE_LENGTH_MEASURE(0.1),#9710);
#9709 = DRAUGHTING_PRE_DEFINED_CURVE_FONT('continuous');
#9710 = COLOUR_RGB('',0.427450993391,0.427450993391,0.427450993391);
#9711 = MECHANICAL_DESIGN_GEOMETRIC_PRESENTATION_REPRESENTATION('',(
    #9712,#9721),#9688);
#9712 = STYLED_ITEM('color',(#9713),#868);
#9713 = PRESENTATION_STYLE_ASSIGNMENT((#9714,#9719));
#9714 = SURFACE_STYLE_USAGE(.BOTH.,#9715);
#9715 = SURFACE_SIDE_STYLE('',(#9716));
#9716 = SURFACE_STYLE_FILL_AREA(#9717);
#9717 = FILL_AREA_STYLE('',(#9718));
#9718 = FILL_AREA_STYLE_COLOUR('',#9707);
#9719 = CURVE_STYLE('',#9720,POSITIVE_LENGTH_MEASURE(0.1),#9710);
#9720 = DRAUGHTING_PRE_DEFINED_CURVE_FONT('continuous');
#9721 = STYLED_ITEM('color',(#9722),#5278);
#9722 = PRESENTATION_STYLE_ASSIGNMENT((#9723,#9728));
#9723 = SURFACE_STYLE_USAGE(.BOTH.,#9724);
#9724 = SURFACE_SIDE_STYLE('',(#9725));
#9725 = SURFACE_STYLE_FILL_AREA(#9726);
#9726 = FILL_AREA_STYLE('',(#9727));
#9727 = FILL_AREA_STYLE_COLOUR('',#9707);
#9728 = CURVE_STYLE('',#9729,POSITIVE_LENGTH_MEASURE(0.1),#9710);
#9729 = DRAUGHTING_PRE_DEFINED_CURVE_FONT('continuous');
ENDSEC;
END-ISO-10303-21;
