ISO-10303-21;
HEADER;
FILE_DESCRIPTION(('FreeCAD Model'),'2;1');
FILE_NAME('Open CASCADE Shape Model','2026-09-28T20:12:53',(''),(''),
  'Open CASCADE STEP processor 7.8','FreeCAD','Unknown');
FILE_SCHEMA(('AUTOMOTIVE_DESIGN { 1 0 10303 214 1 1 1 1 }'));
ENDSEC;
DATA;
#1 = APPLICATION_PROTOCOL_DEFINITION('international standard',
  'automotive_design',2000,#2);
#2 = APPLICATION_CONTEXT(
  'core data for automotive mechanical design processes');
#3 = SHAPE_DEFINITION_REPRESENTATION(#4,#10);
#4 = PRODUCT_DEFINITION_SHAPE('','',#5);
#5 = PRODUCT_DEFINITION('design','',#6,#9);
#6 = PRODUCT_DEFINITION_FORMATION('','',#7);
#7 = PRODUCT('ESP32','ESP32','',(#8));
#8 = PRODUCT_CONTEXT('',#2,'mechanical');
#9 = PRODUCT_DEFINITION_CONTEXT('part definition',#2,'design');
#10 = SHAPE_REPRESENTATION('',(#11,#15,#19),#23);
#11 = AXIS2_PLACEMENT_3D('',#12,#13,#14);
#12 = CARTESIAN_POINT('',(0.,0.,0.));
#13 = DIRECTION('',(0.,0.,1.));
#14 = DIRECTION('',(1.,0.,-0.));
#15 = AXIS2_PLACEMENT_3D('',#16,#17,#18);
#16 = CARTESIAN_POINT('',(0.,0.,0.));
#17 = DIRECTION('',(0.,0.,1.));
#18 = DIRECTION('',(1.,0.,0.));
#19 = AXIS2_PLACEMENT_3D('',#20,#21,#22);
#20 = CARTESIAN_POINT('',(0.,0.,0.));
#21 = DIRECTION('',(0.,0.,1.));
#22 = DIRECTION('',(1.,0.,0.));
#23 = ( GEOMETRIC_REPRESENTATION_CONTEXT(3) 
GLOBAL_UNCERTAINTY_ASSIGNED_CONTEXT((#27)) GLOBAL_UNIT_ASSIGNED_CONTEXT(
(#24,#25,#26)) REPRESENTATION_CONTEXT('Context #1',
  '3D Context with UNIT and UNCERTAINTY') );
#24 = ( LENGTH_UNIT() NAMED_UNIT(*) SI_UNIT(.MILLI.,.METRE.) );
#25 = ( NAMED_UNIT(*) PLANE_ANGLE_UNIT() SI_UNIT($,.RADIAN.) );
#26 = ( NAMED_UNIT(*) SI_UNIT($,.STERADIAN.) SOLID_ANGLE_UNIT() );
#27 = UNCERTAINTY_MEASURE_WITH_UNIT(LENGTH_MEASURE(1.E-05),#24,
  'distance_accuracy_value','confusion accuracy');
#28 = PRODUCT_RELATED_PRODUCT_CATEGORY('part',$,(#7));
#29 = SHAPE_DEFINITION_REPRESENTATION(#30,#36);
#30 = PRODUCT_DEFINITION_SHAPE('','',#31);
#31 = PRODUCT_DEFINITION('design','',#32,#35);
#32 = PRODUCT_DEFINITION_FORMATION('','',#33);
#33 = PRODUCT('Body001','Body001','',(#34));
#34 = PRODUCT_CONTEXT('',#2,'mechanical');
#35 = PRODUCT_DEFINITION_CONTEXT('part definition',#2,'design');
#36 = ADVANCED_BREP_SHAPE_REPRESENTATION('',(#11,#37),#1635);
#37 = MANIFOLD_SOLID_BREP('',#38);
#38 = CLOSED_SHELL('',(#39,#95,#202,#226,#250,#534,#565,#582,#599,#616,
    #633,#652,#669,#686,#703,#720,#759,#783,#815,#847,#871,#896,#927,
    #951,#975,#992,#1023,#1047,#1071,#1088,#1119,#1143,#1167,#1184,#1215
    ,#1239,#1263,#1280,#1297,#1314,#1331,#1377,#1389,#1412,#1424,#1436,
    #1459,#1490,#1514,#1538,#1555,#1580,#1605,#1617,#1626));
#39 = ADVANCED_FACE('',(#40),#90,.F.);
#40 = FACE_BOUND('',#41,.F.);
#41 = EDGE_LOOP('',(#42,#52,#60,#68,#76,#84));
#42 = ORIENTED_EDGE('',*,*,#43,.F.);
#43 = EDGE_CURVE('',#44,#46,#48,.T.);
#44 = VERTEX_POINT('',#45);
#45 = CARTESIAN_POINT('',(16.033392166521,12.1,0.));
#46 = VERTEX_POINT('',#47);
#47 = CARTESIAN_POINT('',(16.033392166521,-12.1,0.));
#48 = LINE('',#49,#50);
#49 = CARTESIAN_POINT('',(16.033392166521,14.1,0.));
#50 = VECTOR('',#51,1.);
#51 = DIRECTION('',(0.,-1.,0.));
#52 = ORIENTED_EDGE('',*,*,#53,.T.);
#53 = EDGE_CURVE('',#44,#54,#56,.T.);
#54 = VERTEX_POINT('',#55);
#55 = CARTESIAN_POINT('',(16.033392166521,12.1,1.6));
#56 = LINE('',#57,#58);
#57 = CARTESIAN_POINT('',(16.033392166521,12.1,0.));
#58 = VECTOR('',#59,1.);
#59 = DIRECTION('',(0.,0.,1.));
#60 = ORIENTED_EDGE('',*,*,#61,.T.);
#61 = EDGE_CURVE('',#54,#62,#64,.T.);
#62 = VERTEX_POINT('',#63);
#63 = CARTESIAN_POINT('',(16.033392166521,4.,1.6));
#64 = LINE('',#65,#66);
#65 = CARTESIAN_POINT('',(16.033392166521,14.1,1.6));
#66 = VECTOR('',#67,1.);
#67 = DIRECTION('',(0.,-1.,0.));
#68 = ORIENTED_EDGE('',*,*,#69,.T.);
#69 = EDGE_CURVE('',#62,#70,#72,.T.);
#70 = VERTEX_POINT('',#71);
#71 = CARTESIAN_POINT('',(16.033392166521,-4.,1.6));
#72 = LINE('',#73,#74);
#73 = CARTESIAN_POINT('',(16.033392166521,14.1,1.6));
#74 = VECTOR('',#75,1.);
#75 = DIRECTION('',(0.,-1.,0.));
#76 = ORIENTED_EDGE('',*,*,#77,.T.);
#77 = EDGE_CURVE('',#70,#78,#80,.T.);
#78 = VERTEX_POINT('',#79);
#79 = CARTESIAN_POINT('',(16.033392166521,-12.1,1.6));
#80 = LINE('',#81,#82);
#81 = CARTESIAN_POINT('',(16.033392166521,14.1,1.6));
#82 = VECTOR('',#83,1.);
#83 = DIRECTION('',(0.,-1.,0.));
#84 = ORIENTED_EDGE('',*,*,#85,.F.);
#85 = EDGE_CURVE('',#46,#78,#86,.T.);
#86 = LINE('',#87,#88);
#87 = CARTESIAN_POINT('',(16.033392166521,-12.1,0.));
#88 = VECTOR('',#89,1.);
#89 = DIRECTION('',(0.,0.,1.));
#90 = PLANE('',#91);
#91 = AXIS2_PLACEMENT_3D('',#92,#93,#94);
#92 = CARTESIAN_POINT('',(16.033392166521,14.1,0.));
#93 = DIRECTION('',(1.,0.,0.));
#94 = DIRECTION('',(0.,-1.,0.));
#95 = ADVANCED_FACE('',(#96,#153,#164,#175,#186),#197,.F.);
#96 = FACE_BOUND('',#97,.F.);
#97 = EDGE_LOOP('',(#98,#99,#107,#115,#123,#131,#139,#147));
#98 = ORIENTED_EDGE('',*,*,#43,.T.);
#99 = ORIENTED_EDGE('',*,*,#100,.T.);
#100 = EDGE_CURVE('',#46,#101,#103,.T.);
#101 = VERTEX_POINT('',#102);
#102 = CARTESIAN_POINT('',(18.033392166521,-14.1,0.));
#103 = LINE('',#104,#105);
#104 = CARTESIAN_POINT('',(19.970892166521,-16.0375,0.));
#105 = VECTOR('',#106,1.);
#106 = DIRECTION('',(0.707106781187,-0.707106781187,0.));
#107 = ORIENTED_EDGE('',*,*,#108,.T.);
#108 = EDGE_CURVE('',#101,#109,#111,.T.);
#109 = VERTEX_POINT('',#110);
#110 = CARTESIAN_POINT('',(65.733392166521,-14.1,0.));
#111 = LINE('',#112,#113);
#112 = CARTESIAN_POINT('',(16.033392166521,-14.1,0.));
#113 = VECTOR('',#114,1.);
#114 = DIRECTION('',(1.,0.,0.));
#115 = ORIENTED_EDGE('',*,*,#116,.T.);
#116 = EDGE_CURVE('',#109,#117,#119,.T.);
#117 = VERTEX_POINT('',#118);
#118 = CARTESIAN_POINT('',(67.733392166521,-12.1,0.));
#119 = LINE('',#120,#121);
#120 = CARTESIAN_POINT('',(63.795892166521,-16.0375,0.));
#121 = VECTOR('',#122,1.);
#122 = DIRECTION('',(0.707106781187,0.707106781187,0.));
#123 = ORIENTED_EDGE('',*,*,#124,.T.);
#124 = EDGE_CURVE('',#117,#125,#127,.T.);
#125 = VERTEX_POINT('',#126);
#126 = CARTESIAN_POINT('',(67.733392166521,12.1,0.));
#127 = LINE('',#128,#129);
#128 = CARTESIAN_POINT('',(67.733392166521,-14.1,0.));
#129 = VECTOR('',#130,1.);
#130 = DIRECTION('',(0.,1.,0.));
#131 = ORIENTED_EDGE('',*,*,#132,.F.);
#132 = EDGE_CURVE('',#133,#125,#135,.T.);
#133 = VERTEX_POINT('',#134);
#134 = CARTESIAN_POINT('',(65.733392166521,14.1,0.));
#135 = LINE('',#136,#137);
#136 = CARTESIAN_POINT('',(63.795892166521,16.0375,0.));
#137 = VECTOR('',#138,1.);
#138 = DIRECTION('',(0.707106781187,-0.707106781187,0.));
#139 = ORIENTED_EDGE('',*,*,#140,.T.);
#140 = EDGE_CURVE('',#133,#141,#143,.T.);
#141 = VERTEX_POINT('',#142);
#142 = CARTESIAN_POINT('',(18.033392166521,14.1,0.));
#143 = LINE('',#144,#145);
#144 = CARTESIAN_POINT('',(67.733392166521,14.1,0.));
#145 = VECTOR('',#146,1.);
#146 = DIRECTION('',(-1.,0.,0.));
#147 = ORIENTED_EDGE('',*,*,#148,.F.);
#148 = EDGE_CURVE('',#44,#141,#149,.T.);
#149 = LINE('',#150,#151);
#150 = CARTESIAN_POINT('',(19.970892166521,16.0375,0.));
#151 = VECTOR('',#152,1.);
#152 = DIRECTION('',(0.707106781187,0.707106781187,0.));
#153 = FACE_BOUND('',#154,.T.);
#154 = EDGE_LOOP('',(#155));
#155 = ORIENTED_EDGE('',*,*,#156,.T.);
#156 = EDGE_CURVE('',#157,#157,#159,.T.);
#157 = VERTEX_POINT('',#158);
#158 = CARTESIAN_POINT('',(19.933392166521,11.65,0.));
#159 = CIRCLE('',#160,1.4);
#160 = AXIS2_PLACEMENT_3D('',#161,#162,#163);
#161 = CARTESIAN_POINT('',(18.533392166521,11.65,0.));
#162 = DIRECTION('',(0.,0.,1.));
#163 = DIRECTION('',(1.,0.,0.));
#164 = FACE_BOUND('',#165,.T.);
#165 = EDGE_LOOP('',(#166));
#166 = ORIENTED_EDGE('',*,*,#167,.T.);
#167 = EDGE_CURVE('',#168,#168,#170,.T.);
#168 = VERTEX_POINT('',#169);
#169 = CARTESIAN_POINT('',(66.633392166521,11.65,0.));
#170 = CIRCLE('',#171,1.4);
#171 = AXIS2_PLACEMENT_3D('',#172,#173,#174);
#172 = CARTESIAN_POINT('',(65.233392166521,11.65,0.));
#173 = DIRECTION('',(0.,0.,1.));
#174 = DIRECTION('',(1.,0.,0.));
#175 = FACE_BOUND('',#176,.T.);
#176 = EDGE_LOOP('',(#177));
#177 = ORIENTED_EDGE('',*,*,#178,.T.);
#178 = EDGE_CURVE('',#179,#179,#181,.T.);
#179 = VERTEX_POINT('',#180);
#180 = CARTESIAN_POINT('',(66.633392166521,-11.65,0.));
#181 = CIRCLE('',#182,1.4);
#182 = AXIS2_PLACEMENT_3D('',#183,#184,#185);
#183 = CARTESIAN_POINT('',(65.233392166521,-11.65,0.));
#184 = DIRECTION('',(0.,0.,1.));
#185 = DIRECTION('',(1.,0.,0.));
#186 = FACE_BOUND('',#187,.T.);
#187 = EDGE_LOOP('',(#188));
#188 = ORIENTED_EDGE('',*,*,#189,.T.);
#189 = EDGE_CURVE('',#190,#190,#192,.T.);
#190 = VERTEX_POINT('',#191);
#191 = CARTESIAN_POINT('',(19.933392166521,-11.65,0.));
#192 = CIRCLE('',#193,1.4);
#193 = AXIS2_PLACEMENT_3D('',#194,#195,#196);
#194 = CARTESIAN_POINT('',(18.533392166521,-11.65,0.));
#195 = DIRECTION('',(0.,0.,1.));
#196 = DIRECTION('',(1.,0.,0.));
#197 = PLANE('',#198);
#198 = AXIS2_PLACEMENT_3D('',#199,#200,#201);
#199 = CARTESIAN_POINT('',(41.883392166521,-1.E-15,0.));
#200 = DIRECTION('',(0.,0.,1.));
#201 = DIRECTION('',(1.,0.,0.));
#202 = ADVANCED_FACE('',(#203),#221,.T.);
#203 = FACE_BOUND('',#204,.T.);
#204 = EDGE_LOOP('',(#205,#206,#207,#215));
#205 = ORIENTED_EDGE('',*,*,#148,.F.);
#206 = ORIENTED_EDGE('',*,*,#53,.T.);
#207 = ORIENTED_EDGE('',*,*,#208,.T.);
#208 = EDGE_CURVE('',#54,#209,#211,.T.);
#209 = VERTEX_POINT('',#210);
#210 = CARTESIAN_POINT('',(18.033392166521,14.1,1.6));
#211 = LINE('',#212,#213);
#212 = CARTESIAN_POINT('',(19.970892166521,16.0375,1.6));
#213 = VECTOR('',#214,1.);
#214 = DIRECTION('',(0.707106781187,0.707106781187,0.));
#215 = ORIENTED_EDGE('',*,*,#216,.F.);
#216 = EDGE_CURVE('',#141,#209,#217,.T.);
#217 = LINE('',#218,#219);
#218 = CARTESIAN_POINT('',(18.033392166521,14.1,0.));
#219 = VECTOR('',#220,1.);
#220 = DIRECTION('',(0.,0.,1.));
#221 = PLANE('',#222);
#222 = AXIS2_PLACEMENT_3D('',#223,#224,#225);
#223 = CARTESIAN_POINT('',(17.033392166521,13.1,0.));
#224 = DIRECTION('',(-0.707106781187,0.707106781187,0.));
#225 = DIRECTION('',(0.,0.,1.));
#226 = ADVANCED_FACE('',(#227),#245,.T.);
#227 = FACE_BOUND('',#228,.F.);
#228 = EDGE_LOOP('',(#229,#230,#231,#239));
#229 = ORIENTED_EDGE('',*,*,#100,.F.);
#230 = ORIENTED_EDGE('',*,*,#85,.T.);
#231 = ORIENTED_EDGE('',*,*,#232,.T.);
#232 = EDGE_CURVE('',#78,#233,#235,.T.);
#233 = VERTEX_POINT('',#234);
#234 = CARTESIAN_POINT('',(18.033392166521,-14.1,1.6));
#235 = LINE('',#236,#237);
#236 = CARTESIAN_POINT('',(19.970892166521,-16.0375,1.6));
#237 = VECTOR('',#238,1.);
#238 = DIRECTION('',(0.707106781187,-0.707106781187,0.));
#239 = ORIENTED_EDGE('',*,*,#240,.F.);
#240 = EDGE_CURVE('',#101,#233,#241,.T.);
#241 = LINE('',#242,#243);
#242 = CARTESIAN_POINT('',(18.033392166521,-14.1,0.));
#243 = VECTOR('',#244,1.);
#244 = DIRECTION('',(0.,0.,1.));
#245 = PLANE('',#246);
#246 = AXIS2_PLACEMENT_3D('',#247,#248,#249);
#247 = CARTESIAN_POINT('',(17.033392166521,-13.1,0.));
#248 = DIRECTION('',(-0.707106781187,-0.707106781187,0.));
#249 = DIRECTION('',(-0.,-0.,-1.));
#250 = ADVANCED_FACE('',(#251,#349,#360,#394,#428,#439,#473,#507,#518),
  #529,.T.);
#251 = FACE_BOUND('',#252,.T.);
#252 = EDGE_LOOP('',(#253,#254,#255,#263,#271,#277,#278,#279,#287,#295,
    #303,#311,#319,#327,#335,#343));
#253 = ORIENTED_EDGE('',*,*,#208,.F.);
#254 = ORIENTED_EDGE('',*,*,#61,.T.);
#255 = ORIENTED_EDGE('',*,*,#256,.F.);
#256 = EDGE_CURVE('',#257,#62,#259,.T.);
#257 = VERTEX_POINT('',#258);
#258 = CARTESIAN_POINT('',(21.533392166521,4.,1.6));
#259 = LINE('',#260,#261);
#260 = CARTESIAN_POINT('',(21.533392166521,4.,1.6));
#261 = VECTOR('',#262,1.);
#262 = DIRECTION('',(-1.,0.,0.));
#263 = ORIENTED_EDGE('',*,*,#264,.F.);
#264 = EDGE_CURVE('',#265,#257,#267,.T.);
#265 = VERTEX_POINT('',#266);
#266 = CARTESIAN_POINT('',(21.533392166521,-4.,1.6));
#267 = LINE('',#268,#269);
#268 = CARTESIAN_POINT('',(21.533392166521,-4.,1.6));
#269 = VECTOR('',#270,1.);
#270 = DIRECTION('',(0.,1.,0.));
#271 = ORIENTED_EDGE('',*,*,#272,.F.);
#272 = EDGE_CURVE('',#70,#265,#273,.T.);
#273 = LINE('',#274,#275);
#274 = CARTESIAN_POINT('',(15.533392166521,-4.,1.6));
#275 = VECTOR('',#276,1.);
#276 = DIRECTION('',(1.,0.,0.));
#277 = ORIENTED_EDGE('',*,*,#77,.T.);
#278 = ORIENTED_EDGE('',*,*,#232,.T.);
#279 = ORIENTED_EDGE('',*,*,#280,.T.);
#280 = EDGE_CURVE('',#233,#281,#283,.T.);
#281 = VERTEX_POINT('',#282);
#282 = CARTESIAN_POINT('',(65.733392166521,-14.1,1.6));
#283 = LINE('',#284,#285);
#284 = CARTESIAN_POINT('',(16.033392166521,-14.1,1.6));
#285 = VECTOR('',#286,1.);
#286 = DIRECTION('',(1.,0.,0.));
#287 = ORIENTED_EDGE('',*,*,#288,.T.);
#288 = EDGE_CURVE('',#281,#289,#291,.T.);
#289 = VERTEX_POINT('',#290);
#290 = CARTESIAN_POINT('',(67.733392166521,-12.1,1.6));
#291 = LINE('',#292,#293);
#292 = CARTESIAN_POINT('',(63.795892166521,-16.0375,1.6));
#293 = VECTOR('',#294,1.);
#294 = DIRECTION('',(0.707106781187,0.707106781187,0.));
#295 = ORIENTED_EDGE('',*,*,#296,.T.);
#296 = EDGE_CURVE('',#289,#297,#299,.T.);
#297 = VERTEX_POINT('',#298);
#298 = CARTESIAN_POINT('',(67.733392166521,-9.,1.6));
#299 = LINE('',#300,#301);
#300 = CARTESIAN_POINT('',(67.733392166521,-14.1,1.6));
#301 = VECTOR('',#302,1.);
#302 = DIRECTION('',(0.,1.,0.));
#303 = ORIENTED_EDGE('',*,*,#304,.T.);
#304 = EDGE_CURVE('',#297,#305,#307,.T.);
#305 = VERTEX_POINT('',#306);
#306 = CARTESIAN_POINT('',(42.833392166521,-9.,1.6));
#307 = LINE('',#308,#309);
#308 = CARTESIAN_POINT('',(67.833392166521,-9.,1.6));
#309 = VECTOR('',#310,1.);
#310 = DIRECTION('',(-1.,0.,0.));
#311 = ORIENTED_EDGE('',*,*,#312,.T.);
#312 = EDGE_CURVE('',#305,#313,#315,.T.);
#313 = VERTEX_POINT('',#314);
#314 = CARTESIAN_POINT('',(42.833392166521,9.,1.6));
#315 = LINE('',#316,#317);
#316 = CARTESIAN_POINT('',(42.833392166521,-9.,1.6));
#317 = VECTOR('',#318,1.);
#318 = DIRECTION('',(0.,1.,0.));
#319 = ORIENTED_EDGE('',*,*,#320,.T.);
#320 = EDGE_CURVE('',#313,#321,#323,.T.);
#321 = VERTEX_POINT('',#322);
#322 = CARTESIAN_POINT('',(67.733392166521,9.,1.6));
#323 = LINE('',#324,#325);
#324 = CARTESIAN_POINT('',(42.833392166521,9.,1.6));
#325 = VECTOR('',#326,1.);
#326 = DIRECTION('',(1.,0.,0.));
#327 = ORIENTED_EDGE('',*,*,#328,.T.);
#328 = EDGE_CURVE('',#321,#329,#331,.T.);
#329 = VERTEX_POINT('',#330);
#330 = CARTESIAN_POINT('',(67.733392166521,12.1,1.6));
#331 = LINE('',#332,#333);
#332 = CARTESIAN_POINT('',(67.733392166521,-14.1,1.6));
#333 = VECTOR('',#334,1.);
#334 = DIRECTION('',(0.,1.,0.));
#335 = ORIENTED_EDGE('',*,*,#336,.F.);
#336 = EDGE_CURVE('',#337,#329,#339,.T.);
#337 = VERTEX_POINT('',#338);
#338 = CARTESIAN_POINT('',(65.733392166521,14.1,1.6));
#339 = LINE('',#340,#341);
#340 = CARTESIAN_POINT('',(63.795892166521,16.0375,1.6));
#341 = VECTOR('',#342,1.);
#342 = DIRECTION('',(0.707106781187,-0.707106781187,0.));
#343 = ORIENTED_EDGE('',*,*,#344,.T.);
#344 = EDGE_CURVE('',#337,#209,#345,.T.);
#345 = LINE('',#346,#347);
#346 = CARTESIAN_POINT('',(67.733392166521,14.1,1.6));
#347 = VECTOR('',#348,1.);
#348 = DIRECTION('',(-1.,0.,0.));
#349 = FACE_BOUND('',#350,.T.);
#350 = EDGE_LOOP('',(#351));
#351 = ORIENTED_EDGE('',*,*,#352,.F.);
#352 = EDGE_CURVE('',#353,#353,#355,.T.);
#353 = VERTEX_POINT('',#354);
#354 = CARTESIAN_POINT('',(19.933392166521,-11.65,1.6));
#355 = CIRCLE('',#356,1.4);
#356 = AXIS2_PLACEMENT_3D('',#357,#358,#359);
#357 = CARTESIAN_POINT('',(18.533392166521,-11.65,1.6));
#358 = DIRECTION('',(0.,0.,1.));
#359 = DIRECTION('',(1.,0.,0.));
#360 = FACE_BOUND('',#361,.T.);
#361 = EDGE_LOOP('',(#362,#372,#380,#388));
#362 = ORIENTED_EDGE('',*,*,#363,.F.);
#363 = EDGE_CURVE('',#364,#366,#368,.T.);
#364 = VERTEX_POINT('',#365);
#365 = CARTESIAN_POINT('',(17.533392166521,-6.5,1.6));
#366 = VERTEX_POINT('',#367);
#367 = CARTESIAN_POINT('',(17.533392166521,-9.5,1.6));
#368 = LINE('',#369,#370);
#369 = CARTESIAN_POINT('',(17.533392166521,-6.5,1.6));
#370 = VECTOR('',#371,1.);
#371 = DIRECTION('',(0.,-1.,0.));
#372 = ORIENTED_EDGE('',*,*,#373,.F.);
#373 = EDGE_CURVE('',#374,#364,#376,.T.);
#374 = VERTEX_POINT('',#375);
#375 = CARTESIAN_POINT('',(21.533392166521,-6.5,1.6));
#376 = LINE('',#377,#378);
#377 = CARTESIAN_POINT('',(21.533392166521,-6.5,1.6));
#378 = VECTOR('',#379,1.);
#379 = DIRECTION('',(-1.,0.,0.));
#380 = ORIENTED_EDGE('',*,*,#381,.F.);
#381 = EDGE_CURVE('',#382,#374,#384,.T.);
#382 = VERTEX_POINT('',#383);
#383 = CARTESIAN_POINT('',(21.533392166521,-9.5,1.6));
#384 = LINE('',#385,#386);
#385 = CARTESIAN_POINT('',(21.533392166521,-9.5,1.6));
#386 = VECTOR('',#387,1.);
#387 = DIRECTION('',(0.,1.,0.));
#388 = ORIENTED_EDGE('',*,*,#389,.F.);
#389 = EDGE_CURVE('',#366,#382,#390,.T.);
#390 = LINE('',#391,#392);
#391 = CARTESIAN_POINT('',(17.533392166521,-9.5,1.6));
#392 = VECTOR('',#393,1.);
#393 = DIRECTION('',(1.,0.,0.));
#394 = FACE_BOUND('',#395,.T.);
#395 = EDGE_LOOP('',(#396,#406,#414,#422));
#396 = ORIENTED_EDGE('',*,*,#397,.F.);
#397 = EDGE_CURVE('',#398,#400,#402,.T.);
#398 = VERTEX_POINT('',#399);
#399 = CARTESIAN_POINT('',(25.533392166521,-4.5,1.6));
#400 = VERTEX_POINT('',#401);
#401 = CARTESIAN_POINT('',(25.533392166521,-9.5,1.6));
#402 = LINE('',#403,#404);
#403 = CARTESIAN_POINT('',(25.533392166521,-4.5,1.6));
#404 = VECTOR('',#405,1.);
#405 = DIRECTION('',(0.,-1.,0.));
#406 = ORIENTED_EDGE('',*,*,#407,.F.);
#407 = EDGE_CURVE('',#408,#398,#410,.T.);
#408 = VERTEX_POINT('',#409);
#409 = CARTESIAN_POINT('',(30.533392166521,-4.5,1.6));
#410 = LINE('',#411,#412);
#411 = CARTESIAN_POINT('',(30.533392166521,-4.5,1.6));
#412 = VECTOR('',#413,1.);
#413 = DIRECTION('',(-1.,0.,0.));
#414 = ORIENTED_EDGE('',*,*,#415,.F.);
#415 = EDGE_CURVE('',#416,#408,#418,.T.);
#416 = VERTEX_POINT('',#417);
#417 = CARTESIAN_POINT('',(30.533392166521,-9.5,1.6));
#418 = LINE('',#419,#420);
#419 = CARTESIAN_POINT('',(30.533392166521,-9.5,1.6));
#420 = VECTOR('',#421,1.);
#421 = DIRECTION('',(0.,1.,0.));
#422 = ORIENTED_EDGE('',*,*,#423,.F.);
#423 = EDGE_CURVE('',#400,#416,#424,.T.);
#424 = LINE('',#425,#426);
#425 = CARTESIAN_POINT('',(25.533392166521,-9.5,1.6));
#426 = VECTOR('',#427,1.);
#427 = DIRECTION('',(1.,0.,0.));
#428 = FACE_BOUND('',#429,.T.);
#429 = EDGE_LOOP('',(#430));
#430 = ORIENTED_EDGE('',*,*,#431,.F.);
#431 = EDGE_CURVE('',#432,#432,#434,.T.);
#432 = VERTEX_POINT('',#433);
#433 = CARTESIAN_POINT('',(66.633392166521,-11.65,1.6));
#434 = CIRCLE('',#435,1.4);
#435 = AXIS2_PLACEMENT_3D('',#436,#437,#438);
#436 = CARTESIAN_POINT('',(65.233392166521,-11.65,1.6));
#437 = DIRECTION('',(0.,0.,1.));
#438 = DIRECTION('',(1.,0.,0.));
#439 = FACE_BOUND('',#440,.T.);
#440 = EDGE_LOOP('',(#441,#451,#459,#467));
#441 = ORIENTED_EDGE('',*,*,#442,.F.);
#442 = EDGE_CURVE('',#443,#445,#447,.T.);
#443 = VERTEX_POINT('',#444);
#444 = CARTESIAN_POINT('',(25.033392166521,7.582766039278,1.6));
#445 = VERTEX_POINT('',#446);
#446 = CARTESIAN_POINT('',(25.033392166521,4.582766039278,1.6));
#447 = LINE('',#448,#449);
#448 = CARTESIAN_POINT('',(25.033392166521,7.582766039278,1.6));
#449 = VECTOR('',#450,1.);
#450 = DIRECTION('',(0.,-1.,0.));
#451 = ORIENTED_EDGE('',*,*,#452,.F.);
#452 = EDGE_CURVE('',#453,#443,#455,.T.);
#453 = VERTEX_POINT('',#454);
#454 = CARTESIAN_POINT('',(31.033392166521,7.582766039278,1.6));
#455 = LINE('',#456,#457);
#456 = CARTESIAN_POINT('',(31.033392166521,7.582766039278,1.6));
#457 = VECTOR('',#458,1.);
#458 = DIRECTION('',(-1.,0.,0.));
#459 = ORIENTED_EDGE('',*,*,#460,.F.);
#460 = EDGE_CURVE('',#461,#453,#463,.T.);
#461 = VERTEX_POINT('',#462);
#462 = CARTESIAN_POINT('',(31.033392166521,4.582766039278,1.6));
#463 = LINE('',#464,#465);
#464 = CARTESIAN_POINT('',(31.033392166521,4.582766039278,1.6));
#465 = VECTOR('',#466,1.);
#466 = DIRECTION('',(0.,1.,0.));
#467 = ORIENTED_EDGE('',*,*,#468,.F.);
#468 = EDGE_CURVE('',#445,#461,#469,.T.);
#469 = LINE('',#470,#471);
#470 = CARTESIAN_POINT('',(25.033392166521,4.582766039278,1.6));
#471 = VECTOR('',#472,1.);
#472 = DIRECTION('',(1.,0.,0.));
#473 = FACE_BOUND('',#474,.T.);
#474 = EDGE_LOOP('',(#475,#485,#493,#501));
#475 = ORIENTED_EDGE('',*,*,#476,.F.);
#476 = EDGE_CURVE('',#477,#479,#481,.T.);
#477 = VERTEX_POINT('',#478);
#478 = CARTESIAN_POINT('',(17.533392166521,9.5,1.6));
#479 = VERTEX_POINT('',#480);
#480 = CARTESIAN_POINT('',(17.533392166521,6.5,1.6));
#481 = LINE('',#482,#483);
#482 = CARTESIAN_POINT('',(17.533392166521,9.5,1.6));
#483 = VECTOR('',#484,1.);
#484 = DIRECTION('',(0.,-1.,0.));
#485 = ORIENTED_EDGE('',*,*,#486,.F.);
#486 = EDGE_CURVE('',#487,#477,#489,.T.);
#487 = VERTEX_POINT('',#488);
#488 = CARTESIAN_POINT('',(21.533392166521,9.5,1.6));
#489 = LINE('',#490,#491);
#490 = CARTESIAN_POINT('',(21.533392166521,9.5,1.6));
#491 = VECTOR('',#492,1.);
#492 = DIRECTION('',(-1.,0.,0.));
#493 = ORIENTED_EDGE('',*,*,#494,.F.);
#494 = EDGE_CURVE('',#495,#487,#497,.T.);
#495 = VERTEX_POINT('',#496);
#496 = CARTESIAN_POINT('',(21.533392166521,6.5,1.6));
#497 = LINE('',#498,#499);
#498 = CARTESIAN_POINT('',(21.533392166521,6.5,1.6));
#499 = VECTOR('',#500,1.);
#500 = DIRECTION('',(0.,1.,0.));
#501 = ORIENTED_EDGE('',*,*,#502,.F.);
#502 = EDGE_CURVE('',#479,#495,#503,.T.);
#503 = LINE('',#504,#505);
#504 = CARTESIAN_POINT('',(17.533392166521,6.5,1.6));
#505 = VECTOR('',#506,1.);
#506 = DIRECTION('',(1.,0.,0.));
#507 = FACE_BOUND('',#508,.T.);
#508 = EDGE_LOOP('',(#509));
#509 = ORIENTED_EDGE('',*,*,#510,.F.);
#510 = EDGE_CURVE('',#511,#511,#513,.T.);
#511 = VERTEX_POINT('',#512);
#512 = CARTESIAN_POINT('',(19.933392166521,11.65,1.6));
#513 = CIRCLE('',#514,1.4);
#514 = AXIS2_PLACEMENT_3D('',#515,#516,#517);
#515 = CARTESIAN_POINT('',(18.533392166521,11.65,1.6));
#516 = DIRECTION('',(0.,0.,1.));
#517 = DIRECTION('',(1.,0.,0.));
#518 = FACE_BOUND('',#519,.T.);
#519 = EDGE_LOOP('',(#520));
#520 = ORIENTED_EDGE('',*,*,#521,.F.);
#521 = EDGE_CURVE('',#522,#522,#524,.T.);
#522 = VERTEX_POINT('',#523);
#523 = CARTESIAN_POINT('',(66.633392166521,11.65,1.6));
#524 = CIRCLE('',#525,1.4);
#525 = AXIS2_PLACEMENT_3D('',#526,#527,#528);
#526 = CARTESIAN_POINT('',(65.233392166521,11.65,1.6));
#527 = DIRECTION('',(0.,0.,1.));
#528 = DIRECTION('',(1.,0.,0.));
#529 = PLANE('',#530);
#530 = AXIS2_PLACEMENT_3D('',#531,#532,#533);
#531 = CARTESIAN_POINT('',(41.883392166521,-1.E-15,1.6));
#532 = DIRECTION('',(0.,0.,1.));
#533 = DIRECTION('',(1.,0.,0.));
#534 = ADVANCED_FACE('',(#535),#560,.F.);
#535 = FACE_BOUND('',#536,.F.);
#536 = EDGE_LOOP('',(#537,#547,#553,#554));
#537 = ORIENTED_EDGE('',*,*,#538,.T.);
#538 = EDGE_CURVE('',#539,#541,#543,.T.);
#539 = VERTEX_POINT('',#540);
#540 = CARTESIAN_POINT('',(15.533392166521,4.,1.6));
#541 = VERTEX_POINT('',#542);
#542 = CARTESIAN_POINT('',(15.533392166521,-4.,1.6));
#543 = LINE('',#544,#545);
#544 = CARTESIAN_POINT('',(15.533392166521,4.,1.6));
#545 = VECTOR('',#546,1.);
#546 = DIRECTION('',(0.,-1.,0.));
#547 = ORIENTED_EDGE('',*,*,#548,.T.);
#548 = EDGE_CURVE('',#541,#70,#549,.T.);
#549 = LINE('',#550,#551);
#550 = CARTESIAN_POINT('',(15.533392166521,-4.,1.6));
#551 = VECTOR('',#552,1.);
#552 = DIRECTION('',(1.,0.,0.));
#553 = ORIENTED_EDGE('',*,*,#69,.F.);
#554 = ORIENTED_EDGE('',*,*,#555,.T.);
#555 = EDGE_CURVE('',#62,#539,#556,.T.);
#556 = LINE('',#557,#558);
#557 = CARTESIAN_POINT('',(21.533392166521,4.,1.6));
#558 = VECTOR('',#559,1.);
#559 = DIRECTION('',(-1.,0.,0.));
#560 = PLANE('',#561);
#561 = AXIS2_PLACEMENT_3D('',#562,#563,#564);
#562 = CARTESIAN_POINT('',(18.533392166521,0.,1.6));
#563 = DIRECTION('',(0.,0.,1.));
#564 = DIRECTION('',(1.,0.,0.));
#565 = ADVANCED_FACE('',(#566),#577,.F.);
#566 = FACE_BOUND('',#567,.F.);
#567 = EDGE_LOOP('',(#568,#569,#575,#576));
#568 = ORIENTED_EDGE('',*,*,#140,.F.);
#569 = ORIENTED_EDGE('',*,*,#570,.T.);
#570 = EDGE_CURVE('',#133,#337,#571,.T.);
#571 = LINE('',#572,#573);
#572 = CARTESIAN_POINT('',(65.733392166521,14.1,0.));
#573 = VECTOR('',#574,1.);
#574 = DIRECTION('',(0.,0.,1.));
#575 = ORIENTED_EDGE('',*,*,#344,.T.);
#576 = ORIENTED_EDGE('',*,*,#216,.F.);
#577 = PLANE('',#578);
#578 = AXIS2_PLACEMENT_3D('',#579,#580,#581);
#579 = CARTESIAN_POINT('',(67.733392166521,14.1,0.));
#580 = DIRECTION('',(0.,-1.,0.));
#581 = DIRECTION('',(-1.,0.,0.));
#582 = ADVANCED_FACE('',(#583),#594,.F.);
#583 = FACE_BOUND('',#584,.F.);
#584 = EDGE_LOOP('',(#585,#586,#587,#588));
#585 = ORIENTED_EDGE('',*,*,#108,.F.);
#586 = ORIENTED_EDGE('',*,*,#240,.T.);
#587 = ORIENTED_EDGE('',*,*,#280,.T.);
#588 = ORIENTED_EDGE('',*,*,#589,.F.);
#589 = EDGE_CURVE('',#109,#281,#590,.T.);
#590 = LINE('',#591,#592);
#591 = CARTESIAN_POINT('',(65.733392166521,-14.1,0.));
#592 = VECTOR('',#593,1.);
#593 = DIRECTION('',(0.,0.,1.));
#594 = PLANE('',#595);
#595 = AXIS2_PLACEMENT_3D('',#596,#597,#598);
#596 = CARTESIAN_POINT('',(16.033392166521,-14.1,0.));
#597 = DIRECTION('',(0.,1.,0.));
#598 = DIRECTION('',(1.,0.,0.));
#599 = ADVANCED_FACE('',(#600),#611,.T.);
#600 = FACE_BOUND('',#601,.T.);
#601 = EDGE_LOOP('',(#602,#603,#604,#605));
#602 = ORIENTED_EDGE('',*,*,#132,.F.);
#603 = ORIENTED_EDGE('',*,*,#570,.T.);
#604 = ORIENTED_EDGE('',*,*,#336,.T.);
#605 = ORIENTED_EDGE('',*,*,#606,.F.);
#606 = EDGE_CURVE('',#125,#329,#607,.T.);
#607 = LINE('',#608,#609);
#608 = CARTESIAN_POINT('',(67.733392166521,12.1,0.));
#609 = VECTOR('',#610,1.);
#610 = DIRECTION('',(0.,0.,1.));
#611 = PLANE('',#612);
#612 = AXIS2_PLACEMENT_3D('',#613,#614,#615);
#613 = CARTESIAN_POINT('',(66.733392166521,13.1,0.));
#614 = DIRECTION('',(0.707106781187,0.707106781187,0.));
#615 = DIRECTION('',(0.,0.,1.));
#616 = ADVANCED_FACE('',(#617),#628,.T.);
#617 = FACE_BOUND('',#618,.F.);
#618 = EDGE_LOOP('',(#619,#620,#621,#622));
#619 = ORIENTED_EDGE('',*,*,#116,.F.);
#620 = ORIENTED_EDGE('',*,*,#589,.T.);
#621 = ORIENTED_EDGE('',*,*,#288,.T.);
#622 = ORIENTED_EDGE('',*,*,#623,.F.);
#623 = EDGE_CURVE('',#117,#289,#624,.T.);
#624 = LINE('',#625,#626);
#625 = CARTESIAN_POINT('',(67.733392166521,-12.1,0.));
#626 = VECTOR('',#627,1.);
#627 = DIRECTION('',(0.,0.,1.));
#628 = PLANE('',#629);
#629 = AXIS2_PLACEMENT_3D('',#630,#631,#632);
#630 = CARTESIAN_POINT('',(66.733392166521,-13.1,0.));
#631 = DIRECTION('',(0.707106781187,-0.707106781187,0.));
#632 = DIRECTION('',(-0.,-0.,-1.));
#633 = ADVANCED_FACE('',(#634),#647,.F.);
#634 = FACE_BOUND('',#635,.F.);
#635 = EDGE_LOOP('',(#636,#637,#638,#639,#645,#646));
#636 = ORIENTED_EDGE('',*,*,#124,.F.);
#637 = ORIENTED_EDGE('',*,*,#623,.T.);
#638 = ORIENTED_EDGE('',*,*,#296,.T.);
#639 = ORIENTED_EDGE('',*,*,#640,.T.);
#640 = EDGE_CURVE('',#297,#321,#641,.T.);
#641 = LINE('',#642,#643);
#642 = CARTESIAN_POINT('',(67.733392166521,-14.1,1.6));
#643 = VECTOR('',#644,1.);
#644 = DIRECTION('',(0.,1.,0.));
#645 = ORIENTED_EDGE('',*,*,#328,.T.);
#646 = ORIENTED_EDGE('',*,*,#606,.F.);
#647 = PLANE('',#648);
#648 = AXIS2_PLACEMENT_3D('',#649,#650,#651);
#649 = CARTESIAN_POINT('',(67.733392166521,-14.1,0.));
#650 = DIRECTION('',(-1.,0.,0.));
#651 = DIRECTION('',(0.,1.,0.));
#652 = ADVANCED_FACE('',(#653),#664,.F.);
#653 = FACE_BOUND('',#654,.T.);
#654 = EDGE_LOOP('',(#655,#661,#662,#663));
#655 = ORIENTED_EDGE('',*,*,#656,.T.);
#656 = EDGE_CURVE('',#157,#511,#657,.T.);
#657 = LINE('',#658,#659);
#658 = CARTESIAN_POINT('',(19.933392166521,11.65,0.));
#659 = VECTOR('',#660,1.);
#660 = DIRECTION('',(0.,0.,1.));
#661 = ORIENTED_EDGE('',*,*,#510,.T.);
#662 = ORIENTED_EDGE('',*,*,#656,.F.);
#663 = ORIENTED_EDGE('',*,*,#156,.F.);
#664 = CYLINDRICAL_SURFACE('',#665,1.4);
#665 = AXIS2_PLACEMENT_3D('',#666,#667,#668);
#666 = CARTESIAN_POINT('',(18.533392166521,11.65,0.));
#667 = DIRECTION('',(-0.,-0.,-1.));
#668 = DIRECTION('',(1.,0.,0.));
#669 = ADVANCED_FACE('',(#670),#681,.F.);
#670 = FACE_BOUND('',#671,.T.);
#671 = EDGE_LOOP('',(#672,#678,#679,#680));
#672 = ORIENTED_EDGE('',*,*,#673,.T.);
#673 = EDGE_CURVE('',#168,#522,#674,.T.);
#674 = LINE('',#675,#676);
#675 = CARTESIAN_POINT('',(66.633392166521,11.65,0.));
#676 = VECTOR('',#677,1.);
#677 = DIRECTION('',(0.,0.,1.));
#678 = ORIENTED_EDGE('',*,*,#521,.T.);
#679 = ORIENTED_EDGE('',*,*,#673,.F.);
#680 = ORIENTED_EDGE('',*,*,#167,.F.);
#681 = CYLINDRICAL_SURFACE('',#682,1.4);
#682 = AXIS2_PLACEMENT_3D('',#683,#684,#685);
#683 = CARTESIAN_POINT('',(65.233392166521,11.65,0.));
#684 = DIRECTION('',(-0.,-0.,-1.));
#685 = DIRECTION('',(1.,0.,0.));
#686 = ADVANCED_FACE('',(#687),#698,.F.);
#687 = FACE_BOUND('',#688,.T.);
#688 = EDGE_LOOP('',(#689,#695,#696,#697));
#689 = ORIENTED_EDGE('',*,*,#690,.T.);
#690 = EDGE_CURVE('',#179,#432,#691,.T.);
#691 = LINE('',#692,#693);
#692 = CARTESIAN_POINT('',(66.633392166521,-11.65,0.));
#693 = VECTOR('',#694,1.);
#694 = DIRECTION('',(0.,0.,1.));
#695 = ORIENTED_EDGE('',*,*,#431,.T.);
#696 = ORIENTED_EDGE('',*,*,#690,.F.);
#697 = ORIENTED_EDGE('',*,*,#178,.F.);
#698 = CYLINDRICAL_SURFACE('',#699,1.4);
#699 = AXIS2_PLACEMENT_3D('',#700,#701,#702);
#700 = CARTESIAN_POINT('',(65.233392166521,-11.65,0.));
#701 = DIRECTION('',(-0.,-0.,-1.));
#702 = DIRECTION('',(1.,0.,0.));
#703 = ADVANCED_FACE('',(#704),#715,.F.);
#704 = FACE_BOUND('',#705,.T.);
#705 = EDGE_LOOP('',(#706,#712,#713,#714));
#706 = ORIENTED_EDGE('',*,*,#707,.T.);
#707 = EDGE_CURVE('',#190,#353,#708,.T.);
#708 = LINE('',#709,#710);
#709 = CARTESIAN_POINT('',(19.933392166521,-11.65,0.));
#710 = VECTOR('',#711,1.);
#711 = DIRECTION('',(0.,0.,1.));
#712 = ORIENTED_EDGE('',*,*,#352,.T.);
#713 = ORIENTED_EDGE('',*,*,#707,.F.);
#714 = ORIENTED_EDGE('',*,*,#189,.F.);
#715 = CYLINDRICAL_SURFACE('',#716,1.4);
#716 = AXIS2_PLACEMENT_3D('',#717,#718,#719);
#717 = CARTESIAN_POINT('',(18.533392166521,-11.65,0.));
#718 = DIRECTION('',(-0.,-0.,-1.));
#719 = DIRECTION('',(1.,0.,0.));
#720 = ADVANCED_FACE('',(#721),#754,.T.);
#721 = FACE_BOUND('',#722,.T.);
#722 = EDGE_LOOP('',(#723,#731,#739,#747,#753));
#723 = ORIENTED_EDGE('',*,*,#724,.T.);
#724 = EDGE_CURVE('',#313,#725,#727,.T.);
#725 = VERTEX_POINT('',#726);
#726 = CARTESIAN_POINT('',(42.833392166521,9.,2.5));
#727 = LINE('',#728,#729);
#728 = CARTESIAN_POINT('',(42.833392166521,9.,1.6));
#729 = VECTOR('',#730,1.);
#730 = DIRECTION('',(0.,0.,1.));
#731 = ORIENTED_EDGE('',*,*,#732,.T.);
#732 = EDGE_CURVE('',#725,#733,#735,.T.);
#733 = VERTEX_POINT('',#734);
#734 = CARTESIAN_POINT('',(67.833392166521,9.,2.5));
#735 = LINE('',#736,#737);
#736 = CARTESIAN_POINT('',(42.833392166521,9.,2.5));
#737 = VECTOR('',#738,1.);
#738 = DIRECTION('',(1.,0.,0.));
#739 = ORIENTED_EDGE('',*,*,#740,.F.);
#740 = EDGE_CURVE('',#741,#733,#743,.T.);
#741 = VERTEX_POINT('',#742);
#742 = CARTESIAN_POINT('',(67.833392166521,9.,1.6));
#743 = LINE('',#744,#745);
#744 = CARTESIAN_POINT('',(67.833392166521,9.,1.6));
#745 = VECTOR('',#746,1.);
#746 = DIRECTION('',(0.,0.,1.));
#747 = ORIENTED_EDGE('',*,*,#748,.F.);
#748 = EDGE_CURVE('',#321,#741,#749,.T.);
#749 = LINE('',#750,#751);
#750 = CARTESIAN_POINT('',(42.833392166521,9.,1.6));
#751 = VECTOR('',#752,1.);
#752 = DIRECTION('',(1.,0.,0.));
#753 = ORIENTED_EDGE('',*,*,#320,.F.);
#754 = PLANE('',#755);
#755 = AXIS2_PLACEMENT_3D('',#756,#757,#758);
#756 = CARTESIAN_POINT('',(42.833392166521,9.,1.6));
#757 = DIRECTION('',(0.,1.,0.));
#758 = DIRECTION('',(1.,0.,0.));
#759 = ADVANCED_FACE('',(#760),#778,.T.);
#760 = FACE_BOUND('',#761,.T.);
#761 = EDGE_LOOP('',(#762,#770,#776,#777));
#762 = ORIENTED_EDGE('',*,*,#763,.T.);
#763 = EDGE_CURVE('',#305,#764,#766,.T.);
#764 = VERTEX_POINT('',#765);
#765 = CARTESIAN_POINT('',(42.833392166521,-9.,2.5));
#766 = LINE('',#767,#768);
#767 = CARTESIAN_POINT('',(42.833392166521,-9.,1.6));
#768 = VECTOR('',#769,1.);
#769 = DIRECTION('',(0.,0.,1.));
#770 = ORIENTED_EDGE('',*,*,#771,.T.);
#771 = EDGE_CURVE('',#764,#725,#772,.T.);
#772 = LINE('',#773,#774);
#773 = CARTESIAN_POINT('',(42.833392166521,-9.,2.5));
#774 = VECTOR('',#775,1.);
#775 = DIRECTION('',(0.,1.,0.));
#776 = ORIENTED_EDGE('',*,*,#724,.F.);
#777 = ORIENTED_EDGE('',*,*,#312,.F.);
#778 = PLANE('',#779);
#779 = AXIS2_PLACEMENT_3D('',#780,#781,#782);
#780 = CARTESIAN_POINT('',(42.833392166521,-9.,1.6));
#781 = DIRECTION('',(-1.,0.,0.));
#782 = DIRECTION('',(0.,1.,0.));
#783 = ADVANCED_FACE('',(#784),#810,.T.);
#784 = FACE_BOUND('',#785,.T.);
#785 = EDGE_LOOP('',(#786,#796,#802,#803,#804));
#786 = ORIENTED_EDGE('',*,*,#787,.T.);
#787 = EDGE_CURVE('',#788,#790,#792,.T.);
#788 = VERTEX_POINT('',#789);
#789 = CARTESIAN_POINT('',(67.833392166521,-9.,1.6));
#790 = VERTEX_POINT('',#791);
#791 = CARTESIAN_POINT('',(67.833392166521,-9.,2.5));
#792 = LINE('',#793,#794);
#793 = CARTESIAN_POINT('',(67.833392166521,-9.,1.6));
#794 = VECTOR('',#795,1.);
#795 = DIRECTION('',(0.,0.,1.));
#796 = ORIENTED_EDGE('',*,*,#797,.T.);
#797 = EDGE_CURVE('',#790,#764,#798,.T.);
#798 = LINE('',#799,#800);
#799 = CARTESIAN_POINT('',(67.833392166521,-9.,2.5));
#800 = VECTOR('',#801,1.);
#801 = DIRECTION('',(-1.,0.,0.));
#802 = ORIENTED_EDGE('',*,*,#763,.F.);
#803 = ORIENTED_EDGE('',*,*,#304,.F.);
#804 = ORIENTED_EDGE('',*,*,#805,.F.);
#805 = EDGE_CURVE('',#788,#297,#806,.T.);
#806 = LINE('',#807,#808);
#807 = CARTESIAN_POINT('',(67.833392166521,-9.,1.6));
#808 = VECTOR('',#809,1.);
#809 = DIRECTION('',(-1.,0.,0.));
#810 = PLANE('',#811);
#811 = AXIS2_PLACEMENT_3D('',#812,#813,#814);
#812 = CARTESIAN_POINT('',(67.833392166521,-9.,1.6));
#813 = DIRECTION('',(0.,-1.,0.));
#814 = DIRECTION('',(-1.,0.,0.));
#815 = ADVANCED_FACE('',(#816),#842,.F.);
#816 = FACE_BOUND('',#817,.F.);
#817 = EDGE_LOOP('',(#818,#826,#834,#840,#841));
#818 = ORIENTED_EDGE('',*,*,#819,.T.);
#819 = EDGE_CURVE('',#541,#820,#822,.T.);
#820 = VERTEX_POINT('',#821);
#821 = CARTESIAN_POINT('',(15.533392166521,-4.,4.6));
#822 = LINE('',#823,#824);
#823 = CARTESIAN_POINT('',(15.533392166521,-4.,1.6));
#824 = VECTOR('',#825,1.);
#825 = DIRECTION('',(0.,0.,1.));
#826 = ORIENTED_EDGE('',*,*,#827,.T.);
#827 = EDGE_CURVE('',#820,#828,#830,.T.);
#828 = VERTEX_POINT('',#829);
#829 = CARTESIAN_POINT('',(21.533392166521,-4.,4.6));
#830 = LINE('',#831,#832);
#831 = CARTESIAN_POINT('',(15.533392166521,-4.,4.6));
#832 = VECTOR('',#833,1.);
#833 = DIRECTION('',(1.,0.,0.));
#834 = ORIENTED_EDGE('',*,*,#835,.F.);
#835 = EDGE_CURVE('',#265,#828,#836,.T.);
#836 = LINE('',#837,#838);
#837 = CARTESIAN_POINT('',(21.533392166521,-4.,1.6));
#838 = VECTOR('',#839,1.);
#839 = DIRECTION('',(0.,0.,1.));
#840 = ORIENTED_EDGE('',*,*,#272,.F.);
#841 = ORIENTED_EDGE('',*,*,#548,.F.);
#842 = PLANE('',#843);
#843 = AXIS2_PLACEMENT_3D('',#844,#845,#846);
#844 = CARTESIAN_POINT('',(15.533392166521,-4.,1.6));
#845 = DIRECTION('',(0.,1.,0.));
#846 = DIRECTION('',(1.,0.,0.));
#847 = ADVANCED_FACE('',(#848),#866,.F.);
#848 = FACE_BOUND('',#849,.F.);
#849 = EDGE_LOOP('',(#850,#851,#859,#865));
#850 = ORIENTED_EDGE('',*,*,#835,.T.);
#851 = ORIENTED_EDGE('',*,*,#852,.T.);
#852 = EDGE_CURVE('',#828,#853,#855,.T.);
#853 = VERTEX_POINT('',#854);
#854 = CARTESIAN_POINT('',(21.533392166521,4.,4.6));
#855 = LINE('',#856,#857);
#856 = CARTESIAN_POINT('',(21.533392166521,-4.,4.6));
#857 = VECTOR('',#858,1.);
#858 = DIRECTION('',(0.,1.,0.));
#859 = ORIENTED_EDGE('',*,*,#860,.F.);
#860 = EDGE_CURVE('',#257,#853,#861,.T.);
#861 = LINE('',#862,#863);
#862 = CARTESIAN_POINT('',(21.533392166521,4.,1.6));
#863 = VECTOR('',#864,1.);
#864 = DIRECTION('',(0.,0.,1.));
#865 = ORIENTED_EDGE('',*,*,#264,.F.);
#866 = PLANE('',#867);
#867 = AXIS2_PLACEMENT_3D('',#868,#869,#870);
#868 = CARTESIAN_POINT('',(21.533392166521,-4.,1.6));
#869 = DIRECTION('',(-1.,0.,0.));
#870 = DIRECTION('',(0.,1.,0.));
#871 = ADVANCED_FACE('',(#872),#891,.F.);
#872 = FACE_BOUND('',#873,.F.);
#873 = EDGE_LOOP('',(#874,#875,#883,#889,#890));
#874 = ORIENTED_EDGE('',*,*,#860,.T.);
#875 = ORIENTED_EDGE('',*,*,#876,.T.);
#876 = EDGE_CURVE('',#853,#877,#879,.T.);
#877 = VERTEX_POINT('',#878);
#878 = CARTESIAN_POINT('',(15.533392166521,4.,4.6));
#879 = LINE('',#880,#881);
#880 = CARTESIAN_POINT('',(21.533392166521,4.,4.6));
#881 = VECTOR('',#882,1.);
#882 = DIRECTION('',(-1.,0.,0.));
#883 = ORIENTED_EDGE('',*,*,#884,.F.);
#884 = EDGE_CURVE('',#539,#877,#885,.T.);
#885 = LINE('',#886,#887);
#886 = CARTESIAN_POINT('',(15.533392166521,4.,1.6));
#887 = VECTOR('',#888,1.);
#888 = DIRECTION('',(0.,0.,1.));
#889 = ORIENTED_EDGE('',*,*,#555,.F.);
#890 = ORIENTED_EDGE('',*,*,#256,.F.);
#891 = PLANE('',#892);
#892 = AXIS2_PLACEMENT_3D('',#893,#894,#895);
#893 = CARTESIAN_POINT('',(21.533392166521,4.,1.6));
#894 = DIRECTION('',(0.,-1.,0.));
#895 = DIRECTION('',(-1.,0.,0.));
#896 = ADVANCED_FACE('',(#897),#922,.F.);
#897 = FACE_BOUND('',#898,.F.);
#898 = EDGE_LOOP('',(#899,#907,#915,#921));
#899 = ORIENTED_EDGE('',*,*,#900,.T.);
#900 = EDGE_CURVE('',#364,#901,#903,.T.);
#901 = VERTEX_POINT('',#902);
#902 = CARTESIAN_POINT('',(17.533392166521,-6.5,3.4));
#903 = LINE('',#904,#905);
#904 = CARTESIAN_POINT('',(17.533392166521,-6.5,1.6));
#905 = VECTOR('',#906,1.);
#906 = DIRECTION('',(0.,0.,1.));
#907 = ORIENTED_EDGE('',*,*,#908,.T.);
#908 = EDGE_CURVE('',#901,#909,#911,.T.);
#909 = VERTEX_POINT('',#910);
#910 = CARTESIAN_POINT('',(17.533392166521,-9.5,3.4));
#911 = LINE('',#912,#913);
#912 = CARTESIAN_POINT('',(17.533392166521,-6.5,3.4));
#913 = VECTOR('',#914,1.);
#914 = DIRECTION('',(0.,-1.,0.));
#915 = ORIENTED_EDGE('',*,*,#916,.F.);
#916 = EDGE_CURVE('',#366,#909,#917,.T.);
#917 = LINE('',#918,#919);
#918 = CARTESIAN_POINT('',(17.533392166521,-9.5,1.6));
#919 = VECTOR('',#920,1.);
#920 = DIRECTION('',(0.,0.,1.));
#921 = ORIENTED_EDGE('',*,*,#363,.F.);
#922 = PLANE('',#923);
#923 = AXIS2_PLACEMENT_3D('',#924,#925,#926);
#924 = CARTESIAN_POINT('',(17.533392166521,-6.5,1.6));
#925 = DIRECTION('',(1.,0.,0.));
#926 = DIRECTION('',(0.,-1.,0.));
#927 = ADVANCED_FACE('',(#928),#946,.F.);
#928 = FACE_BOUND('',#929,.F.);
#929 = EDGE_LOOP('',(#930,#938,#944,#945));
#930 = ORIENTED_EDGE('',*,*,#931,.T.);
#931 = EDGE_CURVE('',#374,#932,#934,.T.);
#932 = VERTEX_POINT('',#933);
#933 = CARTESIAN_POINT('',(21.533392166521,-6.5,3.4));
#934 = LINE('',#935,#936);
#935 = CARTESIAN_POINT('',(21.533392166521,-6.5,1.6));
#936 = VECTOR('',#937,1.);
#937 = DIRECTION('',(0.,0.,1.));
#938 = ORIENTED_EDGE('',*,*,#939,.T.);
#939 = EDGE_CURVE('',#932,#901,#940,.T.);
#940 = LINE('',#941,#942);
#941 = CARTESIAN_POINT('',(21.533392166521,-6.5,3.4));
#942 = VECTOR('',#943,1.);
#943 = DIRECTION('',(-1.,0.,0.));
#944 = ORIENTED_EDGE('',*,*,#900,.F.);
#945 = ORIENTED_EDGE('',*,*,#373,.F.);
#946 = PLANE('',#947);
#947 = AXIS2_PLACEMENT_3D('',#948,#949,#950);
#948 = CARTESIAN_POINT('',(21.533392166521,-6.5,1.6));
#949 = DIRECTION('',(0.,-1.,0.));
#950 = DIRECTION('',(-1.,0.,0.));
#951 = ADVANCED_FACE('',(#952),#970,.F.);
#952 = FACE_BOUND('',#953,.F.);
#953 = EDGE_LOOP('',(#954,#955,#963,#969));
#954 = ORIENTED_EDGE('',*,*,#916,.T.);
#955 = ORIENTED_EDGE('',*,*,#956,.T.);
#956 = EDGE_CURVE('',#909,#957,#959,.T.);
#957 = VERTEX_POINT('',#958);
#958 = CARTESIAN_POINT('',(21.533392166521,-9.5,3.4));
#959 = LINE('',#960,#961);
#960 = CARTESIAN_POINT('',(17.533392166521,-9.5,3.4));
#961 = VECTOR('',#962,1.);
#962 = DIRECTION('',(1.,0.,0.));
#963 = ORIENTED_EDGE('',*,*,#964,.F.);
#964 = EDGE_CURVE('',#382,#957,#965,.T.);
#965 = LINE('',#966,#967);
#966 = CARTESIAN_POINT('',(21.533392166521,-9.5,1.6));
#967 = VECTOR('',#968,1.);
#968 = DIRECTION('',(0.,0.,1.));
#969 = ORIENTED_EDGE('',*,*,#389,.F.);
#970 = PLANE('',#971);
#971 = AXIS2_PLACEMENT_3D('',#972,#973,#974);
#972 = CARTESIAN_POINT('',(17.533392166521,-9.5,1.6));
#973 = DIRECTION('',(0.,1.,0.));
#974 = DIRECTION('',(1.,0.,0.));
#975 = ADVANCED_FACE('',(#976),#987,.F.);
#976 = FACE_BOUND('',#977,.F.);
#977 = EDGE_LOOP('',(#978,#979,#985,#986));
#978 = ORIENTED_EDGE('',*,*,#964,.T.);
#979 = ORIENTED_EDGE('',*,*,#980,.T.);
#980 = EDGE_CURVE('',#957,#932,#981,.T.);
#981 = LINE('',#982,#983);
#982 = CARTESIAN_POINT('',(21.533392166521,-9.5,3.4));
#983 = VECTOR('',#984,1.);
#984 = DIRECTION('',(0.,1.,0.));
#985 = ORIENTED_EDGE('',*,*,#931,.F.);
#986 = ORIENTED_EDGE('',*,*,#381,.F.);
#987 = PLANE('',#988);
#988 = AXIS2_PLACEMENT_3D('',#989,#990,#991);
#989 = CARTESIAN_POINT('',(21.533392166521,-9.5,1.6));
#990 = DIRECTION('',(-1.,0.,0.));
#991 = DIRECTION('',(0.,1.,0.));
#992 = ADVANCED_FACE('',(#993),#1018,.F.);
#993 = FACE_BOUND('',#994,.F.);
#994 = EDGE_LOOP('',(#995,#1003,#1011,#1017));
#995 = ORIENTED_EDGE('',*,*,#996,.T.);
#996 = EDGE_CURVE('',#398,#997,#999,.T.);
#997 = VERTEX_POINT('',#998);
#998 = CARTESIAN_POINT('',(25.533392166521,-4.5,2.5));
#999 = LINE('',#1000,#1001);
#1000 = CARTESIAN_POINT('',(25.533392166521,-4.5,1.6));
#1001 = VECTOR('',#1002,1.);
#1002 = DIRECTION('',(0.,0.,1.));
#1003 = ORIENTED_EDGE('',*,*,#1004,.T.);
#1004 = EDGE_CURVE('',#997,#1005,#1007,.T.);
#1005 = VERTEX_POINT('',#1006);
#1006 = CARTESIAN_POINT('',(25.533392166521,-9.5,2.5));
#1007 = LINE('',#1008,#1009);
#1008 = CARTESIAN_POINT('',(25.533392166521,-4.5,2.5));
#1009 = VECTOR('',#1010,1.);
#1010 = DIRECTION('',(0.,-1.,0.));
#1011 = ORIENTED_EDGE('',*,*,#1012,.F.);
#1012 = EDGE_CURVE('',#400,#1005,#1013,.T.);
#1013 = LINE('',#1014,#1015);
#1014 = CARTESIAN_POINT('',(25.533392166521,-9.5,1.6));
#1015 = VECTOR('',#1016,1.);
#1016 = DIRECTION('',(0.,0.,1.));
#1017 = ORIENTED_EDGE('',*,*,#397,.F.);
#1018 = PLANE('',#1019);
#1019 = AXIS2_PLACEMENT_3D('',#1020,#1021,#1022);
#1020 = CARTESIAN_POINT('',(25.533392166521,-4.5,1.6));
#1021 = DIRECTION('',(1.,0.,0.));
#1022 = DIRECTION('',(0.,-1.,0.));
#1023 = ADVANCED_FACE('',(#1024),#1042,.F.);
#1024 = FACE_BOUND('',#1025,.F.);
#1025 = EDGE_LOOP('',(#1026,#1034,#1040,#1041));
#1026 = ORIENTED_EDGE('',*,*,#1027,.T.);
#1027 = EDGE_CURVE('',#408,#1028,#1030,.T.);
#1028 = VERTEX_POINT('',#1029);
#1029 = CARTESIAN_POINT('',(30.533392166521,-4.5,2.5));
#1030 = LINE('',#1031,#1032);
#1031 = CARTESIAN_POINT('',(30.533392166521,-4.5,1.6));
#1032 = VECTOR('',#1033,1.);
#1033 = DIRECTION('',(0.,0.,1.));
#1034 = ORIENTED_EDGE('',*,*,#1035,.T.);
#1035 = EDGE_CURVE('',#1028,#997,#1036,.T.);
#1036 = LINE('',#1037,#1038);
#1037 = CARTESIAN_POINT('',(30.533392166521,-4.5,2.5));
#1038 = VECTOR('',#1039,1.);
#1039 = DIRECTION('',(-1.,0.,0.));
#1040 = ORIENTED_EDGE('',*,*,#996,.F.);
#1041 = ORIENTED_EDGE('',*,*,#407,.F.);
#1042 = PLANE('',#1043);
#1043 = AXIS2_PLACEMENT_3D('',#1044,#1045,#1046);
#1044 = CARTESIAN_POINT('',(30.533392166521,-4.5,1.6));
#1045 = DIRECTION('',(0.,-1.,0.));
#1046 = DIRECTION('',(-1.,0.,0.));
#1047 = ADVANCED_FACE('',(#1048),#1066,.F.);
#1048 = FACE_BOUND('',#1049,.F.);
#1049 = EDGE_LOOP('',(#1050,#1051,#1059,#1065));
#1050 = ORIENTED_EDGE('',*,*,#1012,.T.);
#1051 = ORIENTED_EDGE('',*,*,#1052,.T.);
#1052 = EDGE_CURVE('',#1005,#1053,#1055,.T.);
#1053 = VERTEX_POINT('',#1054);
#1054 = CARTESIAN_POINT('',(30.533392166521,-9.5,2.5));
#1055 = LINE('',#1056,#1057);
#1056 = CARTESIAN_POINT('',(25.533392166521,-9.5,2.5));
#1057 = VECTOR('',#1058,1.);
#1058 = DIRECTION('',(1.,0.,0.));
#1059 = ORIENTED_EDGE('',*,*,#1060,.F.);
#1060 = EDGE_CURVE('',#416,#1053,#1061,.T.);
#1061 = LINE('',#1062,#1063);
#1062 = CARTESIAN_POINT('',(30.533392166521,-9.5,1.6));
#1063 = VECTOR('',#1064,1.);
#1064 = DIRECTION('',(0.,0.,1.));
#1065 = ORIENTED_EDGE('',*,*,#423,.F.);
#1066 = PLANE('',#1067);
#1067 = AXIS2_PLACEMENT_3D('',#1068,#1069,#1070);
#1068 = CARTESIAN_POINT('',(25.533392166521,-9.5,1.6));
#1069 = DIRECTION('',(0.,1.,0.));
#1070 = DIRECTION('',(1.,0.,0.));
#1071 = ADVANCED_FACE('',(#1072),#1083,.F.);
#1072 = FACE_BOUND('',#1073,.F.);
#1073 = EDGE_LOOP('',(#1074,#1075,#1081,#1082));
#1074 = ORIENTED_EDGE('',*,*,#1060,.T.);
#1075 = ORIENTED_EDGE('',*,*,#1076,.T.);
#1076 = EDGE_CURVE('',#1053,#1028,#1077,.T.);
#1077 = LINE('',#1078,#1079);
#1078 = CARTESIAN_POINT('',(30.533392166521,-9.5,2.5));
#1079 = VECTOR('',#1080,1.);
#1080 = DIRECTION('',(0.,1.,0.));
#1081 = ORIENTED_EDGE('',*,*,#1027,.F.);
#1082 = ORIENTED_EDGE('',*,*,#415,.F.);
#1083 = PLANE('',#1084);
#1084 = AXIS2_PLACEMENT_3D('',#1085,#1086,#1087);
#1085 = CARTESIAN_POINT('',(30.533392166521,-9.5,1.6));
#1086 = DIRECTION('',(-1.,0.,0.));
#1087 = DIRECTION('',(0.,1.,0.));
#1088 = ADVANCED_FACE('',(#1089),#1114,.F.);
#1089 = FACE_BOUND('',#1090,.F.);
#1090 = EDGE_LOOP('',(#1091,#1099,#1107,#1113));
#1091 = ORIENTED_EDGE('',*,*,#1092,.T.);
#1092 = EDGE_CURVE('',#443,#1093,#1095,.T.);
#1093 = VERTEX_POINT('',#1094);
#1094 = CARTESIAN_POINT('',(25.033392166521,7.582766039278,2.5));
#1095 = LINE('',#1096,#1097);
#1096 = CARTESIAN_POINT('',(25.033392166521,7.582766039278,1.6));
#1097 = VECTOR('',#1098,1.);
#1098 = DIRECTION('',(0.,0.,1.));
#1099 = ORIENTED_EDGE('',*,*,#1100,.T.);
#1100 = EDGE_CURVE('',#1093,#1101,#1103,.T.);
#1101 = VERTEX_POINT('',#1102);
#1102 = CARTESIAN_POINT('',(25.033392166521,4.582766039278,2.5));
#1103 = LINE('',#1104,#1105);
#1104 = CARTESIAN_POINT('',(25.033392166521,7.582766039278,2.5));
#1105 = VECTOR('',#1106,1.);
#1106 = DIRECTION('',(0.,-1.,0.));
#1107 = ORIENTED_EDGE('',*,*,#1108,.F.);
#1108 = EDGE_CURVE('',#445,#1101,#1109,.T.);
#1109 = LINE('',#1110,#1111);
#1110 = CARTESIAN_POINT('',(25.033392166521,4.582766039278,1.6));
#1111 = VECTOR('',#1112,1.);
#1112 = DIRECTION('',(0.,0.,1.));
#1113 = ORIENTED_EDGE('',*,*,#442,.F.);
#1114 = PLANE('',#1115);
#1115 = AXIS2_PLACEMENT_3D('',#1116,#1117,#1118);
#1116 = CARTESIAN_POINT('',(25.033392166521,7.582766039278,1.6));
#1117 = DIRECTION('',(1.,0.,0.));
#1118 = DIRECTION('',(0.,-1.,0.));
#1119 = ADVANCED_FACE('',(#1120),#1138,.F.);
#1120 = FACE_BOUND('',#1121,.F.);
#1121 = EDGE_LOOP('',(#1122,#1130,#1136,#1137));
#1122 = ORIENTED_EDGE('',*,*,#1123,.T.);
#1123 = EDGE_CURVE('',#453,#1124,#1126,.T.);
#1124 = VERTEX_POINT('',#1125);
#1125 = CARTESIAN_POINT('',(31.033392166521,7.582766039278,2.5));
#1126 = LINE('',#1127,#1128);
#1127 = CARTESIAN_POINT('',(31.033392166521,7.582766039278,1.6));
#1128 = VECTOR('',#1129,1.);
#1129 = DIRECTION('',(0.,0.,1.));
#1130 = ORIENTED_EDGE('',*,*,#1131,.T.);
#1131 = EDGE_CURVE('',#1124,#1093,#1132,.T.);
#1132 = LINE('',#1133,#1134);
#1133 = CARTESIAN_POINT('',(31.033392166521,7.582766039278,2.5));
#1134 = VECTOR('',#1135,1.);
#1135 = DIRECTION('',(-1.,0.,0.));
#1136 = ORIENTED_EDGE('',*,*,#1092,.F.);
#1137 = ORIENTED_EDGE('',*,*,#452,.F.);
#1138 = PLANE('',#1139);
#1139 = AXIS2_PLACEMENT_3D('',#1140,#1141,#1142);
#1140 = CARTESIAN_POINT('',(31.033392166521,7.582766039278,1.6));
#1141 = DIRECTION('',(0.,-1.,0.));
#1142 = DIRECTION('',(-1.,0.,0.));
#1143 = ADVANCED_FACE('',(#1144),#1162,.F.);
#1144 = FACE_BOUND('',#1145,.F.);
#1145 = EDGE_LOOP('',(#1146,#1147,#1155,#1161));
#1146 = ORIENTED_EDGE('',*,*,#1108,.T.);
#1147 = ORIENTED_EDGE('',*,*,#1148,.T.);
#1148 = EDGE_CURVE('',#1101,#1149,#1151,.T.);
#1149 = VERTEX_POINT('',#1150);
#1150 = CARTESIAN_POINT('',(31.033392166521,4.582766039278,2.5));
#1151 = LINE('',#1152,#1153);
#1152 = CARTESIAN_POINT('',(25.033392166521,4.582766039278,2.5));
#1153 = VECTOR('',#1154,1.);
#1154 = DIRECTION('',(1.,0.,0.));
#1155 = ORIENTED_EDGE('',*,*,#1156,.F.);
#1156 = EDGE_CURVE('',#461,#1149,#1157,.T.);
#1157 = LINE('',#1158,#1159);
#1158 = CARTESIAN_POINT('',(31.033392166521,4.582766039278,1.6));
#1159 = VECTOR('',#1160,1.);
#1160 = DIRECTION('',(0.,0.,1.));
#1161 = ORIENTED_EDGE('',*,*,#468,.F.);
#1162 = PLANE('',#1163);
#1163 = AXIS2_PLACEMENT_3D('',#1164,#1165,#1166);
#1164 = CARTESIAN_POINT('',(25.033392166521,4.582766039278,1.6));
#1165 = DIRECTION('',(0.,1.,0.));
#1166 = DIRECTION('',(1.,0.,0.));
#1167 = ADVANCED_FACE('',(#1168),#1179,.F.);
#1168 = FACE_BOUND('',#1169,.F.);
#1169 = EDGE_LOOP('',(#1170,#1171,#1177,#1178));
#1170 = ORIENTED_EDGE('',*,*,#1156,.T.);
#1171 = ORIENTED_EDGE('',*,*,#1172,.T.);
#1172 = EDGE_CURVE('',#1149,#1124,#1173,.T.);
#1173 = LINE('',#1174,#1175);
#1174 = CARTESIAN_POINT('',(31.033392166521,4.582766039278,2.5));
#1175 = VECTOR('',#1176,1.);
#1176 = DIRECTION('',(0.,1.,0.));
#1177 = ORIENTED_EDGE('',*,*,#1123,.F.);
#1178 = ORIENTED_EDGE('',*,*,#460,.F.);
#1179 = PLANE('',#1180);
#1180 = AXIS2_PLACEMENT_3D('',#1181,#1182,#1183);
#1181 = CARTESIAN_POINT('',(31.033392166521,4.582766039278,1.6));
#1182 = DIRECTION('',(-1.,0.,0.));
#1183 = DIRECTION('',(0.,1.,0.));
#1184 = ADVANCED_FACE('',(#1185),#1210,.F.);
#1185 = FACE_BOUND('',#1186,.F.);
#1186 = EDGE_LOOP('',(#1187,#1195,#1203,#1209));
#1187 = ORIENTED_EDGE('',*,*,#1188,.T.);
#1188 = EDGE_CURVE('',#477,#1189,#1191,.T.);
#1189 = VERTEX_POINT('',#1190);
#1190 = CARTESIAN_POINT('',(17.533392166521,9.5,3.4));
#1191 = LINE('',#1192,#1193);
#1192 = CARTESIAN_POINT('',(17.533392166521,9.5,1.6));
#1193 = VECTOR('',#1194,1.);
#1194 = DIRECTION('',(0.,0.,1.));
#1195 = ORIENTED_EDGE('',*,*,#1196,.T.);
#1196 = EDGE_CURVE('',#1189,#1197,#1199,.T.);
#1197 = VERTEX_POINT('',#1198);
#1198 = CARTESIAN_POINT('',(17.533392166521,6.5,3.4));
#1199 = LINE('',#1200,#1201);
#1200 = CARTESIAN_POINT('',(17.533392166521,9.5,3.4));
#1201 = VECTOR('',#1202,1.);
#1202 = DIRECTION('',(0.,-1.,0.));
#1203 = ORIENTED_EDGE('',*,*,#1204,.F.);
#1204 = EDGE_CURVE('',#479,#1197,#1205,.T.);
#1205 = LINE('',#1206,#1207);
#1206 = CARTESIAN_POINT('',(17.533392166521,6.5,1.6));
#1207 = VECTOR('',#1208,1.);
#1208 = DIRECTION('',(0.,0.,1.));
#1209 = ORIENTED_EDGE('',*,*,#476,.F.);
#1210 = PLANE('',#1211);
#1211 = AXIS2_PLACEMENT_3D('',#1212,#1213,#1214);
#1212 = CARTESIAN_POINT('',(17.533392166521,9.5,1.6));
#1213 = DIRECTION('',(1.,0.,0.));
#1214 = DIRECTION('',(0.,-1.,0.));
#1215 = ADVANCED_FACE('',(#1216),#1234,.F.);
#1216 = FACE_BOUND('',#1217,.F.);
#1217 = EDGE_LOOP('',(#1218,#1226,#1232,#1233));
#1218 = ORIENTED_EDGE('',*,*,#1219,.T.);
#1219 = EDGE_CURVE('',#487,#1220,#1222,.T.);
#1220 = VERTEX_POINT('',#1221);
#1221 = CARTESIAN_POINT('',(21.533392166521,9.5,3.4));
#1222 = LINE('',#1223,#1224);
#1223 = CARTESIAN_POINT('',(21.533392166521,9.5,1.6));
#1224 = VECTOR('',#1225,1.);
#1225 = DIRECTION('',(0.,0.,1.));
#1226 = ORIENTED_EDGE('',*,*,#1227,.T.);
#1227 = EDGE_CURVE('',#1220,#1189,#1228,.T.);
#1228 = LINE('',#1229,#1230);
#1229 = CARTESIAN_POINT('',(21.533392166521,9.5,3.4));
#1230 = VECTOR('',#1231,1.);
#1231 = DIRECTION('',(-1.,0.,0.));
#1232 = ORIENTED_EDGE('',*,*,#1188,.F.);
#1233 = ORIENTED_EDGE('',*,*,#486,.F.);
#1234 = PLANE('',#1235);
#1235 = AXIS2_PLACEMENT_3D('',#1236,#1237,#1238);
#1236 = CARTESIAN_POINT('',(21.533392166521,9.5,1.6));
#1237 = DIRECTION('',(0.,-1.,0.));
#1238 = DIRECTION('',(-1.,0.,0.));
#1239 = ADVANCED_FACE('',(#1240),#1258,.F.);
#1240 = FACE_BOUND('',#1241,.F.);
#1241 = EDGE_LOOP('',(#1242,#1243,#1251,#1257));
#1242 = ORIENTED_EDGE('',*,*,#1204,.T.);
#1243 = ORIENTED_EDGE('',*,*,#1244,.T.);
#1244 = EDGE_CURVE('',#1197,#1245,#1247,.T.);
#1245 = VERTEX_POINT('',#1246);
#1246 = CARTESIAN_POINT('',(21.533392166521,6.5,3.4));
#1247 = LINE('',#1248,#1249);
#1248 = CARTESIAN_POINT('',(17.533392166521,6.5,3.4));
#1249 = VECTOR('',#1250,1.);
#1250 = DIRECTION('',(1.,0.,0.));
#1251 = ORIENTED_EDGE('',*,*,#1252,.F.);
#1252 = EDGE_CURVE('',#495,#1245,#1253,.T.);
#1253 = LINE('',#1254,#1255);
#1254 = CARTESIAN_POINT('',(21.533392166521,6.5,1.6));
#1255 = VECTOR('',#1256,1.);
#1256 = DIRECTION('',(0.,0.,1.));
#1257 = ORIENTED_EDGE('',*,*,#502,.F.);
#1258 = PLANE('',#1259);
#1259 = AXIS2_PLACEMENT_3D('',#1260,#1261,#1262);
#1260 = CARTESIAN_POINT('',(17.533392166521,6.5,1.6));
#1261 = DIRECTION('',(0.,1.,0.));
#1262 = DIRECTION('',(1.,0.,0.));
#1263 = ADVANCED_FACE('',(#1264),#1275,.F.);
#1264 = FACE_BOUND('',#1265,.F.);
#1265 = EDGE_LOOP('',(#1266,#1267,#1273,#1274));
#1266 = ORIENTED_EDGE('',*,*,#1252,.T.);
#1267 = ORIENTED_EDGE('',*,*,#1268,.T.);
#1268 = EDGE_CURVE('',#1245,#1220,#1269,.T.);
#1269 = LINE('',#1270,#1271);
#1270 = CARTESIAN_POINT('',(21.533392166521,6.5,3.4));
#1271 = VECTOR('',#1272,1.);
#1272 = DIRECTION('',(0.,1.,0.));
#1273 = ORIENTED_EDGE('',*,*,#1219,.F.);
#1274 = ORIENTED_EDGE('',*,*,#494,.F.);
#1275 = PLANE('',#1276);
#1276 = AXIS2_PLACEMENT_3D('',#1277,#1278,#1279);
#1277 = CARTESIAN_POINT('',(21.533392166521,6.5,1.6));
#1278 = DIRECTION('',(-1.,0.,0.));
#1279 = DIRECTION('',(0.,1.,0.));
#1280 = ADVANCED_FACE('',(#1281),#1292,.F.);
#1281 = FACE_BOUND('',#1282,.F.);
#1282 = EDGE_LOOP('',(#1283,#1284,#1290,#1291));
#1283 = ORIENTED_EDGE('',*,*,#884,.T.);
#1284 = ORIENTED_EDGE('',*,*,#1285,.T.);
#1285 = EDGE_CURVE('',#877,#820,#1286,.T.);
#1286 = LINE('',#1287,#1288);
#1287 = CARTESIAN_POINT('',(15.533392166521,4.,4.6));
#1288 = VECTOR('',#1289,1.);
#1289 = DIRECTION('',(0.,-1.,0.));
#1290 = ORIENTED_EDGE('',*,*,#819,.F.);
#1291 = ORIENTED_EDGE('',*,*,#538,.F.);
#1292 = PLANE('',#1293);
#1293 = AXIS2_PLACEMENT_3D('',#1294,#1295,#1296);
#1294 = CARTESIAN_POINT('',(15.533392166521,4.,1.6));
#1295 = DIRECTION('',(1.,0.,0.));
#1296 = DIRECTION('',(0.,-1.,0.));
#1297 = ADVANCED_FACE('',(#1298),#1309,.F.);
#1298 = FACE_BOUND('',#1299,.F.);
#1299 = EDGE_LOOP('',(#1300,#1301,#1302,#1308));
#1300 = ORIENTED_EDGE('',*,*,#640,.F.);
#1301 = ORIENTED_EDGE('',*,*,#805,.F.);
#1302 = ORIENTED_EDGE('',*,*,#1303,.F.);
#1303 = EDGE_CURVE('',#741,#788,#1304,.T.);
#1304 = LINE('',#1305,#1306);
#1305 = CARTESIAN_POINT('',(67.833392166521,9.,1.6));
#1306 = VECTOR('',#1307,1.);
#1307 = DIRECTION('',(0.,-1.,0.));
#1308 = ORIENTED_EDGE('',*,*,#748,.F.);
#1309 = PLANE('',#1310);
#1310 = AXIS2_PLACEMENT_3D('',#1311,#1312,#1313);
#1311 = CARTESIAN_POINT('',(46.967263134263,-0.246050091073,1.6));
#1312 = DIRECTION('',(0.,0.,1.));
#1313 = DIRECTION('',(1.,0.,0.));
#1314 = ADVANCED_FACE('',(#1315),#1326,.T.);
#1315 = FACE_BOUND('',#1316,.T.);
#1316 = EDGE_LOOP('',(#1317,#1318,#1324,#1325));
#1317 = ORIENTED_EDGE('',*,*,#740,.T.);
#1318 = ORIENTED_EDGE('',*,*,#1319,.T.);
#1319 = EDGE_CURVE('',#733,#790,#1320,.T.);
#1320 = LINE('',#1321,#1322);
#1321 = CARTESIAN_POINT('',(67.833392166521,9.,2.5));
#1322 = VECTOR('',#1323,1.);
#1323 = DIRECTION('',(0.,-1.,0.));
#1324 = ORIENTED_EDGE('',*,*,#787,.F.);
#1325 = ORIENTED_EDGE('',*,*,#1303,.F.);
#1326 = PLANE('',#1327);
#1327 = AXIS2_PLACEMENT_3D('',#1328,#1329,#1330);
#1328 = CARTESIAN_POINT('',(67.833392166521,9.,1.6));
#1329 = DIRECTION('',(1.,0.,0.));
#1330 = DIRECTION('',(0.,-1.,0.));
#1331 = ADVANCED_FACE('',(#1332,#1338),#1372,.T.);
#1332 = FACE_BOUND('',#1333,.T.);
#1333 = EDGE_LOOP('',(#1334,#1335,#1336,#1337));
#1334 = ORIENTED_EDGE('',*,*,#771,.F.);
#1335 = ORIENTED_EDGE('',*,*,#797,.F.);
#1336 = ORIENTED_EDGE('',*,*,#1319,.F.);
#1337 = ORIENTED_EDGE('',*,*,#732,.F.);
#1338 = FACE_BOUND('',#1339,.T.);
#1339 = EDGE_LOOP('',(#1340,#1350,#1358,#1366));
#1340 = ORIENTED_EDGE('',*,*,#1341,.F.);
#1341 = EDGE_CURVE('',#1342,#1344,#1346,.T.);
#1342 = VERTEX_POINT('',#1343);
#1343 = CARTESIAN_POINT('',(43.033392166521,-8.,2.5));
#1344 = VERTEX_POINT('',#1345);
#1345 = CARTESIAN_POINT('',(60.533392166521,-8.,2.5));
#1346 = LINE('',#1347,#1348);
#1347 = CARTESIAN_POINT('',(43.033392166521,-8.,2.5));
#1348 = VECTOR('',#1349,1.);
#1349 = DIRECTION('',(1.,0.,0.));
#1350 = ORIENTED_EDGE('',*,*,#1351,.F.);
#1351 = EDGE_CURVE('',#1352,#1342,#1354,.T.);
#1352 = VERTEX_POINT('',#1353);
#1353 = CARTESIAN_POINT('',(43.033392166521,8.,2.5));
#1354 = LINE('',#1355,#1356);
#1355 = CARTESIAN_POINT('',(43.033392166521,8.,2.5));
#1356 = VECTOR('',#1357,1.);
#1357 = DIRECTION('',(0.,-1.,0.));
#1358 = ORIENTED_EDGE('',*,*,#1359,.F.);
#1359 = EDGE_CURVE('',#1360,#1352,#1362,.T.);
#1360 = VERTEX_POINT('',#1361);
#1361 = CARTESIAN_POINT('',(60.533392166521,8.,2.5));
#1362 = LINE('',#1363,#1364);
#1363 = CARTESIAN_POINT('',(60.533392166521,8.,2.5));
#1364 = VECTOR('',#1365,1.);
#1365 = DIRECTION('',(-1.,0.,0.));
#1366 = ORIENTED_EDGE('',*,*,#1367,.F.);
#1367 = EDGE_CURVE('',#1344,#1360,#1368,.T.);
#1368 = LINE('',#1369,#1370);
#1369 = CARTESIAN_POINT('',(60.533392166521,-8.,2.5));
#1370 = VECTOR('',#1371,1.);
#1371 = DIRECTION('',(0.,1.,0.));
#1372 = PLANE('',#1373);
#1373 = AXIS2_PLACEMENT_3D('',#1374,#1375,#1376);
#1374 = CARTESIAN_POINT('',(46.967263134263,-0.246050091073,2.5));
#1375 = DIRECTION('',(0.,0.,1.));
#1376 = DIRECTION('',(1.,0.,0.));
#1377 = ADVANCED_FACE('',(#1378),#1384,.T.);
#1378 = FACE_BOUND('',#1379,.T.);
#1379 = EDGE_LOOP('',(#1380,#1381,#1382,#1383));
#1380 = ORIENTED_EDGE('',*,*,#827,.T.);
#1381 = ORIENTED_EDGE('',*,*,#852,.T.);
#1382 = ORIENTED_EDGE('',*,*,#876,.T.);
#1383 = ORIENTED_EDGE('',*,*,#1285,.T.);
#1384 = PLANE('',#1385);
#1385 = AXIS2_PLACEMENT_3D('',#1386,#1387,#1388);
#1386 = CARTESIAN_POINT('',(18.533392166521,0.,4.6));
#1387 = DIRECTION('',(0.,0.,1.));
#1388 = DIRECTION('',(1.,0.,0.));
#1389 = ADVANCED_FACE('',(#1390,#1396),#1407,.T.);
#1390 = FACE_BOUND('',#1391,.T.);
#1391 = EDGE_LOOP('',(#1392,#1393,#1394,#1395));
#1392 = ORIENTED_EDGE('',*,*,#908,.T.);
#1393 = ORIENTED_EDGE('',*,*,#956,.T.);
#1394 = ORIENTED_EDGE('',*,*,#980,.T.);
#1395 = ORIENTED_EDGE('',*,*,#939,.T.);
#1396 = FACE_BOUND('',#1397,.T.);
#1397 = EDGE_LOOP('',(#1398));
#1398 = ORIENTED_EDGE('',*,*,#1399,.F.);
#1399 = EDGE_CURVE('',#1400,#1400,#1402,.T.);
#1400 = VERTEX_POINT('',#1401);
#1401 = CARTESIAN_POINT('',(20.433392166521,-8.,3.4));
#1402 = CIRCLE('',#1403,0.9);
#1403 = AXIS2_PLACEMENT_3D('',#1404,#1405,#1406);
#1404 = CARTESIAN_POINT('',(19.533392166521,-8.,3.4));
#1405 = DIRECTION('',(0.,0.,1.));
#1406 = DIRECTION('',(1.,0.,0.));
#1407 = PLANE('',#1408);
#1408 = AXIS2_PLACEMENT_3D('',#1409,#1410,#1411);
#1409 = CARTESIAN_POINT('',(19.533392166521,2.601E-14,3.4));
#1410 = DIRECTION('',(0.,0.,1.));
#1411 = DIRECTION('',(1.,0.,0.));
#1412 = ADVANCED_FACE('',(#1413),#1419,.T.);
#1413 = FACE_BOUND('',#1414,.T.);
#1414 = EDGE_LOOP('',(#1415,#1416,#1417,#1418));
#1415 = ORIENTED_EDGE('',*,*,#1004,.T.);
#1416 = ORIENTED_EDGE('',*,*,#1052,.T.);
#1417 = ORIENTED_EDGE('',*,*,#1076,.T.);
#1418 = ORIENTED_EDGE('',*,*,#1035,.T.);
#1419 = PLANE('',#1420);
#1420 = AXIS2_PLACEMENT_3D('',#1421,#1422,#1423);
#1421 = CARTESIAN_POINT('',(46.967263134263,-0.246050091073,2.5));
#1422 = DIRECTION('',(0.,0.,1.));
#1423 = DIRECTION('',(1.,0.,0.));
#1424 = ADVANCED_FACE('',(#1425),#1431,.T.);
#1425 = FACE_BOUND('',#1426,.T.);
#1426 = EDGE_LOOP('',(#1427,#1428,#1429,#1430));
#1427 = ORIENTED_EDGE('',*,*,#1100,.T.);
#1428 = ORIENTED_EDGE('',*,*,#1148,.T.);
#1429 = ORIENTED_EDGE('',*,*,#1172,.T.);
#1430 = ORIENTED_EDGE('',*,*,#1131,.T.);
#1431 = PLANE('',#1432);
#1432 = AXIS2_PLACEMENT_3D('',#1433,#1434,#1435);
#1433 = CARTESIAN_POINT('',(46.967263134263,-0.246050091073,2.5));
#1434 = DIRECTION('',(0.,0.,1.));
#1435 = DIRECTION('',(1.,0.,0.));
#1436 = ADVANCED_FACE('',(#1437,#1443),#1454,.T.);
#1437 = FACE_BOUND('',#1438,.T.);
#1438 = EDGE_LOOP('',(#1439,#1440,#1441,#1442));
#1439 = ORIENTED_EDGE('',*,*,#1196,.T.);
#1440 = ORIENTED_EDGE('',*,*,#1244,.T.);
#1441 = ORIENTED_EDGE('',*,*,#1268,.T.);
#1442 = ORIENTED_EDGE('',*,*,#1227,.T.);
#1443 = FACE_BOUND('',#1444,.T.);
#1444 = EDGE_LOOP('',(#1445));
#1445 = ORIENTED_EDGE('',*,*,#1446,.F.);
#1446 = EDGE_CURVE('',#1447,#1447,#1449,.T.);
#1447 = VERTEX_POINT('',#1448);
#1448 = CARTESIAN_POINT('',(20.433392166521,8.,3.4));
#1449 = CIRCLE('',#1450,0.9);
#1450 = AXIS2_PLACEMENT_3D('',#1451,#1452,#1453);
#1451 = CARTESIAN_POINT('',(19.533392166521,8.,3.4));
#1452 = DIRECTION('',(0.,0.,1.));
#1453 = DIRECTION('',(1.,0.,0.));
#1454 = PLANE('',#1455);
#1455 = AXIS2_PLACEMENT_3D('',#1456,#1457,#1458);
#1456 = CARTESIAN_POINT('',(19.533392166521,2.601E-14,3.4));
#1457 = DIRECTION('',(0.,0.,1.));
#1458 = DIRECTION('',(1.,0.,0.));
#1459 = ADVANCED_FACE('',(#1460),#1485,.F.);
#1460 = FACE_BOUND('',#1461,.F.);
#1461 = EDGE_LOOP('',(#1462,#1470,#1478,#1484));
#1462 = ORIENTED_EDGE('',*,*,#1463,.T.);
#1463 = EDGE_CURVE('',#1342,#1464,#1466,.T.);
#1464 = VERTEX_POINT('',#1465);
#1465 = CARTESIAN_POINT('',(43.033392166521,-8.,4.5));
#1466 = LINE('',#1467,#1468);
#1467 = CARTESIAN_POINT('',(43.033392166521,-8.,2.5));
#1468 = VECTOR('',#1469,1.);
#1469 = DIRECTION('',(0.,0.,1.));
#1470 = ORIENTED_EDGE('',*,*,#1471,.T.);
#1471 = EDGE_CURVE('',#1464,#1472,#1474,.T.);
#1472 = VERTEX_POINT('',#1473);
#1473 = CARTESIAN_POINT('',(60.533392166521,-8.,4.5));
#1474 = LINE('',#1475,#1476);
#1475 = CARTESIAN_POINT('',(43.033392166521,-8.,4.5));
#1476 = VECTOR('',#1477,1.);
#1477 = DIRECTION('',(1.,0.,0.));
#1478 = ORIENTED_EDGE('',*,*,#1479,.F.);
#1479 = EDGE_CURVE('',#1344,#1472,#1480,.T.);
#1480 = LINE('',#1481,#1482);
#1481 = CARTESIAN_POINT('',(60.533392166521,-8.,2.5));
#1482 = VECTOR('',#1483,1.);
#1483 = DIRECTION('',(0.,0.,1.));
#1484 = ORIENTED_EDGE('',*,*,#1341,.F.);
#1485 = PLANE('',#1486);
#1486 = AXIS2_PLACEMENT_3D('',#1487,#1488,#1489);
#1487 = CARTESIAN_POINT('',(43.033392166521,-8.,2.5));
#1488 = DIRECTION('',(0.,1.,0.));
#1489 = DIRECTION('',(1.,0.,0.));
#1490 = ADVANCED_FACE('',(#1491),#1509,.F.);
#1491 = FACE_BOUND('',#1492,.F.);
#1492 = EDGE_LOOP('',(#1493,#1494,#1502,#1508));
#1493 = ORIENTED_EDGE('',*,*,#1479,.T.);
#1494 = ORIENTED_EDGE('',*,*,#1495,.T.);
#1495 = EDGE_CURVE('',#1472,#1496,#1498,.T.);
#1496 = VERTEX_POINT('',#1497);
#1497 = CARTESIAN_POINT('',(60.533392166521,8.,4.5));
#1498 = LINE('',#1499,#1500);
#1499 = CARTESIAN_POINT('',(60.533392166521,-8.,4.5));
#1500 = VECTOR('',#1501,1.);
#1501 = DIRECTION('',(0.,1.,0.));
#1502 = ORIENTED_EDGE('',*,*,#1503,.F.);
#1503 = EDGE_CURVE('',#1360,#1496,#1504,.T.);
#1504 = LINE('',#1505,#1506);
#1505 = CARTESIAN_POINT('',(60.533392166521,8.,2.5));
#1506 = VECTOR('',#1507,1.);
#1507 = DIRECTION('',(0.,0.,1.));
#1508 = ORIENTED_EDGE('',*,*,#1367,.F.);
#1509 = PLANE('',#1510);
#1510 = AXIS2_PLACEMENT_3D('',#1511,#1512,#1513);
#1511 = CARTESIAN_POINT('',(60.533392166521,-8.,2.5));
#1512 = DIRECTION('',(-1.,0.,0.));
#1513 = DIRECTION('',(0.,1.,0.));
#1514 = ADVANCED_FACE('',(#1515),#1533,.F.);
#1515 = FACE_BOUND('',#1516,.F.);
#1516 = EDGE_LOOP('',(#1517,#1518,#1526,#1532));
#1517 = ORIENTED_EDGE('',*,*,#1503,.T.);
#1518 = ORIENTED_EDGE('',*,*,#1519,.T.);
#1519 = EDGE_CURVE('',#1496,#1520,#1522,.T.);
#1520 = VERTEX_POINT('',#1521);
#1521 = CARTESIAN_POINT('',(43.033392166521,8.,4.5));
#1522 = LINE('',#1523,#1524);
#1523 = CARTESIAN_POINT('',(60.533392166521,8.,4.5));
#1524 = VECTOR('',#1525,1.);
#1525 = DIRECTION('',(-1.,0.,0.));
#1526 = ORIENTED_EDGE('',*,*,#1527,.F.);
#1527 = EDGE_CURVE('',#1352,#1520,#1528,.T.);
#1528 = LINE('',#1529,#1530);
#1529 = CARTESIAN_POINT('',(43.033392166521,8.,2.5));
#1530 = VECTOR('',#1531,1.);
#1531 = DIRECTION('',(0.,0.,1.));
#1532 = ORIENTED_EDGE('',*,*,#1359,.F.);
#1533 = PLANE('',#1534);
#1534 = AXIS2_PLACEMENT_3D('',#1535,#1536,#1537);
#1535 = CARTESIAN_POINT('',(60.533392166521,8.,2.5));
#1536 = DIRECTION('',(0.,-1.,0.));
#1537 = DIRECTION('',(-1.,0.,0.));
#1538 = ADVANCED_FACE('',(#1539),#1550,.F.);
#1539 = FACE_BOUND('',#1540,.F.);
#1540 = EDGE_LOOP('',(#1541,#1542,#1548,#1549));
#1541 = ORIENTED_EDGE('',*,*,#1527,.T.);
#1542 = ORIENTED_EDGE('',*,*,#1543,.T.);
#1543 = EDGE_CURVE('',#1520,#1464,#1544,.T.);
#1544 = LINE('',#1545,#1546);
#1545 = CARTESIAN_POINT('',(43.033392166521,8.,4.5));
#1546 = VECTOR('',#1547,1.);
#1547 = DIRECTION('',(0.,-1.,0.));
#1548 = ORIENTED_EDGE('',*,*,#1463,.F.);
#1549 = ORIENTED_EDGE('',*,*,#1351,.F.);
#1550 = PLANE('',#1551);
#1551 = AXIS2_PLACEMENT_3D('',#1552,#1553,#1554);
#1552 = CARTESIAN_POINT('',(43.033392166521,8.,2.5));
#1553 = DIRECTION('',(1.,0.,0.));
#1554 = DIRECTION('',(0.,-1.,0.));
#1555 = ADVANCED_FACE('',(#1556),#1575,.T.);
#1556 = FACE_BOUND('',#1557,.F.);
#1557 = EDGE_LOOP('',(#1558,#1566,#1573,#1574));
#1558 = ORIENTED_EDGE('',*,*,#1559,.T.);
#1559 = EDGE_CURVE('',#1400,#1560,#1562,.T.);
#1560 = VERTEX_POINT('',#1561);
#1561 = CARTESIAN_POINT('',(20.433392166521,-8.,3.9));
#1562 = LINE('',#1563,#1564);
#1563 = CARTESIAN_POINT('',(20.433392166521,-8.,3.4));
#1564 = VECTOR('',#1565,1.);
#1565 = DIRECTION('',(0.,0.,1.));
#1566 = ORIENTED_EDGE('',*,*,#1567,.T.);
#1567 = EDGE_CURVE('',#1560,#1560,#1568,.T.);
#1568 = CIRCLE('',#1569,0.9);
#1569 = AXIS2_PLACEMENT_3D('',#1570,#1571,#1572);
#1570 = CARTESIAN_POINT('',(19.533392166521,-8.,3.9));
#1571 = DIRECTION('',(0.,0.,1.));
#1572 = DIRECTION('',(1.,0.,0.));
#1573 = ORIENTED_EDGE('',*,*,#1559,.F.);
#1574 = ORIENTED_EDGE('',*,*,#1399,.F.);
#1575 = CYLINDRICAL_SURFACE('',#1576,0.9);
#1576 = AXIS2_PLACEMENT_3D('',#1577,#1578,#1579);
#1577 = CARTESIAN_POINT('',(19.533392166521,-8.,3.4));
#1578 = DIRECTION('',(-0.,-0.,-1.));
#1579 = DIRECTION('',(1.,0.,0.));
#1580 = ADVANCED_FACE('',(#1581),#1600,.T.);
#1581 = FACE_BOUND('',#1582,.F.);
#1582 = EDGE_LOOP('',(#1583,#1591,#1598,#1599));
#1583 = ORIENTED_EDGE('',*,*,#1584,.T.);
#1584 = EDGE_CURVE('',#1447,#1585,#1587,.T.);
#1585 = VERTEX_POINT('',#1586);
#1586 = CARTESIAN_POINT('',(20.433392166521,8.,3.9));
#1587 = LINE('',#1588,#1589);
#1588 = CARTESIAN_POINT('',(20.433392166521,8.,3.4));
#1589 = VECTOR('',#1590,1.);
#1590 = DIRECTION('',(0.,0.,1.));
#1591 = ORIENTED_EDGE('',*,*,#1592,.T.);
#1592 = EDGE_CURVE('',#1585,#1585,#1593,.T.);
#1593 = CIRCLE('',#1594,0.9);
#1594 = AXIS2_PLACEMENT_3D('',#1595,#1596,#1597);
#1595 = CARTESIAN_POINT('',(19.533392166521,8.,3.9));
#1596 = DIRECTION('',(0.,0.,1.));
#1597 = DIRECTION('',(1.,0.,0.));
#1598 = ORIENTED_EDGE('',*,*,#1584,.F.);
#1599 = ORIENTED_EDGE('',*,*,#1446,.F.);
#1600 = CYLINDRICAL_SURFACE('',#1601,0.9);
#1601 = AXIS2_PLACEMENT_3D('',#1602,#1603,#1604);
#1602 = CARTESIAN_POINT('',(19.533392166521,8.,3.4));
#1603 = DIRECTION('',(-0.,-0.,-1.));
#1604 = DIRECTION('',(1.,0.,0.));
#1605 = ADVANCED_FACE('',(#1606),#1612,.T.);
#1606 = FACE_BOUND('',#1607,.T.);
#1607 = EDGE_LOOP('',(#1608,#1609,#1610,#1611));
#1608 = ORIENTED_EDGE('',*,*,#1471,.T.);
#1609 = ORIENTED_EDGE('',*,*,#1495,.T.);
#1610 = ORIENTED_EDGE('',*,*,#1519,.T.);
#1611 = ORIENTED_EDGE('',*,*,#1543,.T.);
#1612 = PLANE('',#1613);
#1613 = AXIS2_PLACEMENT_3D('',#1614,#1615,#1616);
#1614 = CARTESIAN_POINT('',(51.783392166521,0.,4.5));
#1615 = DIRECTION('',(0.,0.,1.));
#1616 = DIRECTION('',(1.,0.,0.));
#1617 = ADVANCED_FACE('',(#1618),#1621,.T.);
#1618 = FACE_BOUND('',#1619,.T.);
#1619 = EDGE_LOOP('',(#1620));
#1620 = ORIENTED_EDGE('',*,*,#1567,.T.);
#1621 = PLANE('',#1622);
#1622 = AXIS2_PLACEMENT_3D('',#1623,#1624,#1625);
#1623 = CARTESIAN_POINT('',(19.533392166521,-2.468989128196E-15,3.9));
#1624 = DIRECTION('',(0.,0.,1.));
#1625 = DIRECTION('',(1.,0.,0.));
#1626 = ADVANCED_FACE('',(#1627),#1630,.T.);
#1627 = FACE_BOUND('',#1628,.T.);
#1628 = EDGE_LOOP('',(#1629));
#1629 = ORIENTED_EDGE('',*,*,#1592,.T.);
#1630 = PLANE('',#1631);
#1631 = AXIS2_PLACEMENT_3D('',#1632,#1633,#1634);
#1632 = CARTESIAN_POINT('',(19.533392166521,-2.468989128196E-15,3.9));
#1633 = DIRECTION('',(0.,0.,1.));
#1634 = DIRECTION('',(1.,0.,0.));
#1635 = ( GEOMETRIC_REPRESENTATION_CONTEXT(3) 
GLOBAL_UNCERTAINTY_ASSIGNED_CONTEXT((#1639)) 
GLOBAL_UNIT_ASSIGNED_CONTEXT((#1636,#1637,#1638)) REPRESENTATION_CONTEXT
('Context #1','3D Context with UNIT and UNCERTAINTY') );
#1636 = ( LENGTH_UNIT() NAMED_UNIT(*) SI_UNIT(.MILLI.,.METRE.) );
#1637 = ( NAMED_UNIT(*) PLANE_ANGLE_UNIT() SI_UNIT($,.RADIAN.) );
#1638 = ( NAMED_UNIT(*) SI_UNIT($,.STERADIAN.) SOLID_ANGLE_UNIT() );
#1639 = UNCERTAINTY_MEASURE_WITH_UNIT(LENGTH_MEASURE(1.E-07),#1636,
  'distance_accuracy_value','confusion accuracy');
#1640 = CONTEXT_DEPENDENT_SHAPE_REPRESENTATION(#1641,#1643);
#1641 = ( REPRESENTATION_RELATIONSHIP('','',#36,#10) 
REPRESENTATION_RELATIONSHIP_WITH_TRANSFORMATION(#1642) 
SHAPE_REPRESENTATION_RELATIONSHIP() );
#1642 = ITEM_DEFINED_TRANSFORMATION('','',#11,#15);
#1643 = PRODUCT_DEFINITION_SHAPE('Placement','Placement of an item',
  #1644);
#1644 = NEXT_ASSEMBLY_USAGE_OCCURRENCE('3','Body001','',#5,#31,$);
#1645 = PRODUCT_RELATED_PRODUCT_CATEGORY('part',$,(#33));
#1646 = SHAPE_DEFINITION_REPRESENTATION(#1647,#1653);
#1647 = PRODUCT_DEFINITION_SHAPE('','',#1648);
#1648 = PRODUCT_DEFINITION('design','',#1649,#1652);
#1649 = PRODUCT_DEFINITION_FORMATION('','',#1650);
#1650 = PRODUCT('Body002','Body002','',(#1651));
#1651 = PRODUCT_CONTEXT('',#2,'mechanical');
#1652 = PRODUCT_DEFINITION_CONTEXT('part definition',#2,'design');
#1653 = SHAPE_REPRESENTATION('',(#11,#1654,#6064),#10474);
#1654 = MANIFOLD_SOLID_BREP('',#1655);
#1655 = CLOSED_SHELL('',(#1656,#1696,#2237,#2268,#2299,#2330,#2347,#2364
    ,#2376,#2407,#2431,#2455,#2472,#2484,#2515,#2539,#2563,#2580,#2592,
    #2623,#2647,#2671,#2688,#2700,#2731,#2755,#2779,#2796,#2808,#2839,
    #2863,#2887,#2904,#2916,#2947,#2971,#2995,#3012,#3024,#3055,#3079,
    #3103,#3120,#3132,#3163,#3187,#3211,#3228,#3240,#3271,#3295,#3319,
    #3336,#3348,#3379,#3403,#3427,#3444,#3456,#3487,#3511,#3535,#3552,
    #3564,#3595,#3619,#3643,#3660,#3672,#3703,#3727,#3751,#3768,#3780,
    #3811,#3835,#3859,#3876,#3888,#3905,#3922,#4444,#4475,#4499,#4523,
    #4540,#4552,#4583,#4607,#4631,#4648,#4660,#4691,#4715,#4739,#4756,
    #4768,#4799,#4823,#4847,#4864,#4876,#4907,#4931,#4955,#4972,#4984,
    #5015,#5039,#5063,#5080,#5092,#5123,#5147,#5171,#5188,#5200,#5231,
    #5255,#5279,#5296,#5308,#5339,#5363,#5387,#5404,#5416,#5447,#5471,
    #5495,#5512,#5524,#5555,#5579,#5603,#5620,#5632,#5663,#5687,#5711,
    #5728,#5740,#5771,#5795,#5819,#5836,#5848,#5879,#5903,#5927,#5944,
    #5956,#5987,#6011,#6035,#6052));
#1656 = ADVANCED_FACE('',(#1657),#1691,.T.);
#1657 = FACE_BOUND('',#1658,.T.);
#1658 = EDGE_LOOP('',(#1659,#1669,#1677,#1685));
#1659 = ORIENTED_EDGE('',*,*,#1660,.T.);
#1660 = EDGE_CURVE('',#1661,#1663,#1665,.T.);
#1661 = VERTEX_POINT('',#1662);
#1662 = CARTESIAN_POINT('',(62.663392166521,11.43,0.));
#1663 = VERTEX_POINT('',#1664);
#1664 = CARTESIAN_POINT('',(62.663392166521,11.43,-2.2));
#1665 = LINE('',#1666,#1667);
#1666 = CARTESIAN_POINT('',(62.663392166521,11.43,0.));
#1667 = VECTOR('',#1668,1.);
#1668 = DIRECTION('',(-0.,-0.,-1.));
#1669 = ORIENTED_EDGE('',*,*,#1670,.T.);
#1670 = EDGE_CURVE('',#1663,#1671,#1673,.T.);
#1671 = VERTEX_POINT('',#1672);
#1672 = CARTESIAN_POINT('',(62.663392166521,13.97,-2.2));
#1673 = LINE('',#1674,#1675);
#1674 = CARTESIAN_POINT('',(62.663392166521,11.43,-2.2));
#1675 = VECTOR('',#1676,1.);
#1676 = DIRECTION('',(0.,1.,0.));
#1677 = ORIENTED_EDGE('',*,*,#1678,.F.);
#1678 = EDGE_CURVE('',#1679,#1671,#1681,.T.);
#1679 = VERTEX_POINT('',#1680);
#1680 = CARTESIAN_POINT('',(62.663392166521,13.97,0.));
#1681 = LINE('',#1682,#1683);
#1682 = CARTESIAN_POINT('',(62.663392166521,13.97,0.));
#1683 = VECTOR('',#1684,1.);
#1684 = DIRECTION('',(-0.,-0.,-1.));
#1685 = ORIENTED_EDGE('',*,*,#1686,.F.);
#1686 = EDGE_CURVE('',#1661,#1679,#1687,.T.);
#1687 = LINE('',#1688,#1689);
#1688 = CARTESIAN_POINT('',(62.663392166521,11.43,0.));
#1689 = VECTOR('',#1690,1.);
#1690 = DIRECTION('',(0.,1.,0.));
#1691 = PLANE('',#1692);
#1692 = AXIS2_PLACEMENT_3D('',#1693,#1694,#1695);
#1693 = CARTESIAN_POINT('',(62.663392166521,11.43,0.));
#1694 = DIRECTION('',(1.,0.,0.));
#1695 = DIRECTION('',(0.,1.,0.));
#1696 = ADVANCED_FACE('',(#1697,#1722,#1756,#1790,#1824,#1858,#1892,
    #1926,#1960,#1994,#2028,#2062,#2096,#2130,#2164,#2198),#2232,.T.);
#1697 = FACE_BOUND('',#1698,.T.);
#1698 = EDGE_LOOP('',(#1699,#1707,#1708,#1716));
#1699 = ORIENTED_EDGE('',*,*,#1700,.T.);
#1700 = EDGE_CURVE('',#1701,#1661,#1703,.T.);
#1701 = VERTEX_POINT('',#1702);
#1702 = CARTESIAN_POINT('',(24.563392166521,11.43,0.));
#1703 = LINE('',#1704,#1705);
#1704 = CARTESIAN_POINT('',(24.563392166521,11.43,0.));
#1705 = VECTOR('',#1706,1.);
#1706 = DIRECTION('',(1.,0.,0.));
#1707 = ORIENTED_EDGE('',*,*,#1686,.T.);
#1708 = ORIENTED_EDGE('',*,*,#1709,.T.);
#1709 = EDGE_CURVE('',#1679,#1710,#1712,.T.);
#1710 = VERTEX_POINT('',#1711);
#1711 = CARTESIAN_POINT('',(24.563392166521,13.97,0.));
#1712 = LINE('',#1713,#1714);
#1713 = CARTESIAN_POINT('',(62.663392166521,13.97,0.));
#1714 = VECTOR('',#1715,1.);
#1715 = DIRECTION('',(-1.,0.,0.));
#1716 = ORIENTED_EDGE('',*,*,#1717,.T.);
#1717 = EDGE_CURVE('',#1710,#1701,#1718,.T.);
#1718 = LINE('',#1719,#1720);
#1719 = CARTESIAN_POINT('',(24.563392166521,13.97,0.));
#1720 = VECTOR('',#1721,1.);
#1721 = DIRECTION('',(0.,-1.,0.));
#1722 = FACE_BOUND('',#1723,.T.);
#1723 = EDGE_LOOP('',(#1724,#1734,#1742,#1750));
#1724 = ORIENTED_EDGE('',*,*,#1725,.T.);
#1725 = EDGE_CURVE('',#1726,#1728,#1730,.T.);
#1726 = VERTEX_POINT('',#1727);
#1727 = CARTESIAN_POINT('',(26.133392166521,12.4,0.));
#1728 = VERTEX_POINT('',#1729);
#1729 = CARTESIAN_POINT('',(25.533392166521,12.4,0.));
#1730 = LINE('',#1731,#1732);
#1731 = CARTESIAN_POINT('',(25.683392166521,12.4,0.));
#1732 = VECTOR('',#1733,1.);
#1733 = DIRECTION('',(-1.,0.,0.));
#1734 = ORIENTED_EDGE('',*,*,#1735,.T.);
#1735 = EDGE_CURVE('',#1728,#1736,#1738,.T.);
#1736 = VERTEX_POINT('',#1737);
#1737 = CARTESIAN_POINT('',(25.533392166521,13.,0.));
#1738 = LINE('',#1739,#1740);
#1739 = CARTESIAN_POINT('',(25.533392166521,6.5,0.));
#1740 = VECTOR('',#1741,1.);
#1741 = DIRECTION('',(0.,1.,0.));
#1742 = ORIENTED_EDGE('',*,*,#1743,.T.);
#1743 = EDGE_CURVE('',#1736,#1744,#1746,.T.);
#1744 = VERTEX_POINT('',#1745);
#1745 = CARTESIAN_POINT('',(26.133392166521,13.,0.));
#1746 = LINE('',#1747,#1748);
#1747 = CARTESIAN_POINT('',(25.983392166521,13.,0.));
#1748 = VECTOR('',#1749,1.);
#1749 = DIRECTION('',(1.,0.,0.));
#1750 = ORIENTED_EDGE('',*,*,#1751,.T.);
#1751 = EDGE_CURVE('',#1744,#1726,#1752,.T.);
#1752 = LINE('',#1753,#1754);
#1753 = CARTESIAN_POINT('',(26.133392166521,6.2,0.));
#1754 = VECTOR('',#1755,1.);
#1755 = DIRECTION('',(0.,-1.,0.));
#1756 = FACE_BOUND('',#1757,.T.);
#1757 = EDGE_LOOP('',(#1758,#1768,#1776,#1784));
#1758 = ORIENTED_EDGE('',*,*,#1759,.T.);
#1759 = EDGE_CURVE('',#1760,#1762,#1764,.T.);
#1760 = VERTEX_POINT('',#1761);
#1761 = CARTESIAN_POINT('',(31.213392166521,12.4,0.));
#1762 = VERTEX_POINT('',#1763);
#1763 = CARTESIAN_POINT('',(30.613392166521,12.4,0.));
#1764 = LINE('',#1765,#1766);
#1765 = CARTESIAN_POINT('',(30.763392166521,12.4,0.));
#1766 = VECTOR('',#1767,1.);
#1767 = DIRECTION('',(-1.,0.,0.));
#1768 = ORIENTED_EDGE('',*,*,#1769,.T.);
#1769 = EDGE_CURVE('',#1762,#1770,#1772,.T.);
#1770 = VERTEX_POINT('',#1771);
#1771 = CARTESIAN_POINT('',(30.613392166521,13.,0.));
#1772 = LINE('',#1773,#1774);
#1773 = CARTESIAN_POINT('',(30.613392166521,6.5,0.));
#1774 = VECTOR('',#1775,1.);
#1775 = DIRECTION('',(0.,1.,0.));
#1776 = ORIENTED_EDGE('',*,*,#1777,.T.);
#1777 = EDGE_CURVE('',#1770,#1778,#1780,.T.);
#1778 = VERTEX_POINT('',#1779);
#1779 = CARTESIAN_POINT('',(31.213392166521,13.,0.));
#1780 = LINE('',#1781,#1782);
#1781 = CARTESIAN_POINT('',(31.063392166521,13.,0.));
#1782 = VECTOR('',#1783,1.);
#1783 = DIRECTION('',(1.,0.,0.));
#1784 = ORIENTED_EDGE('',*,*,#1785,.T.);
#1785 = EDGE_CURVE('',#1778,#1760,#1786,.T.);
#1786 = LINE('',#1787,#1788);
#1787 = CARTESIAN_POINT('',(31.213392166521,6.2,0.));
#1788 = VECTOR('',#1789,1.);
#1789 = DIRECTION('',(0.,-1.,0.));
#1790 = FACE_BOUND('',#1791,.T.);
#1791 = EDGE_LOOP('',(#1792,#1802,#1810,#1818));
#1792 = ORIENTED_EDGE('',*,*,#1793,.T.);
#1793 = EDGE_CURVE('',#1794,#1796,#1798,.T.);
#1794 = VERTEX_POINT('',#1795);
#1795 = CARTESIAN_POINT('',(36.293392166521,12.4,0.));
#1796 = VERTEX_POINT('',#1797);
#1797 = CARTESIAN_POINT('',(35.693392166521,12.4,0.));
#1798 = LINE('',#1799,#1800);
#1799 = CARTESIAN_POINT('',(35.843392166521,12.4,0.));
#1800 = VECTOR('',#1801,1.);
#1801 = DIRECTION('',(-1.,0.,0.));
#1802 = ORIENTED_EDGE('',*,*,#1803,.T.);
#1803 = EDGE_CURVE('',#1796,#1804,#1806,.T.);
#1804 = VERTEX_POINT('',#1805);
#1805 = CARTESIAN_POINT('',(35.693392166521,13.,0.));
#1806 = LINE('',#1807,#1808);
#1807 = CARTESIAN_POINT('',(35.693392166521,6.5,0.));
#1808 = VECTOR('',#1809,1.);
#1809 = DIRECTION('',(0.,1.,0.));
#1810 = ORIENTED_EDGE('',*,*,#1811,.T.);
#1811 = EDGE_CURVE('',#1804,#1812,#1814,.T.);
#1812 = VERTEX_POINT('',#1813);
#1813 = CARTESIAN_POINT('',(36.293392166521,13.,0.));
#1814 = LINE('',#1815,#1816);
#1815 = CARTESIAN_POINT('',(36.143392166521,13.,0.));
#1816 = VECTOR('',#1817,1.);
#1817 = DIRECTION('',(1.,0.,0.));
#1818 = ORIENTED_EDGE('',*,*,#1819,.T.);
#1819 = EDGE_CURVE('',#1812,#1794,#1820,.T.);
#1820 = LINE('',#1821,#1822);
#1821 = CARTESIAN_POINT('',(36.293392166521,6.2,0.));
#1822 = VECTOR('',#1823,1.);
#1823 = DIRECTION('',(0.,-1.,0.));
#1824 = FACE_BOUND('',#1825,.T.);
#1825 = EDGE_LOOP('',(#1826,#1836,#1844,#1852));
#1826 = ORIENTED_EDGE('',*,*,#1827,.T.);
#1827 = EDGE_CURVE('',#1828,#1830,#1832,.T.);
#1828 = VERTEX_POINT('',#1829);
#1829 = CARTESIAN_POINT('',(41.373392166521,12.4,0.));
#1830 = VERTEX_POINT('',#1831);
#1831 = CARTESIAN_POINT('',(40.773392166521,12.4,0.));
#1832 = LINE('',#1833,#1834);
#1833 = CARTESIAN_POINT('',(40.923392166521,12.4,0.));
#1834 = VECTOR('',#1835,1.);
#1835 = DIRECTION('',(-1.,0.,0.));
#1836 = ORIENTED_EDGE('',*,*,#1837,.T.);
#1837 = EDGE_CURVE('',#1830,#1838,#1840,.T.);
#1838 = VERTEX_POINT('',#1839);
#1839 = CARTESIAN_POINT('',(40.773392166521,13.,0.));
#1840 = LINE('',#1841,#1842);
#1841 = CARTESIAN_POINT('',(40.773392166521,6.5,0.));
#1842 = VECTOR('',#1843,1.);
#1843 = DIRECTION('',(0.,1.,0.));
#1844 = ORIENTED_EDGE('',*,*,#1845,.T.);
#1845 = EDGE_CURVE('',#1838,#1846,#1848,.T.);
#1846 = VERTEX_POINT('',#1847);
#1847 = CARTESIAN_POINT('',(41.373392166521,13.,0.));
#1848 = LINE('',#1849,#1850);
#1849 = CARTESIAN_POINT('',(41.223392166521,13.,0.));
#1850 = VECTOR('',#1851,1.);
#1851 = DIRECTION('',(1.,0.,0.));
#1852 = ORIENTED_EDGE('',*,*,#1853,.T.);
#1853 = EDGE_CURVE('',#1846,#1828,#1854,.T.);
#1854 = LINE('',#1855,#1856);
#1855 = CARTESIAN_POINT('',(41.373392166521,6.2,0.));
#1856 = VECTOR('',#1857,1.);
#1857 = DIRECTION('',(0.,-1.,0.));
#1858 = FACE_BOUND('',#1859,.T.);
#1859 = EDGE_LOOP('',(#1860,#1870,#1878,#1886));
#1860 = ORIENTED_EDGE('',*,*,#1861,.T.);
#1861 = EDGE_CURVE('',#1862,#1864,#1866,.T.);
#1862 = VERTEX_POINT('',#1863);
#1863 = CARTESIAN_POINT('',(46.453392166521,12.4,0.));
#1864 = VERTEX_POINT('',#1865);
#1865 = CARTESIAN_POINT('',(45.853392166521,12.4,0.));
#1866 = LINE('',#1867,#1868);
#1867 = CARTESIAN_POINT('',(46.003392166521,12.4,0.));
#1868 = VECTOR('',#1869,1.);
#1869 = DIRECTION('',(-1.,0.,0.));
#1870 = ORIENTED_EDGE('',*,*,#1871,.T.);
#1871 = EDGE_CURVE('',#1864,#1872,#1874,.T.);
#1872 = VERTEX_POINT('',#1873);
#1873 = CARTESIAN_POINT('',(45.853392166521,13.,0.));
#1874 = LINE('',#1875,#1876);
#1875 = CARTESIAN_POINT('',(45.853392166521,6.5,0.));
#1876 = VECTOR('',#1877,1.);
#1877 = DIRECTION('',(0.,1.,0.));
#1878 = ORIENTED_EDGE('',*,*,#1879,.T.);
#1879 = EDGE_CURVE('',#1872,#1880,#1882,.T.);
#1880 = VERTEX_POINT('',#1881);
#1881 = CARTESIAN_POINT('',(46.453392166521,13.,0.));
#1882 = LINE('',#1883,#1884);
#1883 = CARTESIAN_POINT('',(46.303392166521,13.,0.));
#1884 = VECTOR('',#1885,1.);
#1885 = DIRECTION('',(1.,0.,0.));
#1886 = ORIENTED_EDGE('',*,*,#1887,.T.);
#1887 = EDGE_CURVE('',#1880,#1862,#1888,.T.);
#1888 = LINE('',#1889,#1890);
#1889 = CARTESIAN_POINT('',(46.453392166521,6.2,0.));
#1890 = VECTOR('',#1891,1.);
#1891 = DIRECTION('',(0.,-1.,0.));
#1892 = FACE_BOUND('',#1893,.T.);
#1893 = EDGE_LOOP('',(#1894,#1904,#1912,#1920));
#1894 = ORIENTED_EDGE('',*,*,#1895,.T.);
#1895 = EDGE_CURVE('',#1896,#1898,#1900,.T.);
#1896 = VERTEX_POINT('',#1897);
#1897 = CARTESIAN_POINT('',(51.533392166521,12.4,0.));
#1898 = VERTEX_POINT('',#1899);
#1899 = CARTESIAN_POINT('',(50.933392166521,12.4,0.));
#1900 = LINE('',#1901,#1902);
#1901 = CARTESIAN_POINT('',(51.083392166521,12.4,0.));
#1902 = VECTOR('',#1903,1.);
#1903 = DIRECTION('',(-1.,0.,0.));
#1904 = ORIENTED_EDGE('',*,*,#1905,.T.);
#1905 = EDGE_CURVE('',#1898,#1906,#1908,.T.);
#1906 = VERTEX_POINT('',#1907);
#1907 = CARTESIAN_POINT('',(50.933392166521,13.,0.));
#1908 = LINE('',#1909,#1910);
#1909 = CARTESIAN_POINT('',(50.933392166521,6.5,0.));
#1910 = VECTOR('',#1911,1.);
#1911 = DIRECTION('',(0.,1.,0.));
#1912 = ORIENTED_EDGE('',*,*,#1913,.T.);
#1913 = EDGE_CURVE('',#1906,#1914,#1916,.T.);
#1914 = VERTEX_POINT('',#1915);
#1915 = CARTESIAN_POINT('',(51.533392166521,13.,0.));
#1916 = LINE('',#1917,#1918);
#1917 = CARTESIAN_POINT('',(51.383392166521,13.,0.));
#1918 = VECTOR('',#1919,1.);
#1919 = DIRECTION('',(1.,0.,0.));
#1920 = ORIENTED_EDGE('',*,*,#1921,.T.);
#1921 = EDGE_CURVE('',#1914,#1896,#1922,.T.);
#1922 = LINE('',#1923,#1924);
#1923 = CARTESIAN_POINT('',(51.533392166521,6.2,0.));
#1924 = VECTOR('',#1925,1.);
#1925 = DIRECTION('',(0.,-1.,0.));
#1926 = FACE_BOUND('',#1927,.T.);
#1927 = EDGE_LOOP('',(#1928,#1938,#1946,#1954));
#1928 = ORIENTED_EDGE('',*,*,#1929,.T.);
#1929 = EDGE_CURVE('',#1930,#1932,#1934,.T.);
#1930 = VERTEX_POINT('',#1931);
#1931 = CARTESIAN_POINT('',(56.613392166521,12.4,0.));
#1932 = VERTEX_POINT('',#1933);
#1933 = CARTESIAN_POINT('',(56.013392166521,12.4,0.));
#1934 = LINE('',#1935,#1936);
#1935 = CARTESIAN_POINT('',(56.163392166521,12.4,0.));
#1936 = VECTOR('',#1937,1.);
#1937 = DIRECTION('',(-1.,0.,0.));
#1938 = ORIENTED_EDGE('',*,*,#1939,.T.);
#1939 = EDGE_CURVE('',#1932,#1940,#1942,.T.);
#1940 = VERTEX_POINT('',#1941);
#1941 = CARTESIAN_POINT('',(56.013392166521,13.,0.));
#1942 = LINE('',#1943,#1944);
#1943 = CARTESIAN_POINT('',(56.013392166521,6.5,0.));
#1944 = VECTOR('',#1945,1.);
#1945 = DIRECTION('',(0.,1.,0.));
#1946 = ORIENTED_EDGE('',*,*,#1947,.T.);
#1947 = EDGE_CURVE('',#1940,#1948,#1950,.T.);
#1948 = VERTEX_POINT('',#1949);
#1949 = CARTESIAN_POINT('',(56.613392166521,13.,0.));
#1950 = LINE('',#1951,#1952);
#1951 = CARTESIAN_POINT('',(56.463392166521,13.,0.));
#1952 = VECTOR('',#1953,1.);
#1953 = DIRECTION('',(1.,0.,0.));
#1954 = ORIENTED_EDGE('',*,*,#1955,.T.);
#1955 = EDGE_CURVE('',#1948,#1930,#1956,.T.);
#1956 = LINE('',#1957,#1958);
#1957 = CARTESIAN_POINT('',(56.613392166521,6.2,0.));
#1958 = VECTOR('',#1959,1.);
#1959 = DIRECTION('',(0.,-1.,0.));
#1960 = FACE_BOUND('',#1961,.T.);
#1961 = EDGE_LOOP('',(#1962,#1972,#1980,#1988));
#1962 = ORIENTED_EDGE('',*,*,#1963,.T.);
#1963 = EDGE_CURVE('',#1964,#1966,#1968,.T.);
#1964 = VERTEX_POINT('',#1965);
#1965 = CARTESIAN_POINT('',(59.153392166521,12.4,0.));
#1966 = VERTEX_POINT('',#1967);
#1967 = CARTESIAN_POINT('',(58.553392166521,12.4,0.));
#1968 = LINE('',#1969,#1970);
#1969 = CARTESIAN_POINT('',(58.703392166521,12.4,0.));
#1970 = VECTOR('',#1971,1.);
#1971 = DIRECTION('',(-1.,0.,0.));
#1972 = ORIENTED_EDGE('',*,*,#1973,.T.);
#1973 = EDGE_CURVE('',#1966,#1974,#1976,.T.);
#1974 = VERTEX_POINT('',#1975);
#1975 = CARTESIAN_POINT('',(58.553392166521,13.,0.));
#1976 = LINE('',#1977,#1978);
#1977 = CARTESIAN_POINT('',(58.553392166521,6.5,0.));
#1978 = VECTOR('',#1979,1.);
#1979 = DIRECTION('',(0.,1.,0.));
#1980 = ORIENTED_EDGE('',*,*,#1981,.T.);
#1981 = EDGE_CURVE('',#1974,#1982,#1984,.T.);
#1982 = VERTEX_POINT('',#1983);
#1983 = CARTESIAN_POINT('',(59.153392166521,13.,0.));
#1984 = LINE('',#1985,#1986);
#1985 = CARTESIAN_POINT('',(59.003392166521,13.,0.));
#1986 = VECTOR('',#1987,1.);
#1987 = DIRECTION('',(1.,0.,0.));
#1988 = ORIENTED_EDGE('',*,*,#1989,.T.);
#1989 = EDGE_CURVE('',#1982,#1964,#1990,.T.);
#1990 = LINE('',#1991,#1992);
#1991 = CARTESIAN_POINT('',(59.153392166521,6.2,0.));
#1992 = VECTOR('',#1993,1.);
#1993 = DIRECTION('',(0.,-1.,0.));
#1994 = FACE_BOUND('',#1995,.T.);
#1995 = EDGE_LOOP('',(#1996,#2006,#2014,#2022));
#1996 = ORIENTED_EDGE('',*,*,#1997,.T.);
#1997 = EDGE_CURVE('',#1998,#2000,#2002,.T.);
#1998 = VERTEX_POINT('',#1999);
#1999 = CARTESIAN_POINT('',(28.673392166521,12.4,0.));
#2000 = VERTEX_POINT('',#2001);
#2001 = CARTESIAN_POINT('',(28.073392166521,12.4,0.));
#2002 = LINE('',#2003,#2004);
#2003 = CARTESIAN_POINT('',(28.223392166521,12.4,0.));
#2004 = VECTOR('',#2005,1.);
#2005 = DIRECTION('',(-1.,0.,0.));
#2006 = ORIENTED_EDGE('',*,*,#2007,.T.);
#2007 = EDGE_CURVE('',#2000,#2008,#2010,.T.);
#2008 = VERTEX_POINT('',#2009);
#2009 = CARTESIAN_POINT('',(28.073392166521,13.,0.));
#2010 = LINE('',#2011,#2012);
#2011 = CARTESIAN_POINT('',(28.073392166521,6.5,0.));
#2012 = VECTOR('',#2013,1.);
#2013 = DIRECTION('',(0.,1.,0.));
#2014 = ORIENTED_EDGE('',*,*,#2015,.T.);
#2015 = EDGE_CURVE('',#2008,#2016,#2018,.T.);
#2016 = VERTEX_POINT('',#2017);
#2017 = CARTESIAN_POINT('',(28.673392166521,13.,0.));
#2018 = LINE('',#2019,#2020);
#2019 = CARTESIAN_POINT('',(28.523392166521,13.,0.));
#2020 = VECTOR('',#2021,1.);
#2021 = DIRECTION('',(1.,0.,0.));
#2022 = ORIENTED_EDGE('',*,*,#2023,.T.);
#2023 = EDGE_CURVE('',#2016,#1998,#2024,.T.);
#2024 = LINE('',#2025,#2026);
#2025 = CARTESIAN_POINT('',(28.673392166521,6.2,0.));
#2026 = VECTOR('',#2027,1.);
#2027 = DIRECTION('',(0.,-1.,0.));
#2028 = FACE_BOUND('',#2029,.T.);
#2029 = EDGE_LOOP('',(#2030,#2040,#2048,#2056));
#2030 = ORIENTED_EDGE('',*,*,#2031,.T.);
#2031 = EDGE_CURVE('',#2032,#2034,#2036,.T.);
#2032 = VERTEX_POINT('',#2033);
#2033 = CARTESIAN_POINT('',(33.753392166521,12.4,0.));
#2034 = VERTEX_POINT('',#2035);
#2035 = CARTESIAN_POINT('',(33.153392166521,12.4,0.));
#2036 = LINE('',#2037,#2038);
#2037 = CARTESIAN_POINT('',(33.303392166521,12.4,0.));
#2038 = VECTOR('',#2039,1.);
#2039 = DIRECTION('',(-1.,0.,0.));
#2040 = ORIENTED_EDGE('',*,*,#2041,.T.);
#2041 = EDGE_CURVE('',#2034,#2042,#2044,.T.);
#2042 = VERTEX_POINT('',#2043);
#2043 = CARTESIAN_POINT('',(33.153392166521,13.,0.));
#2044 = LINE('',#2045,#2046);
#2045 = CARTESIAN_POINT('',(33.153392166521,6.5,0.));
#2046 = VECTOR('',#2047,1.);
#2047 = DIRECTION('',(0.,1.,0.));
#2048 = ORIENTED_EDGE('',*,*,#2049,.T.);
#2049 = EDGE_CURVE('',#2042,#2050,#2052,.T.);
#2050 = VERTEX_POINT('',#2051);
#2051 = CARTESIAN_POINT('',(33.753392166521,13.,0.));
#2052 = LINE('',#2053,#2054);
#2053 = CARTESIAN_POINT('',(33.603392166521,13.,0.));
#2054 = VECTOR('',#2055,1.);
#2055 = DIRECTION('',(1.,0.,0.));
#2056 = ORIENTED_EDGE('',*,*,#2057,.T.);
#2057 = EDGE_CURVE('',#2050,#2032,#2058,.T.);
#2058 = LINE('',#2059,#2060);
#2059 = CARTESIAN_POINT('',(33.753392166521,6.2,0.));
#2060 = VECTOR('',#2061,1.);
#2061 = DIRECTION('',(0.,-1.,0.));
#2062 = FACE_BOUND('',#2063,.T.);
#2063 = EDGE_LOOP('',(#2064,#2074,#2082,#2090));
#2064 = ORIENTED_EDGE('',*,*,#2065,.T.);
#2065 = EDGE_CURVE('',#2066,#2068,#2070,.T.);
#2066 = VERTEX_POINT('',#2067);
#2067 = CARTESIAN_POINT('',(38.833392166521,12.4,0.));
#2068 = VERTEX_POINT('',#2069);
#2069 = CARTESIAN_POINT('',(38.233392166521,12.4,0.));
#2070 = LINE('',#2071,#2072);
#2071 = CARTESIAN_POINT('',(38.383392166521,12.4,0.));
#2072 = VECTOR('',#2073,1.);
#2073 = DIRECTION('',(-1.,0.,0.));
#2074 = ORIENTED_EDGE('',*,*,#2075,.T.);
#2075 = EDGE_CURVE('',#2068,#2076,#2078,.T.);
#2076 = VERTEX_POINT('',#2077);
#2077 = CARTESIAN_POINT('',(38.233392166521,13.,0.));
#2078 = LINE('',#2079,#2080);
#2079 = CARTESIAN_POINT('',(38.233392166521,6.5,0.));
#2080 = VECTOR('',#2081,1.);
#2081 = DIRECTION('',(0.,1.,0.));
#2082 = ORIENTED_EDGE('',*,*,#2083,.T.);
#2083 = EDGE_CURVE('',#2076,#2084,#2086,.T.);
#2084 = VERTEX_POINT('',#2085);
#2085 = CARTESIAN_POINT('',(38.833392166521,13.,0.));
#2086 = LINE('',#2087,#2088);
#2087 = CARTESIAN_POINT('',(38.683392166521,13.,0.));
#2088 = VECTOR('',#2089,1.);
#2089 = DIRECTION('',(1.,0.,0.));
#2090 = ORIENTED_EDGE('',*,*,#2091,.T.);
#2091 = EDGE_CURVE('',#2084,#2066,#2092,.T.);
#2092 = LINE('',#2093,#2094);
#2093 = CARTESIAN_POINT('',(38.833392166521,6.2,0.));
#2094 = VECTOR('',#2095,1.);
#2095 = DIRECTION('',(0.,-1.,0.));
#2096 = FACE_BOUND('',#2097,.T.);
#2097 = EDGE_LOOP('',(#2098,#2108,#2116,#2124));
#2098 = ORIENTED_EDGE('',*,*,#2099,.T.);
#2099 = EDGE_CURVE('',#2100,#2102,#2104,.T.);
#2100 = VERTEX_POINT('',#2101);
#2101 = CARTESIAN_POINT('',(43.913392166521,12.4,0.));
#2102 = VERTEX_POINT('',#2103);
#2103 = CARTESIAN_POINT('',(43.313392166521,12.4,0.));
#2104 = LINE('',#2105,#2106);
#2105 = CARTESIAN_POINT('',(43.463392166521,12.4,0.));
#2106 = VECTOR('',#2107,1.);
#2107 = DIRECTION('',(-1.,0.,0.));
#2108 = ORIENTED_EDGE('',*,*,#2109,.T.);
#2109 = EDGE_CURVE('',#2102,#2110,#2112,.T.);
#2110 = VERTEX_POINT('',#2111);
#2111 = CARTESIAN_POINT('',(43.313392166521,13.,0.));
#2112 = LINE('',#2113,#2114);
#2113 = CARTESIAN_POINT('',(43.313392166521,6.5,0.));
#2114 = VECTOR('',#2115,1.);
#2115 = DIRECTION('',(0.,1.,0.));
#2116 = ORIENTED_EDGE('',*,*,#2117,.T.);
#2117 = EDGE_CURVE('',#2110,#2118,#2120,.T.);
#2118 = VERTEX_POINT('',#2119);
#2119 = CARTESIAN_POINT('',(43.913392166521,13.,0.));
#2120 = LINE('',#2121,#2122);
#2121 = CARTESIAN_POINT('',(43.763392166521,13.,0.));
#2122 = VECTOR('',#2123,1.);
#2123 = DIRECTION('',(1.,0.,0.));
#2124 = ORIENTED_EDGE('',*,*,#2125,.T.);
#2125 = EDGE_CURVE('',#2118,#2100,#2126,.T.);
#2126 = LINE('',#2127,#2128);
#2127 = CARTESIAN_POINT('',(43.913392166521,6.2,0.));
#2128 = VECTOR('',#2129,1.);
#2129 = DIRECTION('',(0.,-1.,0.));
#2130 = FACE_BOUND('',#2131,.T.);
#2131 = EDGE_LOOP('',(#2132,#2142,#2150,#2158));
#2132 = ORIENTED_EDGE('',*,*,#2133,.T.);
#2133 = EDGE_CURVE('',#2134,#2136,#2138,.T.);
#2134 = VERTEX_POINT('',#2135);
#2135 = CARTESIAN_POINT('',(48.993392166521,12.4,0.));
#2136 = VERTEX_POINT('',#2137);
#2137 = CARTESIAN_POINT('',(48.393392166521,12.4,0.));
#2138 = LINE('',#2139,#2140);
#2139 = CARTESIAN_POINT('',(48.543392166521,12.4,0.));
#2140 = VECTOR('',#2141,1.);
#2141 = DIRECTION('',(-1.,0.,0.));
#2142 = ORIENTED_EDGE('',*,*,#2143,.T.);
#2143 = EDGE_CURVE('',#2136,#2144,#2146,.T.);
#2144 = VERTEX_POINT('',#2145);
#2145 = CARTESIAN_POINT('',(48.393392166521,13.,0.));
#2146 = LINE('',#2147,#2148);
#2147 = CARTESIAN_POINT('',(48.393392166521,6.5,0.));
#2148 = VECTOR('',#2149,1.);
#2149 = DIRECTION('',(0.,1.,0.));
#2150 = ORIENTED_EDGE('',*,*,#2151,.T.);
#2151 = EDGE_CURVE('',#2144,#2152,#2154,.T.);
#2152 = VERTEX_POINT('',#2153);
#2153 = CARTESIAN_POINT('',(48.993392166521,13.,0.));
#2154 = LINE('',#2155,#2156);
#2155 = CARTESIAN_POINT('',(48.843392166521,13.,0.));
#2156 = VECTOR('',#2157,1.);
#2157 = DIRECTION('',(1.,0.,0.));
#2158 = ORIENTED_EDGE('',*,*,#2159,.T.);
#2159 = EDGE_CURVE('',#2152,#2134,#2160,.T.);
#2160 = LINE('',#2161,#2162);
#2161 = CARTESIAN_POINT('',(48.993392166521,6.2,0.));
#2162 = VECTOR('',#2163,1.);
#2163 = DIRECTION('',(0.,-1.,0.));
#2164 = FACE_BOUND('',#2165,.T.);
#2165 = EDGE_LOOP('',(#2166,#2176,#2184,#2192));
#2166 = ORIENTED_EDGE('',*,*,#2167,.T.);
#2167 = EDGE_CURVE('',#2168,#2170,#2172,.T.);
#2168 = VERTEX_POINT('',#2169);
#2169 = CARTESIAN_POINT('',(54.073392166521,12.4,0.));
#2170 = VERTEX_POINT('',#2171);
#2171 = CARTESIAN_POINT('',(53.473392166521,12.4,0.));
#2172 = LINE('',#2173,#2174);
#2173 = CARTESIAN_POINT('',(53.623392166521,12.4,0.));
#2174 = VECTOR('',#2175,1.);
#2175 = DIRECTION('',(-1.,0.,0.));
#2176 = ORIENTED_EDGE('',*,*,#2177,.T.);
#2177 = EDGE_CURVE('',#2170,#2178,#2180,.T.);
#2178 = VERTEX_POINT('',#2179);
#2179 = CARTESIAN_POINT('',(53.473392166521,13.,0.));
#2180 = LINE('',#2181,#2182);
#2181 = CARTESIAN_POINT('',(53.473392166521,6.5,0.));
#2182 = VECTOR('',#2183,1.);
#2183 = DIRECTION('',(0.,1.,0.));
#2184 = ORIENTED_EDGE('',*,*,#2185,.T.);
#2185 = EDGE_CURVE('',#2178,#2186,#2188,.T.);
#2186 = VERTEX_POINT('',#2187);
#2187 = CARTESIAN_POINT('',(54.073392166521,13.,0.));
#2188 = LINE('',#2189,#2190);
#2189 = CARTESIAN_POINT('',(53.923392166521,13.,0.));
#2190 = VECTOR('',#2191,1.);
#2191 = DIRECTION('',(1.,0.,0.));
#2192 = ORIENTED_EDGE('',*,*,#2193,.T.);
#2193 = EDGE_CURVE('',#2186,#2168,#2194,.T.);
#2194 = LINE('',#2195,#2196);
#2195 = CARTESIAN_POINT('',(54.073392166521,6.2,0.));
#2196 = VECTOR('',#2197,1.);
#2197 = DIRECTION('',(0.,-1.,0.));
#2198 = FACE_BOUND('',#2199,.T.);
#2199 = EDGE_LOOP('',(#2200,#2210,#2218,#2226));
#2200 = ORIENTED_EDGE('',*,*,#2201,.T.);
#2201 = EDGE_CURVE('',#2202,#2204,#2206,.T.);
#2202 = VERTEX_POINT('',#2203);
#2203 = CARTESIAN_POINT('',(61.693392166521,12.4,0.));
#2204 = VERTEX_POINT('',#2205);
#2205 = CARTESIAN_POINT('',(61.093392166521,12.4,0.));
#2206 = LINE('',#2207,#2208);
#2207 = CARTESIAN_POINT('',(61.243392166521,12.4,0.));
#2208 = VECTOR('',#2209,1.);
#2209 = DIRECTION('',(-1.,0.,0.));
#2210 = ORIENTED_EDGE('',*,*,#2211,.T.);
#2211 = EDGE_CURVE('',#2204,#2212,#2214,.T.);
#2212 = VERTEX_POINT('',#2213);
#2213 = CARTESIAN_POINT('',(61.093392166521,13.,0.));
#2214 = LINE('',#2215,#2216);
#2215 = CARTESIAN_POINT('',(61.093392166521,6.5,0.));
#2216 = VECTOR('',#2217,1.);
#2217 = DIRECTION('',(0.,1.,0.));
#2218 = ORIENTED_EDGE('',*,*,#2219,.T.);
#2219 = EDGE_CURVE('',#2212,#2220,#2222,.T.);
#2220 = VERTEX_POINT('',#2221);
#2221 = CARTESIAN_POINT('',(61.693392166521,13.,0.));
#2222 = LINE('',#2223,#2224);
#2223 = CARTESIAN_POINT('',(61.543392166521,13.,0.));
#2224 = VECTOR('',#2225,1.);
#2225 = DIRECTION('',(1.,0.,0.));
#2226 = ORIENTED_EDGE('',*,*,#2227,.T.);
#2227 = EDGE_CURVE('',#2220,#2202,#2228,.T.);
#2228 = LINE('',#2229,#2230);
#2229 = CARTESIAN_POINT('',(61.693392166521,6.2,0.));
#2230 = VECTOR('',#2231,1.);
#2231 = DIRECTION('',(0.,-1.,0.));
#2232 = PLANE('',#2233);
#2233 = AXIS2_PLACEMENT_3D('',#2234,#2235,#2236);
#2234 = CARTESIAN_POINT('',(43.613392166521,12.7,0.));
#2235 = DIRECTION('',(0.,0.,1.));
#2236 = DIRECTION('',(1.,0.,-0.));
#2237 = ADVANCED_FACE('',(#2238),#2263,.T.);
#2238 = FACE_BOUND('',#2239,.T.);
#2239 = EDGE_LOOP('',(#2240,#2248,#2256,#2262));
#2240 = ORIENTED_EDGE('',*,*,#2241,.T.);
#2241 = EDGE_CURVE('',#1710,#2242,#2244,.T.);
#2242 = VERTEX_POINT('',#2243);
#2243 = CARTESIAN_POINT('',(24.563392166521,13.97,-2.2));
#2244 = LINE('',#2245,#2246);
#2245 = CARTESIAN_POINT('',(24.563392166521,13.97,0.));
#2246 = VECTOR('',#2247,1.);
#2247 = DIRECTION('',(-0.,-0.,-1.));
#2248 = ORIENTED_EDGE('',*,*,#2249,.T.);
#2249 = EDGE_CURVE('',#2242,#2250,#2252,.T.);
#2250 = VERTEX_POINT('',#2251);
#2251 = CARTESIAN_POINT('',(24.563392166521,11.43,-2.2));
#2252 = LINE('',#2253,#2254);
#2253 = CARTESIAN_POINT('',(24.563392166521,13.97,-2.2));
#2254 = VECTOR('',#2255,1.);
#2255 = DIRECTION('',(0.,-1.,0.));
#2256 = ORIENTED_EDGE('',*,*,#2257,.F.);
#2257 = EDGE_CURVE('',#1701,#2250,#2258,.T.);
#2258 = LINE('',#2259,#2260);
#2259 = CARTESIAN_POINT('',(24.563392166521,11.43,0.));
#2260 = VECTOR('',#2261,1.);
#2261 = DIRECTION('',(-0.,-0.,-1.));
#2262 = ORIENTED_EDGE('',*,*,#1717,.F.);
#2263 = PLANE('',#2264);
#2264 = AXIS2_PLACEMENT_3D('',#2265,#2266,#2267);
#2265 = CARTESIAN_POINT('',(24.563392166521,13.97,0.));
#2266 = DIRECTION('',(-1.,0.,0.));
#2267 = DIRECTION('',(0.,-1.,0.));
#2268 = ADVANCED_FACE('',(#2269),#2294,.T.);
#2269 = FACE_BOUND('',#2270,.T.);
#2270 = EDGE_LOOP('',(#2271,#2281,#2287,#2288));
#2271 = ORIENTED_EDGE('',*,*,#2272,.F.);
#2272 = EDGE_CURVE('',#2273,#2275,#2277,.T.);
#2273 = VERTEX_POINT('',#2274);
#2274 = CARTESIAN_POINT('',(25.533392166521,13.,2.));
#2275 = VERTEX_POINT('',#2276);
#2276 = CARTESIAN_POINT('',(25.533392166521,12.4,2.));
#2277 = LINE('',#2278,#2279);
#2278 = CARTESIAN_POINT('',(25.533392166521,13.,2.));
#2279 = VECTOR('',#2280,1.);
#2280 = DIRECTION('',(0.,-1.,0.));
#2281 = ORIENTED_EDGE('',*,*,#2282,.T.);
#2282 = EDGE_CURVE('',#2273,#1736,#2283,.T.);
#2283 = LINE('',#2284,#2285);
#2284 = CARTESIAN_POINT('',(25.533392166521,13.,2.));
#2285 = VECTOR('',#2286,1.);
#2286 = DIRECTION('',(-0.,-0.,-1.));
#2287 = ORIENTED_EDGE('',*,*,#1735,.F.);
#2288 = ORIENTED_EDGE('',*,*,#2289,.F.);
#2289 = EDGE_CURVE('',#2275,#1728,#2290,.T.);
#2290 = LINE('',#2291,#2292);
#2291 = CARTESIAN_POINT('',(25.533392166521,12.4,2.));
#2292 = VECTOR('',#2293,1.);
#2293 = DIRECTION('',(-0.,-0.,-1.));
#2294 = PLANE('',#2295);
#2295 = AXIS2_PLACEMENT_3D('',#2296,#2297,#2298);
#2296 = CARTESIAN_POINT('',(25.533392166521,13.,2.));
#2297 = DIRECTION('',(-1.,0.,0.));
#2298 = DIRECTION('',(0.,-1.,0.));
#2299 = ADVANCED_FACE('',(#2300),#2325,.T.);
#2300 = FACE_BOUND('',#2301,.T.);
#2301 = EDGE_LOOP('',(#2302,#2303,#2311,#2319));
#2302 = ORIENTED_EDGE('',*,*,#2272,.T.);
#2303 = ORIENTED_EDGE('',*,*,#2304,.T.);
#2304 = EDGE_CURVE('',#2275,#2305,#2307,.T.);
#2305 = VERTEX_POINT('',#2306);
#2306 = CARTESIAN_POINT('',(26.133392166521,12.4,2.));
#2307 = LINE('',#2308,#2309);
#2308 = CARTESIAN_POINT('',(25.533392166521,12.4,2.));
#2309 = VECTOR('',#2310,1.);
#2310 = DIRECTION('',(1.,0.,0.));
#2311 = ORIENTED_EDGE('',*,*,#2312,.T.);
#2312 = EDGE_CURVE('',#2305,#2313,#2315,.T.);
#2313 = VERTEX_POINT('',#2314);
#2314 = CARTESIAN_POINT('',(26.133392166521,13.,2.));
#2315 = LINE('',#2316,#2317);
#2316 = CARTESIAN_POINT('',(26.133392166521,12.4,2.));
#2317 = VECTOR('',#2318,1.);
#2318 = DIRECTION('',(0.,1.,0.));
#2319 = ORIENTED_EDGE('',*,*,#2320,.T.);
#2320 = EDGE_CURVE('',#2313,#2273,#2321,.T.);
#2321 = LINE('',#2322,#2323);
#2322 = CARTESIAN_POINT('',(26.133392166521,13.,2.));
#2323 = VECTOR('',#2324,1.);
#2324 = DIRECTION('',(-1.,0.,0.));
#2325 = PLANE('',#2326);
#2326 = AXIS2_PLACEMENT_3D('',#2327,#2328,#2329);
#2327 = CARTESIAN_POINT('',(25.833392166521,-6.4420747E-10,2.));
#2328 = DIRECTION('',(0.,0.,1.));
#2329 = DIRECTION('',(1.,0.,0.));
#2330 = ADVANCED_FACE('',(#2331),#2342,.T.);
#2331 = FACE_BOUND('',#2332,.T.);
#2332 = EDGE_LOOP('',(#2333,#2334,#2335,#2336));
#2333 = ORIENTED_EDGE('',*,*,#2304,.F.);
#2334 = ORIENTED_EDGE('',*,*,#2289,.T.);
#2335 = ORIENTED_EDGE('',*,*,#1725,.F.);
#2336 = ORIENTED_EDGE('',*,*,#2337,.F.);
#2337 = EDGE_CURVE('',#2305,#1726,#2338,.T.);
#2338 = LINE('',#2339,#2340);
#2339 = CARTESIAN_POINT('',(26.133392166521,12.4,2.));
#2340 = VECTOR('',#2341,1.);
#2341 = DIRECTION('',(-0.,-0.,-1.));
#2342 = PLANE('',#2343);
#2343 = AXIS2_PLACEMENT_3D('',#2344,#2345,#2346);
#2344 = CARTESIAN_POINT('',(25.533392166521,12.4,2.));
#2345 = DIRECTION('',(0.,-1.,0.));
#2346 = DIRECTION('',(1.,0.,0.));
#2347 = ADVANCED_FACE('',(#2348),#2359,.T.);
#2348 = FACE_BOUND('',#2349,.T.);
#2349 = EDGE_LOOP('',(#2350,#2351,#2357,#2358));
#2350 = ORIENTED_EDGE('',*,*,#2320,.F.);
#2351 = ORIENTED_EDGE('',*,*,#2352,.T.);
#2352 = EDGE_CURVE('',#2313,#1744,#2353,.T.);
#2353 = LINE('',#2354,#2355);
#2354 = CARTESIAN_POINT('',(26.133392166521,13.,2.));
#2355 = VECTOR('',#2356,1.);
#2356 = DIRECTION('',(-0.,-0.,-1.));
#2357 = ORIENTED_EDGE('',*,*,#1743,.F.);
#2358 = ORIENTED_EDGE('',*,*,#2282,.F.);
#2359 = PLANE('',#2360);
#2360 = AXIS2_PLACEMENT_3D('',#2361,#2362,#2363);
#2361 = CARTESIAN_POINT('',(26.133392166521,13.,2.));
#2362 = DIRECTION('',(0.,1.,0.));
#2363 = DIRECTION('',(-1.,0.,0.));
#2364 = ADVANCED_FACE('',(#2365),#2371,.T.);
#2365 = FACE_BOUND('',#2366,.T.);
#2366 = EDGE_LOOP('',(#2367,#2368,#2369,#2370));
#2367 = ORIENTED_EDGE('',*,*,#2312,.F.);
#2368 = ORIENTED_EDGE('',*,*,#2337,.T.);
#2369 = ORIENTED_EDGE('',*,*,#1751,.F.);
#2370 = ORIENTED_EDGE('',*,*,#2352,.F.);
#2371 = PLANE('',#2372);
#2372 = AXIS2_PLACEMENT_3D('',#2373,#2374,#2375);
#2373 = CARTESIAN_POINT('',(26.133392166521,12.4,2.));
#2374 = DIRECTION('',(1.,0.,0.));
#2375 = DIRECTION('',(0.,1.,0.));
#2376 = ADVANCED_FACE('',(#2377),#2402,.T.);
#2377 = FACE_BOUND('',#2378,.T.);
#2378 = EDGE_LOOP('',(#2379,#2389,#2395,#2396));
#2379 = ORIENTED_EDGE('',*,*,#2380,.F.);
#2380 = EDGE_CURVE('',#2381,#2383,#2385,.T.);
#2381 = VERTEX_POINT('',#2382);
#2382 = CARTESIAN_POINT('',(30.613392166521,12.4,2.));
#2383 = VERTEX_POINT('',#2384);
#2384 = CARTESIAN_POINT('',(31.213392166521,12.4,2.));
#2385 = LINE('',#2386,#2387);
#2386 = CARTESIAN_POINT('',(30.613392166521,12.4,2.));
#2387 = VECTOR('',#2388,1.);
#2388 = DIRECTION('',(1.,0.,0.));
#2389 = ORIENTED_EDGE('',*,*,#2390,.T.);
#2390 = EDGE_CURVE('',#2381,#1762,#2391,.T.);
#2391 = LINE('',#2392,#2393);
#2392 = CARTESIAN_POINT('',(30.613392166521,12.4,2.));
#2393 = VECTOR('',#2394,1.);
#2394 = DIRECTION('',(-0.,-0.,-1.));
#2395 = ORIENTED_EDGE('',*,*,#1759,.F.);
#2396 = ORIENTED_EDGE('',*,*,#2397,.F.);
#2397 = EDGE_CURVE('',#2383,#1760,#2398,.T.);
#2398 = LINE('',#2399,#2400);
#2399 = CARTESIAN_POINT('',(31.213392166521,12.4,2.));
#2400 = VECTOR('',#2401,1.);
#2401 = DIRECTION('',(-0.,-0.,-1.));
#2402 = PLANE('',#2403);
#2403 = AXIS2_PLACEMENT_3D('',#2404,#2405,#2406);
#2404 = CARTESIAN_POINT('',(30.613392166521,12.4,2.));
#2405 = DIRECTION('',(0.,-1.,0.));
#2406 = DIRECTION('',(1.,0.,0.));
#2407 = ADVANCED_FACE('',(#2408),#2426,.T.);
#2408 = FACE_BOUND('',#2409,.T.);
#2409 = EDGE_LOOP('',(#2410,#2418,#2419,#2420));
#2410 = ORIENTED_EDGE('',*,*,#2411,.F.);
#2411 = EDGE_CURVE('',#2383,#2412,#2414,.T.);
#2412 = VERTEX_POINT('',#2413);
#2413 = CARTESIAN_POINT('',(31.213392166521,13.,2.));
#2414 = LINE('',#2415,#2416);
#2415 = CARTESIAN_POINT('',(31.213392166521,12.4,2.));
#2416 = VECTOR('',#2417,1.);
#2417 = DIRECTION('',(0.,1.,0.));
#2418 = ORIENTED_EDGE('',*,*,#2397,.T.);
#2419 = ORIENTED_EDGE('',*,*,#1785,.F.);
#2420 = ORIENTED_EDGE('',*,*,#2421,.F.);
#2421 = EDGE_CURVE('',#2412,#1778,#2422,.T.);
#2422 = LINE('',#2423,#2424);
#2423 = CARTESIAN_POINT('',(31.213392166521,13.,2.));
#2424 = VECTOR('',#2425,1.);
#2425 = DIRECTION('',(-0.,-0.,-1.));
#2426 = PLANE('',#2427);
#2427 = AXIS2_PLACEMENT_3D('',#2428,#2429,#2430);
#2428 = CARTESIAN_POINT('',(31.213392166521,12.4,2.));
#2429 = DIRECTION('',(1.,0.,0.));
#2430 = DIRECTION('',(0.,1.,0.));
#2431 = ADVANCED_FACE('',(#2432),#2450,.T.);
#2432 = FACE_BOUND('',#2433,.T.);
#2433 = EDGE_LOOP('',(#2434,#2442,#2443,#2444));
#2434 = ORIENTED_EDGE('',*,*,#2435,.F.);
#2435 = EDGE_CURVE('',#2412,#2436,#2438,.T.);
#2436 = VERTEX_POINT('',#2437);
#2437 = CARTESIAN_POINT('',(30.613392166521,13.,2.));
#2438 = LINE('',#2439,#2440);
#2439 = CARTESIAN_POINT('',(31.213392166521,13.,2.));
#2440 = VECTOR('',#2441,1.);
#2441 = DIRECTION('',(-1.,0.,0.));
#2442 = ORIENTED_EDGE('',*,*,#2421,.T.);
#2443 = ORIENTED_EDGE('',*,*,#1777,.F.);
#2444 = ORIENTED_EDGE('',*,*,#2445,.F.);
#2445 = EDGE_CURVE('',#2436,#1770,#2446,.T.);
#2446 = LINE('',#2447,#2448);
#2447 = CARTESIAN_POINT('',(30.613392166521,13.,2.));
#2448 = VECTOR('',#2449,1.);
#2449 = DIRECTION('',(-0.,-0.,-1.));
#2450 = PLANE('',#2451);
#2451 = AXIS2_PLACEMENT_3D('',#2452,#2453,#2454);
#2452 = CARTESIAN_POINT('',(31.213392166521,13.,2.));
#2453 = DIRECTION('',(0.,1.,0.));
#2454 = DIRECTION('',(-1.,0.,0.));
#2455 = ADVANCED_FACE('',(#2456),#2467,.T.);
#2456 = FACE_BOUND('',#2457,.T.);
#2457 = EDGE_LOOP('',(#2458,#2464,#2465,#2466));
#2458 = ORIENTED_EDGE('',*,*,#2459,.F.);
#2459 = EDGE_CURVE('',#2436,#2381,#2460,.T.);
#2460 = LINE('',#2461,#2462);
#2461 = CARTESIAN_POINT('',(30.613392166521,13.,2.));
#2462 = VECTOR('',#2463,1.);
#2463 = DIRECTION('',(0.,-1.,0.));
#2464 = ORIENTED_EDGE('',*,*,#2445,.T.);
#2465 = ORIENTED_EDGE('',*,*,#1769,.F.);
#2466 = ORIENTED_EDGE('',*,*,#2390,.F.);
#2467 = PLANE('',#2468);
#2468 = AXIS2_PLACEMENT_3D('',#2469,#2470,#2471);
#2469 = CARTESIAN_POINT('',(30.613392166521,13.,2.));
#2470 = DIRECTION('',(-1.,0.,0.));
#2471 = DIRECTION('',(0.,-1.,0.));
#2472 = ADVANCED_FACE('',(#2473),#2479,.T.);
#2473 = FACE_BOUND('',#2474,.T.);
#2474 = EDGE_LOOP('',(#2475,#2476,#2477,#2478));
#2475 = ORIENTED_EDGE('',*,*,#2459,.T.);
#2476 = ORIENTED_EDGE('',*,*,#2380,.T.);
#2477 = ORIENTED_EDGE('',*,*,#2411,.T.);
#2478 = ORIENTED_EDGE('',*,*,#2435,.T.);
#2479 = PLANE('',#2480);
#2480 = AXIS2_PLACEMENT_3D('',#2481,#2482,#2483);
#2481 = CARTESIAN_POINT('',(30.913392166521,-6.4420747E-10,2.));
#2482 = DIRECTION('',(0.,0.,1.));
#2483 = DIRECTION('',(1.,0.,0.));
#2484 = ADVANCED_FACE('',(#2485),#2510,.T.);
#2485 = FACE_BOUND('',#2486,.T.);
#2486 = EDGE_LOOP('',(#2487,#2497,#2503,#2504));
#2487 = ORIENTED_EDGE('',*,*,#2488,.F.);
#2488 = EDGE_CURVE('',#2489,#2491,#2493,.T.);
#2489 = VERTEX_POINT('',#2490);
#2490 = CARTESIAN_POINT('',(35.693392166521,12.4,2.));
#2491 = VERTEX_POINT('',#2492);
#2492 = CARTESIAN_POINT('',(36.293392166521,12.4,2.));
#2493 = LINE('',#2494,#2495);
#2494 = CARTESIAN_POINT('',(35.693392166521,12.4,2.));
#2495 = VECTOR('',#2496,1.);
#2496 = DIRECTION('',(1.,0.,0.));
#2497 = ORIENTED_EDGE('',*,*,#2498,.T.);
#2498 = EDGE_CURVE('',#2489,#1796,#2499,.T.);
#2499 = LINE('',#2500,#2501);
#2500 = CARTESIAN_POINT('',(35.693392166521,12.4,2.));
#2501 = VECTOR('',#2502,1.);
#2502 = DIRECTION('',(-0.,-0.,-1.));
#2503 = ORIENTED_EDGE('',*,*,#1793,.F.);
#2504 = ORIENTED_EDGE('',*,*,#2505,.F.);
#2505 = EDGE_CURVE('',#2491,#1794,#2506,.T.);
#2506 = LINE('',#2507,#2508);
#2507 = CARTESIAN_POINT('',(36.293392166521,12.4,2.));
#2508 = VECTOR('',#2509,1.);
#2509 = DIRECTION('',(-0.,-0.,-1.));
#2510 = PLANE('',#2511);
#2511 = AXIS2_PLACEMENT_3D('',#2512,#2513,#2514);
#2512 = CARTESIAN_POINT('',(35.693392166521,12.4,2.));
#2513 = DIRECTION('',(0.,-1.,0.));
#2514 = DIRECTION('',(1.,0.,0.));
#2515 = ADVANCED_FACE('',(#2516),#2534,.T.);
#2516 = FACE_BOUND('',#2517,.T.);
#2517 = EDGE_LOOP('',(#2518,#2526,#2527,#2528));
#2518 = ORIENTED_EDGE('',*,*,#2519,.F.);
#2519 = EDGE_CURVE('',#2491,#2520,#2522,.T.);
#2520 = VERTEX_POINT('',#2521);
#2521 = CARTESIAN_POINT('',(36.293392166521,13.,2.));
#2522 = LINE('',#2523,#2524);
#2523 = CARTESIAN_POINT('',(36.293392166521,12.4,2.));
#2524 = VECTOR('',#2525,1.);
#2525 = DIRECTION('',(0.,1.,0.));
#2526 = ORIENTED_EDGE('',*,*,#2505,.T.);
#2527 = ORIENTED_EDGE('',*,*,#1819,.F.);
#2528 = ORIENTED_EDGE('',*,*,#2529,.F.);
#2529 = EDGE_CURVE('',#2520,#1812,#2530,.T.);
#2530 = LINE('',#2531,#2532);
#2531 = CARTESIAN_POINT('',(36.293392166521,13.,2.));
#2532 = VECTOR('',#2533,1.);
#2533 = DIRECTION('',(-0.,-0.,-1.));
#2534 = PLANE('',#2535);
#2535 = AXIS2_PLACEMENT_3D('',#2536,#2537,#2538);
#2536 = CARTESIAN_POINT('',(36.293392166521,12.4,2.));
#2537 = DIRECTION('',(1.,0.,0.));
#2538 = DIRECTION('',(0.,1.,0.));
#2539 = ADVANCED_FACE('',(#2540),#2558,.T.);
#2540 = FACE_BOUND('',#2541,.T.);
#2541 = EDGE_LOOP('',(#2542,#2550,#2551,#2552));
#2542 = ORIENTED_EDGE('',*,*,#2543,.F.);
#2543 = EDGE_CURVE('',#2520,#2544,#2546,.T.);
#2544 = VERTEX_POINT('',#2545);
#2545 = CARTESIAN_POINT('',(35.693392166521,13.,2.));
#2546 = LINE('',#2547,#2548);
#2547 = CARTESIAN_POINT('',(36.293392166521,13.,2.));
#2548 = VECTOR('',#2549,1.);
#2549 = DIRECTION('',(-1.,0.,0.));
#2550 = ORIENTED_EDGE('',*,*,#2529,.T.);
#2551 = ORIENTED_EDGE('',*,*,#1811,.F.);
#2552 = ORIENTED_EDGE('',*,*,#2553,.F.);
#2553 = EDGE_CURVE('',#2544,#1804,#2554,.T.);
#2554 = LINE('',#2555,#2556);
#2555 = CARTESIAN_POINT('',(35.693392166521,13.,2.));
#2556 = VECTOR('',#2557,1.);
#2557 = DIRECTION('',(-0.,-0.,-1.));
#2558 = PLANE('',#2559);
#2559 = AXIS2_PLACEMENT_3D('',#2560,#2561,#2562);
#2560 = CARTESIAN_POINT('',(36.293392166521,13.,2.));
#2561 = DIRECTION('',(0.,1.,0.));
#2562 = DIRECTION('',(-1.,0.,0.));
#2563 = ADVANCED_FACE('',(#2564),#2575,.T.);
#2564 = FACE_BOUND('',#2565,.T.);
#2565 = EDGE_LOOP('',(#2566,#2572,#2573,#2574));
#2566 = ORIENTED_EDGE('',*,*,#2567,.F.);
#2567 = EDGE_CURVE('',#2544,#2489,#2568,.T.);
#2568 = LINE('',#2569,#2570);
#2569 = CARTESIAN_POINT('',(35.693392166521,13.,2.));
#2570 = VECTOR('',#2571,1.);
#2571 = DIRECTION('',(0.,-1.,0.));
#2572 = ORIENTED_EDGE('',*,*,#2553,.T.);
#2573 = ORIENTED_EDGE('',*,*,#1803,.F.);
#2574 = ORIENTED_EDGE('',*,*,#2498,.F.);
#2575 = PLANE('',#2576);
#2576 = AXIS2_PLACEMENT_3D('',#2577,#2578,#2579);
#2577 = CARTESIAN_POINT('',(35.693392166521,13.,2.));
#2578 = DIRECTION('',(-1.,0.,0.));
#2579 = DIRECTION('',(0.,-1.,0.));
#2580 = ADVANCED_FACE('',(#2581),#2587,.T.);
#2581 = FACE_BOUND('',#2582,.T.);
#2582 = EDGE_LOOP('',(#2583,#2584,#2585,#2586));
#2583 = ORIENTED_EDGE('',*,*,#2567,.T.);
#2584 = ORIENTED_EDGE('',*,*,#2488,.T.);
#2585 = ORIENTED_EDGE('',*,*,#2519,.T.);
#2586 = ORIENTED_EDGE('',*,*,#2543,.T.);
#2587 = PLANE('',#2588);
#2588 = AXIS2_PLACEMENT_3D('',#2589,#2590,#2591);
#2589 = CARTESIAN_POINT('',(35.993392166521,-6.4420747E-10,2.));
#2590 = DIRECTION('',(0.,0.,1.));
#2591 = DIRECTION('',(1.,0.,0.));
#2592 = ADVANCED_FACE('',(#2593),#2618,.T.);
#2593 = FACE_BOUND('',#2594,.T.);
#2594 = EDGE_LOOP('',(#2595,#2605,#2611,#2612));
#2595 = ORIENTED_EDGE('',*,*,#2596,.F.);
#2596 = EDGE_CURVE('',#2597,#2599,#2601,.T.);
#2597 = VERTEX_POINT('',#2598);
#2598 = CARTESIAN_POINT('',(40.773392166521,12.4,2.));
#2599 = VERTEX_POINT('',#2600);
#2600 = CARTESIAN_POINT('',(41.373392166521,12.4,2.));
#2601 = LINE('',#2602,#2603);
#2602 = CARTESIAN_POINT('',(40.773392166521,12.4,2.));
#2603 = VECTOR('',#2604,1.);
#2604 = DIRECTION('',(1.,0.,0.));
#2605 = ORIENTED_EDGE('',*,*,#2606,.T.);
#2606 = EDGE_CURVE('',#2597,#1830,#2607,.T.);
#2607 = LINE('',#2608,#2609);
#2608 = CARTESIAN_POINT('',(40.773392166521,12.4,2.));
#2609 = VECTOR('',#2610,1.);
#2610 = DIRECTION('',(-0.,-0.,-1.));
#2611 = ORIENTED_EDGE('',*,*,#1827,.F.);
#2612 = ORIENTED_EDGE('',*,*,#2613,.F.);
#2613 = EDGE_CURVE('',#2599,#1828,#2614,.T.);
#2614 = LINE('',#2615,#2616);
#2615 = CARTESIAN_POINT('',(41.373392166521,12.4,2.));
#2616 = VECTOR('',#2617,1.);
#2617 = DIRECTION('',(-0.,-0.,-1.));
#2618 = PLANE('',#2619);
#2619 = AXIS2_PLACEMENT_3D('',#2620,#2621,#2622);
#2620 = CARTESIAN_POINT('',(40.773392166521,12.4,2.));
#2621 = DIRECTION('',(0.,-1.,0.));
#2622 = DIRECTION('',(1.,0.,0.));
#2623 = ADVANCED_FACE('',(#2624),#2642,.T.);
#2624 = FACE_BOUND('',#2625,.T.);
#2625 = EDGE_LOOP('',(#2626,#2634,#2635,#2636));
#2626 = ORIENTED_EDGE('',*,*,#2627,.F.);
#2627 = EDGE_CURVE('',#2599,#2628,#2630,.T.);
#2628 = VERTEX_POINT('',#2629);
#2629 = CARTESIAN_POINT('',(41.373392166521,13.,2.));
#2630 = LINE('',#2631,#2632);
#2631 = CARTESIAN_POINT('',(41.373392166521,12.4,2.));
#2632 = VECTOR('',#2633,1.);
#2633 = DIRECTION('',(0.,1.,0.));
#2634 = ORIENTED_EDGE('',*,*,#2613,.T.);
#2635 = ORIENTED_EDGE('',*,*,#1853,.F.);
#2636 = ORIENTED_EDGE('',*,*,#2637,.F.);
#2637 = EDGE_CURVE('',#2628,#1846,#2638,.T.);
#2638 = LINE('',#2639,#2640);
#2639 = CARTESIAN_POINT('',(41.373392166521,13.,2.));
#2640 = VECTOR('',#2641,1.);
#2641 = DIRECTION('',(-0.,-0.,-1.));
#2642 = PLANE('',#2643);
#2643 = AXIS2_PLACEMENT_3D('',#2644,#2645,#2646);
#2644 = CARTESIAN_POINT('',(41.373392166521,12.4,2.));
#2645 = DIRECTION('',(1.,0.,0.));
#2646 = DIRECTION('',(0.,1.,0.));
#2647 = ADVANCED_FACE('',(#2648),#2666,.T.);
#2648 = FACE_BOUND('',#2649,.T.);
#2649 = EDGE_LOOP('',(#2650,#2658,#2659,#2660));
#2650 = ORIENTED_EDGE('',*,*,#2651,.F.);
#2651 = EDGE_CURVE('',#2628,#2652,#2654,.T.);
#2652 = VERTEX_POINT('',#2653);
#2653 = CARTESIAN_POINT('',(40.773392166521,13.,2.));
#2654 = LINE('',#2655,#2656);
#2655 = CARTESIAN_POINT('',(41.373392166521,13.,2.));
#2656 = VECTOR('',#2657,1.);
#2657 = DIRECTION('',(-1.,0.,0.));
#2658 = ORIENTED_EDGE('',*,*,#2637,.T.);
#2659 = ORIENTED_EDGE('',*,*,#1845,.F.);
#2660 = ORIENTED_EDGE('',*,*,#2661,.F.);
#2661 = EDGE_CURVE('',#2652,#1838,#2662,.T.);
#2662 = LINE('',#2663,#2664);
#2663 = CARTESIAN_POINT('',(40.773392166521,13.,2.));
#2664 = VECTOR('',#2665,1.);
#2665 = DIRECTION('',(-0.,-0.,-1.));
#2666 = PLANE('',#2667);
#2667 = AXIS2_PLACEMENT_3D('',#2668,#2669,#2670);
#2668 = CARTESIAN_POINT('',(41.373392166521,13.,2.));
#2669 = DIRECTION('',(0.,1.,0.));
#2670 = DIRECTION('',(-1.,0.,0.));
#2671 = ADVANCED_FACE('',(#2672),#2683,.T.);
#2672 = FACE_BOUND('',#2673,.T.);
#2673 = EDGE_LOOP('',(#2674,#2680,#2681,#2682));
#2674 = ORIENTED_EDGE('',*,*,#2675,.F.);
#2675 = EDGE_CURVE('',#2652,#2597,#2676,.T.);
#2676 = LINE('',#2677,#2678);
#2677 = CARTESIAN_POINT('',(40.773392166521,13.,2.));
#2678 = VECTOR('',#2679,1.);
#2679 = DIRECTION('',(0.,-1.,0.));
#2680 = ORIENTED_EDGE('',*,*,#2661,.T.);
#2681 = ORIENTED_EDGE('',*,*,#1837,.F.);
#2682 = ORIENTED_EDGE('',*,*,#2606,.F.);
#2683 = PLANE('',#2684);
#2684 = AXIS2_PLACEMENT_3D('',#2685,#2686,#2687);
#2685 = CARTESIAN_POINT('',(40.773392166521,13.,2.));
#2686 = DIRECTION('',(-1.,0.,0.));
#2687 = DIRECTION('',(0.,-1.,0.));
#2688 = ADVANCED_FACE('',(#2689),#2695,.T.);
#2689 = FACE_BOUND('',#2690,.T.);
#2690 = EDGE_LOOP('',(#2691,#2692,#2693,#2694));
#2691 = ORIENTED_EDGE('',*,*,#2675,.T.);
#2692 = ORIENTED_EDGE('',*,*,#2596,.T.);
#2693 = ORIENTED_EDGE('',*,*,#2627,.T.);
#2694 = ORIENTED_EDGE('',*,*,#2651,.T.);
#2695 = PLANE('',#2696);
#2696 = AXIS2_PLACEMENT_3D('',#2697,#2698,#2699);
#2697 = CARTESIAN_POINT('',(41.073392166521,-6.4420747E-10,2.));
#2698 = DIRECTION('',(0.,0.,1.));
#2699 = DIRECTION('',(1.,0.,0.));
#2700 = ADVANCED_FACE('',(#2701),#2726,.T.);
#2701 = FACE_BOUND('',#2702,.T.);
#2702 = EDGE_LOOP('',(#2703,#2713,#2719,#2720));
#2703 = ORIENTED_EDGE('',*,*,#2704,.F.);
#2704 = EDGE_CURVE('',#2705,#2707,#2709,.T.);
#2705 = VERTEX_POINT('',#2706);
#2706 = CARTESIAN_POINT('',(45.853392166521,12.4,2.));
#2707 = VERTEX_POINT('',#2708);
#2708 = CARTESIAN_POINT('',(46.453392166521,12.4,2.));
#2709 = LINE('',#2710,#2711);
#2710 = CARTESIAN_POINT('',(45.853392166521,12.4,2.));
#2711 = VECTOR('',#2712,1.);
#2712 = DIRECTION('',(1.,0.,0.));
#2713 = ORIENTED_EDGE('',*,*,#2714,.T.);
#2714 = EDGE_CURVE('',#2705,#1864,#2715,.T.);
#2715 = LINE('',#2716,#2717);
#2716 = CARTESIAN_POINT('',(45.853392166521,12.4,2.));
#2717 = VECTOR('',#2718,1.);
#2718 = DIRECTION('',(-0.,-0.,-1.));
#2719 = ORIENTED_EDGE('',*,*,#1861,.F.);
#2720 = ORIENTED_EDGE('',*,*,#2721,.F.);
#2721 = EDGE_CURVE('',#2707,#1862,#2722,.T.);
#2722 = LINE('',#2723,#2724);
#2723 = CARTESIAN_POINT('',(46.453392166521,12.4,2.));
#2724 = VECTOR('',#2725,1.);
#2725 = DIRECTION('',(-0.,-0.,-1.));
#2726 = PLANE('',#2727);
#2727 = AXIS2_PLACEMENT_3D('',#2728,#2729,#2730);
#2728 = CARTESIAN_POINT('',(45.853392166521,12.4,2.));
#2729 = DIRECTION('',(0.,-1.,0.));
#2730 = DIRECTION('',(1.,0.,0.));
#2731 = ADVANCED_FACE('',(#2732),#2750,.T.);
#2732 = FACE_BOUND('',#2733,.T.);
#2733 = EDGE_LOOP('',(#2734,#2742,#2743,#2744));
#2734 = ORIENTED_EDGE('',*,*,#2735,.F.);
#2735 = EDGE_CURVE('',#2707,#2736,#2738,.T.);
#2736 = VERTEX_POINT('',#2737);
#2737 = CARTESIAN_POINT('',(46.453392166521,13.,2.));
#2738 = LINE('',#2739,#2740);
#2739 = CARTESIAN_POINT('',(46.453392166521,12.4,2.));
#2740 = VECTOR('',#2741,1.);
#2741 = DIRECTION('',(0.,1.,0.));
#2742 = ORIENTED_EDGE('',*,*,#2721,.T.);
#2743 = ORIENTED_EDGE('',*,*,#1887,.F.);
#2744 = ORIENTED_EDGE('',*,*,#2745,.F.);
#2745 = EDGE_CURVE('',#2736,#1880,#2746,.T.);
#2746 = LINE('',#2747,#2748);
#2747 = CARTESIAN_POINT('',(46.453392166521,13.,2.));
#2748 = VECTOR('',#2749,1.);
#2749 = DIRECTION('',(-0.,-0.,-1.));
#2750 = PLANE('',#2751);
#2751 = AXIS2_PLACEMENT_3D('',#2752,#2753,#2754);
#2752 = CARTESIAN_POINT('',(46.453392166521,12.4,2.));
#2753 = DIRECTION('',(1.,0.,0.));
#2754 = DIRECTION('',(0.,1.,0.));
#2755 = ADVANCED_FACE('',(#2756),#2774,.T.);
#2756 = FACE_BOUND('',#2757,.T.);
#2757 = EDGE_LOOP('',(#2758,#2766,#2767,#2768));
#2758 = ORIENTED_EDGE('',*,*,#2759,.F.);
#2759 = EDGE_CURVE('',#2736,#2760,#2762,.T.);
#2760 = VERTEX_POINT('',#2761);
#2761 = CARTESIAN_POINT('',(45.853392166521,13.,2.));
#2762 = LINE('',#2763,#2764);
#2763 = CARTESIAN_POINT('',(46.453392166521,13.,2.));
#2764 = VECTOR('',#2765,1.);
#2765 = DIRECTION('',(-1.,0.,0.));
#2766 = ORIENTED_EDGE('',*,*,#2745,.T.);
#2767 = ORIENTED_EDGE('',*,*,#1879,.F.);
#2768 = ORIENTED_EDGE('',*,*,#2769,.F.);
#2769 = EDGE_CURVE('',#2760,#1872,#2770,.T.);
#2770 = LINE('',#2771,#2772);
#2771 = CARTESIAN_POINT('',(45.853392166521,13.,2.));
#2772 = VECTOR('',#2773,1.);
#2773 = DIRECTION('',(-0.,-0.,-1.));
#2774 = PLANE('',#2775);
#2775 = AXIS2_PLACEMENT_3D('',#2776,#2777,#2778);
#2776 = CARTESIAN_POINT('',(46.453392166521,13.,2.));
#2777 = DIRECTION('',(0.,1.,0.));
#2778 = DIRECTION('',(-1.,0.,0.));
#2779 = ADVANCED_FACE('',(#2780),#2791,.T.);
#2780 = FACE_BOUND('',#2781,.T.);
#2781 = EDGE_LOOP('',(#2782,#2788,#2789,#2790));
#2782 = ORIENTED_EDGE('',*,*,#2783,.F.);
#2783 = EDGE_CURVE('',#2760,#2705,#2784,.T.);
#2784 = LINE('',#2785,#2786);
#2785 = CARTESIAN_POINT('',(45.853392166521,13.,2.));
#2786 = VECTOR('',#2787,1.);
#2787 = DIRECTION('',(0.,-1.,0.));
#2788 = ORIENTED_EDGE('',*,*,#2769,.T.);
#2789 = ORIENTED_EDGE('',*,*,#1871,.F.);
#2790 = ORIENTED_EDGE('',*,*,#2714,.F.);
#2791 = PLANE('',#2792);
#2792 = AXIS2_PLACEMENT_3D('',#2793,#2794,#2795);
#2793 = CARTESIAN_POINT('',(45.853392166521,13.,2.));
#2794 = DIRECTION('',(-1.,0.,0.));
#2795 = DIRECTION('',(0.,-1.,0.));
#2796 = ADVANCED_FACE('',(#2797),#2803,.T.);
#2797 = FACE_BOUND('',#2798,.T.);
#2798 = EDGE_LOOP('',(#2799,#2800,#2801,#2802));
#2799 = ORIENTED_EDGE('',*,*,#2783,.T.);
#2800 = ORIENTED_EDGE('',*,*,#2704,.T.);
#2801 = ORIENTED_EDGE('',*,*,#2735,.T.);
#2802 = ORIENTED_EDGE('',*,*,#2759,.T.);
#2803 = PLANE('',#2804);
#2804 = AXIS2_PLACEMENT_3D('',#2805,#2806,#2807);
#2805 = CARTESIAN_POINT('',(46.153392166521,-6.4420747E-10,2.));
#2806 = DIRECTION('',(0.,0.,1.));
#2807 = DIRECTION('',(1.,0.,0.));
#2808 = ADVANCED_FACE('',(#2809),#2834,.T.);
#2809 = FACE_BOUND('',#2810,.T.);
#2810 = EDGE_LOOP('',(#2811,#2821,#2827,#2828));
#2811 = ORIENTED_EDGE('',*,*,#2812,.F.);
#2812 = EDGE_CURVE('',#2813,#2815,#2817,.T.);
#2813 = VERTEX_POINT('',#2814);
#2814 = CARTESIAN_POINT('',(50.933392166521,12.4,2.));
#2815 = VERTEX_POINT('',#2816);
#2816 = CARTESIAN_POINT('',(51.533392166521,12.4,2.));
#2817 = LINE('',#2818,#2819);
#2818 = CARTESIAN_POINT('',(50.933392166521,12.4,2.));
#2819 = VECTOR('',#2820,1.);
#2820 = DIRECTION('',(1.,0.,0.));
#2821 = ORIENTED_EDGE('',*,*,#2822,.T.);
#2822 = EDGE_CURVE('',#2813,#1898,#2823,.T.);
#2823 = LINE('',#2824,#2825);
#2824 = CARTESIAN_POINT('',(50.933392166521,12.4,2.));
#2825 = VECTOR('',#2826,1.);
#2826 = DIRECTION('',(-0.,-0.,-1.));
#2827 = ORIENTED_EDGE('',*,*,#1895,.F.);
#2828 = ORIENTED_EDGE('',*,*,#2829,.F.);
#2829 = EDGE_CURVE('',#2815,#1896,#2830,.T.);
#2830 = LINE('',#2831,#2832);
#2831 = CARTESIAN_POINT('',(51.533392166521,12.4,2.));
#2832 = VECTOR('',#2833,1.);
#2833 = DIRECTION('',(-0.,-0.,-1.));
#2834 = PLANE('',#2835);
#2835 = AXIS2_PLACEMENT_3D('',#2836,#2837,#2838);
#2836 = CARTESIAN_POINT('',(50.933392166521,12.4,2.));
#2837 = DIRECTION('',(0.,-1.,0.));
#2838 = DIRECTION('',(1.,0.,0.));
#2839 = ADVANCED_FACE('',(#2840),#2858,.T.);
#2840 = FACE_BOUND('',#2841,.T.);
#2841 = EDGE_LOOP('',(#2842,#2850,#2851,#2852));
#2842 = ORIENTED_EDGE('',*,*,#2843,.F.);
#2843 = EDGE_CURVE('',#2815,#2844,#2846,.T.);
#2844 = VERTEX_POINT('',#2845);
#2845 = CARTESIAN_POINT('',(51.533392166521,13.,2.));
#2846 = LINE('',#2847,#2848);
#2847 = CARTESIAN_POINT('',(51.533392166521,12.4,2.));
#2848 = VECTOR('',#2849,1.);
#2849 = DIRECTION('',(0.,1.,0.));
#2850 = ORIENTED_EDGE('',*,*,#2829,.T.);
#2851 = ORIENTED_EDGE('',*,*,#1921,.F.);
#2852 = ORIENTED_EDGE('',*,*,#2853,.F.);
#2853 = EDGE_CURVE('',#2844,#1914,#2854,.T.);
#2854 = LINE('',#2855,#2856);
#2855 = CARTESIAN_POINT('',(51.533392166521,13.,2.));
#2856 = VECTOR('',#2857,1.);
#2857 = DIRECTION('',(-0.,-0.,-1.));
#2858 = PLANE('',#2859);
#2859 = AXIS2_PLACEMENT_3D('',#2860,#2861,#2862);
#2860 = CARTESIAN_POINT('',(51.533392166521,12.4,2.));
#2861 = DIRECTION('',(1.,0.,0.));
#2862 = DIRECTION('',(0.,1.,0.));
#2863 = ADVANCED_FACE('',(#2864),#2882,.T.);
#2864 = FACE_BOUND('',#2865,.T.);
#2865 = EDGE_LOOP('',(#2866,#2874,#2875,#2876));
#2866 = ORIENTED_EDGE('',*,*,#2867,.F.);
#2867 = EDGE_CURVE('',#2844,#2868,#2870,.T.);
#2868 = VERTEX_POINT('',#2869);
#2869 = CARTESIAN_POINT('',(50.933392166521,13.,2.));
#2870 = LINE('',#2871,#2872);
#2871 = CARTESIAN_POINT('',(51.533392166521,13.,2.));
#2872 = VECTOR('',#2873,1.);
#2873 = DIRECTION('',(-1.,0.,0.));
#2874 = ORIENTED_EDGE('',*,*,#2853,.T.);
#2875 = ORIENTED_EDGE('',*,*,#1913,.F.);
#2876 = ORIENTED_EDGE('',*,*,#2877,.F.);
#2877 = EDGE_CURVE('',#2868,#1906,#2878,.T.);
#2878 = LINE('',#2879,#2880);
#2879 = CARTESIAN_POINT('',(50.933392166521,13.,2.));
#2880 = VECTOR('',#2881,1.);
#2881 = DIRECTION('',(-0.,-0.,-1.));
#2882 = PLANE('',#2883);
#2883 = AXIS2_PLACEMENT_3D('',#2884,#2885,#2886);
#2884 = CARTESIAN_POINT('',(51.533392166521,13.,2.));
#2885 = DIRECTION('',(0.,1.,0.));
#2886 = DIRECTION('',(-1.,0.,0.));
#2887 = ADVANCED_FACE('',(#2888),#2899,.T.);
#2888 = FACE_BOUND('',#2889,.T.);
#2889 = EDGE_LOOP('',(#2890,#2896,#2897,#2898));
#2890 = ORIENTED_EDGE('',*,*,#2891,.F.);
#2891 = EDGE_CURVE('',#2868,#2813,#2892,.T.);
#2892 = LINE('',#2893,#2894);
#2893 = CARTESIAN_POINT('',(50.933392166521,13.,2.));
#2894 = VECTOR('',#2895,1.);
#2895 = DIRECTION('',(0.,-1.,0.));
#2896 = ORIENTED_EDGE('',*,*,#2877,.T.);
#2897 = ORIENTED_EDGE('',*,*,#1905,.F.);
#2898 = ORIENTED_EDGE('',*,*,#2822,.F.);
#2899 = PLANE('',#2900);
#2900 = AXIS2_PLACEMENT_3D('',#2901,#2902,#2903);
#2901 = CARTESIAN_POINT('',(50.933392166521,13.,2.));
#2902 = DIRECTION('',(-1.,0.,0.));
#2903 = DIRECTION('',(0.,-1.,0.));
#2904 = ADVANCED_FACE('',(#2905),#2911,.T.);
#2905 = FACE_BOUND('',#2906,.T.);
#2906 = EDGE_LOOP('',(#2907,#2908,#2909,#2910));
#2907 = ORIENTED_EDGE('',*,*,#2891,.T.);
#2908 = ORIENTED_EDGE('',*,*,#2812,.T.);
#2909 = ORIENTED_EDGE('',*,*,#2843,.T.);
#2910 = ORIENTED_EDGE('',*,*,#2867,.T.);
#2911 = PLANE('',#2912);
#2912 = AXIS2_PLACEMENT_3D('',#2913,#2914,#2915);
#2913 = CARTESIAN_POINT('',(51.233392166521,-6.4420747E-10,2.));
#2914 = DIRECTION('',(0.,0.,1.));
#2915 = DIRECTION('',(1.,0.,0.));
#2916 = ADVANCED_FACE('',(#2917),#2942,.T.);
#2917 = FACE_BOUND('',#2918,.T.);
#2918 = EDGE_LOOP('',(#2919,#2929,#2935,#2936));
#2919 = ORIENTED_EDGE('',*,*,#2920,.F.);
#2920 = EDGE_CURVE('',#2921,#2923,#2925,.T.);
#2921 = VERTEX_POINT('',#2922);
#2922 = CARTESIAN_POINT('',(56.013392166521,12.4,2.));
#2923 = VERTEX_POINT('',#2924);
#2924 = CARTESIAN_POINT('',(56.613392166521,12.4,2.));
#2925 = LINE('',#2926,#2927);
#2926 = CARTESIAN_POINT('',(56.013392166521,12.4,2.));
#2927 = VECTOR('',#2928,1.);
#2928 = DIRECTION('',(1.,0.,0.));
#2929 = ORIENTED_EDGE('',*,*,#2930,.T.);
#2930 = EDGE_CURVE('',#2921,#1932,#2931,.T.);
#2931 = LINE('',#2932,#2933);
#2932 = CARTESIAN_POINT('',(56.013392166521,12.4,2.));
#2933 = VECTOR('',#2934,1.);
#2934 = DIRECTION('',(-0.,-0.,-1.));
#2935 = ORIENTED_EDGE('',*,*,#1929,.F.);
#2936 = ORIENTED_EDGE('',*,*,#2937,.F.);
#2937 = EDGE_CURVE('',#2923,#1930,#2938,.T.);
#2938 = LINE('',#2939,#2940);
#2939 = CARTESIAN_POINT('',(56.613392166521,12.4,2.));
#2940 = VECTOR('',#2941,1.);
#2941 = DIRECTION('',(-0.,-0.,-1.));
#2942 = PLANE('',#2943);
#2943 = AXIS2_PLACEMENT_3D('',#2944,#2945,#2946);
#2944 = CARTESIAN_POINT('',(56.013392166521,12.4,2.));
#2945 = DIRECTION('',(0.,-1.,0.));
#2946 = DIRECTION('',(1.,0.,0.));
#2947 = ADVANCED_FACE('',(#2948),#2966,.T.);
#2948 = FACE_BOUND('',#2949,.T.);
#2949 = EDGE_LOOP('',(#2950,#2958,#2959,#2960));
#2950 = ORIENTED_EDGE('',*,*,#2951,.F.);
#2951 = EDGE_CURVE('',#2923,#2952,#2954,.T.);
#2952 = VERTEX_POINT('',#2953);
#2953 = CARTESIAN_POINT('',(56.613392166521,13.,2.));
#2954 = LINE('',#2955,#2956);
#2955 = CARTESIAN_POINT('',(56.613392166521,12.4,2.));
#2956 = VECTOR('',#2957,1.);
#2957 = DIRECTION('',(0.,1.,0.));
#2958 = ORIENTED_EDGE('',*,*,#2937,.T.);
#2959 = ORIENTED_EDGE('',*,*,#1955,.F.);
#2960 = ORIENTED_EDGE('',*,*,#2961,.F.);
#2961 = EDGE_CURVE('',#2952,#1948,#2962,.T.);
#2962 = LINE('',#2963,#2964);
#2963 = CARTESIAN_POINT('',(56.613392166521,13.,2.));
#2964 = VECTOR('',#2965,1.);
#2965 = DIRECTION('',(-0.,-0.,-1.));
#2966 = PLANE('',#2967);
#2967 = AXIS2_PLACEMENT_3D('',#2968,#2969,#2970);
#2968 = CARTESIAN_POINT('',(56.613392166521,12.4,2.));
#2969 = DIRECTION('',(1.,0.,0.));
#2970 = DIRECTION('',(0.,1.,0.));
#2971 = ADVANCED_FACE('',(#2972),#2990,.T.);
#2972 = FACE_BOUND('',#2973,.T.);
#2973 = EDGE_LOOP('',(#2974,#2982,#2983,#2984));
#2974 = ORIENTED_EDGE('',*,*,#2975,.F.);
#2975 = EDGE_CURVE('',#2952,#2976,#2978,.T.);
#2976 = VERTEX_POINT('',#2977);
#2977 = CARTESIAN_POINT('',(56.013392166521,13.,2.));
#2978 = LINE('',#2979,#2980);
#2979 = CARTESIAN_POINT('',(56.613392166521,13.,2.));
#2980 = VECTOR('',#2981,1.);
#2981 = DIRECTION('',(-1.,0.,0.));
#2982 = ORIENTED_EDGE('',*,*,#2961,.T.);
#2983 = ORIENTED_EDGE('',*,*,#1947,.F.);
#2984 = ORIENTED_EDGE('',*,*,#2985,.F.);
#2985 = EDGE_CURVE('',#2976,#1940,#2986,.T.);
#2986 = LINE('',#2987,#2988);
#2987 = CARTESIAN_POINT('',(56.013392166521,13.,2.));
#2988 = VECTOR('',#2989,1.);
#2989 = DIRECTION('',(-0.,-0.,-1.));
#2990 = PLANE('',#2991);
#2991 = AXIS2_PLACEMENT_3D('',#2992,#2993,#2994);
#2992 = CARTESIAN_POINT('',(56.613392166521,13.,2.));
#2993 = DIRECTION('',(0.,1.,0.));
#2994 = DIRECTION('',(-1.,0.,0.));
#2995 = ADVANCED_FACE('',(#2996),#3007,.T.);
#2996 = FACE_BOUND('',#2997,.T.);
#2997 = EDGE_LOOP('',(#2998,#3004,#3005,#3006));
#2998 = ORIENTED_EDGE('',*,*,#2999,.F.);
#2999 = EDGE_CURVE('',#2976,#2921,#3000,.T.);
#3000 = LINE('',#3001,#3002);
#3001 = CARTESIAN_POINT('',(56.013392166521,13.,2.));
#3002 = VECTOR('',#3003,1.);
#3003 = DIRECTION('',(0.,-1.,0.));
#3004 = ORIENTED_EDGE('',*,*,#2985,.T.);
#3005 = ORIENTED_EDGE('',*,*,#1939,.F.);
#3006 = ORIENTED_EDGE('',*,*,#2930,.F.);
#3007 = PLANE('',#3008);
#3008 = AXIS2_PLACEMENT_3D('',#3009,#3010,#3011);
#3009 = CARTESIAN_POINT('',(56.013392166521,13.,2.));
#3010 = DIRECTION('',(-1.,0.,0.));
#3011 = DIRECTION('',(0.,-1.,0.));
#3012 = ADVANCED_FACE('',(#3013),#3019,.T.);
#3013 = FACE_BOUND('',#3014,.T.);
#3014 = EDGE_LOOP('',(#3015,#3016,#3017,#3018));
#3015 = ORIENTED_EDGE('',*,*,#2999,.T.);
#3016 = ORIENTED_EDGE('',*,*,#2920,.T.);
#3017 = ORIENTED_EDGE('',*,*,#2951,.T.);
#3018 = ORIENTED_EDGE('',*,*,#2975,.T.);
#3019 = PLANE('',#3020);
#3020 = AXIS2_PLACEMENT_3D('',#3021,#3022,#3023);
#3021 = CARTESIAN_POINT('',(56.313392166521,-6.4420747E-10,2.));
#3022 = DIRECTION('',(0.,0.,1.));
#3023 = DIRECTION('',(1.,0.,0.));
#3024 = ADVANCED_FACE('',(#3025),#3050,.T.);
#3025 = FACE_BOUND('',#3026,.T.);
#3026 = EDGE_LOOP('',(#3027,#3037,#3043,#3044));
#3027 = ORIENTED_EDGE('',*,*,#3028,.F.);
#3028 = EDGE_CURVE('',#3029,#3031,#3033,.T.);
#3029 = VERTEX_POINT('',#3030);
#3030 = CARTESIAN_POINT('',(58.553392166521,12.4,2.));
#3031 = VERTEX_POINT('',#3032);
#3032 = CARTESIAN_POINT('',(59.153392166521,12.4,2.));
#3033 = LINE('',#3034,#3035);
#3034 = CARTESIAN_POINT('',(58.553392166521,12.4,2.));
#3035 = VECTOR('',#3036,1.);
#3036 = DIRECTION('',(1.,0.,0.));
#3037 = ORIENTED_EDGE('',*,*,#3038,.T.);
#3038 = EDGE_CURVE('',#3029,#1966,#3039,.T.);
#3039 = LINE('',#3040,#3041);
#3040 = CARTESIAN_POINT('',(58.553392166521,12.4,2.));
#3041 = VECTOR('',#3042,1.);
#3042 = DIRECTION('',(-0.,-0.,-1.));
#3043 = ORIENTED_EDGE('',*,*,#1963,.F.);
#3044 = ORIENTED_EDGE('',*,*,#3045,.F.);
#3045 = EDGE_CURVE('',#3031,#1964,#3046,.T.);
#3046 = LINE('',#3047,#3048);
#3047 = CARTESIAN_POINT('',(59.153392166521,12.4,2.));
#3048 = VECTOR('',#3049,1.);
#3049 = DIRECTION('',(-0.,-0.,-1.));
#3050 = PLANE('',#3051);
#3051 = AXIS2_PLACEMENT_3D('',#3052,#3053,#3054);
#3052 = CARTESIAN_POINT('',(58.553392166521,12.4,2.));
#3053 = DIRECTION('',(0.,-1.,0.));
#3054 = DIRECTION('',(1.,0.,0.));
#3055 = ADVANCED_FACE('',(#3056),#3074,.T.);
#3056 = FACE_BOUND('',#3057,.T.);
#3057 = EDGE_LOOP('',(#3058,#3066,#3067,#3068));
#3058 = ORIENTED_EDGE('',*,*,#3059,.F.);
#3059 = EDGE_CURVE('',#3031,#3060,#3062,.T.);
#3060 = VERTEX_POINT('',#3061);
#3061 = CARTESIAN_POINT('',(59.153392166521,13.,2.));
#3062 = LINE('',#3063,#3064);
#3063 = CARTESIAN_POINT('',(59.153392166521,12.4,2.));
#3064 = VECTOR('',#3065,1.);
#3065 = DIRECTION('',(0.,1.,0.));
#3066 = ORIENTED_EDGE('',*,*,#3045,.T.);
#3067 = ORIENTED_EDGE('',*,*,#1989,.F.);
#3068 = ORIENTED_EDGE('',*,*,#3069,.F.);
#3069 = EDGE_CURVE('',#3060,#1982,#3070,.T.);
#3070 = LINE('',#3071,#3072);
#3071 = CARTESIAN_POINT('',(59.153392166521,13.,2.));
#3072 = VECTOR('',#3073,1.);
#3073 = DIRECTION('',(-0.,-0.,-1.));
#3074 = PLANE('',#3075);
#3075 = AXIS2_PLACEMENT_3D('',#3076,#3077,#3078);
#3076 = CARTESIAN_POINT('',(59.153392166521,12.4,2.));
#3077 = DIRECTION('',(1.,0.,0.));
#3078 = DIRECTION('',(0.,1.,0.));
#3079 = ADVANCED_FACE('',(#3080),#3098,.T.);
#3080 = FACE_BOUND('',#3081,.T.);
#3081 = EDGE_LOOP('',(#3082,#3090,#3091,#3092));
#3082 = ORIENTED_EDGE('',*,*,#3083,.F.);
#3083 = EDGE_CURVE('',#3060,#3084,#3086,.T.);
#3084 = VERTEX_POINT('',#3085);
#3085 = CARTESIAN_POINT('',(58.553392166521,13.,2.));
#3086 = LINE('',#3087,#3088);
#3087 = CARTESIAN_POINT('',(59.153392166521,13.,2.));
#3088 = VECTOR('',#3089,1.);
#3089 = DIRECTION('',(-1.,0.,0.));
#3090 = ORIENTED_EDGE('',*,*,#3069,.T.);
#3091 = ORIENTED_EDGE('',*,*,#1981,.F.);
#3092 = ORIENTED_EDGE('',*,*,#3093,.F.);
#3093 = EDGE_CURVE('',#3084,#1974,#3094,.T.);
#3094 = LINE('',#3095,#3096);
#3095 = CARTESIAN_POINT('',(58.553392166521,13.,2.));
#3096 = VECTOR('',#3097,1.);
#3097 = DIRECTION('',(-0.,-0.,-1.));
#3098 = PLANE('',#3099);
#3099 = AXIS2_PLACEMENT_3D('',#3100,#3101,#3102);
#3100 = CARTESIAN_POINT('',(59.153392166521,13.,2.));
#3101 = DIRECTION('',(0.,1.,0.));
#3102 = DIRECTION('',(-1.,0.,0.));
#3103 = ADVANCED_FACE('',(#3104),#3115,.T.);
#3104 = FACE_BOUND('',#3105,.T.);
#3105 = EDGE_LOOP('',(#3106,#3112,#3113,#3114));
#3106 = ORIENTED_EDGE('',*,*,#3107,.F.);
#3107 = EDGE_CURVE('',#3084,#3029,#3108,.T.);
#3108 = LINE('',#3109,#3110);
#3109 = CARTESIAN_POINT('',(58.553392166521,13.,2.));
#3110 = VECTOR('',#3111,1.);
#3111 = DIRECTION('',(0.,-1.,0.));
#3112 = ORIENTED_EDGE('',*,*,#3093,.T.);
#3113 = ORIENTED_EDGE('',*,*,#1973,.F.);
#3114 = ORIENTED_EDGE('',*,*,#3038,.F.);
#3115 = PLANE('',#3116);
#3116 = AXIS2_PLACEMENT_3D('',#3117,#3118,#3119);
#3117 = CARTESIAN_POINT('',(58.553392166521,13.,2.));
#3118 = DIRECTION('',(-1.,0.,0.));
#3119 = DIRECTION('',(0.,-1.,0.));
#3120 = ADVANCED_FACE('',(#3121),#3127,.T.);
#3121 = FACE_BOUND('',#3122,.T.);
#3122 = EDGE_LOOP('',(#3123,#3124,#3125,#3126));
#3123 = ORIENTED_EDGE('',*,*,#3107,.T.);
#3124 = ORIENTED_EDGE('',*,*,#3028,.T.);
#3125 = ORIENTED_EDGE('',*,*,#3059,.T.);
#3126 = ORIENTED_EDGE('',*,*,#3083,.T.);
#3127 = PLANE('',#3128);
#3128 = AXIS2_PLACEMENT_3D('',#3129,#3130,#3131);
#3129 = CARTESIAN_POINT('',(58.853392166521,-6.4420747E-10,2.));
#3130 = DIRECTION('',(0.,0.,1.));
#3131 = DIRECTION('',(1.,0.,0.));
#3132 = ADVANCED_FACE('',(#3133),#3158,.T.);
#3133 = FACE_BOUND('',#3134,.T.);
#3134 = EDGE_LOOP('',(#3135,#3145,#3151,#3152));
#3135 = ORIENTED_EDGE('',*,*,#3136,.F.);
#3136 = EDGE_CURVE('',#3137,#3139,#3141,.T.);
#3137 = VERTEX_POINT('',#3138);
#3138 = CARTESIAN_POINT('',(28.073392166521,12.4,2.));
#3139 = VERTEX_POINT('',#3140);
#3140 = CARTESIAN_POINT('',(28.673392166521,12.4,2.));
#3141 = LINE('',#3142,#3143);
#3142 = CARTESIAN_POINT('',(28.073392166521,12.4,2.));
#3143 = VECTOR('',#3144,1.);
#3144 = DIRECTION('',(1.,0.,0.));
#3145 = ORIENTED_EDGE('',*,*,#3146,.T.);
#3146 = EDGE_CURVE('',#3137,#2000,#3147,.T.);
#3147 = LINE('',#3148,#3149);
#3148 = CARTESIAN_POINT('',(28.073392166521,12.4,2.));
#3149 = VECTOR('',#3150,1.);
#3150 = DIRECTION('',(-0.,-0.,-1.));
#3151 = ORIENTED_EDGE('',*,*,#1997,.F.);
#3152 = ORIENTED_EDGE('',*,*,#3153,.F.);
#3153 = EDGE_CURVE('',#3139,#1998,#3154,.T.);
#3154 = LINE('',#3155,#3156);
#3155 = CARTESIAN_POINT('',(28.673392166521,12.4,2.));
#3156 = VECTOR('',#3157,1.);
#3157 = DIRECTION('',(-0.,-0.,-1.));
#3158 = PLANE('',#3159);
#3159 = AXIS2_PLACEMENT_3D('',#3160,#3161,#3162);
#3160 = CARTESIAN_POINT('',(28.073392166521,12.4,2.));
#3161 = DIRECTION('',(0.,-1.,0.));
#3162 = DIRECTION('',(1.,0.,0.));
#3163 = ADVANCED_FACE('',(#3164),#3182,.T.);
#3164 = FACE_BOUND('',#3165,.T.);
#3165 = EDGE_LOOP('',(#3166,#3174,#3175,#3176));
#3166 = ORIENTED_EDGE('',*,*,#3167,.F.);
#3167 = EDGE_CURVE('',#3139,#3168,#3170,.T.);
#3168 = VERTEX_POINT('',#3169);
#3169 = CARTESIAN_POINT('',(28.673392166521,13.,2.));
#3170 = LINE('',#3171,#3172);
#3171 = CARTESIAN_POINT('',(28.673392166521,12.4,2.));
#3172 = VECTOR('',#3173,1.);
#3173 = DIRECTION('',(0.,1.,0.));
#3174 = ORIENTED_EDGE('',*,*,#3153,.T.);
#3175 = ORIENTED_EDGE('',*,*,#2023,.F.);
#3176 = ORIENTED_EDGE('',*,*,#3177,.F.);
#3177 = EDGE_CURVE('',#3168,#2016,#3178,.T.);
#3178 = LINE('',#3179,#3180);
#3179 = CARTESIAN_POINT('',(28.673392166521,13.,2.));
#3180 = VECTOR('',#3181,1.);
#3181 = DIRECTION('',(-0.,-0.,-1.));
#3182 = PLANE('',#3183);
#3183 = AXIS2_PLACEMENT_3D('',#3184,#3185,#3186);
#3184 = CARTESIAN_POINT('',(28.673392166521,12.4,2.));
#3185 = DIRECTION('',(1.,0.,0.));
#3186 = DIRECTION('',(0.,1.,0.));
#3187 = ADVANCED_FACE('',(#3188),#3206,.T.);
#3188 = FACE_BOUND('',#3189,.T.);
#3189 = EDGE_LOOP('',(#3190,#3198,#3199,#3200));
#3190 = ORIENTED_EDGE('',*,*,#3191,.F.);
#3191 = EDGE_CURVE('',#3168,#3192,#3194,.T.);
#3192 = VERTEX_POINT('',#3193);
#3193 = CARTESIAN_POINT('',(28.073392166521,13.,2.));
#3194 = LINE('',#3195,#3196);
#3195 = CARTESIAN_POINT('',(28.673392166521,13.,2.));
#3196 = VECTOR('',#3197,1.);
#3197 = DIRECTION('',(-1.,0.,0.));
#3198 = ORIENTED_EDGE('',*,*,#3177,.T.);
#3199 = ORIENTED_EDGE('',*,*,#2015,.F.);
#3200 = ORIENTED_EDGE('',*,*,#3201,.F.);
#3201 = EDGE_CURVE('',#3192,#2008,#3202,.T.);
#3202 = LINE('',#3203,#3204);
#3203 = CARTESIAN_POINT('',(28.073392166521,13.,2.));
#3204 = VECTOR('',#3205,1.);
#3205 = DIRECTION('',(-0.,-0.,-1.));
#3206 = PLANE('',#3207);
#3207 = AXIS2_PLACEMENT_3D('',#3208,#3209,#3210);
#3208 = CARTESIAN_POINT('',(28.673392166521,13.,2.));
#3209 = DIRECTION('',(0.,1.,0.));
#3210 = DIRECTION('',(-1.,0.,0.));
#3211 = ADVANCED_FACE('',(#3212),#3223,.T.);
#3212 = FACE_BOUND('',#3213,.T.);
#3213 = EDGE_LOOP('',(#3214,#3220,#3221,#3222));
#3214 = ORIENTED_EDGE('',*,*,#3215,.F.);
#3215 = EDGE_CURVE('',#3192,#3137,#3216,.T.);
#3216 = LINE('',#3217,#3218);
#3217 = CARTESIAN_POINT('',(28.073392166521,13.,2.));
#3218 = VECTOR('',#3219,1.);
#3219 = DIRECTION('',(0.,-1.,0.));
#3220 = ORIENTED_EDGE('',*,*,#3201,.T.);
#3221 = ORIENTED_EDGE('',*,*,#2007,.F.);
#3222 = ORIENTED_EDGE('',*,*,#3146,.F.);
#3223 = PLANE('',#3224);
#3224 = AXIS2_PLACEMENT_3D('',#3225,#3226,#3227);
#3225 = CARTESIAN_POINT('',(28.073392166521,13.,2.));
#3226 = DIRECTION('',(-1.,0.,0.));
#3227 = DIRECTION('',(0.,-1.,0.));
#3228 = ADVANCED_FACE('',(#3229),#3235,.T.);
#3229 = FACE_BOUND('',#3230,.T.);
#3230 = EDGE_LOOP('',(#3231,#3232,#3233,#3234));
#3231 = ORIENTED_EDGE('',*,*,#3215,.T.);
#3232 = ORIENTED_EDGE('',*,*,#3136,.T.);
#3233 = ORIENTED_EDGE('',*,*,#3167,.T.);
#3234 = ORIENTED_EDGE('',*,*,#3191,.T.);
#3235 = PLANE('',#3236);
#3236 = AXIS2_PLACEMENT_3D('',#3237,#3238,#3239);
#3237 = CARTESIAN_POINT('',(28.373392166521,-6.4420747E-10,2.));
#3238 = DIRECTION('',(0.,0.,1.));
#3239 = DIRECTION('',(1.,0.,0.));
#3240 = ADVANCED_FACE('',(#3241),#3266,.T.);
#3241 = FACE_BOUND('',#3242,.T.);
#3242 = EDGE_LOOP('',(#3243,#3253,#3259,#3260));
#3243 = ORIENTED_EDGE('',*,*,#3244,.F.);
#3244 = EDGE_CURVE('',#3245,#3247,#3249,.T.);
#3245 = VERTEX_POINT('',#3246);
#3246 = CARTESIAN_POINT('',(33.153392166521,12.4,2.));
#3247 = VERTEX_POINT('',#3248);
#3248 = CARTESIAN_POINT('',(33.753392166521,12.4,2.));
#3249 = LINE('',#3250,#3251);
#3250 = CARTESIAN_POINT('',(33.153392166521,12.4,2.));
#3251 = VECTOR('',#3252,1.);
#3252 = DIRECTION('',(1.,0.,0.));
#3253 = ORIENTED_EDGE('',*,*,#3254,.T.);
#3254 = EDGE_CURVE('',#3245,#2034,#3255,.T.);
#3255 = LINE('',#3256,#3257);
#3256 = CARTESIAN_POINT('',(33.153392166521,12.4,2.));
#3257 = VECTOR('',#3258,1.);
#3258 = DIRECTION('',(-0.,-0.,-1.));
#3259 = ORIENTED_EDGE('',*,*,#2031,.F.);
#3260 = ORIENTED_EDGE('',*,*,#3261,.F.);
#3261 = EDGE_CURVE('',#3247,#2032,#3262,.T.);
#3262 = LINE('',#3263,#3264);
#3263 = CARTESIAN_POINT('',(33.753392166521,12.4,2.));
#3264 = VECTOR('',#3265,1.);
#3265 = DIRECTION('',(-0.,-0.,-1.));
#3266 = PLANE('',#3267);
#3267 = AXIS2_PLACEMENT_3D('',#3268,#3269,#3270);
#3268 = CARTESIAN_POINT('',(33.153392166521,12.4,2.));
#3269 = DIRECTION('',(0.,-1.,0.));
#3270 = DIRECTION('',(1.,0.,0.));
#3271 = ADVANCED_FACE('',(#3272),#3290,.T.);
#3272 = FACE_BOUND('',#3273,.T.);
#3273 = EDGE_LOOP('',(#3274,#3282,#3283,#3284));
#3274 = ORIENTED_EDGE('',*,*,#3275,.F.);
#3275 = EDGE_CURVE('',#3247,#3276,#3278,.T.);
#3276 = VERTEX_POINT('',#3277);
#3277 = CARTESIAN_POINT('',(33.753392166521,13.,2.));
#3278 = LINE('',#3279,#3280);
#3279 = CARTESIAN_POINT('',(33.753392166521,12.4,2.));
#3280 = VECTOR('',#3281,1.);
#3281 = DIRECTION('',(0.,1.,0.));
#3282 = ORIENTED_EDGE('',*,*,#3261,.T.);
#3283 = ORIENTED_EDGE('',*,*,#2057,.F.);
#3284 = ORIENTED_EDGE('',*,*,#3285,.F.);
#3285 = EDGE_CURVE('',#3276,#2050,#3286,.T.);
#3286 = LINE('',#3287,#3288);
#3287 = CARTESIAN_POINT('',(33.753392166521,13.,2.));
#3288 = VECTOR('',#3289,1.);
#3289 = DIRECTION('',(-0.,-0.,-1.));
#3290 = PLANE('',#3291);
#3291 = AXIS2_PLACEMENT_3D('',#3292,#3293,#3294);
#3292 = CARTESIAN_POINT('',(33.753392166521,12.4,2.));
#3293 = DIRECTION('',(1.,0.,0.));
#3294 = DIRECTION('',(0.,1.,0.));
#3295 = ADVANCED_FACE('',(#3296),#3314,.T.);
#3296 = FACE_BOUND('',#3297,.T.);
#3297 = EDGE_LOOP('',(#3298,#3306,#3307,#3308));
#3298 = ORIENTED_EDGE('',*,*,#3299,.F.);
#3299 = EDGE_CURVE('',#3276,#3300,#3302,.T.);
#3300 = VERTEX_POINT('',#3301);
#3301 = CARTESIAN_POINT('',(33.153392166521,13.,2.));
#3302 = LINE('',#3303,#3304);
#3303 = CARTESIAN_POINT('',(33.753392166521,13.,2.));
#3304 = VECTOR('',#3305,1.);
#3305 = DIRECTION('',(-1.,0.,0.));
#3306 = ORIENTED_EDGE('',*,*,#3285,.T.);
#3307 = ORIENTED_EDGE('',*,*,#2049,.F.);
#3308 = ORIENTED_EDGE('',*,*,#3309,.F.);
#3309 = EDGE_CURVE('',#3300,#2042,#3310,.T.);
#3310 = LINE('',#3311,#3312);
#3311 = CARTESIAN_POINT('',(33.153392166521,13.,2.));
#3312 = VECTOR('',#3313,1.);
#3313 = DIRECTION('',(-0.,-0.,-1.));
#3314 = PLANE('',#3315);
#3315 = AXIS2_PLACEMENT_3D('',#3316,#3317,#3318);
#3316 = CARTESIAN_POINT('',(33.753392166521,13.,2.));
#3317 = DIRECTION('',(0.,1.,0.));
#3318 = DIRECTION('',(-1.,0.,0.));
#3319 = ADVANCED_FACE('',(#3320),#3331,.T.);
#3320 = FACE_BOUND('',#3321,.T.);
#3321 = EDGE_LOOP('',(#3322,#3328,#3329,#3330));
#3322 = ORIENTED_EDGE('',*,*,#3323,.F.);
#3323 = EDGE_CURVE('',#3300,#3245,#3324,.T.);
#3324 = LINE('',#3325,#3326);
#3325 = CARTESIAN_POINT('',(33.153392166521,13.,2.));
#3326 = VECTOR('',#3327,1.);
#3327 = DIRECTION('',(0.,-1.,0.));
#3328 = ORIENTED_EDGE('',*,*,#3309,.T.);
#3329 = ORIENTED_EDGE('',*,*,#2041,.F.);
#3330 = ORIENTED_EDGE('',*,*,#3254,.F.);
#3331 = PLANE('',#3332);
#3332 = AXIS2_PLACEMENT_3D('',#3333,#3334,#3335);
#3333 = CARTESIAN_POINT('',(33.153392166521,13.,2.));
#3334 = DIRECTION('',(-1.,0.,0.));
#3335 = DIRECTION('',(0.,-1.,0.));
#3336 = ADVANCED_FACE('',(#3337),#3343,.T.);
#3337 = FACE_BOUND('',#3338,.T.);
#3338 = EDGE_LOOP('',(#3339,#3340,#3341,#3342));
#3339 = ORIENTED_EDGE('',*,*,#3323,.T.);
#3340 = ORIENTED_EDGE('',*,*,#3244,.T.);
#3341 = ORIENTED_EDGE('',*,*,#3275,.T.);
#3342 = ORIENTED_EDGE('',*,*,#3299,.T.);
#3343 = PLANE('',#3344);
#3344 = AXIS2_PLACEMENT_3D('',#3345,#3346,#3347);
#3345 = CARTESIAN_POINT('',(33.453392166521,-6.4420747E-10,2.));
#3346 = DIRECTION('',(0.,0.,1.));
#3347 = DIRECTION('',(1.,0.,0.));
#3348 = ADVANCED_FACE('',(#3349),#3374,.T.);
#3349 = FACE_BOUND('',#3350,.T.);
#3350 = EDGE_LOOP('',(#3351,#3361,#3367,#3368));
#3351 = ORIENTED_EDGE('',*,*,#3352,.F.);
#3352 = EDGE_CURVE('',#3353,#3355,#3357,.T.);
#3353 = VERTEX_POINT('',#3354);
#3354 = CARTESIAN_POINT('',(38.233392166521,12.4,2.));
#3355 = VERTEX_POINT('',#3356);
#3356 = CARTESIAN_POINT('',(38.833392166521,12.4,2.));
#3357 = LINE('',#3358,#3359);
#3358 = CARTESIAN_POINT('',(38.233392166521,12.4,2.));
#3359 = VECTOR('',#3360,1.);
#3360 = DIRECTION('',(1.,0.,0.));
#3361 = ORIENTED_EDGE('',*,*,#3362,.T.);
#3362 = EDGE_CURVE('',#3353,#2068,#3363,.T.);
#3363 = LINE('',#3364,#3365);
#3364 = CARTESIAN_POINT('',(38.233392166521,12.4,2.));
#3365 = VECTOR('',#3366,1.);
#3366 = DIRECTION('',(-0.,-0.,-1.));
#3367 = ORIENTED_EDGE('',*,*,#2065,.F.);
#3368 = ORIENTED_EDGE('',*,*,#3369,.F.);
#3369 = EDGE_CURVE('',#3355,#2066,#3370,.T.);
#3370 = LINE('',#3371,#3372);
#3371 = CARTESIAN_POINT('',(38.833392166521,12.4,2.));
#3372 = VECTOR('',#3373,1.);
#3373 = DIRECTION('',(-0.,-0.,-1.));
#3374 = PLANE('',#3375);
#3375 = AXIS2_PLACEMENT_3D('',#3376,#3377,#3378);
#3376 = CARTESIAN_POINT('',(38.233392166521,12.4,2.));
#3377 = DIRECTION('',(0.,-1.,0.));
#3378 = DIRECTION('',(1.,0.,0.));
#3379 = ADVANCED_FACE('',(#3380),#3398,.T.);
#3380 = FACE_BOUND('',#3381,.T.);
#3381 = EDGE_LOOP('',(#3382,#3390,#3391,#3392));
#3382 = ORIENTED_EDGE('',*,*,#3383,.F.);
#3383 = EDGE_CURVE('',#3355,#3384,#3386,.T.);
#3384 = VERTEX_POINT('',#3385);
#3385 = CARTESIAN_POINT('',(38.833392166521,13.,2.));
#3386 = LINE('',#3387,#3388);
#3387 = CARTESIAN_POINT('',(38.833392166521,12.4,2.));
#3388 = VECTOR('',#3389,1.);
#3389 = DIRECTION('',(0.,1.,0.));
#3390 = ORIENTED_EDGE('',*,*,#3369,.T.);
#3391 = ORIENTED_EDGE('',*,*,#2091,.F.);
#3392 = ORIENTED_EDGE('',*,*,#3393,.F.);
#3393 = EDGE_CURVE('',#3384,#2084,#3394,.T.);
#3394 = LINE('',#3395,#3396);
#3395 = CARTESIAN_POINT('',(38.833392166521,13.,2.));
#3396 = VECTOR('',#3397,1.);
#3397 = DIRECTION('',(-0.,-0.,-1.));
#3398 = PLANE('',#3399);
#3399 = AXIS2_PLACEMENT_3D('',#3400,#3401,#3402);
#3400 = CARTESIAN_POINT('',(38.833392166521,12.4,2.));
#3401 = DIRECTION('',(1.,0.,0.));
#3402 = DIRECTION('',(0.,1.,0.));
#3403 = ADVANCED_FACE('',(#3404),#3422,.T.);
#3404 = FACE_BOUND('',#3405,.T.);
#3405 = EDGE_LOOP('',(#3406,#3414,#3415,#3416));
#3406 = ORIENTED_EDGE('',*,*,#3407,.F.);
#3407 = EDGE_CURVE('',#3384,#3408,#3410,.T.);
#3408 = VERTEX_POINT('',#3409);
#3409 = CARTESIAN_POINT('',(38.233392166521,13.,2.));
#3410 = LINE('',#3411,#3412);
#3411 = CARTESIAN_POINT('',(38.833392166521,13.,2.));
#3412 = VECTOR('',#3413,1.);
#3413 = DIRECTION('',(-1.,0.,0.));
#3414 = ORIENTED_EDGE('',*,*,#3393,.T.);
#3415 = ORIENTED_EDGE('',*,*,#2083,.F.);
#3416 = ORIENTED_EDGE('',*,*,#3417,.F.);
#3417 = EDGE_CURVE('',#3408,#2076,#3418,.T.);
#3418 = LINE('',#3419,#3420);
#3419 = CARTESIAN_POINT('',(38.233392166521,13.,2.));
#3420 = VECTOR('',#3421,1.);
#3421 = DIRECTION('',(-0.,-0.,-1.));
#3422 = PLANE('',#3423);
#3423 = AXIS2_PLACEMENT_3D('',#3424,#3425,#3426);
#3424 = CARTESIAN_POINT('',(38.833392166521,13.,2.));
#3425 = DIRECTION('',(0.,1.,0.));
#3426 = DIRECTION('',(-1.,0.,0.));
#3427 = ADVANCED_FACE('',(#3428),#3439,.T.);
#3428 = FACE_BOUND('',#3429,.T.);
#3429 = EDGE_LOOP('',(#3430,#3436,#3437,#3438));
#3430 = ORIENTED_EDGE('',*,*,#3431,.F.);
#3431 = EDGE_CURVE('',#3408,#3353,#3432,.T.);
#3432 = LINE('',#3433,#3434);
#3433 = CARTESIAN_POINT('',(38.233392166521,13.,2.));
#3434 = VECTOR('',#3435,1.);
#3435 = DIRECTION('',(0.,-1.,0.));
#3436 = ORIENTED_EDGE('',*,*,#3417,.T.);
#3437 = ORIENTED_EDGE('',*,*,#2075,.F.);
#3438 = ORIENTED_EDGE('',*,*,#3362,.F.);
#3439 = PLANE('',#3440);
#3440 = AXIS2_PLACEMENT_3D('',#3441,#3442,#3443);
#3441 = CARTESIAN_POINT('',(38.233392166521,13.,2.));
#3442 = DIRECTION('',(-1.,0.,0.));
#3443 = DIRECTION('',(0.,-1.,0.));
#3444 = ADVANCED_FACE('',(#3445),#3451,.T.);
#3445 = FACE_BOUND('',#3446,.T.);
#3446 = EDGE_LOOP('',(#3447,#3448,#3449,#3450));
#3447 = ORIENTED_EDGE('',*,*,#3431,.T.);
#3448 = ORIENTED_EDGE('',*,*,#3352,.T.);
#3449 = ORIENTED_EDGE('',*,*,#3383,.T.);
#3450 = ORIENTED_EDGE('',*,*,#3407,.T.);
#3451 = PLANE('',#3452);
#3452 = AXIS2_PLACEMENT_3D('',#3453,#3454,#3455);
#3453 = CARTESIAN_POINT('',(38.533392166521,-6.4420747E-10,2.));
#3454 = DIRECTION('',(0.,0.,1.));
#3455 = DIRECTION('',(1.,0.,0.));
#3456 = ADVANCED_FACE('',(#3457),#3482,.T.);
#3457 = FACE_BOUND('',#3458,.T.);
#3458 = EDGE_LOOP('',(#3459,#3469,#3475,#3476));
#3459 = ORIENTED_EDGE('',*,*,#3460,.F.);
#3460 = EDGE_CURVE('',#3461,#3463,#3465,.T.);
#3461 = VERTEX_POINT('',#3462);
#3462 = CARTESIAN_POINT('',(43.313392166521,12.4,2.));
#3463 = VERTEX_POINT('',#3464);
#3464 = CARTESIAN_POINT('',(43.913392166521,12.4,2.));
#3465 = LINE('',#3466,#3467);
#3466 = CARTESIAN_POINT('',(43.313392166521,12.4,2.));
#3467 = VECTOR('',#3468,1.);
#3468 = DIRECTION('',(1.,0.,0.));
#3469 = ORIENTED_EDGE('',*,*,#3470,.T.);
#3470 = EDGE_CURVE('',#3461,#2102,#3471,.T.);
#3471 = LINE('',#3472,#3473);
#3472 = CARTESIAN_POINT('',(43.313392166521,12.4,2.));
#3473 = VECTOR('',#3474,1.);
#3474 = DIRECTION('',(-0.,-0.,-1.));
#3475 = ORIENTED_EDGE('',*,*,#2099,.F.);
#3476 = ORIENTED_EDGE('',*,*,#3477,.F.);
#3477 = EDGE_CURVE('',#3463,#2100,#3478,.T.);
#3478 = LINE('',#3479,#3480);
#3479 = CARTESIAN_POINT('',(43.913392166521,12.4,2.));
#3480 = VECTOR('',#3481,1.);
#3481 = DIRECTION('',(-0.,-0.,-1.));
#3482 = PLANE('',#3483);
#3483 = AXIS2_PLACEMENT_3D('',#3484,#3485,#3486);
#3484 = CARTESIAN_POINT('',(43.313392166521,12.4,2.));
#3485 = DIRECTION('',(0.,-1.,0.));
#3486 = DIRECTION('',(1.,0.,0.));
#3487 = ADVANCED_FACE('',(#3488),#3506,.T.);
#3488 = FACE_BOUND('',#3489,.T.);
#3489 = EDGE_LOOP('',(#3490,#3498,#3499,#3500));
#3490 = ORIENTED_EDGE('',*,*,#3491,.F.);
#3491 = EDGE_CURVE('',#3463,#3492,#3494,.T.);
#3492 = VERTEX_POINT('',#3493);
#3493 = CARTESIAN_POINT('',(43.913392166521,13.,2.));
#3494 = LINE('',#3495,#3496);
#3495 = CARTESIAN_POINT('',(43.913392166521,12.4,2.));
#3496 = VECTOR('',#3497,1.);
#3497 = DIRECTION('',(0.,1.,0.));
#3498 = ORIENTED_EDGE('',*,*,#3477,.T.);
#3499 = ORIENTED_EDGE('',*,*,#2125,.F.);
#3500 = ORIENTED_EDGE('',*,*,#3501,.F.);
#3501 = EDGE_CURVE('',#3492,#2118,#3502,.T.);
#3502 = LINE('',#3503,#3504);
#3503 = CARTESIAN_POINT('',(43.913392166521,13.,2.));
#3504 = VECTOR('',#3505,1.);
#3505 = DIRECTION('',(-0.,-0.,-1.));
#3506 = PLANE('',#3507);
#3507 = AXIS2_PLACEMENT_3D('',#3508,#3509,#3510);
#3508 = CARTESIAN_POINT('',(43.913392166521,12.4,2.));
#3509 = DIRECTION('',(1.,0.,0.));
#3510 = DIRECTION('',(0.,1.,0.));
#3511 = ADVANCED_FACE('',(#3512),#3530,.T.);
#3512 = FACE_BOUND('',#3513,.T.);
#3513 = EDGE_LOOP('',(#3514,#3522,#3523,#3524));
#3514 = ORIENTED_EDGE('',*,*,#3515,.F.);
#3515 = EDGE_CURVE('',#3492,#3516,#3518,.T.);
#3516 = VERTEX_POINT('',#3517);
#3517 = CARTESIAN_POINT('',(43.313392166521,13.,2.));
#3518 = LINE('',#3519,#3520);
#3519 = CARTESIAN_POINT('',(43.913392166521,13.,2.));
#3520 = VECTOR('',#3521,1.);
#3521 = DIRECTION('',(-1.,0.,0.));
#3522 = ORIENTED_EDGE('',*,*,#3501,.T.);
#3523 = ORIENTED_EDGE('',*,*,#2117,.F.);
#3524 = ORIENTED_EDGE('',*,*,#3525,.F.);
#3525 = EDGE_CURVE('',#3516,#2110,#3526,.T.);
#3526 = LINE('',#3527,#3528);
#3527 = CARTESIAN_POINT('',(43.313392166521,13.,2.));
#3528 = VECTOR('',#3529,1.);
#3529 = DIRECTION('',(-0.,-0.,-1.));
#3530 = PLANE('',#3531);
#3531 = AXIS2_PLACEMENT_3D('',#3532,#3533,#3534);
#3532 = CARTESIAN_POINT('',(43.913392166521,13.,2.));
#3533 = DIRECTION('',(0.,1.,0.));
#3534 = DIRECTION('',(-1.,0.,0.));
#3535 = ADVANCED_FACE('',(#3536),#3547,.T.);
#3536 = FACE_BOUND('',#3537,.T.);
#3537 = EDGE_LOOP('',(#3538,#3544,#3545,#3546));
#3538 = ORIENTED_EDGE('',*,*,#3539,.F.);
#3539 = EDGE_CURVE('',#3516,#3461,#3540,.T.);
#3540 = LINE('',#3541,#3542);
#3541 = CARTESIAN_POINT('',(43.313392166521,13.,2.));
#3542 = VECTOR('',#3543,1.);
#3543 = DIRECTION('',(0.,-1.,0.));
#3544 = ORIENTED_EDGE('',*,*,#3525,.T.);
#3545 = ORIENTED_EDGE('',*,*,#2109,.F.);
#3546 = ORIENTED_EDGE('',*,*,#3470,.F.);
#3547 = PLANE('',#3548);
#3548 = AXIS2_PLACEMENT_3D('',#3549,#3550,#3551);
#3549 = CARTESIAN_POINT('',(43.313392166521,13.,2.));
#3550 = DIRECTION('',(-1.,0.,0.));
#3551 = DIRECTION('',(0.,-1.,0.));
#3552 = ADVANCED_FACE('',(#3553),#3559,.T.);
#3553 = FACE_BOUND('',#3554,.T.);
#3554 = EDGE_LOOP('',(#3555,#3556,#3557,#3558));
#3555 = ORIENTED_EDGE('',*,*,#3539,.T.);
#3556 = ORIENTED_EDGE('',*,*,#3460,.T.);
#3557 = ORIENTED_EDGE('',*,*,#3491,.T.);
#3558 = ORIENTED_EDGE('',*,*,#3515,.T.);
#3559 = PLANE('',#3560);
#3560 = AXIS2_PLACEMENT_3D('',#3561,#3562,#3563);
#3561 = CARTESIAN_POINT('',(43.613392166521,-6.4420747E-10,2.));
#3562 = DIRECTION('',(0.,0.,1.));
#3563 = DIRECTION('',(1.,0.,0.));
#3564 = ADVANCED_FACE('',(#3565),#3590,.T.);
#3565 = FACE_BOUND('',#3566,.T.);
#3566 = EDGE_LOOP('',(#3567,#3577,#3583,#3584));
#3567 = ORIENTED_EDGE('',*,*,#3568,.F.);
#3568 = EDGE_CURVE('',#3569,#3571,#3573,.T.);
#3569 = VERTEX_POINT('',#3570);
#3570 = CARTESIAN_POINT('',(48.393392166521,12.4,2.));
#3571 = VERTEX_POINT('',#3572);
#3572 = CARTESIAN_POINT('',(48.993392166521,12.4,2.));
#3573 = LINE('',#3574,#3575);
#3574 = CARTESIAN_POINT('',(48.393392166521,12.4,2.));
#3575 = VECTOR('',#3576,1.);
#3576 = DIRECTION('',(1.,0.,0.));
#3577 = ORIENTED_EDGE('',*,*,#3578,.T.);
#3578 = EDGE_CURVE('',#3569,#2136,#3579,.T.);
#3579 = LINE('',#3580,#3581);
#3580 = CARTESIAN_POINT('',(48.393392166521,12.4,2.));
#3581 = VECTOR('',#3582,1.);
#3582 = DIRECTION('',(-0.,-0.,-1.));
#3583 = ORIENTED_EDGE('',*,*,#2133,.F.);
#3584 = ORIENTED_EDGE('',*,*,#3585,.F.);
#3585 = EDGE_CURVE('',#3571,#2134,#3586,.T.);
#3586 = LINE('',#3587,#3588);
#3587 = CARTESIAN_POINT('',(48.993392166521,12.4,2.));
#3588 = VECTOR('',#3589,1.);
#3589 = DIRECTION('',(-0.,-0.,-1.));
#3590 = PLANE('',#3591);
#3591 = AXIS2_PLACEMENT_3D('',#3592,#3593,#3594);
#3592 = CARTESIAN_POINT('',(48.393392166521,12.4,2.));
#3593 = DIRECTION('',(0.,-1.,0.));
#3594 = DIRECTION('',(1.,0.,0.));
#3595 = ADVANCED_FACE('',(#3596),#3614,.T.);
#3596 = FACE_BOUND('',#3597,.T.);
#3597 = EDGE_LOOP('',(#3598,#3606,#3607,#3608));
#3598 = ORIENTED_EDGE('',*,*,#3599,.F.);
#3599 = EDGE_CURVE('',#3571,#3600,#3602,.T.);
#3600 = VERTEX_POINT('',#3601);
#3601 = CARTESIAN_POINT('',(48.993392166521,13.,2.));
#3602 = LINE('',#3603,#3604);
#3603 = CARTESIAN_POINT('',(48.993392166521,12.4,2.));
#3604 = VECTOR('',#3605,1.);
#3605 = DIRECTION('',(0.,1.,0.));
#3606 = ORIENTED_EDGE('',*,*,#3585,.T.);
#3607 = ORIENTED_EDGE('',*,*,#2159,.F.);
#3608 = ORIENTED_EDGE('',*,*,#3609,.F.);
#3609 = EDGE_CURVE('',#3600,#2152,#3610,.T.);
#3610 = LINE('',#3611,#3612);
#3611 = CARTESIAN_POINT('',(48.993392166521,13.,2.));
#3612 = VECTOR('',#3613,1.);
#3613 = DIRECTION('',(-0.,-0.,-1.));
#3614 = PLANE('',#3615);
#3615 = AXIS2_PLACEMENT_3D('',#3616,#3617,#3618);
#3616 = CARTESIAN_POINT('',(48.993392166521,12.4,2.));
#3617 = DIRECTION('',(1.,0.,0.));
#3618 = DIRECTION('',(0.,1.,0.));
#3619 = ADVANCED_FACE('',(#3620),#3638,.T.);
#3620 = FACE_BOUND('',#3621,.T.);
#3621 = EDGE_LOOP('',(#3622,#3630,#3631,#3632));
#3622 = ORIENTED_EDGE('',*,*,#3623,.F.);
#3623 = EDGE_CURVE('',#3600,#3624,#3626,.T.);
#3624 = VERTEX_POINT('',#3625);
#3625 = CARTESIAN_POINT('',(48.393392166521,13.,2.));
#3626 = LINE('',#3627,#3628);
#3627 = CARTESIAN_POINT('',(48.993392166521,13.,2.));
#3628 = VECTOR('',#3629,1.);
#3629 = DIRECTION('',(-1.,0.,0.));
#3630 = ORIENTED_EDGE('',*,*,#3609,.T.);
#3631 = ORIENTED_EDGE('',*,*,#2151,.F.);
#3632 = ORIENTED_EDGE('',*,*,#3633,.F.);
#3633 = EDGE_CURVE('',#3624,#2144,#3634,.T.);
#3634 = LINE('',#3635,#3636);
#3635 = CARTESIAN_POINT('',(48.393392166521,13.,2.));
#3636 = VECTOR('',#3637,1.);
#3637 = DIRECTION('',(-0.,-0.,-1.));
#3638 = PLANE('',#3639);
#3639 = AXIS2_PLACEMENT_3D('',#3640,#3641,#3642);
#3640 = CARTESIAN_POINT('',(48.993392166521,13.,2.));
#3641 = DIRECTION('',(0.,1.,0.));
#3642 = DIRECTION('',(-1.,0.,0.));
#3643 = ADVANCED_FACE('',(#3644),#3655,.T.);
#3644 = FACE_BOUND('',#3645,.T.);
#3645 = EDGE_LOOP('',(#3646,#3652,#3653,#3654));
#3646 = ORIENTED_EDGE('',*,*,#3647,.F.);
#3647 = EDGE_CURVE('',#3624,#3569,#3648,.T.);
#3648 = LINE('',#3649,#3650);
#3649 = CARTESIAN_POINT('',(48.393392166521,13.,2.));
#3650 = VECTOR('',#3651,1.);
#3651 = DIRECTION('',(0.,-1.,0.));
#3652 = ORIENTED_EDGE('',*,*,#3633,.T.);
#3653 = ORIENTED_EDGE('',*,*,#2143,.F.);
#3654 = ORIENTED_EDGE('',*,*,#3578,.F.);
#3655 = PLANE('',#3656);
#3656 = AXIS2_PLACEMENT_3D('',#3657,#3658,#3659);
#3657 = CARTESIAN_POINT('',(48.393392166521,13.,2.));
#3658 = DIRECTION('',(-1.,0.,0.));
#3659 = DIRECTION('',(0.,-1.,0.));
#3660 = ADVANCED_FACE('',(#3661),#3667,.T.);
#3661 = FACE_BOUND('',#3662,.T.);
#3662 = EDGE_LOOP('',(#3663,#3664,#3665,#3666));
#3663 = ORIENTED_EDGE('',*,*,#3647,.T.);
#3664 = ORIENTED_EDGE('',*,*,#3568,.T.);
#3665 = ORIENTED_EDGE('',*,*,#3599,.T.);
#3666 = ORIENTED_EDGE('',*,*,#3623,.T.);
#3667 = PLANE('',#3668);
#3668 = AXIS2_PLACEMENT_3D('',#3669,#3670,#3671);
#3669 = CARTESIAN_POINT('',(48.693392166521,-6.4420747E-10,2.));
#3670 = DIRECTION('',(0.,0.,1.));
#3671 = DIRECTION('',(1.,0.,0.));
#3672 = ADVANCED_FACE('',(#3673),#3698,.T.);
#3673 = FACE_BOUND('',#3674,.T.);
#3674 = EDGE_LOOP('',(#3675,#3685,#3691,#3692));
#3675 = ORIENTED_EDGE('',*,*,#3676,.F.);
#3676 = EDGE_CURVE('',#3677,#3679,#3681,.T.);
#3677 = VERTEX_POINT('',#3678);
#3678 = CARTESIAN_POINT('',(53.473392166521,12.4,2.));
#3679 = VERTEX_POINT('',#3680);
#3680 = CARTESIAN_POINT('',(54.073392166521,12.4,2.));
#3681 = LINE('',#3682,#3683);
#3682 = CARTESIAN_POINT('',(53.473392166521,12.4,2.));
#3683 = VECTOR('',#3684,1.);
#3684 = DIRECTION('',(1.,0.,0.));
#3685 = ORIENTED_EDGE('',*,*,#3686,.T.);
#3686 = EDGE_CURVE('',#3677,#2170,#3687,.T.);
#3687 = LINE('',#3688,#3689);
#3688 = CARTESIAN_POINT('',(53.473392166521,12.4,2.));
#3689 = VECTOR('',#3690,1.);
#3690 = DIRECTION('',(-0.,-0.,-1.));
#3691 = ORIENTED_EDGE('',*,*,#2167,.F.);
#3692 = ORIENTED_EDGE('',*,*,#3693,.F.);
#3693 = EDGE_CURVE('',#3679,#2168,#3694,.T.);
#3694 = LINE('',#3695,#3696);
#3695 = CARTESIAN_POINT('',(54.073392166521,12.4,2.));
#3696 = VECTOR('',#3697,1.);
#3697 = DIRECTION('',(-0.,-0.,-1.));
#3698 = PLANE('',#3699);
#3699 = AXIS2_PLACEMENT_3D('',#3700,#3701,#3702);
#3700 = CARTESIAN_POINT('',(53.473392166521,12.4,2.));
#3701 = DIRECTION('',(0.,-1.,0.));
#3702 = DIRECTION('',(1.,0.,0.));
#3703 = ADVANCED_FACE('',(#3704),#3722,.T.);
#3704 = FACE_BOUND('',#3705,.T.);
#3705 = EDGE_LOOP('',(#3706,#3714,#3715,#3716));
#3706 = ORIENTED_EDGE('',*,*,#3707,.F.);
#3707 = EDGE_CURVE('',#3679,#3708,#3710,.T.);
#3708 = VERTEX_POINT('',#3709);
#3709 = CARTESIAN_POINT('',(54.073392166521,13.,2.));
#3710 = LINE('',#3711,#3712);
#3711 = CARTESIAN_POINT('',(54.073392166521,12.4,2.));
#3712 = VECTOR('',#3713,1.);
#3713 = DIRECTION('',(0.,1.,0.));
#3714 = ORIENTED_EDGE('',*,*,#3693,.T.);
#3715 = ORIENTED_EDGE('',*,*,#2193,.F.);
#3716 = ORIENTED_EDGE('',*,*,#3717,.F.);
#3717 = EDGE_CURVE('',#3708,#2186,#3718,.T.);
#3718 = LINE('',#3719,#3720);
#3719 = CARTESIAN_POINT('',(54.073392166521,13.,2.));
#3720 = VECTOR('',#3721,1.);
#3721 = DIRECTION('',(-0.,-0.,-1.));
#3722 = PLANE('',#3723);
#3723 = AXIS2_PLACEMENT_3D('',#3724,#3725,#3726);
#3724 = CARTESIAN_POINT('',(54.073392166521,12.4,2.));
#3725 = DIRECTION('',(1.,0.,0.));
#3726 = DIRECTION('',(0.,1.,0.));
#3727 = ADVANCED_FACE('',(#3728),#3746,.T.);
#3728 = FACE_BOUND('',#3729,.T.);
#3729 = EDGE_LOOP('',(#3730,#3738,#3739,#3740));
#3730 = ORIENTED_EDGE('',*,*,#3731,.F.);
#3731 = EDGE_CURVE('',#3708,#3732,#3734,.T.);
#3732 = VERTEX_POINT('',#3733);
#3733 = CARTESIAN_POINT('',(53.473392166521,13.,2.));
#3734 = LINE('',#3735,#3736);
#3735 = CARTESIAN_POINT('',(54.073392166521,13.,2.));
#3736 = VECTOR('',#3737,1.);
#3737 = DIRECTION('',(-1.,0.,0.));
#3738 = ORIENTED_EDGE('',*,*,#3717,.T.);
#3739 = ORIENTED_EDGE('',*,*,#2185,.F.);
#3740 = ORIENTED_EDGE('',*,*,#3741,.F.);
#3741 = EDGE_CURVE('',#3732,#2178,#3742,.T.);
#3742 = LINE('',#3743,#3744);
#3743 = CARTESIAN_POINT('',(53.473392166521,13.,2.));
#3744 = VECTOR('',#3745,1.);
#3745 = DIRECTION('',(-0.,-0.,-1.));
#3746 = PLANE('',#3747);
#3747 = AXIS2_PLACEMENT_3D('',#3748,#3749,#3750);
#3748 = CARTESIAN_POINT('',(54.073392166521,13.,2.));
#3749 = DIRECTION('',(0.,1.,0.));
#3750 = DIRECTION('',(-1.,0.,0.));
#3751 = ADVANCED_FACE('',(#3752),#3763,.T.);
#3752 = FACE_BOUND('',#3753,.T.);
#3753 = EDGE_LOOP('',(#3754,#3760,#3761,#3762));
#3754 = ORIENTED_EDGE('',*,*,#3755,.F.);
#3755 = EDGE_CURVE('',#3732,#3677,#3756,.T.);
#3756 = LINE('',#3757,#3758);
#3757 = CARTESIAN_POINT('',(53.473392166521,13.,2.));
#3758 = VECTOR('',#3759,1.);
#3759 = DIRECTION('',(0.,-1.,0.));
#3760 = ORIENTED_EDGE('',*,*,#3741,.T.);
#3761 = ORIENTED_EDGE('',*,*,#2177,.F.);
#3762 = ORIENTED_EDGE('',*,*,#3686,.F.);
#3763 = PLANE('',#3764);
#3764 = AXIS2_PLACEMENT_3D('',#3765,#3766,#3767);
#3765 = CARTESIAN_POINT('',(53.473392166521,13.,2.));
#3766 = DIRECTION('',(-1.,0.,0.));
#3767 = DIRECTION('',(0.,-1.,0.));
#3768 = ADVANCED_FACE('',(#3769),#3775,.T.);
#3769 = FACE_BOUND('',#3770,.T.);
#3770 = EDGE_LOOP('',(#3771,#3772,#3773,#3774));
#3771 = ORIENTED_EDGE('',*,*,#3755,.T.);
#3772 = ORIENTED_EDGE('',*,*,#3676,.T.);
#3773 = ORIENTED_EDGE('',*,*,#3707,.T.);
#3774 = ORIENTED_EDGE('',*,*,#3731,.T.);
#3775 = PLANE('',#3776);
#3776 = AXIS2_PLACEMENT_3D('',#3777,#3778,#3779);
#3777 = CARTESIAN_POINT('',(53.773392166521,-6.4420747E-10,2.));
#3778 = DIRECTION('',(0.,0.,1.));
#3779 = DIRECTION('',(1.,0.,0.));
#3780 = ADVANCED_FACE('',(#3781),#3806,.T.);
#3781 = FACE_BOUND('',#3782,.T.);
#3782 = EDGE_LOOP('',(#3783,#3793,#3799,#3800));
#3783 = ORIENTED_EDGE('',*,*,#3784,.F.);
#3784 = EDGE_CURVE('',#3785,#3787,#3789,.T.);
#3785 = VERTEX_POINT('',#3786);
#3786 = CARTESIAN_POINT('',(61.093392166521,12.4,2.));
#3787 = VERTEX_POINT('',#3788);
#3788 = CARTESIAN_POINT('',(61.693392166521,12.4,2.));
#3789 = LINE('',#3790,#3791);
#3790 = CARTESIAN_POINT('',(61.093392166521,12.4,2.));
#3791 = VECTOR('',#3792,1.);
#3792 = DIRECTION('',(1.,0.,0.));
#3793 = ORIENTED_EDGE('',*,*,#3794,.T.);
#3794 = EDGE_CURVE('',#3785,#2204,#3795,.T.);
#3795 = LINE('',#3796,#3797);
#3796 = CARTESIAN_POINT('',(61.093392166521,12.4,2.));
#3797 = VECTOR('',#3798,1.);
#3798 = DIRECTION('',(-0.,-0.,-1.));
#3799 = ORIENTED_EDGE('',*,*,#2201,.F.);
#3800 = ORIENTED_EDGE('',*,*,#3801,.F.);
#3801 = EDGE_CURVE('',#3787,#2202,#3802,.T.);
#3802 = LINE('',#3803,#3804);
#3803 = CARTESIAN_POINT('',(61.693392166521,12.4,2.));
#3804 = VECTOR('',#3805,1.);
#3805 = DIRECTION('',(-0.,-0.,-1.));
#3806 = PLANE('',#3807);
#3807 = AXIS2_PLACEMENT_3D('',#3808,#3809,#3810);
#3808 = CARTESIAN_POINT('',(61.093392166521,12.4,2.));
#3809 = DIRECTION('',(0.,-1.,0.));
#3810 = DIRECTION('',(1.,0.,0.));
#3811 = ADVANCED_FACE('',(#3812),#3830,.T.);
#3812 = FACE_BOUND('',#3813,.T.);
#3813 = EDGE_LOOP('',(#3814,#3822,#3823,#3824));
#3814 = ORIENTED_EDGE('',*,*,#3815,.F.);
#3815 = EDGE_CURVE('',#3787,#3816,#3818,.T.);
#3816 = VERTEX_POINT('',#3817);
#3817 = CARTESIAN_POINT('',(61.693392166521,13.,2.));
#3818 = LINE('',#3819,#3820);
#3819 = CARTESIAN_POINT('',(61.693392166521,12.4,2.));
#3820 = VECTOR('',#3821,1.);
#3821 = DIRECTION('',(0.,1.,0.));
#3822 = ORIENTED_EDGE('',*,*,#3801,.T.);
#3823 = ORIENTED_EDGE('',*,*,#2227,.F.);
#3824 = ORIENTED_EDGE('',*,*,#3825,.F.);
#3825 = EDGE_CURVE('',#3816,#2220,#3826,.T.);
#3826 = LINE('',#3827,#3828);
#3827 = CARTESIAN_POINT('',(61.693392166521,13.,2.));
#3828 = VECTOR('',#3829,1.);
#3829 = DIRECTION('',(-0.,-0.,-1.));
#3830 = PLANE('',#3831);
#3831 = AXIS2_PLACEMENT_3D('',#3832,#3833,#3834);
#3832 = CARTESIAN_POINT('',(61.693392166521,12.4,2.));
#3833 = DIRECTION('',(1.,0.,0.));
#3834 = DIRECTION('',(0.,1.,0.));
#3835 = ADVANCED_FACE('',(#3836),#3854,.T.);
#3836 = FACE_BOUND('',#3837,.T.);
#3837 = EDGE_LOOP('',(#3838,#3846,#3847,#3848));
#3838 = ORIENTED_EDGE('',*,*,#3839,.F.);
#3839 = EDGE_CURVE('',#3816,#3840,#3842,.T.);
#3840 = VERTEX_POINT('',#3841);
#3841 = CARTESIAN_POINT('',(61.093392166521,13.,2.));
#3842 = LINE('',#3843,#3844);
#3843 = CARTESIAN_POINT('',(61.693392166521,13.,2.));
#3844 = VECTOR('',#3845,1.);
#3845 = DIRECTION('',(-1.,0.,0.));
#3846 = ORIENTED_EDGE('',*,*,#3825,.T.);
#3847 = ORIENTED_EDGE('',*,*,#2219,.F.);
#3848 = ORIENTED_EDGE('',*,*,#3849,.F.);
#3849 = EDGE_CURVE('',#3840,#2212,#3850,.T.);
#3850 = LINE('',#3851,#3852);
#3851 = CARTESIAN_POINT('',(61.093392166521,13.,2.));
#3852 = VECTOR('',#3853,1.);
#3853 = DIRECTION('',(-0.,-0.,-1.));
#3854 = PLANE('',#3855);
#3855 = AXIS2_PLACEMENT_3D('',#3856,#3857,#3858);
#3856 = CARTESIAN_POINT('',(61.693392166521,13.,2.));
#3857 = DIRECTION('',(0.,1.,0.));
#3858 = DIRECTION('',(-1.,0.,0.));
#3859 = ADVANCED_FACE('',(#3860),#3871,.T.);
#3860 = FACE_BOUND('',#3861,.T.);
#3861 = EDGE_LOOP('',(#3862,#3868,#3869,#3870));
#3862 = ORIENTED_EDGE('',*,*,#3863,.F.);
#3863 = EDGE_CURVE('',#3840,#3785,#3864,.T.);
#3864 = LINE('',#3865,#3866);
#3865 = CARTESIAN_POINT('',(61.093392166521,13.,2.));
#3866 = VECTOR('',#3867,1.);
#3867 = DIRECTION('',(0.,-1.,0.));
#3868 = ORIENTED_EDGE('',*,*,#3849,.T.);
#3869 = ORIENTED_EDGE('',*,*,#2211,.F.);
#3870 = ORIENTED_EDGE('',*,*,#3794,.F.);
#3871 = PLANE('',#3872);
#3872 = AXIS2_PLACEMENT_3D('',#3873,#3874,#3875);
#3873 = CARTESIAN_POINT('',(61.093392166521,13.,2.));
#3874 = DIRECTION('',(-1.,0.,0.));
#3875 = DIRECTION('',(0.,-1.,0.));
#3876 = ADVANCED_FACE('',(#3877),#3883,.T.);
#3877 = FACE_BOUND('',#3878,.T.);
#3878 = EDGE_LOOP('',(#3879,#3880,#3881,#3882));
#3879 = ORIENTED_EDGE('',*,*,#3863,.T.);
#3880 = ORIENTED_EDGE('',*,*,#3784,.T.);
#3881 = ORIENTED_EDGE('',*,*,#3815,.T.);
#3882 = ORIENTED_EDGE('',*,*,#3839,.T.);
#3883 = PLANE('',#3884);
#3884 = AXIS2_PLACEMENT_3D('',#3885,#3886,#3887);
#3885 = CARTESIAN_POINT('',(61.393392166521,-6.4420747E-10,2.));
#3886 = DIRECTION('',(0.,0.,1.));
#3887 = DIRECTION('',(1.,0.,0.));
#3888 = ADVANCED_FACE('',(#3889),#3900,.T.);
#3889 = FACE_BOUND('',#3890,.T.);
#3890 = EDGE_LOOP('',(#3891,#3892,#3898,#3899));
#3891 = ORIENTED_EDGE('',*,*,#2257,.T.);
#3892 = ORIENTED_EDGE('',*,*,#3893,.T.);
#3893 = EDGE_CURVE('',#2250,#1663,#3894,.T.);
#3894 = LINE('',#3895,#3896);
#3895 = CARTESIAN_POINT('',(24.563392166521,11.43,-2.2));
#3896 = VECTOR('',#3897,1.);
#3897 = DIRECTION('',(1.,0.,0.));
#3898 = ORIENTED_EDGE('',*,*,#1660,.F.);
#3899 = ORIENTED_EDGE('',*,*,#1700,.F.);
#3900 = PLANE('',#3901);
#3901 = AXIS2_PLACEMENT_3D('',#3902,#3903,#3904);
#3902 = CARTESIAN_POINT('',(43.613392166521,11.43,-1.1));
#3903 = DIRECTION('',(-0.,-1.,-0.));
#3904 = DIRECTION('',(0.,0.,-1.));
#3905 = ADVANCED_FACE('',(#3906),#3917,.T.);
#3906 = FACE_BOUND('',#3907,.T.);
#3907 = EDGE_LOOP('',(#3908,#3909,#3910,#3911));
#3908 = ORIENTED_EDGE('',*,*,#2241,.F.);
#3909 = ORIENTED_EDGE('',*,*,#1709,.F.);
#3910 = ORIENTED_EDGE('',*,*,#1678,.T.);
#3911 = ORIENTED_EDGE('',*,*,#3912,.T.);
#3912 = EDGE_CURVE('',#1671,#2242,#3913,.T.);
#3913 = LINE('',#3914,#3915);
#3914 = CARTESIAN_POINT('',(62.663392166521,13.97,-2.2));
#3915 = VECTOR('',#3916,1.);
#3916 = DIRECTION('',(-1.,0.,0.));
#3917 = PLANE('',#3918);
#3918 = AXIS2_PLACEMENT_3D('',#3919,#3920,#3921);
#3919 = CARTESIAN_POINT('',(43.613392166521,13.97,-1.1));
#3920 = DIRECTION('',(0.,1.,0.));
#3921 = DIRECTION('',(0.,-0.,1.));
#3922 = ADVANCED_FACE('',(#3923,#3929,#3963,#3997,#4031,#4065,#4099,
    #4133,#4167,#4201,#4235,#4269,#4303,#4337,#4371,#4405),#4439,.T.);
#3923 = FACE_BOUND('',#3924,.T.);
#3924 = EDGE_LOOP('',(#3925,#3926,#3927,#3928));
#3925 = ORIENTED_EDGE('',*,*,#3893,.F.);
#3926 = ORIENTED_EDGE('',*,*,#2249,.F.);
#3927 = ORIENTED_EDGE('',*,*,#3912,.F.);
#3928 = ORIENTED_EDGE('',*,*,#1670,.F.);
#3929 = FACE_BOUND('',#3930,.T.);
#3930 = EDGE_LOOP('',(#3931,#3941,#3949,#3957));
#3931 = ORIENTED_EDGE('',*,*,#3932,.F.);
#3932 = EDGE_CURVE('',#3933,#3935,#3937,.T.);
#3933 = VERTEX_POINT('',#3934);
#3934 = CARTESIAN_POINT('',(26.133392166521,12.4,-2.2));
#3935 = VERTEX_POINT('',#3936);
#3936 = CARTESIAN_POINT('',(25.533392166521,12.4,-2.2));
#3937 = LINE('',#3938,#3939);
#3938 = CARTESIAN_POINT('',(25.683392166521,12.4,-2.2));
#3939 = VECTOR('',#3940,1.);
#3940 = DIRECTION('',(-1.,0.,0.));
#3941 = ORIENTED_EDGE('',*,*,#3942,.F.);
#3942 = EDGE_CURVE('',#3943,#3933,#3945,.T.);
#3943 = VERTEX_POINT('',#3944);
#3944 = CARTESIAN_POINT('',(26.133392166521,13.,-2.2));
#3945 = LINE('',#3946,#3947);
#3946 = CARTESIAN_POINT('',(26.133392166521,6.2,-2.2));
#3947 = VECTOR('',#3948,1.);
#3948 = DIRECTION('',(0.,-1.,0.));
#3949 = ORIENTED_EDGE('',*,*,#3950,.F.);
#3950 = EDGE_CURVE('',#3951,#3943,#3953,.T.);
#3951 = VERTEX_POINT('',#3952);
#3952 = CARTESIAN_POINT('',(25.533392166521,13.,-2.2));
#3953 = LINE('',#3954,#3955);
#3954 = CARTESIAN_POINT('',(25.983392166521,13.,-2.2));
#3955 = VECTOR('',#3956,1.);
#3956 = DIRECTION('',(1.,0.,0.));
#3957 = ORIENTED_EDGE('',*,*,#3958,.F.);
#3958 = EDGE_CURVE('',#3935,#3951,#3959,.T.);
#3959 = LINE('',#3960,#3961);
#3960 = CARTESIAN_POINT('',(25.533392166521,6.5,-2.2));
#3961 = VECTOR('',#3962,1.);
#3962 = DIRECTION('',(0.,1.,0.));
#3963 = FACE_BOUND('',#3964,.T.);
#3964 = EDGE_LOOP('',(#3965,#3975,#3983,#3991));
#3965 = ORIENTED_EDGE('',*,*,#3966,.F.);
#3966 = EDGE_CURVE('',#3967,#3969,#3971,.T.);
#3967 = VERTEX_POINT('',#3968);
#3968 = CARTESIAN_POINT('',(31.213392166521,12.4,-2.2));
#3969 = VERTEX_POINT('',#3970);
#3970 = CARTESIAN_POINT('',(30.613392166521,12.4,-2.2));
#3971 = LINE('',#3972,#3973);
#3972 = CARTESIAN_POINT('',(30.763392166521,12.4,-2.2));
#3973 = VECTOR('',#3974,1.);
#3974 = DIRECTION('',(-1.,0.,0.));
#3975 = ORIENTED_EDGE('',*,*,#3976,.F.);
#3976 = EDGE_CURVE('',#3977,#3967,#3979,.T.);
#3977 = VERTEX_POINT('',#3978);
#3978 = CARTESIAN_POINT('',(31.213392166521,13.,-2.2));
#3979 = LINE('',#3980,#3981);
#3980 = CARTESIAN_POINT('',(31.213392166521,6.2,-2.2));
#3981 = VECTOR('',#3982,1.);
#3982 = DIRECTION('',(0.,-1.,0.));
#3983 = ORIENTED_EDGE('',*,*,#3984,.F.);
#3984 = EDGE_CURVE('',#3985,#3977,#3987,.T.);
#3985 = VERTEX_POINT('',#3986);
#3986 = CARTESIAN_POINT('',(30.613392166521,13.,-2.2));
#3987 = LINE('',#3988,#3989);
#3988 = CARTESIAN_POINT('',(31.063392166521,13.,-2.2));
#3989 = VECTOR('',#3990,1.);
#3990 = DIRECTION('',(1.,0.,0.));
#3991 = ORIENTED_EDGE('',*,*,#3992,.F.);
#3992 = EDGE_CURVE('',#3969,#3985,#3993,.T.);
#3993 = LINE('',#3994,#3995);
#3994 = CARTESIAN_POINT('',(30.613392166521,6.5,-2.2));
#3995 = VECTOR('',#3996,1.);
#3996 = DIRECTION('',(0.,1.,0.));
#3997 = FACE_BOUND('',#3998,.T.);
#3998 = EDGE_LOOP('',(#3999,#4009,#4017,#4025));
#3999 = ORIENTED_EDGE('',*,*,#4000,.F.);
#4000 = EDGE_CURVE('',#4001,#4003,#4005,.T.);
#4001 = VERTEX_POINT('',#4002);
#4002 = CARTESIAN_POINT('',(36.293392166521,12.4,-2.2));
#4003 = VERTEX_POINT('',#4004);
#4004 = CARTESIAN_POINT('',(35.693392166521,12.4,-2.2));
#4005 = LINE('',#4006,#4007);
#4006 = CARTESIAN_POINT('',(35.843392166521,12.4,-2.2));
#4007 = VECTOR('',#4008,1.);
#4008 = DIRECTION('',(-1.,0.,0.));
#4009 = ORIENTED_EDGE('',*,*,#4010,.F.);
#4010 = EDGE_CURVE('',#4011,#4001,#4013,.T.);
#4011 = VERTEX_POINT('',#4012);
#4012 = CARTESIAN_POINT('',(36.293392166521,13.,-2.2));
#4013 = LINE('',#4014,#4015);
#4014 = CARTESIAN_POINT('',(36.293392166521,6.2,-2.2));
#4015 = VECTOR('',#4016,1.);
#4016 = DIRECTION('',(0.,-1.,0.));
#4017 = ORIENTED_EDGE('',*,*,#4018,.F.);
#4018 = EDGE_CURVE('',#4019,#4011,#4021,.T.);
#4019 = VERTEX_POINT('',#4020);
#4020 = CARTESIAN_POINT('',(35.693392166521,13.,-2.2));
#4021 = LINE('',#4022,#4023);
#4022 = CARTESIAN_POINT('',(36.143392166521,13.,-2.2));
#4023 = VECTOR('',#4024,1.);
#4024 = DIRECTION('',(1.,0.,0.));
#4025 = ORIENTED_EDGE('',*,*,#4026,.F.);
#4026 = EDGE_CURVE('',#4003,#4019,#4027,.T.);
#4027 = LINE('',#4028,#4029);
#4028 = CARTESIAN_POINT('',(35.693392166521,6.5,-2.2));
#4029 = VECTOR('',#4030,1.);
#4030 = DIRECTION('',(0.,1.,0.));
#4031 = FACE_BOUND('',#4032,.T.);
#4032 = EDGE_LOOP('',(#4033,#4043,#4051,#4059));
#4033 = ORIENTED_EDGE('',*,*,#4034,.F.);
#4034 = EDGE_CURVE('',#4035,#4037,#4039,.T.);
#4035 = VERTEX_POINT('',#4036);
#4036 = CARTESIAN_POINT('',(41.373392166521,12.4,-2.2));
#4037 = VERTEX_POINT('',#4038);
#4038 = CARTESIAN_POINT('',(40.773392166521,12.4,-2.2));
#4039 = LINE('',#4040,#4041);
#4040 = CARTESIAN_POINT('',(40.923392166521,12.4,-2.2));
#4041 = VECTOR('',#4042,1.);
#4042 = DIRECTION('',(-1.,0.,0.));
#4043 = ORIENTED_EDGE('',*,*,#4044,.F.);
#4044 = EDGE_CURVE('',#4045,#4035,#4047,.T.);
#4045 = VERTEX_POINT('',#4046);
#4046 = CARTESIAN_POINT('',(41.373392166521,13.,-2.2));
#4047 = LINE('',#4048,#4049);
#4048 = CARTESIAN_POINT('',(41.373392166521,6.2,-2.2));
#4049 = VECTOR('',#4050,1.);
#4050 = DIRECTION('',(0.,-1.,0.));
#4051 = ORIENTED_EDGE('',*,*,#4052,.F.);
#4052 = EDGE_CURVE('',#4053,#4045,#4055,.T.);
#4053 = VERTEX_POINT('',#4054);
#4054 = CARTESIAN_POINT('',(40.773392166521,13.,-2.2));
#4055 = LINE('',#4056,#4057);
#4056 = CARTESIAN_POINT('',(41.223392166521,13.,-2.2));
#4057 = VECTOR('',#4058,1.);
#4058 = DIRECTION('',(1.,0.,0.));
#4059 = ORIENTED_EDGE('',*,*,#4060,.F.);
#4060 = EDGE_CURVE('',#4037,#4053,#4061,.T.);
#4061 = LINE('',#4062,#4063);
#4062 = CARTESIAN_POINT('',(40.773392166521,6.5,-2.2));
#4063 = VECTOR('',#4064,1.);
#4064 = DIRECTION('',(0.,1.,0.));
#4065 = FACE_BOUND('',#4066,.T.);
#4066 = EDGE_LOOP('',(#4067,#4077,#4085,#4093));
#4067 = ORIENTED_EDGE('',*,*,#4068,.F.);
#4068 = EDGE_CURVE('',#4069,#4071,#4073,.T.);
#4069 = VERTEX_POINT('',#4070);
#4070 = CARTESIAN_POINT('',(46.453392166521,12.4,-2.2));
#4071 = VERTEX_POINT('',#4072);
#4072 = CARTESIAN_POINT('',(45.853392166521,12.4,-2.2));
#4073 = LINE('',#4074,#4075);
#4074 = CARTESIAN_POINT('',(46.003392166521,12.4,-2.2));
#4075 = VECTOR('',#4076,1.);
#4076 = DIRECTION('',(-1.,0.,0.));
#4077 = ORIENTED_EDGE('',*,*,#4078,.F.);
#4078 = EDGE_CURVE('',#4079,#4069,#4081,.T.);
#4079 = VERTEX_POINT('',#4080);
#4080 = CARTESIAN_POINT('',(46.453392166521,13.,-2.2));
#4081 = LINE('',#4082,#4083);
#4082 = CARTESIAN_POINT('',(46.453392166521,6.2,-2.2));
#4083 = VECTOR('',#4084,1.);
#4084 = DIRECTION('',(0.,-1.,0.));
#4085 = ORIENTED_EDGE('',*,*,#4086,.F.);
#4086 = EDGE_CURVE('',#4087,#4079,#4089,.T.);
#4087 = VERTEX_POINT('',#4088);
#4088 = CARTESIAN_POINT('',(45.853392166521,13.,-2.2));
#4089 = LINE('',#4090,#4091);
#4090 = CARTESIAN_POINT('',(46.303392166521,13.,-2.2));
#4091 = VECTOR('',#4092,1.);
#4092 = DIRECTION('',(1.,0.,0.));
#4093 = ORIENTED_EDGE('',*,*,#4094,.F.);
#4094 = EDGE_CURVE('',#4071,#4087,#4095,.T.);
#4095 = LINE('',#4096,#4097);
#4096 = CARTESIAN_POINT('',(45.853392166521,6.5,-2.2));
#4097 = VECTOR('',#4098,1.);
#4098 = DIRECTION('',(0.,1.,0.));
#4099 = FACE_BOUND('',#4100,.T.);
#4100 = EDGE_LOOP('',(#4101,#4111,#4119,#4127));
#4101 = ORIENTED_EDGE('',*,*,#4102,.F.);
#4102 = EDGE_CURVE('',#4103,#4105,#4107,.T.);
#4103 = VERTEX_POINT('',#4104);
#4104 = CARTESIAN_POINT('',(51.533392166521,12.4,-2.2));
#4105 = VERTEX_POINT('',#4106);
#4106 = CARTESIAN_POINT('',(50.933392166521,12.4,-2.2));
#4107 = LINE('',#4108,#4109);
#4108 = CARTESIAN_POINT('',(51.083392166521,12.4,-2.2));
#4109 = VECTOR('',#4110,1.);
#4110 = DIRECTION('',(-1.,0.,0.));
#4111 = ORIENTED_EDGE('',*,*,#4112,.F.);
#4112 = EDGE_CURVE('',#4113,#4103,#4115,.T.);
#4113 = VERTEX_POINT('',#4114);
#4114 = CARTESIAN_POINT('',(51.533392166521,13.,-2.2));
#4115 = LINE('',#4116,#4117);
#4116 = CARTESIAN_POINT('',(51.533392166521,6.2,-2.2));
#4117 = VECTOR('',#4118,1.);
#4118 = DIRECTION('',(0.,-1.,0.));
#4119 = ORIENTED_EDGE('',*,*,#4120,.F.);
#4120 = EDGE_CURVE('',#4121,#4113,#4123,.T.);
#4121 = VERTEX_POINT('',#4122);
#4122 = CARTESIAN_POINT('',(50.933392166521,13.,-2.2));
#4123 = LINE('',#4124,#4125);
#4124 = CARTESIAN_POINT('',(51.383392166521,13.,-2.2));
#4125 = VECTOR('',#4126,1.);
#4126 = DIRECTION('',(1.,0.,0.));
#4127 = ORIENTED_EDGE('',*,*,#4128,.F.);
#4128 = EDGE_CURVE('',#4105,#4121,#4129,.T.);
#4129 = LINE('',#4130,#4131);
#4130 = CARTESIAN_POINT('',(50.933392166521,6.5,-2.2));
#4131 = VECTOR('',#4132,1.);
#4132 = DIRECTION('',(0.,1.,0.));
#4133 = FACE_BOUND('',#4134,.T.);
#4134 = EDGE_LOOP('',(#4135,#4145,#4153,#4161));
#4135 = ORIENTED_EDGE('',*,*,#4136,.F.);
#4136 = EDGE_CURVE('',#4137,#4139,#4141,.T.);
#4137 = VERTEX_POINT('',#4138);
#4138 = CARTESIAN_POINT('',(56.613392166521,12.4,-2.2));
#4139 = VERTEX_POINT('',#4140);
#4140 = CARTESIAN_POINT('',(56.013392166521,12.4,-2.2));
#4141 = LINE('',#4142,#4143);
#4142 = CARTESIAN_POINT('',(56.163392166521,12.4,-2.2));
#4143 = VECTOR('',#4144,1.);
#4144 = DIRECTION('',(-1.,0.,0.));
#4145 = ORIENTED_EDGE('',*,*,#4146,.F.);
#4146 = EDGE_CURVE('',#4147,#4137,#4149,.T.);
#4147 = VERTEX_POINT('',#4148);
#4148 = CARTESIAN_POINT('',(56.613392166521,13.,-2.2));
#4149 = LINE('',#4150,#4151);
#4150 = CARTESIAN_POINT('',(56.613392166521,6.2,-2.2));
#4151 = VECTOR('',#4152,1.);
#4152 = DIRECTION('',(0.,-1.,0.));
#4153 = ORIENTED_EDGE('',*,*,#4154,.F.);
#4154 = EDGE_CURVE('',#4155,#4147,#4157,.T.);
#4155 = VERTEX_POINT('',#4156);
#4156 = CARTESIAN_POINT('',(56.013392166521,13.,-2.2));
#4157 = LINE('',#4158,#4159);
#4158 = CARTESIAN_POINT('',(56.463392166521,13.,-2.2));
#4159 = VECTOR('',#4160,1.);
#4160 = DIRECTION('',(1.,0.,0.));
#4161 = ORIENTED_EDGE('',*,*,#4162,.F.);
#4162 = EDGE_CURVE('',#4139,#4155,#4163,.T.);
#4163 = LINE('',#4164,#4165);
#4164 = CARTESIAN_POINT('',(56.013392166521,6.5,-2.2));
#4165 = VECTOR('',#4166,1.);
#4166 = DIRECTION('',(0.,1.,0.));
#4167 = FACE_BOUND('',#4168,.T.);
#4168 = EDGE_LOOP('',(#4169,#4179,#4187,#4195));
#4169 = ORIENTED_EDGE('',*,*,#4170,.F.);
#4170 = EDGE_CURVE('',#4171,#4173,#4175,.T.);
#4171 = VERTEX_POINT('',#4172);
#4172 = CARTESIAN_POINT('',(59.153392166521,12.4,-2.2));
#4173 = VERTEX_POINT('',#4174);
#4174 = CARTESIAN_POINT('',(58.553392166521,12.4,-2.2));
#4175 = LINE('',#4176,#4177);
#4176 = CARTESIAN_POINT('',(58.703392166521,12.4,-2.2));
#4177 = VECTOR('',#4178,1.);
#4178 = DIRECTION('',(-1.,0.,0.));
#4179 = ORIENTED_EDGE('',*,*,#4180,.F.);
#4180 = EDGE_CURVE('',#4181,#4171,#4183,.T.);
#4181 = VERTEX_POINT('',#4182);
#4182 = CARTESIAN_POINT('',(59.153392166521,13.,-2.2));
#4183 = LINE('',#4184,#4185);
#4184 = CARTESIAN_POINT('',(59.153392166521,6.2,-2.2));
#4185 = VECTOR('',#4186,1.);
#4186 = DIRECTION('',(0.,-1.,0.));
#4187 = ORIENTED_EDGE('',*,*,#4188,.F.);
#4188 = EDGE_CURVE('',#4189,#4181,#4191,.T.);
#4189 = VERTEX_POINT('',#4190);
#4190 = CARTESIAN_POINT('',(58.553392166521,13.,-2.2));
#4191 = LINE('',#4192,#4193);
#4192 = CARTESIAN_POINT('',(59.003392166521,13.,-2.2));
#4193 = VECTOR('',#4194,1.);
#4194 = DIRECTION('',(1.,0.,0.));
#4195 = ORIENTED_EDGE('',*,*,#4196,.F.);
#4196 = EDGE_CURVE('',#4173,#4189,#4197,.T.);
#4197 = LINE('',#4198,#4199);
#4198 = CARTESIAN_POINT('',(58.553392166521,6.5,-2.2));
#4199 = VECTOR('',#4200,1.);
#4200 = DIRECTION('',(0.,1.,0.));
#4201 = FACE_BOUND('',#4202,.T.);
#4202 = EDGE_LOOP('',(#4203,#4213,#4221,#4229));
#4203 = ORIENTED_EDGE('',*,*,#4204,.F.);
#4204 = EDGE_CURVE('',#4205,#4207,#4209,.T.);
#4205 = VERTEX_POINT('',#4206);
#4206 = CARTESIAN_POINT('',(28.673392166521,12.4,-2.2));
#4207 = VERTEX_POINT('',#4208);
#4208 = CARTESIAN_POINT('',(28.073392166521,12.4,-2.2));
#4209 = LINE('',#4210,#4211);
#4210 = CARTESIAN_POINT('',(28.223392166521,12.4,-2.2));
#4211 = VECTOR('',#4212,1.);
#4212 = DIRECTION('',(-1.,0.,0.));
#4213 = ORIENTED_EDGE('',*,*,#4214,.F.);
#4214 = EDGE_CURVE('',#4215,#4205,#4217,.T.);
#4215 = VERTEX_POINT('',#4216);
#4216 = CARTESIAN_POINT('',(28.673392166521,13.,-2.2));
#4217 = LINE('',#4218,#4219);
#4218 = CARTESIAN_POINT('',(28.673392166521,6.2,-2.2));
#4219 = VECTOR('',#4220,1.);
#4220 = DIRECTION('',(0.,-1.,0.));
#4221 = ORIENTED_EDGE('',*,*,#4222,.F.);
#4222 = EDGE_CURVE('',#4223,#4215,#4225,.T.);
#4223 = VERTEX_POINT('',#4224);
#4224 = CARTESIAN_POINT('',(28.073392166521,13.,-2.2));
#4225 = LINE('',#4226,#4227);
#4226 = CARTESIAN_POINT('',(28.523392166521,13.,-2.2));
#4227 = VECTOR('',#4228,1.);
#4228 = DIRECTION('',(1.,0.,0.));
#4229 = ORIENTED_EDGE('',*,*,#4230,.F.);
#4230 = EDGE_CURVE('',#4207,#4223,#4231,.T.);
#4231 = LINE('',#4232,#4233);
#4232 = CARTESIAN_POINT('',(28.073392166521,6.5,-2.2));
#4233 = VECTOR('',#4234,1.);
#4234 = DIRECTION('',(0.,1.,0.));
#4235 = FACE_BOUND('',#4236,.T.);
#4236 = EDGE_LOOP('',(#4237,#4247,#4255,#4263));
#4237 = ORIENTED_EDGE('',*,*,#4238,.F.);
#4238 = EDGE_CURVE('',#4239,#4241,#4243,.T.);
#4239 = VERTEX_POINT('',#4240);
#4240 = CARTESIAN_POINT('',(33.753392166521,12.4,-2.2));
#4241 = VERTEX_POINT('',#4242);
#4242 = CARTESIAN_POINT('',(33.153392166521,12.4,-2.2));
#4243 = LINE('',#4244,#4245);
#4244 = CARTESIAN_POINT('',(33.303392166521,12.4,-2.2));
#4245 = VECTOR('',#4246,1.);
#4246 = DIRECTION('',(-1.,0.,0.));
#4247 = ORIENTED_EDGE('',*,*,#4248,.F.);
#4248 = EDGE_CURVE('',#4249,#4239,#4251,.T.);
#4249 = VERTEX_POINT('',#4250);
#4250 = CARTESIAN_POINT('',(33.753392166521,13.,-2.2));
#4251 = LINE('',#4252,#4253);
#4252 = CARTESIAN_POINT('',(33.753392166521,6.2,-2.2));
#4253 = VECTOR('',#4254,1.);
#4254 = DIRECTION('',(0.,-1.,0.));
#4255 = ORIENTED_EDGE('',*,*,#4256,.F.);
#4256 = EDGE_CURVE('',#4257,#4249,#4259,.T.);
#4257 = VERTEX_POINT('',#4258);
#4258 = CARTESIAN_POINT('',(33.153392166521,13.,-2.2));
#4259 = LINE('',#4260,#4261);
#4260 = CARTESIAN_POINT('',(33.603392166521,13.,-2.2));
#4261 = VECTOR('',#4262,1.);
#4262 = DIRECTION('',(1.,0.,0.));
#4263 = ORIENTED_EDGE('',*,*,#4264,.F.);
#4264 = EDGE_CURVE('',#4241,#4257,#4265,.T.);
#4265 = LINE('',#4266,#4267);
#4266 = CARTESIAN_POINT('',(33.153392166521,6.5,-2.2));
#4267 = VECTOR('',#4268,1.);
#4268 = DIRECTION('',(0.,1.,0.));
#4269 = FACE_BOUND('',#4270,.T.);
#4270 = EDGE_LOOP('',(#4271,#4281,#4289,#4297));
#4271 = ORIENTED_EDGE('',*,*,#4272,.F.);
#4272 = EDGE_CURVE('',#4273,#4275,#4277,.T.);
#4273 = VERTEX_POINT('',#4274);
#4274 = CARTESIAN_POINT('',(38.833392166521,12.4,-2.2));
#4275 = VERTEX_POINT('',#4276);
#4276 = CARTESIAN_POINT('',(38.233392166521,12.4,-2.2));
#4277 = LINE('',#4278,#4279);
#4278 = CARTESIAN_POINT('',(38.383392166521,12.4,-2.2));
#4279 = VECTOR('',#4280,1.);
#4280 = DIRECTION('',(-1.,0.,0.));
#4281 = ORIENTED_EDGE('',*,*,#4282,.F.);
#4282 = EDGE_CURVE('',#4283,#4273,#4285,.T.);
#4283 = VERTEX_POINT('',#4284);
#4284 = CARTESIAN_POINT('',(38.833392166521,13.,-2.2));
#4285 = LINE('',#4286,#4287);
#4286 = CARTESIAN_POINT('',(38.833392166521,6.2,-2.2));
#4287 = VECTOR('',#4288,1.);
#4288 = DIRECTION('',(0.,-1.,0.));
#4289 = ORIENTED_EDGE('',*,*,#4290,.F.);
#4290 = EDGE_CURVE('',#4291,#4283,#4293,.T.);
#4291 = VERTEX_POINT('',#4292);
#4292 = CARTESIAN_POINT('',(38.233392166521,13.,-2.2));
#4293 = LINE('',#4294,#4295);
#4294 = CARTESIAN_POINT('',(38.683392166521,13.,-2.2));
#4295 = VECTOR('',#4296,1.);
#4296 = DIRECTION('',(1.,0.,0.));
#4297 = ORIENTED_EDGE('',*,*,#4298,.F.);
#4298 = EDGE_CURVE('',#4275,#4291,#4299,.T.);
#4299 = LINE('',#4300,#4301);
#4300 = CARTESIAN_POINT('',(38.233392166521,6.5,-2.2));
#4301 = VECTOR('',#4302,1.);
#4302 = DIRECTION('',(0.,1.,0.));
#4303 = FACE_BOUND('',#4304,.T.);
#4304 = EDGE_LOOP('',(#4305,#4315,#4323,#4331));
#4305 = ORIENTED_EDGE('',*,*,#4306,.F.);
#4306 = EDGE_CURVE('',#4307,#4309,#4311,.T.);
#4307 = VERTEX_POINT('',#4308);
#4308 = CARTESIAN_POINT('',(43.913392166521,12.4,-2.2));
#4309 = VERTEX_POINT('',#4310);
#4310 = CARTESIAN_POINT('',(43.313392166521,12.4,-2.2));
#4311 = LINE('',#4312,#4313);
#4312 = CARTESIAN_POINT('',(43.463392166521,12.4,-2.2));
#4313 = VECTOR('',#4314,1.);
#4314 = DIRECTION('',(-1.,0.,0.));
#4315 = ORIENTED_EDGE('',*,*,#4316,.F.);
#4316 = EDGE_CURVE('',#4317,#4307,#4319,.T.);
#4317 = VERTEX_POINT('',#4318);
#4318 = CARTESIAN_POINT('',(43.913392166521,13.,-2.2));
#4319 = LINE('',#4320,#4321);
#4320 = CARTESIAN_POINT('',(43.913392166521,6.2,-2.2));
#4321 = VECTOR('',#4322,1.);
#4322 = DIRECTION('',(0.,-1.,0.));
#4323 = ORIENTED_EDGE('',*,*,#4324,.F.);
#4324 = EDGE_CURVE('',#4325,#4317,#4327,.T.);
#4325 = VERTEX_POINT('',#4326);
#4326 = CARTESIAN_POINT('',(43.313392166521,13.,-2.2));
#4327 = LINE('',#4328,#4329);
#4328 = CARTESIAN_POINT('',(43.763392166521,13.,-2.2));
#4329 = VECTOR('',#4330,1.);
#4330 = DIRECTION('',(1.,0.,0.));
#4331 = ORIENTED_EDGE('',*,*,#4332,.F.);
#4332 = EDGE_CURVE('',#4309,#4325,#4333,.T.);
#4333 = LINE('',#4334,#4335);
#4334 = CARTESIAN_POINT('',(43.313392166521,6.5,-2.2));
#4335 = VECTOR('',#4336,1.);
#4336 = DIRECTION('',(0.,1.,0.));
#4337 = FACE_BOUND('',#4338,.T.);
#4338 = EDGE_LOOP('',(#4339,#4349,#4357,#4365));
#4339 = ORIENTED_EDGE('',*,*,#4340,.F.);
#4340 = EDGE_CURVE('',#4341,#4343,#4345,.T.);
#4341 = VERTEX_POINT('',#4342);
#4342 = CARTESIAN_POINT('',(48.993392166521,12.4,-2.2));
#4343 = VERTEX_POINT('',#4344);
#4344 = CARTESIAN_POINT('',(48.393392166521,12.4,-2.2));
#4345 = LINE('',#4346,#4347);
#4346 = CARTESIAN_POINT('',(48.543392166521,12.4,-2.2));
#4347 = VECTOR('',#4348,1.);
#4348 = DIRECTION('',(-1.,0.,0.));
#4349 = ORIENTED_EDGE('',*,*,#4350,.F.);
#4350 = EDGE_CURVE('',#4351,#4341,#4353,.T.);
#4351 = VERTEX_POINT('',#4352);
#4352 = CARTESIAN_POINT('',(48.993392166521,13.,-2.2));
#4353 = LINE('',#4354,#4355);
#4354 = CARTESIAN_POINT('',(48.993392166521,6.2,-2.2));
#4355 = VECTOR('',#4356,1.);
#4356 = DIRECTION('',(0.,-1.,0.));
#4357 = ORIENTED_EDGE('',*,*,#4358,.F.);
#4358 = EDGE_CURVE('',#4359,#4351,#4361,.T.);
#4359 = VERTEX_POINT('',#4360);
#4360 = CARTESIAN_POINT('',(48.393392166521,13.,-2.2));
#4361 = LINE('',#4362,#4363);
#4362 = CARTESIAN_POINT('',(48.843392166521,13.,-2.2));
#4363 = VECTOR('',#4364,1.);
#4364 = DIRECTION('',(1.,0.,0.));
#4365 = ORIENTED_EDGE('',*,*,#4366,.F.);
#4366 = EDGE_CURVE('',#4343,#4359,#4367,.T.);
#4367 = LINE('',#4368,#4369);
#4368 = CARTESIAN_POINT('',(48.393392166521,6.5,-2.2));
#4369 = VECTOR('',#4370,1.);
#4370 = DIRECTION('',(0.,1.,0.));
#4371 = FACE_BOUND('',#4372,.T.);
#4372 = EDGE_LOOP('',(#4373,#4383,#4391,#4399));
#4373 = ORIENTED_EDGE('',*,*,#4374,.F.);
#4374 = EDGE_CURVE('',#4375,#4377,#4379,.T.);
#4375 = VERTEX_POINT('',#4376);
#4376 = CARTESIAN_POINT('',(54.073392166521,12.4,-2.2));
#4377 = VERTEX_POINT('',#4378);
#4378 = CARTESIAN_POINT('',(53.473392166521,12.4,-2.2));
#4379 = LINE('',#4380,#4381);
#4380 = CARTESIAN_POINT('',(53.623392166521,12.4,-2.2));
#4381 = VECTOR('',#4382,1.);
#4382 = DIRECTION('',(-1.,0.,0.));
#4383 = ORIENTED_EDGE('',*,*,#4384,.F.);
#4384 = EDGE_CURVE('',#4385,#4375,#4387,.T.);
#4385 = VERTEX_POINT('',#4386);
#4386 = CARTESIAN_POINT('',(54.073392166521,13.,-2.2));
#4387 = LINE('',#4388,#4389);
#4388 = CARTESIAN_POINT('',(54.073392166521,6.2,-2.2));
#4389 = VECTOR('',#4390,1.);
#4390 = DIRECTION('',(0.,-1.,0.));
#4391 = ORIENTED_EDGE('',*,*,#4392,.F.);
#4392 = EDGE_CURVE('',#4393,#4385,#4395,.T.);
#4393 = VERTEX_POINT('',#4394);
#4394 = CARTESIAN_POINT('',(53.473392166521,13.,-2.2));
#4395 = LINE('',#4396,#4397);
#4396 = CARTESIAN_POINT('',(53.923392166521,13.,-2.2));
#4397 = VECTOR('',#4398,1.);
#4398 = DIRECTION('',(1.,0.,0.));
#4399 = ORIENTED_EDGE('',*,*,#4400,.F.);
#4400 = EDGE_CURVE('',#4377,#4393,#4401,.T.);
#4401 = LINE('',#4402,#4403);
#4402 = CARTESIAN_POINT('',(53.473392166521,6.5,-2.2));
#4403 = VECTOR('',#4404,1.);
#4404 = DIRECTION('',(0.,1.,0.));
#4405 = FACE_BOUND('',#4406,.T.);
#4406 = EDGE_LOOP('',(#4407,#4417,#4425,#4433));
#4407 = ORIENTED_EDGE('',*,*,#4408,.F.);
#4408 = EDGE_CURVE('',#4409,#4411,#4413,.T.);
#4409 = VERTEX_POINT('',#4410);
#4410 = CARTESIAN_POINT('',(61.693392166521,12.4,-2.2));
#4411 = VERTEX_POINT('',#4412);
#4412 = CARTESIAN_POINT('',(61.093392166521,12.4,-2.2));
#4413 = LINE('',#4414,#4415);
#4414 = CARTESIAN_POINT('',(61.243392166521,12.4,-2.2));
#4415 = VECTOR('',#4416,1.);
#4416 = DIRECTION('',(-1.,0.,0.));
#4417 = ORIENTED_EDGE('',*,*,#4418,.F.);
#4418 = EDGE_CURVE('',#4419,#4409,#4421,.T.);
#4419 = VERTEX_POINT('',#4420);
#4420 = CARTESIAN_POINT('',(61.693392166521,13.,-2.2));
#4421 = LINE('',#4422,#4423);
#4422 = CARTESIAN_POINT('',(61.693392166521,6.2,-2.2));
#4423 = VECTOR('',#4424,1.);
#4424 = DIRECTION('',(0.,-1.,0.));
#4425 = ORIENTED_EDGE('',*,*,#4426,.F.);
#4426 = EDGE_CURVE('',#4427,#4419,#4429,.T.);
#4427 = VERTEX_POINT('',#4428);
#4428 = CARTESIAN_POINT('',(61.093392166521,13.,-2.2));
#4429 = LINE('',#4430,#4431);
#4430 = CARTESIAN_POINT('',(61.543392166521,13.,-2.2));
#4431 = VECTOR('',#4432,1.);
#4432 = DIRECTION('',(1.,0.,0.));
#4433 = ORIENTED_EDGE('',*,*,#4434,.F.);
#4434 = EDGE_CURVE('',#4411,#4427,#4435,.T.);
#4435 = LINE('',#4436,#4437);
#4436 = CARTESIAN_POINT('',(61.093392166521,6.5,-2.2));
#4437 = VECTOR('',#4438,1.);
#4438 = DIRECTION('',(0.,1.,0.));
#4439 = PLANE('',#4440);
#4440 = AXIS2_PLACEMENT_3D('',#4441,#4442,#4443);
#4441 = CARTESIAN_POINT('',(43.613392166521,12.7,-2.2));
#4442 = DIRECTION('',(-0.,-0.,-1.));
#4443 = DIRECTION('',(-1.,0.,0.));
#4444 = ADVANCED_FACE('',(#4445),#4470,.T.);
#4445 = FACE_BOUND('',#4446,.T.);
#4446 = EDGE_LOOP('',(#4447,#4448,#4456,#4464));
#4447 = ORIENTED_EDGE('',*,*,#3932,.T.);
#4448 = ORIENTED_EDGE('',*,*,#4449,.T.);
#4449 = EDGE_CURVE('',#3935,#4450,#4452,.T.);
#4450 = VERTEX_POINT('',#4451);
#4451 = CARTESIAN_POINT('',(25.533392166521,12.4,-8.5));
#4452 = LINE('',#4453,#4454);
#4453 = CARTESIAN_POINT('',(25.533392166521,12.4,2.));
#4454 = VECTOR('',#4455,1.);
#4455 = DIRECTION('',(-0.,-0.,-1.));
#4456 = ORIENTED_EDGE('',*,*,#4457,.T.);
#4457 = EDGE_CURVE('',#4450,#4458,#4460,.T.);
#4458 = VERTEX_POINT('',#4459);
#4459 = CARTESIAN_POINT('',(26.133392166521,12.4,-8.5));
#4460 = LINE('',#4461,#4462);
#4461 = CARTESIAN_POINT('',(25.533392166521,12.4,-8.5));
#4462 = VECTOR('',#4463,1.);
#4463 = DIRECTION('',(1.,0.,0.));
#4464 = ORIENTED_EDGE('',*,*,#4465,.F.);
#4465 = EDGE_CURVE('',#3933,#4458,#4466,.T.);
#4466 = LINE('',#4467,#4468);
#4467 = CARTESIAN_POINT('',(26.133392166521,12.4,2.));
#4468 = VECTOR('',#4469,1.);
#4469 = DIRECTION('',(-0.,-0.,-1.));
#4470 = PLANE('',#4471);
#4471 = AXIS2_PLACEMENT_3D('',#4472,#4473,#4474);
#4472 = CARTESIAN_POINT('',(25.533392166521,12.4,2.));
#4473 = DIRECTION('',(0.,-1.,0.));
#4474 = DIRECTION('',(1.,0.,0.));
#4475 = ADVANCED_FACE('',(#4476),#4494,.T.);
#4476 = FACE_BOUND('',#4477,.T.);
#4477 = EDGE_LOOP('',(#4478,#4479,#4480,#4488));
#4478 = ORIENTED_EDGE('',*,*,#3942,.T.);
#4479 = ORIENTED_EDGE('',*,*,#4465,.T.);
#4480 = ORIENTED_EDGE('',*,*,#4481,.T.);
#4481 = EDGE_CURVE('',#4458,#4482,#4484,.T.);
#4482 = VERTEX_POINT('',#4483);
#4483 = CARTESIAN_POINT('',(26.133392166521,13.,-8.5));
#4484 = LINE('',#4485,#4486);
#4485 = CARTESIAN_POINT('',(26.133392166521,12.4,-8.5));
#4486 = VECTOR('',#4487,1.);
#4487 = DIRECTION('',(0.,1.,0.));
#4488 = ORIENTED_EDGE('',*,*,#4489,.F.);
#4489 = EDGE_CURVE('',#3943,#4482,#4490,.T.);
#4490 = LINE('',#4491,#4492);
#4491 = CARTESIAN_POINT('',(26.133392166521,13.,2.));
#4492 = VECTOR('',#4493,1.);
#4493 = DIRECTION('',(-0.,-0.,-1.));
#4494 = PLANE('',#4495);
#4495 = AXIS2_PLACEMENT_3D('',#4496,#4497,#4498);
#4496 = CARTESIAN_POINT('',(26.133392166521,12.4,2.));
#4497 = DIRECTION('',(1.,0.,0.));
#4498 = DIRECTION('',(0.,1.,0.));
#4499 = ADVANCED_FACE('',(#4500),#4518,.T.);
#4500 = FACE_BOUND('',#4501,.T.);
#4501 = EDGE_LOOP('',(#4502,#4503,#4504,#4512));
#4502 = ORIENTED_EDGE('',*,*,#3950,.T.);
#4503 = ORIENTED_EDGE('',*,*,#4489,.T.);
#4504 = ORIENTED_EDGE('',*,*,#4505,.T.);
#4505 = EDGE_CURVE('',#4482,#4506,#4508,.T.);
#4506 = VERTEX_POINT('',#4507);
#4507 = CARTESIAN_POINT('',(25.533392166521,13.,-8.5));
#4508 = LINE('',#4509,#4510);
#4509 = CARTESIAN_POINT('',(26.133392166521,13.,-8.5));
#4510 = VECTOR('',#4511,1.);
#4511 = DIRECTION('',(-1.,0.,0.));
#4512 = ORIENTED_EDGE('',*,*,#4513,.F.);
#4513 = EDGE_CURVE('',#3951,#4506,#4514,.T.);
#4514 = LINE('',#4515,#4516);
#4515 = CARTESIAN_POINT('',(25.533392166521,13.,2.));
#4516 = VECTOR('',#4517,1.);
#4517 = DIRECTION('',(-0.,-0.,-1.));
#4518 = PLANE('',#4519);
#4519 = AXIS2_PLACEMENT_3D('',#4520,#4521,#4522);
#4520 = CARTESIAN_POINT('',(26.133392166521,13.,2.));
#4521 = DIRECTION('',(0.,1.,0.));
#4522 = DIRECTION('',(-1.,0.,0.));
#4523 = ADVANCED_FACE('',(#4524),#4535,.T.);
#4524 = FACE_BOUND('',#4525,.T.);
#4525 = EDGE_LOOP('',(#4526,#4527,#4528,#4534));
#4526 = ORIENTED_EDGE('',*,*,#3958,.T.);
#4527 = ORIENTED_EDGE('',*,*,#4513,.T.);
#4528 = ORIENTED_EDGE('',*,*,#4529,.T.);
#4529 = EDGE_CURVE('',#4506,#4450,#4530,.T.);
#4530 = LINE('',#4531,#4532);
#4531 = CARTESIAN_POINT('',(25.533392166521,13.,-8.5));
#4532 = VECTOR('',#4533,1.);
#4533 = DIRECTION('',(0.,-1.,0.));
#4534 = ORIENTED_EDGE('',*,*,#4449,.F.);
#4535 = PLANE('',#4536);
#4536 = AXIS2_PLACEMENT_3D('',#4537,#4538,#4539);
#4537 = CARTESIAN_POINT('',(25.533392166521,13.,2.));
#4538 = DIRECTION('',(-1.,0.,0.));
#4539 = DIRECTION('',(0.,-1.,0.));
#4540 = ADVANCED_FACE('',(#4541),#4547,.F.);
#4541 = FACE_BOUND('',#4542,.F.);
#4542 = EDGE_LOOP('',(#4543,#4544,#4545,#4546));
#4543 = ORIENTED_EDGE('',*,*,#4529,.T.);
#4544 = ORIENTED_EDGE('',*,*,#4457,.T.);
#4545 = ORIENTED_EDGE('',*,*,#4481,.T.);
#4546 = ORIENTED_EDGE('',*,*,#4505,.T.);
#4547 = PLANE('',#4548);
#4548 = AXIS2_PLACEMENT_3D('',#4549,#4550,#4551);
#4549 = CARTESIAN_POINT('',(25.833392166521,-6.4420747E-10,-8.5));
#4550 = DIRECTION('',(0.,0.,1.));
#4551 = DIRECTION('',(1.,0.,0.));
#4552 = ADVANCED_FACE('',(#4553),#4578,.T.);
#4553 = FACE_BOUND('',#4554,.T.);
#4554 = EDGE_LOOP('',(#4555,#4556,#4564,#4572));
#4555 = ORIENTED_EDGE('',*,*,#3966,.T.);
#4556 = ORIENTED_EDGE('',*,*,#4557,.T.);
#4557 = EDGE_CURVE('',#3969,#4558,#4560,.T.);
#4558 = VERTEX_POINT('',#4559);
#4559 = CARTESIAN_POINT('',(30.613392166521,12.4,-8.5));
#4560 = LINE('',#4561,#4562);
#4561 = CARTESIAN_POINT('',(30.613392166521,12.4,2.));
#4562 = VECTOR('',#4563,1.);
#4563 = DIRECTION('',(-0.,-0.,-1.));
#4564 = ORIENTED_EDGE('',*,*,#4565,.T.);
#4565 = EDGE_CURVE('',#4558,#4566,#4568,.T.);
#4566 = VERTEX_POINT('',#4567);
#4567 = CARTESIAN_POINT('',(31.213392166521,12.4,-8.5));
#4568 = LINE('',#4569,#4570);
#4569 = CARTESIAN_POINT('',(30.613392166521,12.4,-8.5));
#4570 = VECTOR('',#4571,1.);
#4571 = DIRECTION('',(1.,0.,0.));
#4572 = ORIENTED_EDGE('',*,*,#4573,.F.);
#4573 = EDGE_CURVE('',#3967,#4566,#4574,.T.);
#4574 = LINE('',#4575,#4576);
#4575 = CARTESIAN_POINT('',(31.213392166521,12.4,2.));
#4576 = VECTOR('',#4577,1.);
#4577 = DIRECTION('',(-0.,-0.,-1.));
#4578 = PLANE('',#4579);
#4579 = AXIS2_PLACEMENT_3D('',#4580,#4581,#4582);
#4580 = CARTESIAN_POINT('',(30.613392166521,12.4,2.));
#4581 = DIRECTION('',(0.,-1.,0.));
#4582 = DIRECTION('',(1.,0.,0.));
#4583 = ADVANCED_FACE('',(#4584),#4602,.T.);
#4584 = FACE_BOUND('',#4585,.T.);
#4585 = EDGE_LOOP('',(#4586,#4587,#4588,#4596));
#4586 = ORIENTED_EDGE('',*,*,#3976,.T.);
#4587 = ORIENTED_EDGE('',*,*,#4573,.T.);
#4588 = ORIENTED_EDGE('',*,*,#4589,.T.);
#4589 = EDGE_CURVE('',#4566,#4590,#4592,.T.);
#4590 = VERTEX_POINT('',#4591);
#4591 = CARTESIAN_POINT('',(31.213392166521,13.,-8.5));
#4592 = LINE('',#4593,#4594);
#4593 = CARTESIAN_POINT('',(31.213392166521,12.4,-8.5));
#4594 = VECTOR('',#4595,1.);
#4595 = DIRECTION('',(0.,1.,0.));
#4596 = ORIENTED_EDGE('',*,*,#4597,.F.);
#4597 = EDGE_CURVE('',#3977,#4590,#4598,.T.);
#4598 = LINE('',#4599,#4600);
#4599 = CARTESIAN_POINT('',(31.213392166521,13.,2.));
#4600 = VECTOR('',#4601,1.);
#4601 = DIRECTION('',(-0.,-0.,-1.));
#4602 = PLANE('',#4603);
#4603 = AXIS2_PLACEMENT_3D('',#4604,#4605,#4606);
#4604 = CARTESIAN_POINT('',(31.213392166521,12.4,2.));
#4605 = DIRECTION('',(1.,0.,0.));
#4606 = DIRECTION('',(0.,1.,0.));
#4607 = ADVANCED_FACE('',(#4608),#4626,.T.);
#4608 = FACE_BOUND('',#4609,.T.);
#4609 = EDGE_LOOP('',(#4610,#4611,#4612,#4620));
#4610 = ORIENTED_EDGE('',*,*,#3984,.T.);
#4611 = ORIENTED_EDGE('',*,*,#4597,.T.);
#4612 = ORIENTED_EDGE('',*,*,#4613,.T.);
#4613 = EDGE_CURVE('',#4590,#4614,#4616,.T.);
#4614 = VERTEX_POINT('',#4615);
#4615 = CARTESIAN_POINT('',(30.613392166521,13.,-8.5));
#4616 = LINE('',#4617,#4618);
#4617 = CARTESIAN_POINT('',(31.213392166521,13.,-8.5));
#4618 = VECTOR('',#4619,1.);
#4619 = DIRECTION('',(-1.,0.,0.));
#4620 = ORIENTED_EDGE('',*,*,#4621,.F.);
#4621 = EDGE_CURVE('',#3985,#4614,#4622,.T.);
#4622 = LINE('',#4623,#4624);
#4623 = CARTESIAN_POINT('',(30.613392166521,13.,2.));
#4624 = VECTOR('',#4625,1.);
#4625 = DIRECTION('',(-0.,-0.,-1.));
#4626 = PLANE('',#4627);
#4627 = AXIS2_PLACEMENT_3D('',#4628,#4629,#4630);
#4628 = CARTESIAN_POINT('',(31.213392166521,13.,2.));
#4629 = DIRECTION('',(0.,1.,0.));
#4630 = DIRECTION('',(-1.,0.,0.));
#4631 = ADVANCED_FACE('',(#4632),#4643,.T.);
#4632 = FACE_BOUND('',#4633,.T.);
#4633 = EDGE_LOOP('',(#4634,#4635,#4636,#4642));
#4634 = ORIENTED_EDGE('',*,*,#3992,.T.);
#4635 = ORIENTED_EDGE('',*,*,#4621,.T.);
#4636 = ORIENTED_EDGE('',*,*,#4637,.T.);
#4637 = EDGE_CURVE('',#4614,#4558,#4638,.T.);
#4638 = LINE('',#4639,#4640);
#4639 = CARTESIAN_POINT('',(30.613392166521,13.,-8.5));
#4640 = VECTOR('',#4641,1.);
#4641 = DIRECTION('',(0.,-1.,0.));
#4642 = ORIENTED_EDGE('',*,*,#4557,.F.);
#4643 = PLANE('',#4644);
#4644 = AXIS2_PLACEMENT_3D('',#4645,#4646,#4647);
#4645 = CARTESIAN_POINT('',(30.613392166521,13.,2.));
#4646 = DIRECTION('',(-1.,0.,0.));
#4647 = DIRECTION('',(0.,-1.,0.));
#4648 = ADVANCED_FACE('',(#4649),#4655,.F.);
#4649 = FACE_BOUND('',#4650,.F.);
#4650 = EDGE_LOOP('',(#4651,#4652,#4653,#4654));
#4651 = ORIENTED_EDGE('',*,*,#4637,.T.);
#4652 = ORIENTED_EDGE('',*,*,#4565,.T.);
#4653 = ORIENTED_EDGE('',*,*,#4589,.T.);
#4654 = ORIENTED_EDGE('',*,*,#4613,.T.);
#4655 = PLANE('',#4656);
#4656 = AXIS2_PLACEMENT_3D('',#4657,#4658,#4659);
#4657 = CARTESIAN_POINT('',(30.913392166521,-6.4420747E-10,-8.5));
#4658 = DIRECTION('',(0.,0.,1.));
#4659 = DIRECTION('',(1.,0.,0.));
#4660 = ADVANCED_FACE('',(#4661),#4686,.T.);
#4661 = FACE_BOUND('',#4662,.T.);
#4662 = EDGE_LOOP('',(#4663,#4664,#4672,#4680));
#4663 = ORIENTED_EDGE('',*,*,#4000,.T.);
#4664 = ORIENTED_EDGE('',*,*,#4665,.T.);
#4665 = EDGE_CURVE('',#4003,#4666,#4668,.T.);
#4666 = VERTEX_POINT('',#4667);
#4667 = CARTESIAN_POINT('',(35.693392166521,12.4,-8.5));
#4668 = LINE('',#4669,#4670);
#4669 = CARTESIAN_POINT('',(35.693392166521,12.4,2.));
#4670 = VECTOR('',#4671,1.);
#4671 = DIRECTION('',(-0.,-0.,-1.));
#4672 = ORIENTED_EDGE('',*,*,#4673,.T.);
#4673 = EDGE_CURVE('',#4666,#4674,#4676,.T.);
#4674 = VERTEX_POINT('',#4675);
#4675 = CARTESIAN_POINT('',(36.293392166521,12.4,-8.5));
#4676 = LINE('',#4677,#4678);
#4677 = CARTESIAN_POINT('',(35.693392166521,12.4,-8.5));
#4678 = VECTOR('',#4679,1.);
#4679 = DIRECTION('',(1.,0.,0.));
#4680 = ORIENTED_EDGE('',*,*,#4681,.F.);
#4681 = EDGE_CURVE('',#4001,#4674,#4682,.T.);
#4682 = LINE('',#4683,#4684);
#4683 = CARTESIAN_POINT('',(36.293392166521,12.4,2.));
#4684 = VECTOR('',#4685,1.);
#4685 = DIRECTION('',(-0.,-0.,-1.));
#4686 = PLANE('',#4687);
#4687 = AXIS2_PLACEMENT_3D('',#4688,#4689,#4690);
#4688 = CARTESIAN_POINT('',(35.693392166521,12.4,2.));
#4689 = DIRECTION('',(0.,-1.,0.));
#4690 = DIRECTION('',(1.,0.,0.));
#4691 = ADVANCED_FACE('',(#4692),#4710,.T.);
#4692 = FACE_BOUND('',#4693,.T.);
#4693 = EDGE_LOOP('',(#4694,#4695,#4696,#4704));
#4694 = ORIENTED_EDGE('',*,*,#4010,.T.);
#4695 = ORIENTED_EDGE('',*,*,#4681,.T.);
#4696 = ORIENTED_EDGE('',*,*,#4697,.T.);
#4697 = EDGE_CURVE('',#4674,#4698,#4700,.T.);
#4698 = VERTEX_POINT('',#4699);
#4699 = CARTESIAN_POINT('',(36.293392166521,13.,-8.5));
#4700 = LINE('',#4701,#4702);
#4701 = CARTESIAN_POINT('',(36.293392166521,12.4,-8.5));
#4702 = VECTOR('',#4703,1.);
#4703 = DIRECTION('',(0.,1.,0.));
#4704 = ORIENTED_EDGE('',*,*,#4705,.F.);
#4705 = EDGE_CURVE('',#4011,#4698,#4706,.T.);
#4706 = LINE('',#4707,#4708);
#4707 = CARTESIAN_POINT('',(36.293392166521,13.,2.));
#4708 = VECTOR('',#4709,1.);
#4709 = DIRECTION('',(-0.,-0.,-1.));
#4710 = PLANE('',#4711);
#4711 = AXIS2_PLACEMENT_3D('',#4712,#4713,#4714);
#4712 = CARTESIAN_POINT('',(36.293392166521,12.4,2.));
#4713 = DIRECTION('',(1.,0.,0.));
#4714 = DIRECTION('',(0.,1.,0.));
#4715 = ADVANCED_FACE('',(#4716),#4734,.T.);
#4716 = FACE_BOUND('',#4717,.T.);
#4717 = EDGE_LOOP('',(#4718,#4719,#4720,#4728));
#4718 = ORIENTED_EDGE('',*,*,#4018,.T.);
#4719 = ORIENTED_EDGE('',*,*,#4705,.T.);
#4720 = ORIENTED_EDGE('',*,*,#4721,.T.);
#4721 = EDGE_CURVE('',#4698,#4722,#4724,.T.);
#4722 = VERTEX_POINT('',#4723);
#4723 = CARTESIAN_POINT('',(35.693392166521,13.,-8.5));
#4724 = LINE('',#4725,#4726);
#4725 = CARTESIAN_POINT('',(36.293392166521,13.,-8.5));
#4726 = VECTOR('',#4727,1.);
#4727 = DIRECTION('',(-1.,0.,0.));
#4728 = ORIENTED_EDGE('',*,*,#4729,.F.);
#4729 = EDGE_CURVE('',#4019,#4722,#4730,.T.);
#4730 = LINE('',#4731,#4732);
#4731 = CARTESIAN_POINT('',(35.693392166521,13.,2.));
#4732 = VECTOR('',#4733,1.);
#4733 = DIRECTION('',(-0.,-0.,-1.));
#4734 = PLANE('',#4735);
#4735 = AXIS2_PLACEMENT_3D('',#4736,#4737,#4738);
#4736 = CARTESIAN_POINT('',(36.293392166521,13.,2.));
#4737 = DIRECTION('',(0.,1.,0.));
#4738 = DIRECTION('',(-1.,0.,0.));
#4739 = ADVANCED_FACE('',(#4740),#4751,.T.);
#4740 = FACE_BOUND('',#4741,.T.);
#4741 = EDGE_LOOP('',(#4742,#4743,#4744,#4750));
#4742 = ORIENTED_EDGE('',*,*,#4026,.T.);
#4743 = ORIENTED_EDGE('',*,*,#4729,.T.);
#4744 = ORIENTED_EDGE('',*,*,#4745,.T.);
#4745 = EDGE_CURVE('',#4722,#4666,#4746,.T.);
#4746 = LINE('',#4747,#4748);
#4747 = CARTESIAN_POINT('',(35.693392166521,13.,-8.5));
#4748 = VECTOR('',#4749,1.);
#4749 = DIRECTION('',(0.,-1.,0.));
#4750 = ORIENTED_EDGE('',*,*,#4665,.F.);
#4751 = PLANE('',#4752);
#4752 = AXIS2_PLACEMENT_3D('',#4753,#4754,#4755);
#4753 = CARTESIAN_POINT('',(35.693392166521,13.,2.));
#4754 = DIRECTION('',(-1.,0.,0.));
#4755 = DIRECTION('',(0.,-1.,0.));
#4756 = ADVANCED_FACE('',(#4757),#4763,.F.);
#4757 = FACE_BOUND('',#4758,.F.);
#4758 = EDGE_LOOP('',(#4759,#4760,#4761,#4762));
#4759 = ORIENTED_EDGE('',*,*,#4745,.T.);
#4760 = ORIENTED_EDGE('',*,*,#4673,.T.);
#4761 = ORIENTED_EDGE('',*,*,#4697,.T.);
#4762 = ORIENTED_EDGE('',*,*,#4721,.T.);
#4763 = PLANE('',#4764);
#4764 = AXIS2_PLACEMENT_3D('',#4765,#4766,#4767);
#4765 = CARTESIAN_POINT('',(35.993392166521,-6.4420747E-10,-8.5));
#4766 = DIRECTION('',(0.,0.,1.));
#4767 = DIRECTION('',(1.,0.,0.));
#4768 = ADVANCED_FACE('',(#4769),#4794,.T.);
#4769 = FACE_BOUND('',#4770,.T.);
#4770 = EDGE_LOOP('',(#4771,#4772,#4780,#4788));
#4771 = ORIENTED_EDGE('',*,*,#4034,.T.);
#4772 = ORIENTED_EDGE('',*,*,#4773,.T.);
#4773 = EDGE_CURVE('',#4037,#4774,#4776,.T.);
#4774 = VERTEX_POINT('',#4775);
#4775 = CARTESIAN_POINT('',(40.773392166521,12.4,-8.5));
#4776 = LINE('',#4777,#4778);
#4777 = CARTESIAN_POINT('',(40.773392166521,12.4,2.));
#4778 = VECTOR('',#4779,1.);
#4779 = DIRECTION('',(-0.,-0.,-1.));
#4780 = ORIENTED_EDGE('',*,*,#4781,.T.);
#4781 = EDGE_CURVE('',#4774,#4782,#4784,.T.);
#4782 = VERTEX_POINT('',#4783);
#4783 = CARTESIAN_POINT('',(41.373392166521,12.4,-8.5));
#4784 = LINE('',#4785,#4786);
#4785 = CARTESIAN_POINT('',(40.773392166521,12.4,-8.5));
#4786 = VECTOR('',#4787,1.);
#4787 = DIRECTION('',(1.,0.,0.));
#4788 = ORIENTED_EDGE('',*,*,#4789,.F.);
#4789 = EDGE_CURVE('',#4035,#4782,#4790,.T.);
#4790 = LINE('',#4791,#4792);
#4791 = CARTESIAN_POINT('',(41.373392166521,12.4,2.));
#4792 = VECTOR('',#4793,1.);
#4793 = DIRECTION('',(-0.,-0.,-1.));
#4794 = PLANE('',#4795);
#4795 = AXIS2_PLACEMENT_3D('',#4796,#4797,#4798);
#4796 = CARTESIAN_POINT('',(40.773392166521,12.4,2.));
#4797 = DIRECTION('',(0.,-1.,0.));
#4798 = DIRECTION('',(1.,0.,0.));
#4799 = ADVANCED_FACE('',(#4800),#4818,.T.);
#4800 = FACE_BOUND('',#4801,.T.);
#4801 = EDGE_LOOP('',(#4802,#4803,#4804,#4812));
#4802 = ORIENTED_EDGE('',*,*,#4044,.T.);
#4803 = ORIENTED_EDGE('',*,*,#4789,.T.);
#4804 = ORIENTED_EDGE('',*,*,#4805,.T.);
#4805 = EDGE_CURVE('',#4782,#4806,#4808,.T.);
#4806 = VERTEX_POINT('',#4807);
#4807 = CARTESIAN_POINT('',(41.373392166521,13.,-8.5));
#4808 = LINE('',#4809,#4810);
#4809 = CARTESIAN_POINT('',(41.373392166521,12.4,-8.5));
#4810 = VECTOR('',#4811,1.);
#4811 = DIRECTION('',(0.,1.,0.));
#4812 = ORIENTED_EDGE('',*,*,#4813,.F.);
#4813 = EDGE_CURVE('',#4045,#4806,#4814,.T.);
#4814 = LINE('',#4815,#4816);
#4815 = CARTESIAN_POINT('',(41.373392166521,13.,2.));
#4816 = VECTOR('',#4817,1.);
#4817 = DIRECTION('',(-0.,-0.,-1.));
#4818 = PLANE('',#4819);
#4819 = AXIS2_PLACEMENT_3D('',#4820,#4821,#4822);
#4820 = CARTESIAN_POINT('',(41.373392166521,12.4,2.));
#4821 = DIRECTION('',(1.,0.,0.));
#4822 = DIRECTION('',(0.,1.,0.));
#4823 = ADVANCED_FACE('',(#4824),#4842,.T.);
#4824 = FACE_BOUND('',#4825,.T.);
#4825 = EDGE_LOOP('',(#4826,#4827,#4828,#4836));
#4826 = ORIENTED_EDGE('',*,*,#4052,.T.);
#4827 = ORIENTED_EDGE('',*,*,#4813,.T.);
#4828 = ORIENTED_EDGE('',*,*,#4829,.T.);
#4829 = EDGE_CURVE('',#4806,#4830,#4832,.T.);
#4830 = VERTEX_POINT('',#4831);
#4831 = CARTESIAN_POINT('',(40.773392166521,13.,-8.5));
#4832 = LINE('',#4833,#4834);
#4833 = CARTESIAN_POINT('',(41.373392166521,13.,-8.5));
#4834 = VECTOR('',#4835,1.);
#4835 = DIRECTION('',(-1.,0.,0.));
#4836 = ORIENTED_EDGE('',*,*,#4837,.F.);
#4837 = EDGE_CURVE('',#4053,#4830,#4838,.T.);
#4838 = LINE('',#4839,#4840);
#4839 = CARTESIAN_POINT('',(40.773392166521,13.,2.));
#4840 = VECTOR('',#4841,1.);
#4841 = DIRECTION('',(-0.,-0.,-1.));
#4842 = PLANE('',#4843);
#4843 = AXIS2_PLACEMENT_3D('',#4844,#4845,#4846);
#4844 = CARTESIAN_POINT('',(41.373392166521,13.,2.));
#4845 = DIRECTION('',(0.,1.,0.));
#4846 = DIRECTION('',(-1.,0.,0.));
#4847 = ADVANCED_FACE('',(#4848),#4859,.T.);
#4848 = FACE_BOUND('',#4849,.T.);
#4849 = EDGE_LOOP('',(#4850,#4851,#4852,#4858));
#4850 = ORIENTED_EDGE('',*,*,#4060,.T.);
#4851 = ORIENTED_EDGE('',*,*,#4837,.T.);
#4852 = ORIENTED_EDGE('',*,*,#4853,.T.);
#4853 = EDGE_CURVE('',#4830,#4774,#4854,.T.);
#4854 = LINE('',#4855,#4856);
#4855 = CARTESIAN_POINT('',(40.773392166521,13.,-8.5));
#4856 = VECTOR('',#4857,1.);
#4857 = DIRECTION('',(0.,-1.,0.));
#4858 = ORIENTED_EDGE('',*,*,#4773,.F.);
#4859 = PLANE('',#4860);
#4860 = AXIS2_PLACEMENT_3D('',#4861,#4862,#4863);
#4861 = CARTESIAN_POINT('',(40.773392166521,13.,2.));
#4862 = DIRECTION('',(-1.,0.,0.));
#4863 = DIRECTION('',(0.,-1.,0.));
#4864 = ADVANCED_FACE('',(#4865),#4871,.F.);
#4865 = FACE_BOUND('',#4866,.F.);
#4866 = EDGE_LOOP('',(#4867,#4868,#4869,#4870));
#4867 = ORIENTED_EDGE('',*,*,#4853,.T.);
#4868 = ORIENTED_EDGE('',*,*,#4781,.T.);
#4869 = ORIENTED_EDGE('',*,*,#4805,.T.);
#4870 = ORIENTED_EDGE('',*,*,#4829,.T.);
#4871 = PLANE('',#4872);
#4872 = AXIS2_PLACEMENT_3D('',#4873,#4874,#4875);
#4873 = CARTESIAN_POINT('',(41.073392166521,-6.4420747E-10,-8.5));
#4874 = DIRECTION('',(0.,0.,1.));
#4875 = DIRECTION('',(1.,0.,0.));
#4876 = ADVANCED_FACE('',(#4877),#4902,.T.);
#4877 = FACE_BOUND('',#4878,.T.);
#4878 = EDGE_LOOP('',(#4879,#4880,#4888,#4896));
#4879 = ORIENTED_EDGE('',*,*,#4068,.T.);
#4880 = ORIENTED_EDGE('',*,*,#4881,.T.);
#4881 = EDGE_CURVE('',#4071,#4882,#4884,.T.);
#4882 = VERTEX_POINT('',#4883);
#4883 = CARTESIAN_POINT('',(45.853392166521,12.4,-8.5));
#4884 = LINE('',#4885,#4886);
#4885 = CARTESIAN_POINT('',(45.853392166521,12.4,2.));
#4886 = VECTOR('',#4887,1.);
#4887 = DIRECTION('',(-0.,-0.,-1.));
#4888 = ORIENTED_EDGE('',*,*,#4889,.T.);
#4889 = EDGE_CURVE('',#4882,#4890,#4892,.T.);
#4890 = VERTEX_POINT('',#4891);
#4891 = CARTESIAN_POINT('',(46.453392166521,12.4,-8.5));
#4892 = LINE('',#4893,#4894);
#4893 = CARTESIAN_POINT('',(45.853392166521,12.4,-8.5));
#4894 = VECTOR('',#4895,1.);
#4895 = DIRECTION('',(1.,0.,0.));
#4896 = ORIENTED_EDGE('',*,*,#4897,.F.);
#4897 = EDGE_CURVE('',#4069,#4890,#4898,.T.);
#4898 = LINE('',#4899,#4900);
#4899 = CARTESIAN_POINT('',(46.453392166521,12.4,2.));
#4900 = VECTOR('',#4901,1.);
#4901 = DIRECTION('',(-0.,-0.,-1.));
#4902 = PLANE('',#4903);
#4903 = AXIS2_PLACEMENT_3D('',#4904,#4905,#4906);
#4904 = CARTESIAN_POINT('',(45.853392166521,12.4,2.));
#4905 = DIRECTION('',(0.,-1.,0.));
#4906 = DIRECTION('',(1.,0.,0.));
#4907 = ADVANCED_FACE('',(#4908),#4926,.T.);
#4908 = FACE_BOUND('',#4909,.T.);
#4909 = EDGE_LOOP('',(#4910,#4911,#4912,#4920));
#4910 = ORIENTED_EDGE('',*,*,#4078,.T.);
#4911 = ORIENTED_EDGE('',*,*,#4897,.T.);
#4912 = ORIENTED_EDGE('',*,*,#4913,.T.);
#4913 = EDGE_CURVE('',#4890,#4914,#4916,.T.);
#4914 = VERTEX_POINT('',#4915);
#4915 = CARTESIAN_POINT('',(46.453392166521,13.,-8.5));
#4916 = LINE('',#4917,#4918);
#4917 = CARTESIAN_POINT('',(46.453392166521,12.4,-8.5));
#4918 = VECTOR('',#4919,1.);
#4919 = DIRECTION('',(0.,1.,0.));
#4920 = ORIENTED_EDGE('',*,*,#4921,.F.);
#4921 = EDGE_CURVE('',#4079,#4914,#4922,.T.);
#4922 = LINE('',#4923,#4924);
#4923 = CARTESIAN_POINT('',(46.453392166521,13.,2.));
#4924 = VECTOR('',#4925,1.);
#4925 = DIRECTION('',(-0.,-0.,-1.));
#4926 = PLANE('',#4927);
#4927 = AXIS2_PLACEMENT_3D('',#4928,#4929,#4930);
#4928 = CARTESIAN_POINT('',(46.453392166521,12.4,2.));
#4929 = DIRECTION('',(1.,0.,0.));
#4930 = DIRECTION('',(0.,1.,0.));
#4931 = ADVANCED_FACE('',(#4932),#4950,.T.);
#4932 = FACE_BOUND('',#4933,.T.);
#4933 = EDGE_LOOP('',(#4934,#4935,#4936,#4944));
#4934 = ORIENTED_EDGE('',*,*,#4086,.T.);
#4935 = ORIENTED_EDGE('',*,*,#4921,.T.);
#4936 = ORIENTED_EDGE('',*,*,#4937,.T.);
#4937 = EDGE_CURVE('',#4914,#4938,#4940,.T.);
#4938 = VERTEX_POINT('',#4939);
#4939 = CARTESIAN_POINT('',(45.853392166521,13.,-8.5));
#4940 = LINE('',#4941,#4942);
#4941 = CARTESIAN_POINT('',(46.453392166521,13.,-8.5));
#4942 = VECTOR('',#4943,1.);
#4943 = DIRECTION('',(-1.,0.,0.));
#4944 = ORIENTED_EDGE('',*,*,#4945,.F.);
#4945 = EDGE_CURVE('',#4087,#4938,#4946,.T.);
#4946 = LINE('',#4947,#4948);
#4947 = CARTESIAN_POINT('',(45.853392166521,13.,2.));
#4948 = VECTOR('',#4949,1.);
#4949 = DIRECTION('',(-0.,-0.,-1.));
#4950 = PLANE('',#4951);
#4951 = AXIS2_PLACEMENT_3D('',#4952,#4953,#4954);
#4952 = CARTESIAN_POINT('',(46.453392166521,13.,2.));
#4953 = DIRECTION('',(0.,1.,0.));
#4954 = DIRECTION('',(-1.,0.,0.));
#4955 = ADVANCED_FACE('',(#4956),#4967,.T.);
#4956 = FACE_BOUND('',#4957,.T.);
#4957 = EDGE_LOOP('',(#4958,#4959,#4960,#4966));
#4958 = ORIENTED_EDGE('',*,*,#4094,.T.);
#4959 = ORIENTED_EDGE('',*,*,#4945,.T.);
#4960 = ORIENTED_EDGE('',*,*,#4961,.T.);
#4961 = EDGE_CURVE('',#4938,#4882,#4962,.T.);
#4962 = LINE('',#4963,#4964);
#4963 = CARTESIAN_POINT('',(45.853392166521,13.,-8.5));
#4964 = VECTOR('',#4965,1.);
#4965 = DIRECTION('',(0.,-1.,0.));
#4966 = ORIENTED_EDGE('',*,*,#4881,.F.);
#4967 = PLANE('',#4968);
#4968 = AXIS2_PLACEMENT_3D('',#4969,#4970,#4971);
#4969 = CARTESIAN_POINT('',(45.853392166521,13.,2.));
#4970 = DIRECTION('',(-1.,0.,0.));
#4971 = DIRECTION('',(0.,-1.,0.));
#4972 = ADVANCED_FACE('',(#4973),#4979,.F.);
#4973 = FACE_BOUND('',#4974,.F.);
#4974 = EDGE_LOOP('',(#4975,#4976,#4977,#4978));
#4975 = ORIENTED_EDGE('',*,*,#4961,.T.);
#4976 = ORIENTED_EDGE('',*,*,#4889,.T.);
#4977 = ORIENTED_EDGE('',*,*,#4913,.T.);
#4978 = ORIENTED_EDGE('',*,*,#4937,.T.);
#4979 = PLANE('',#4980);
#4980 = AXIS2_PLACEMENT_3D('',#4981,#4982,#4983);
#4981 = CARTESIAN_POINT('',(46.153392166521,-6.4420747E-10,-8.5));
#4982 = DIRECTION('',(0.,0.,1.));
#4983 = DIRECTION('',(1.,0.,0.));
#4984 = ADVANCED_FACE('',(#4985),#5010,.T.);
#4985 = FACE_BOUND('',#4986,.T.);
#4986 = EDGE_LOOP('',(#4987,#4988,#4996,#5004));
#4987 = ORIENTED_EDGE('',*,*,#4102,.T.);
#4988 = ORIENTED_EDGE('',*,*,#4989,.T.);
#4989 = EDGE_CURVE('',#4105,#4990,#4992,.T.);
#4990 = VERTEX_POINT('',#4991);
#4991 = CARTESIAN_POINT('',(50.933392166521,12.4,-8.5));
#4992 = LINE('',#4993,#4994);
#4993 = CARTESIAN_POINT('',(50.933392166521,12.4,2.));
#4994 = VECTOR('',#4995,1.);
#4995 = DIRECTION('',(-0.,-0.,-1.));
#4996 = ORIENTED_EDGE('',*,*,#4997,.T.);
#4997 = EDGE_CURVE('',#4990,#4998,#5000,.T.);
#4998 = VERTEX_POINT('',#4999);
#4999 = CARTESIAN_POINT('',(51.533392166521,12.4,-8.5));
#5000 = LINE('',#5001,#5002);
#5001 = CARTESIAN_POINT('',(50.933392166521,12.4,-8.5));
#5002 = VECTOR('',#5003,1.);
#5003 = DIRECTION('',(1.,0.,0.));
#5004 = ORIENTED_EDGE('',*,*,#5005,.F.);
#5005 = EDGE_CURVE('',#4103,#4998,#5006,.T.);
#5006 = LINE('',#5007,#5008);
#5007 = CARTESIAN_POINT('',(51.533392166521,12.4,2.));
#5008 = VECTOR('',#5009,1.);
#5009 = DIRECTION('',(-0.,-0.,-1.));
#5010 = PLANE('',#5011);
#5011 = AXIS2_PLACEMENT_3D('',#5012,#5013,#5014);
#5012 = CARTESIAN_POINT('',(50.933392166521,12.4,2.));
#5013 = DIRECTION('',(0.,-1.,0.));
#5014 = DIRECTION('',(1.,0.,0.));
#5015 = ADVANCED_FACE('',(#5016),#5034,.T.);
#5016 = FACE_BOUND('',#5017,.T.);
#5017 = EDGE_LOOP('',(#5018,#5019,#5020,#5028));
#5018 = ORIENTED_EDGE('',*,*,#4112,.T.);
#5019 = ORIENTED_EDGE('',*,*,#5005,.T.);
#5020 = ORIENTED_EDGE('',*,*,#5021,.T.);
#5021 = EDGE_CURVE('',#4998,#5022,#5024,.T.);
#5022 = VERTEX_POINT('',#5023);
#5023 = CARTESIAN_POINT('',(51.533392166521,13.,-8.5));
#5024 = LINE('',#5025,#5026);
#5025 = CARTESIAN_POINT('',(51.533392166521,12.4,-8.5));
#5026 = VECTOR('',#5027,1.);
#5027 = DIRECTION('',(0.,1.,0.));
#5028 = ORIENTED_EDGE('',*,*,#5029,.F.);
#5029 = EDGE_CURVE('',#4113,#5022,#5030,.T.);
#5030 = LINE('',#5031,#5032);
#5031 = CARTESIAN_POINT('',(51.533392166521,13.,2.));
#5032 = VECTOR('',#5033,1.);
#5033 = DIRECTION('',(-0.,-0.,-1.));
#5034 = PLANE('',#5035);
#5035 = AXIS2_PLACEMENT_3D('',#5036,#5037,#5038);
#5036 = CARTESIAN_POINT('',(51.533392166521,12.4,2.));
#5037 = DIRECTION('',(1.,0.,0.));
#5038 = DIRECTION('',(0.,1.,0.));
#5039 = ADVANCED_FACE('',(#5040),#5058,.T.);
#5040 = FACE_BOUND('',#5041,.T.);
#5041 = EDGE_LOOP('',(#5042,#5043,#5044,#5052));
#5042 = ORIENTED_EDGE('',*,*,#4120,.T.);
#5043 = ORIENTED_EDGE('',*,*,#5029,.T.);
#5044 = ORIENTED_EDGE('',*,*,#5045,.T.);
#5045 = EDGE_CURVE('',#5022,#5046,#5048,.T.);
#5046 = VERTEX_POINT('',#5047);
#5047 = CARTESIAN_POINT('',(50.933392166521,13.,-8.5));
#5048 = LINE('',#5049,#5050);
#5049 = CARTESIAN_POINT('',(51.533392166521,13.,-8.5));
#5050 = VECTOR('',#5051,1.);
#5051 = DIRECTION('',(-1.,0.,0.));
#5052 = ORIENTED_EDGE('',*,*,#5053,.F.);
#5053 = EDGE_CURVE('',#4121,#5046,#5054,.T.);
#5054 = LINE('',#5055,#5056);
#5055 = CARTESIAN_POINT('',(50.933392166521,13.,2.));
#5056 = VECTOR('',#5057,1.);
#5057 = DIRECTION('',(-0.,-0.,-1.));
#5058 = PLANE('',#5059);
#5059 = AXIS2_PLACEMENT_3D('',#5060,#5061,#5062);
#5060 = CARTESIAN_POINT('',(51.533392166521,13.,2.));
#5061 = DIRECTION('',(0.,1.,0.));
#5062 = DIRECTION('',(-1.,0.,0.));
#5063 = ADVANCED_FACE('',(#5064),#5075,.T.);
#5064 = FACE_BOUND('',#5065,.T.);
#5065 = EDGE_LOOP('',(#5066,#5067,#5068,#5074));
#5066 = ORIENTED_EDGE('',*,*,#4128,.T.);
#5067 = ORIENTED_EDGE('',*,*,#5053,.T.);
#5068 = ORIENTED_EDGE('',*,*,#5069,.T.);
#5069 = EDGE_CURVE('',#5046,#4990,#5070,.T.);
#5070 = LINE('',#5071,#5072);
#5071 = CARTESIAN_POINT('',(50.933392166521,13.,-8.5));
#5072 = VECTOR('',#5073,1.);
#5073 = DIRECTION('',(0.,-1.,0.));
#5074 = ORIENTED_EDGE('',*,*,#4989,.F.);
#5075 = PLANE('',#5076);
#5076 = AXIS2_PLACEMENT_3D('',#5077,#5078,#5079);
#5077 = CARTESIAN_POINT('',(50.933392166521,13.,2.));
#5078 = DIRECTION('',(-1.,0.,0.));
#5079 = DIRECTION('',(0.,-1.,0.));
#5080 = ADVANCED_FACE('',(#5081),#5087,.F.);
#5081 = FACE_BOUND('',#5082,.F.);
#5082 = EDGE_LOOP('',(#5083,#5084,#5085,#5086));
#5083 = ORIENTED_EDGE('',*,*,#5069,.T.);
#5084 = ORIENTED_EDGE('',*,*,#4997,.T.);
#5085 = ORIENTED_EDGE('',*,*,#5021,.T.);
#5086 = ORIENTED_EDGE('',*,*,#5045,.T.);
#5087 = PLANE('',#5088);
#5088 = AXIS2_PLACEMENT_3D('',#5089,#5090,#5091);
#5089 = CARTESIAN_POINT('',(51.233392166521,-6.4420747E-10,-8.5));
#5090 = DIRECTION('',(0.,0.,1.));
#5091 = DIRECTION('',(1.,0.,0.));
#5092 = ADVANCED_FACE('',(#5093),#5118,.T.);
#5093 = FACE_BOUND('',#5094,.T.);
#5094 = EDGE_LOOP('',(#5095,#5096,#5104,#5112));
#5095 = ORIENTED_EDGE('',*,*,#4136,.T.);
#5096 = ORIENTED_EDGE('',*,*,#5097,.T.);
#5097 = EDGE_CURVE('',#4139,#5098,#5100,.T.);
#5098 = VERTEX_POINT('',#5099);
#5099 = CARTESIAN_POINT('',(56.013392166521,12.4,-8.5));
#5100 = LINE('',#5101,#5102);
#5101 = CARTESIAN_POINT('',(56.013392166521,12.4,2.));
#5102 = VECTOR('',#5103,1.);
#5103 = DIRECTION('',(-0.,-0.,-1.));
#5104 = ORIENTED_EDGE('',*,*,#5105,.T.);
#5105 = EDGE_CURVE('',#5098,#5106,#5108,.T.);
#5106 = VERTEX_POINT('',#5107);
#5107 = CARTESIAN_POINT('',(56.613392166521,12.4,-8.5));
#5108 = LINE('',#5109,#5110);
#5109 = CARTESIAN_POINT('',(56.013392166521,12.4,-8.5));
#5110 = VECTOR('',#5111,1.);
#5111 = DIRECTION('',(1.,0.,0.));
#5112 = ORIENTED_EDGE('',*,*,#5113,.F.);
#5113 = EDGE_CURVE('',#4137,#5106,#5114,.T.);
#5114 = LINE('',#5115,#5116);
#5115 = CARTESIAN_POINT('',(56.613392166521,12.4,2.));
#5116 = VECTOR('',#5117,1.);
#5117 = DIRECTION('',(-0.,-0.,-1.));
#5118 = PLANE('',#5119);
#5119 = AXIS2_PLACEMENT_3D('',#5120,#5121,#5122);
#5120 = CARTESIAN_POINT('',(56.013392166521,12.4,2.));
#5121 = DIRECTION('',(0.,-1.,0.));
#5122 = DIRECTION('',(1.,0.,0.));
#5123 = ADVANCED_FACE('',(#5124),#5142,.T.);
#5124 = FACE_BOUND('',#5125,.T.);
#5125 = EDGE_LOOP('',(#5126,#5127,#5128,#5136));
#5126 = ORIENTED_EDGE('',*,*,#4146,.T.);
#5127 = ORIENTED_EDGE('',*,*,#5113,.T.);
#5128 = ORIENTED_EDGE('',*,*,#5129,.T.);
#5129 = EDGE_CURVE('',#5106,#5130,#5132,.T.);
#5130 = VERTEX_POINT('',#5131);
#5131 = CARTESIAN_POINT('',(56.613392166521,13.,-8.5));
#5132 = LINE('',#5133,#5134);
#5133 = CARTESIAN_POINT('',(56.613392166521,12.4,-8.5));
#5134 = VECTOR('',#5135,1.);
#5135 = DIRECTION('',(0.,1.,0.));
#5136 = ORIENTED_EDGE('',*,*,#5137,.F.);
#5137 = EDGE_CURVE('',#4147,#5130,#5138,.T.);
#5138 = LINE('',#5139,#5140);
#5139 = CARTESIAN_POINT('',(56.613392166521,13.,2.));
#5140 = VECTOR('',#5141,1.);
#5141 = DIRECTION('',(-0.,-0.,-1.));
#5142 = PLANE('',#5143);
#5143 = AXIS2_PLACEMENT_3D('',#5144,#5145,#5146);
#5144 = CARTESIAN_POINT('',(56.613392166521,12.4,2.));
#5145 = DIRECTION('',(1.,0.,0.));
#5146 = DIRECTION('',(0.,1.,0.));
#5147 = ADVANCED_FACE('',(#5148),#5166,.T.);
#5148 = FACE_BOUND('',#5149,.T.);
#5149 = EDGE_LOOP('',(#5150,#5151,#5152,#5160));
#5150 = ORIENTED_EDGE('',*,*,#4154,.T.);
#5151 = ORIENTED_EDGE('',*,*,#5137,.T.);
#5152 = ORIENTED_EDGE('',*,*,#5153,.T.);
#5153 = EDGE_CURVE('',#5130,#5154,#5156,.T.);
#5154 = VERTEX_POINT('',#5155);
#5155 = CARTESIAN_POINT('',(56.013392166521,13.,-8.5));
#5156 = LINE('',#5157,#5158);
#5157 = CARTESIAN_POINT('',(56.613392166521,13.,-8.5));
#5158 = VECTOR('',#5159,1.);
#5159 = DIRECTION('',(-1.,0.,0.));
#5160 = ORIENTED_EDGE('',*,*,#5161,.F.);
#5161 = EDGE_CURVE('',#4155,#5154,#5162,.T.);
#5162 = LINE('',#5163,#5164);
#5163 = CARTESIAN_POINT('',(56.013392166521,13.,2.));
#5164 = VECTOR('',#5165,1.);
#5165 = DIRECTION('',(-0.,-0.,-1.));
#5166 = PLANE('',#5167);
#5167 = AXIS2_PLACEMENT_3D('',#5168,#5169,#5170);
#5168 = CARTESIAN_POINT('',(56.613392166521,13.,2.));
#5169 = DIRECTION('',(0.,1.,0.));
#5170 = DIRECTION('',(-1.,0.,0.));
#5171 = ADVANCED_FACE('',(#5172),#5183,.T.);
#5172 = FACE_BOUND('',#5173,.T.);
#5173 = EDGE_LOOP('',(#5174,#5175,#5176,#5182));
#5174 = ORIENTED_EDGE('',*,*,#4162,.T.);
#5175 = ORIENTED_EDGE('',*,*,#5161,.T.);
#5176 = ORIENTED_EDGE('',*,*,#5177,.T.);
#5177 = EDGE_CURVE('',#5154,#5098,#5178,.T.);
#5178 = LINE('',#5179,#5180);
#5179 = CARTESIAN_POINT('',(56.013392166521,13.,-8.5));
#5180 = VECTOR('',#5181,1.);
#5181 = DIRECTION('',(0.,-1.,0.));
#5182 = ORIENTED_EDGE('',*,*,#5097,.F.);
#5183 = PLANE('',#5184);
#5184 = AXIS2_PLACEMENT_3D('',#5185,#5186,#5187);
#5185 = CARTESIAN_POINT('',(56.013392166521,13.,2.));
#5186 = DIRECTION('',(-1.,0.,0.));
#5187 = DIRECTION('',(0.,-1.,0.));
#5188 = ADVANCED_FACE('',(#5189),#5195,.F.);
#5189 = FACE_BOUND('',#5190,.F.);
#5190 = EDGE_LOOP('',(#5191,#5192,#5193,#5194));
#5191 = ORIENTED_EDGE('',*,*,#5177,.T.);
#5192 = ORIENTED_EDGE('',*,*,#5105,.T.);
#5193 = ORIENTED_EDGE('',*,*,#5129,.T.);
#5194 = ORIENTED_EDGE('',*,*,#5153,.T.);
#5195 = PLANE('',#5196);
#5196 = AXIS2_PLACEMENT_3D('',#5197,#5198,#5199);
#5197 = CARTESIAN_POINT('',(56.313392166521,-6.4420747E-10,-8.5));
#5198 = DIRECTION('',(0.,0.,1.));
#5199 = DIRECTION('',(1.,0.,0.));
#5200 = ADVANCED_FACE('',(#5201),#5226,.T.);
#5201 = FACE_BOUND('',#5202,.T.);
#5202 = EDGE_LOOP('',(#5203,#5204,#5212,#5220));
#5203 = ORIENTED_EDGE('',*,*,#4170,.T.);
#5204 = ORIENTED_EDGE('',*,*,#5205,.T.);
#5205 = EDGE_CURVE('',#4173,#5206,#5208,.T.);
#5206 = VERTEX_POINT('',#5207);
#5207 = CARTESIAN_POINT('',(58.553392166521,12.4,-8.5));
#5208 = LINE('',#5209,#5210);
#5209 = CARTESIAN_POINT('',(58.553392166521,12.4,2.));
#5210 = VECTOR('',#5211,1.);
#5211 = DIRECTION('',(-0.,-0.,-1.));
#5212 = ORIENTED_EDGE('',*,*,#5213,.T.);
#5213 = EDGE_CURVE('',#5206,#5214,#5216,.T.);
#5214 = VERTEX_POINT('',#5215);
#5215 = CARTESIAN_POINT('',(59.153392166521,12.4,-8.5));
#5216 = LINE('',#5217,#5218);
#5217 = CARTESIAN_POINT('',(58.553392166521,12.4,-8.5));
#5218 = VECTOR('',#5219,1.);
#5219 = DIRECTION('',(1.,0.,0.));
#5220 = ORIENTED_EDGE('',*,*,#5221,.F.);
#5221 = EDGE_CURVE('',#4171,#5214,#5222,.T.);
#5222 = LINE('',#5223,#5224);
#5223 = CARTESIAN_POINT('',(59.153392166521,12.4,2.));
#5224 = VECTOR('',#5225,1.);
#5225 = DIRECTION('',(-0.,-0.,-1.));
#5226 = PLANE('',#5227);
#5227 = AXIS2_PLACEMENT_3D('',#5228,#5229,#5230);
#5228 = CARTESIAN_POINT('',(58.553392166521,12.4,2.));
#5229 = DIRECTION('',(0.,-1.,0.));
#5230 = DIRECTION('',(1.,0.,0.));
#5231 = ADVANCED_FACE('',(#5232),#5250,.T.);
#5232 = FACE_BOUND('',#5233,.T.);
#5233 = EDGE_LOOP('',(#5234,#5235,#5236,#5244));
#5234 = ORIENTED_EDGE('',*,*,#4180,.T.);
#5235 = ORIENTED_EDGE('',*,*,#5221,.T.);
#5236 = ORIENTED_EDGE('',*,*,#5237,.T.);
#5237 = EDGE_CURVE('',#5214,#5238,#5240,.T.);
#5238 = VERTEX_POINT('',#5239);
#5239 = CARTESIAN_POINT('',(59.153392166521,13.,-8.5));
#5240 = LINE('',#5241,#5242);
#5241 = CARTESIAN_POINT('',(59.153392166521,12.4,-8.5));
#5242 = VECTOR('',#5243,1.);
#5243 = DIRECTION('',(0.,1.,0.));
#5244 = ORIENTED_EDGE('',*,*,#5245,.F.);
#5245 = EDGE_CURVE('',#4181,#5238,#5246,.T.);
#5246 = LINE('',#5247,#5248);
#5247 = CARTESIAN_POINT('',(59.153392166521,13.,2.));
#5248 = VECTOR('',#5249,1.);
#5249 = DIRECTION('',(-0.,-0.,-1.));
#5250 = PLANE('',#5251);
#5251 = AXIS2_PLACEMENT_3D('',#5252,#5253,#5254);
#5252 = CARTESIAN_POINT('',(59.153392166521,12.4,2.));
#5253 = DIRECTION('',(1.,0.,0.));
#5254 = DIRECTION('',(0.,1.,0.));
#5255 = ADVANCED_FACE('',(#5256),#5274,.T.);
#5256 = FACE_BOUND('',#5257,.T.);
#5257 = EDGE_LOOP('',(#5258,#5259,#5260,#5268));
#5258 = ORIENTED_EDGE('',*,*,#4188,.T.);
#5259 = ORIENTED_EDGE('',*,*,#5245,.T.);
#5260 = ORIENTED_EDGE('',*,*,#5261,.T.);
#5261 = EDGE_CURVE('',#5238,#5262,#5264,.T.);
#5262 = VERTEX_POINT('',#5263);
#5263 = CARTESIAN_POINT('',(58.553392166521,13.,-8.5));
#5264 = LINE('',#5265,#5266);
#5265 = CARTESIAN_POINT('',(59.153392166521,13.,-8.5));
#5266 = VECTOR('',#5267,1.);
#5267 = DIRECTION('',(-1.,0.,0.));
#5268 = ORIENTED_EDGE('',*,*,#5269,.F.);
#5269 = EDGE_CURVE('',#4189,#5262,#5270,.T.);
#5270 = LINE('',#5271,#5272);
#5271 = CARTESIAN_POINT('',(58.553392166521,13.,2.));
#5272 = VECTOR('',#5273,1.);
#5273 = DIRECTION('',(-0.,-0.,-1.));
#5274 = PLANE('',#5275);
#5275 = AXIS2_PLACEMENT_3D('',#5276,#5277,#5278);
#5276 = CARTESIAN_POINT('',(59.153392166521,13.,2.));
#5277 = DIRECTION('',(0.,1.,0.));
#5278 = DIRECTION('',(-1.,0.,0.));
#5279 = ADVANCED_FACE('',(#5280),#5291,.T.);
#5280 = FACE_BOUND('',#5281,.T.);
#5281 = EDGE_LOOP('',(#5282,#5283,#5284,#5290));
#5282 = ORIENTED_EDGE('',*,*,#4196,.T.);
#5283 = ORIENTED_EDGE('',*,*,#5269,.T.);
#5284 = ORIENTED_EDGE('',*,*,#5285,.T.);
#5285 = EDGE_CURVE('',#5262,#5206,#5286,.T.);
#5286 = LINE('',#5287,#5288);
#5287 = CARTESIAN_POINT('',(58.553392166521,13.,-8.5));
#5288 = VECTOR('',#5289,1.);
#5289 = DIRECTION('',(0.,-1.,0.));
#5290 = ORIENTED_EDGE('',*,*,#5205,.F.);
#5291 = PLANE('',#5292);
#5292 = AXIS2_PLACEMENT_3D('',#5293,#5294,#5295);
#5293 = CARTESIAN_POINT('',(58.553392166521,13.,2.));
#5294 = DIRECTION('',(-1.,0.,0.));
#5295 = DIRECTION('',(0.,-1.,0.));
#5296 = ADVANCED_FACE('',(#5297),#5303,.F.);
#5297 = FACE_BOUND('',#5298,.F.);
#5298 = EDGE_LOOP('',(#5299,#5300,#5301,#5302));
#5299 = ORIENTED_EDGE('',*,*,#5285,.T.);
#5300 = ORIENTED_EDGE('',*,*,#5213,.T.);
#5301 = ORIENTED_EDGE('',*,*,#5237,.T.);
#5302 = ORIENTED_EDGE('',*,*,#5261,.T.);
#5303 = PLANE('',#5304);
#5304 = AXIS2_PLACEMENT_3D('',#5305,#5306,#5307);
#5305 = CARTESIAN_POINT('',(58.853392166521,-6.4420747E-10,-8.5));
#5306 = DIRECTION('',(0.,0.,1.));
#5307 = DIRECTION('',(1.,0.,0.));
#5308 = ADVANCED_FACE('',(#5309),#5334,.T.);
#5309 = FACE_BOUND('',#5310,.T.);
#5310 = EDGE_LOOP('',(#5311,#5312,#5320,#5328));
#5311 = ORIENTED_EDGE('',*,*,#4204,.T.);
#5312 = ORIENTED_EDGE('',*,*,#5313,.T.);
#5313 = EDGE_CURVE('',#4207,#5314,#5316,.T.);
#5314 = VERTEX_POINT('',#5315);
#5315 = CARTESIAN_POINT('',(28.073392166521,12.4,-8.5));
#5316 = LINE('',#5317,#5318);
#5317 = CARTESIAN_POINT('',(28.073392166521,12.4,2.));
#5318 = VECTOR('',#5319,1.);
#5319 = DIRECTION('',(-0.,-0.,-1.));
#5320 = ORIENTED_EDGE('',*,*,#5321,.T.);
#5321 = EDGE_CURVE('',#5314,#5322,#5324,.T.);
#5322 = VERTEX_POINT('',#5323);
#5323 = CARTESIAN_POINT('',(28.673392166521,12.4,-8.5));
#5324 = LINE('',#5325,#5326);
#5325 = CARTESIAN_POINT('',(28.073392166521,12.4,-8.5));
#5326 = VECTOR('',#5327,1.);
#5327 = DIRECTION('',(1.,0.,0.));
#5328 = ORIENTED_EDGE('',*,*,#5329,.F.);
#5329 = EDGE_CURVE('',#4205,#5322,#5330,.T.);
#5330 = LINE('',#5331,#5332);
#5331 = CARTESIAN_POINT('',(28.673392166521,12.4,2.));
#5332 = VECTOR('',#5333,1.);
#5333 = DIRECTION('',(-0.,-0.,-1.));
#5334 = PLANE('',#5335);
#5335 = AXIS2_PLACEMENT_3D('',#5336,#5337,#5338);
#5336 = CARTESIAN_POINT('',(28.073392166521,12.4,2.));
#5337 = DIRECTION('',(0.,-1.,0.));
#5338 = DIRECTION('',(1.,0.,0.));
#5339 = ADVANCED_FACE('',(#5340),#5358,.T.);
#5340 = FACE_BOUND('',#5341,.T.);
#5341 = EDGE_LOOP('',(#5342,#5343,#5344,#5352));
#5342 = ORIENTED_EDGE('',*,*,#4214,.T.);
#5343 = ORIENTED_EDGE('',*,*,#5329,.T.);
#5344 = ORIENTED_EDGE('',*,*,#5345,.T.);
#5345 = EDGE_CURVE('',#5322,#5346,#5348,.T.);
#5346 = VERTEX_POINT('',#5347);
#5347 = CARTESIAN_POINT('',(28.673392166521,13.,-8.5));
#5348 = LINE('',#5349,#5350);
#5349 = CARTESIAN_POINT('',(28.673392166521,12.4,-8.5));
#5350 = VECTOR('',#5351,1.);
#5351 = DIRECTION('',(0.,1.,0.));
#5352 = ORIENTED_EDGE('',*,*,#5353,.F.);
#5353 = EDGE_CURVE('',#4215,#5346,#5354,.T.);
#5354 = LINE('',#5355,#5356);
#5355 = CARTESIAN_POINT('',(28.673392166521,13.,2.));
#5356 = VECTOR('',#5357,1.);
#5357 = DIRECTION('',(-0.,-0.,-1.));
#5358 = PLANE('',#5359);
#5359 = AXIS2_PLACEMENT_3D('',#5360,#5361,#5362);
#5360 = CARTESIAN_POINT('',(28.673392166521,12.4,2.));
#5361 = DIRECTION('',(1.,0.,0.));
#5362 = DIRECTION('',(0.,1.,0.));
#5363 = ADVANCED_FACE('',(#5364),#5382,.T.);
#5364 = FACE_BOUND('',#5365,.T.);
#5365 = EDGE_LOOP('',(#5366,#5367,#5368,#5376));
#5366 = ORIENTED_EDGE('',*,*,#4222,.T.);
#5367 = ORIENTED_EDGE('',*,*,#5353,.T.);
#5368 = ORIENTED_EDGE('',*,*,#5369,.T.);
#5369 = EDGE_CURVE('',#5346,#5370,#5372,.T.);
#5370 = VERTEX_POINT('',#5371);
#5371 = CARTESIAN_POINT('',(28.073392166521,13.,-8.5));
#5372 = LINE('',#5373,#5374);
#5373 = CARTESIAN_POINT('',(28.673392166521,13.,-8.5));
#5374 = VECTOR('',#5375,1.);
#5375 = DIRECTION('',(-1.,0.,0.));
#5376 = ORIENTED_EDGE('',*,*,#5377,.F.);
#5377 = EDGE_CURVE('',#4223,#5370,#5378,.T.);
#5378 = LINE('',#5379,#5380);
#5379 = CARTESIAN_POINT('',(28.073392166521,13.,2.));
#5380 = VECTOR('',#5381,1.);
#5381 = DIRECTION('',(-0.,-0.,-1.));
#5382 = PLANE('',#5383);
#5383 = AXIS2_PLACEMENT_3D('',#5384,#5385,#5386);
#5384 = CARTESIAN_POINT('',(28.673392166521,13.,2.));
#5385 = DIRECTION('',(0.,1.,0.));
#5386 = DIRECTION('',(-1.,0.,0.));
#5387 = ADVANCED_FACE('',(#5388),#5399,.T.);
#5388 = FACE_BOUND('',#5389,.T.);
#5389 = EDGE_LOOP('',(#5390,#5391,#5392,#5398));
#5390 = ORIENTED_EDGE('',*,*,#4230,.T.);
#5391 = ORIENTED_EDGE('',*,*,#5377,.T.);
#5392 = ORIENTED_EDGE('',*,*,#5393,.T.);
#5393 = EDGE_CURVE('',#5370,#5314,#5394,.T.);
#5394 = LINE('',#5395,#5396);
#5395 = CARTESIAN_POINT('',(28.073392166521,13.,-8.5));
#5396 = VECTOR('',#5397,1.);
#5397 = DIRECTION('',(0.,-1.,0.));
#5398 = ORIENTED_EDGE('',*,*,#5313,.F.);
#5399 = PLANE('',#5400);
#5400 = AXIS2_PLACEMENT_3D('',#5401,#5402,#5403);
#5401 = CARTESIAN_POINT('',(28.073392166521,13.,2.));
#5402 = DIRECTION('',(-1.,0.,0.));
#5403 = DIRECTION('',(0.,-1.,0.));
#5404 = ADVANCED_FACE('',(#5405),#5411,.F.);
#5405 = FACE_BOUND('',#5406,.F.);
#5406 = EDGE_LOOP('',(#5407,#5408,#5409,#5410));
#5407 = ORIENTED_EDGE('',*,*,#5393,.T.);
#5408 = ORIENTED_EDGE('',*,*,#5321,.T.);
#5409 = ORIENTED_EDGE('',*,*,#5345,.T.);
#5410 = ORIENTED_EDGE('',*,*,#5369,.T.);
#5411 = PLANE('',#5412);
#5412 = AXIS2_PLACEMENT_3D('',#5413,#5414,#5415);
#5413 = CARTESIAN_POINT('',(28.373392166521,-6.4420747E-10,-8.5));
#5414 = DIRECTION('',(0.,0.,1.));
#5415 = DIRECTION('',(1.,0.,0.));
#5416 = ADVANCED_FACE('',(#5417),#5442,.T.);
#5417 = FACE_BOUND('',#5418,.T.);
#5418 = EDGE_LOOP('',(#5419,#5420,#5428,#5436));
#5419 = ORIENTED_EDGE('',*,*,#4238,.T.);
#5420 = ORIENTED_EDGE('',*,*,#5421,.T.);
#5421 = EDGE_CURVE('',#4241,#5422,#5424,.T.);
#5422 = VERTEX_POINT('',#5423);
#5423 = CARTESIAN_POINT('',(33.153392166521,12.4,-8.5));
#5424 = LINE('',#5425,#5426);
#5425 = CARTESIAN_POINT('',(33.153392166521,12.4,2.));
#5426 = VECTOR('',#5427,1.);
#5427 = DIRECTION('',(-0.,-0.,-1.));
#5428 = ORIENTED_EDGE('',*,*,#5429,.T.);
#5429 = EDGE_CURVE('',#5422,#5430,#5432,.T.);
#5430 = VERTEX_POINT('',#5431);
#5431 = CARTESIAN_POINT('',(33.753392166521,12.4,-8.5));
#5432 = LINE('',#5433,#5434);
#5433 = CARTESIAN_POINT('',(33.153392166521,12.4,-8.5));
#5434 = VECTOR('',#5435,1.);
#5435 = DIRECTION('',(1.,0.,0.));
#5436 = ORIENTED_EDGE('',*,*,#5437,.F.);
#5437 = EDGE_CURVE('',#4239,#5430,#5438,.T.);
#5438 = LINE('',#5439,#5440);
#5439 = CARTESIAN_POINT('',(33.753392166521,12.4,2.));
#5440 = VECTOR('',#5441,1.);
#5441 = DIRECTION('',(-0.,-0.,-1.));
#5442 = PLANE('',#5443);
#5443 = AXIS2_PLACEMENT_3D('',#5444,#5445,#5446);
#5444 = CARTESIAN_POINT('',(33.153392166521,12.4,2.));
#5445 = DIRECTION('',(0.,-1.,0.));
#5446 = DIRECTION('',(1.,0.,0.));
#5447 = ADVANCED_FACE('',(#5448),#5466,.T.);
#5448 = FACE_BOUND('',#5449,.T.);
#5449 = EDGE_LOOP('',(#5450,#5451,#5452,#5460));
#5450 = ORIENTED_EDGE('',*,*,#4248,.T.);
#5451 = ORIENTED_EDGE('',*,*,#5437,.T.);
#5452 = ORIENTED_EDGE('',*,*,#5453,.T.);
#5453 = EDGE_CURVE('',#5430,#5454,#5456,.T.);
#5454 = VERTEX_POINT('',#5455);
#5455 = CARTESIAN_POINT('',(33.753392166521,13.,-8.5));
#5456 = LINE('',#5457,#5458);
#5457 = CARTESIAN_POINT('',(33.753392166521,12.4,-8.5));
#5458 = VECTOR('',#5459,1.);
#5459 = DIRECTION('',(0.,1.,0.));
#5460 = ORIENTED_EDGE('',*,*,#5461,.F.);
#5461 = EDGE_CURVE('',#4249,#5454,#5462,.T.);
#5462 = LINE('',#5463,#5464);
#5463 = CARTESIAN_POINT('',(33.753392166521,13.,2.));
#5464 = VECTOR('',#5465,1.);
#5465 = DIRECTION('',(-0.,-0.,-1.));
#5466 = PLANE('',#5467);
#5467 = AXIS2_PLACEMENT_3D('',#5468,#5469,#5470);
#5468 = CARTESIAN_POINT('',(33.753392166521,12.4,2.));
#5469 = DIRECTION('',(1.,0.,0.));
#5470 = DIRECTION('',(0.,1.,0.));
#5471 = ADVANCED_FACE('',(#5472),#5490,.T.);
#5472 = FACE_BOUND('',#5473,.T.);
#5473 = EDGE_LOOP('',(#5474,#5475,#5476,#5484));
#5474 = ORIENTED_EDGE('',*,*,#4256,.T.);
#5475 = ORIENTED_EDGE('',*,*,#5461,.T.);
#5476 = ORIENTED_EDGE('',*,*,#5477,.T.);
#5477 = EDGE_CURVE('',#5454,#5478,#5480,.T.);
#5478 = VERTEX_POINT('',#5479);
#5479 = CARTESIAN_POINT('',(33.153392166521,13.,-8.5));
#5480 = LINE('',#5481,#5482);
#5481 = CARTESIAN_POINT('',(33.753392166521,13.,-8.5));
#5482 = VECTOR('',#5483,1.);
#5483 = DIRECTION('',(-1.,0.,0.));
#5484 = ORIENTED_EDGE('',*,*,#5485,.F.);
#5485 = EDGE_CURVE('',#4257,#5478,#5486,.T.);
#5486 = LINE('',#5487,#5488);
#5487 = CARTESIAN_POINT('',(33.153392166521,13.,2.));
#5488 = VECTOR('',#5489,1.);
#5489 = DIRECTION('',(-0.,-0.,-1.));
#5490 = PLANE('',#5491);
#5491 = AXIS2_PLACEMENT_3D('',#5492,#5493,#5494);
#5492 = CARTESIAN_POINT('',(33.753392166521,13.,2.));
#5493 = DIRECTION('',(0.,1.,0.));
#5494 = DIRECTION('',(-1.,0.,0.));
#5495 = ADVANCED_FACE('',(#5496),#5507,.T.);
#5496 = FACE_BOUND('',#5497,.T.);
#5497 = EDGE_LOOP('',(#5498,#5499,#5500,#5506));
#5498 = ORIENTED_EDGE('',*,*,#4264,.T.);
#5499 = ORIENTED_EDGE('',*,*,#5485,.T.);
#5500 = ORIENTED_EDGE('',*,*,#5501,.T.);
#5501 = EDGE_CURVE('',#5478,#5422,#5502,.T.);
#5502 = LINE('',#5503,#5504);
#5503 = CARTESIAN_POINT('',(33.153392166521,13.,-8.5));
#5504 = VECTOR('',#5505,1.);
#5505 = DIRECTION('',(0.,-1.,0.));
#5506 = ORIENTED_EDGE('',*,*,#5421,.F.);
#5507 = PLANE('',#5508);
#5508 = AXIS2_PLACEMENT_3D('',#5509,#5510,#5511);
#5509 = CARTESIAN_POINT('',(33.153392166521,13.,2.));
#5510 = DIRECTION('',(-1.,0.,0.));
#5511 = DIRECTION('',(0.,-1.,0.));
#5512 = ADVANCED_FACE('',(#5513),#5519,.F.);
#5513 = FACE_BOUND('',#5514,.F.);
#5514 = EDGE_LOOP('',(#5515,#5516,#5517,#5518));
#5515 = ORIENTED_EDGE('',*,*,#5501,.T.);
#5516 = ORIENTED_EDGE('',*,*,#5429,.T.);
#5517 = ORIENTED_EDGE('',*,*,#5453,.T.);
#5518 = ORIENTED_EDGE('',*,*,#5477,.T.);
#5519 = PLANE('',#5520);
#5520 = AXIS2_PLACEMENT_3D('',#5521,#5522,#5523);
#5521 = CARTESIAN_POINT('',(33.453392166521,-6.4420747E-10,-8.5));
#5522 = DIRECTION('',(0.,0.,1.));
#5523 = DIRECTION('',(1.,0.,0.));
#5524 = ADVANCED_FACE('',(#5525),#5550,.T.);
#5525 = FACE_BOUND('',#5526,.T.);
#5526 = EDGE_LOOP('',(#5527,#5528,#5536,#5544));
#5527 = ORIENTED_EDGE('',*,*,#4272,.T.);
#5528 = ORIENTED_EDGE('',*,*,#5529,.T.);
#5529 = EDGE_CURVE('',#4275,#5530,#5532,.T.);
#5530 = VERTEX_POINT('',#5531);
#5531 = CARTESIAN_POINT('',(38.233392166521,12.4,-8.5));
#5532 = LINE('',#5533,#5534);
#5533 = CARTESIAN_POINT('',(38.233392166521,12.4,2.));
#5534 = VECTOR('',#5535,1.);
#5535 = DIRECTION('',(-0.,-0.,-1.));
#5536 = ORIENTED_EDGE('',*,*,#5537,.T.);
#5537 = EDGE_CURVE('',#5530,#5538,#5540,.T.);
#5538 = VERTEX_POINT('',#5539);
#5539 = CARTESIAN_POINT('',(38.833392166521,12.4,-8.5));
#5540 = LINE('',#5541,#5542);
#5541 = CARTESIAN_POINT('',(38.233392166521,12.4,-8.5));
#5542 = VECTOR('',#5543,1.);
#5543 = DIRECTION('',(1.,0.,0.));
#5544 = ORIENTED_EDGE('',*,*,#5545,.F.);
#5545 = EDGE_CURVE('',#4273,#5538,#5546,.T.);
#5546 = LINE('',#5547,#5548);
#5547 = CARTESIAN_POINT('',(38.833392166521,12.4,2.));
#5548 = VECTOR('',#5549,1.);
#5549 = DIRECTION('',(-0.,-0.,-1.));
#5550 = PLANE('',#5551);
#5551 = AXIS2_PLACEMENT_3D('',#5552,#5553,#5554);
#5552 = CARTESIAN_POINT('',(38.233392166521,12.4,2.));
#5553 = DIRECTION('',(0.,-1.,0.));
#5554 = DIRECTION('',(1.,0.,0.));
#5555 = ADVANCED_FACE('',(#5556),#5574,.T.);
#5556 = FACE_BOUND('',#5557,.T.);
#5557 = EDGE_LOOP('',(#5558,#5559,#5560,#5568));
#5558 = ORIENTED_EDGE('',*,*,#4282,.T.);
#5559 = ORIENTED_EDGE('',*,*,#5545,.T.);
#5560 = ORIENTED_EDGE('',*,*,#5561,.T.);
#5561 = EDGE_CURVE('',#5538,#5562,#5564,.T.);
#5562 = VERTEX_POINT('',#5563);
#5563 = CARTESIAN_POINT('',(38.833392166521,13.,-8.5));
#5564 = LINE('',#5565,#5566);
#5565 = CARTESIAN_POINT('',(38.833392166521,12.4,-8.5));
#5566 = VECTOR('',#5567,1.);
#5567 = DIRECTION('',(0.,1.,0.));
#5568 = ORIENTED_EDGE('',*,*,#5569,.F.);
#5569 = EDGE_CURVE('',#4283,#5562,#5570,.T.);
#5570 = LINE('',#5571,#5572);
#5571 = CARTESIAN_POINT('',(38.833392166521,13.,2.));
#5572 = VECTOR('',#5573,1.);
#5573 = DIRECTION('',(-0.,-0.,-1.));
#5574 = PLANE('',#5575);
#5575 = AXIS2_PLACEMENT_3D('',#5576,#5577,#5578);
#5576 = CARTESIAN_POINT('',(38.833392166521,12.4,2.));
#5577 = DIRECTION('',(1.,0.,0.));
#5578 = DIRECTION('',(0.,1.,0.));
#5579 = ADVANCED_FACE('',(#5580),#5598,.T.);
#5580 = FACE_BOUND('',#5581,.T.);
#5581 = EDGE_LOOP('',(#5582,#5583,#5584,#5592));
#5582 = ORIENTED_EDGE('',*,*,#4290,.T.);
#5583 = ORIENTED_EDGE('',*,*,#5569,.T.);
#5584 = ORIENTED_EDGE('',*,*,#5585,.T.);
#5585 = EDGE_CURVE('',#5562,#5586,#5588,.T.);
#5586 = VERTEX_POINT('',#5587);
#5587 = CARTESIAN_POINT('',(38.233392166521,13.,-8.5));
#5588 = LINE('',#5589,#5590);
#5589 = CARTESIAN_POINT('',(38.833392166521,13.,-8.5));
#5590 = VECTOR('',#5591,1.);
#5591 = DIRECTION('',(-1.,0.,0.));
#5592 = ORIENTED_EDGE('',*,*,#5593,.F.);
#5593 = EDGE_CURVE('',#4291,#5586,#5594,.T.);
#5594 = LINE('',#5595,#5596);
#5595 = CARTESIAN_POINT('',(38.233392166521,13.,2.));
#5596 = VECTOR('',#5597,1.);
#5597 = DIRECTION('',(-0.,-0.,-1.));
#5598 = PLANE('',#5599);
#5599 = AXIS2_PLACEMENT_3D('',#5600,#5601,#5602);
#5600 = CARTESIAN_POINT('',(38.833392166521,13.,2.));
#5601 = DIRECTION('',(0.,1.,0.));
#5602 = DIRECTION('',(-1.,0.,0.));
#5603 = ADVANCED_FACE('',(#5604),#5615,.T.);
#5604 = FACE_BOUND('',#5605,.T.);
#5605 = EDGE_LOOP('',(#5606,#5607,#5608,#5614));
#5606 = ORIENTED_EDGE('',*,*,#4298,.T.);
#5607 = ORIENTED_EDGE('',*,*,#5593,.T.);
#5608 = ORIENTED_EDGE('',*,*,#5609,.T.);
#5609 = EDGE_CURVE('',#5586,#5530,#5610,.T.);
#5610 = LINE('',#5611,#5612);
#5611 = CARTESIAN_POINT('',(38.233392166521,13.,-8.5));
#5612 = VECTOR('',#5613,1.);
#5613 = DIRECTION('',(0.,-1.,0.));
#5614 = ORIENTED_EDGE('',*,*,#5529,.F.);
#5615 = PLANE('',#5616);
#5616 = AXIS2_PLACEMENT_3D('',#5617,#5618,#5619);
#5617 = CARTESIAN_POINT('',(38.233392166521,13.,2.));
#5618 = DIRECTION('',(-1.,0.,0.));
#5619 = DIRECTION('',(0.,-1.,0.));
#5620 = ADVANCED_FACE('',(#5621),#5627,.F.);
#5621 = FACE_BOUND('',#5622,.F.);
#5622 = EDGE_LOOP('',(#5623,#5624,#5625,#5626));
#5623 = ORIENTED_EDGE('',*,*,#5609,.T.);
#5624 = ORIENTED_EDGE('',*,*,#5537,.T.);
#5625 = ORIENTED_EDGE('',*,*,#5561,.T.);
#5626 = ORIENTED_EDGE('',*,*,#5585,.T.);
#5627 = PLANE('',#5628);
#5628 = AXIS2_PLACEMENT_3D('',#5629,#5630,#5631);
#5629 = CARTESIAN_POINT('',(38.533392166521,-6.4420747E-10,-8.5));
#5630 = DIRECTION('',(0.,0.,1.));
#5631 = DIRECTION('',(1.,0.,0.));
#5632 = ADVANCED_FACE('',(#5633),#5658,.T.);
#5633 = FACE_BOUND('',#5634,.T.);
#5634 = EDGE_LOOP('',(#5635,#5636,#5644,#5652));
#5635 = ORIENTED_EDGE('',*,*,#4306,.T.);
#5636 = ORIENTED_EDGE('',*,*,#5637,.T.);
#5637 = EDGE_CURVE('',#4309,#5638,#5640,.T.);
#5638 = VERTEX_POINT('',#5639);
#5639 = CARTESIAN_POINT('',(43.313392166521,12.4,-8.5));
#5640 = LINE('',#5641,#5642);
#5641 = CARTESIAN_POINT('',(43.313392166521,12.4,2.));
#5642 = VECTOR('',#5643,1.);
#5643 = DIRECTION('',(-0.,-0.,-1.));
#5644 = ORIENTED_EDGE('',*,*,#5645,.T.);
#5645 = EDGE_CURVE('',#5638,#5646,#5648,.T.);
#5646 = VERTEX_POINT('',#5647);
#5647 = CARTESIAN_POINT('',(43.913392166521,12.4,-8.5));
#5648 = LINE('',#5649,#5650);
#5649 = CARTESIAN_POINT('',(43.313392166521,12.4,-8.5));
#5650 = VECTOR('',#5651,1.);
#5651 = DIRECTION('',(1.,0.,0.));
#5652 = ORIENTED_EDGE('',*,*,#5653,.F.);
#5653 = EDGE_CURVE('',#4307,#5646,#5654,.T.);
#5654 = LINE('',#5655,#5656);
#5655 = CARTESIAN_POINT('',(43.913392166521,12.4,2.));
#5656 = VECTOR('',#5657,1.);
#5657 = DIRECTION('',(-0.,-0.,-1.));
#5658 = PLANE('',#5659);
#5659 = AXIS2_PLACEMENT_3D('',#5660,#5661,#5662);
#5660 = CARTESIAN_POINT('',(43.313392166521,12.4,2.));
#5661 = DIRECTION('',(0.,-1.,0.));
#5662 = DIRECTION('',(1.,0.,0.));
#5663 = ADVANCED_FACE('',(#5664),#5682,.T.);
#5664 = FACE_BOUND('',#5665,.T.);
#5665 = EDGE_LOOP('',(#5666,#5667,#5668,#5676));
#5666 = ORIENTED_EDGE('',*,*,#4316,.T.);
#5667 = ORIENTED_EDGE('',*,*,#5653,.T.);
#5668 = ORIENTED_EDGE('',*,*,#5669,.T.);
#5669 = EDGE_CURVE('',#5646,#5670,#5672,.T.);
#5670 = VERTEX_POINT('',#5671);
#5671 = CARTESIAN_POINT('',(43.913392166521,13.,-8.5));
#5672 = LINE('',#5673,#5674);
#5673 = CARTESIAN_POINT('',(43.913392166521,12.4,-8.5));
#5674 = VECTOR('',#5675,1.);
#5675 = DIRECTION('',(0.,1.,0.));
#5676 = ORIENTED_EDGE('',*,*,#5677,.F.);
#5677 = EDGE_CURVE('',#4317,#5670,#5678,.T.);
#5678 = LINE('',#5679,#5680);
#5679 = CARTESIAN_POINT('',(43.913392166521,13.,2.));
#5680 = VECTOR('',#5681,1.);
#5681 = DIRECTION('',(-0.,-0.,-1.));
#5682 = PLANE('',#5683);
#5683 = AXIS2_PLACEMENT_3D('',#5684,#5685,#5686);
#5684 = CARTESIAN_POINT('',(43.913392166521,12.4,2.));
#5685 = DIRECTION('',(1.,0.,0.));
#5686 = DIRECTION('',(0.,1.,0.));
#5687 = ADVANCED_FACE('',(#5688),#5706,.T.);
#5688 = FACE_BOUND('',#5689,.T.);
#5689 = EDGE_LOOP('',(#5690,#5691,#5692,#5700));
#5690 = ORIENTED_EDGE('',*,*,#4324,.T.);
#5691 = ORIENTED_EDGE('',*,*,#5677,.T.);
#5692 = ORIENTED_EDGE('',*,*,#5693,.T.);
#5693 = EDGE_CURVE('',#5670,#5694,#5696,.T.);
#5694 = VERTEX_POINT('',#5695);
#5695 = CARTESIAN_POINT('',(43.313392166521,13.,-8.5));
#5696 = LINE('',#5697,#5698);
#5697 = CARTESIAN_POINT('',(43.913392166521,13.,-8.5));
#5698 = VECTOR('',#5699,1.);
#5699 = DIRECTION('',(-1.,0.,0.));
#5700 = ORIENTED_EDGE('',*,*,#5701,.F.);
#5701 = EDGE_CURVE('',#4325,#5694,#5702,.T.);
#5702 = LINE('',#5703,#5704);
#5703 = CARTESIAN_POINT('',(43.313392166521,13.,2.));
#5704 = VECTOR('',#5705,1.);
#5705 = DIRECTION('',(-0.,-0.,-1.));
#5706 = PLANE('',#5707);
#5707 = AXIS2_PLACEMENT_3D('',#5708,#5709,#5710);
#5708 = CARTESIAN_POINT('',(43.913392166521,13.,2.));
#5709 = DIRECTION('',(0.,1.,0.));
#5710 = DIRECTION('',(-1.,0.,0.));
#5711 = ADVANCED_FACE('',(#5712),#5723,.T.);
#5712 = FACE_BOUND('',#5713,.T.);
#5713 = EDGE_LOOP('',(#5714,#5715,#5716,#5722));
#5714 = ORIENTED_EDGE('',*,*,#4332,.T.);
#5715 = ORIENTED_EDGE('',*,*,#5701,.T.);
#5716 = ORIENTED_EDGE('',*,*,#5717,.T.);
#5717 = EDGE_CURVE('',#5694,#5638,#5718,.T.);
#5718 = LINE('',#5719,#5720);
#5719 = CARTESIAN_POINT('',(43.313392166521,13.,-8.5));
#5720 = VECTOR('',#5721,1.);
#5721 = DIRECTION('',(0.,-1.,0.));
#5722 = ORIENTED_EDGE('',*,*,#5637,.F.);
#5723 = PLANE('',#5724);
#5724 = AXIS2_PLACEMENT_3D('',#5725,#5726,#5727);
#5725 = CARTESIAN_POINT('',(43.313392166521,13.,2.));
#5726 = DIRECTION('',(-1.,0.,0.));
#5727 = DIRECTION('',(0.,-1.,0.));
#5728 = ADVANCED_FACE('',(#5729),#5735,.F.);
#5729 = FACE_BOUND('',#5730,.F.);
#5730 = EDGE_LOOP('',(#5731,#5732,#5733,#5734));
#5731 = ORIENTED_EDGE('',*,*,#5717,.T.);
#5732 = ORIENTED_EDGE('',*,*,#5645,.T.);
#5733 = ORIENTED_EDGE('',*,*,#5669,.T.);
#5734 = ORIENTED_EDGE('',*,*,#5693,.T.);
#5735 = PLANE('',#5736);
#5736 = AXIS2_PLACEMENT_3D('',#5737,#5738,#5739);
#5737 = CARTESIAN_POINT('',(43.613392166521,-6.4420747E-10,-8.5));
#5738 = DIRECTION('',(0.,0.,1.));
#5739 = DIRECTION('',(1.,0.,0.));
#5740 = ADVANCED_FACE('',(#5741),#5766,.T.);
#5741 = FACE_BOUND('',#5742,.T.);
#5742 = EDGE_LOOP('',(#5743,#5744,#5752,#5760));
#5743 = ORIENTED_EDGE('',*,*,#4340,.T.);
#5744 = ORIENTED_EDGE('',*,*,#5745,.T.);
#5745 = EDGE_CURVE('',#4343,#5746,#5748,.T.);
#5746 = VERTEX_POINT('',#5747);
#5747 = CARTESIAN_POINT('',(48.393392166521,12.4,-8.5));
#5748 = LINE('',#5749,#5750);
#5749 = CARTESIAN_POINT('',(48.393392166521,12.4,2.));
#5750 = VECTOR('',#5751,1.);
#5751 = DIRECTION('',(-0.,-0.,-1.));
#5752 = ORIENTED_EDGE('',*,*,#5753,.T.);
#5753 = EDGE_CURVE('',#5746,#5754,#5756,.T.);
#5754 = VERTEX_POINT('',#5755);
#5755 = CARTESIAN_POINT('',(48.993392166521,12.4,-8.5));
#5756 = LINE('',#5757,#5758);
#5757 = CARTESIAN_POINT('',(48.393392166521,12.4,-8.5));
#5758 = VECTOR('',#5759,1.);
#5759 = DIRECTION('',(1.,0.,0.));
#5760 = ORIENTED_EDGE('',*,*,#5761,.F.);
#5761 = EDGE_CURVE('',#4341,#5754,#5762,.T.);
#5762 = LINE('',#5763,#5764);
#5763 = CARTESIAN_POINT('',(48.993392166521,12.4,2.));
#5764 = VECTOR('',#5765,1.);
#5765 = DIRECTION('',(-0.,-0.,-1.));
#5766 = PLANE('',#5767);
#5767 = AXIS2_PLACEMENT_3D('',#5768,#5769,#5770);
#5768 = CARTESIAN_POINT('',(48.393392166521,12.4,2.));
#5769 = DIRECTION('',(0.,-1.,0.));
#5770 = DIRECTION('',(1.,0.,0.));
#5771 = ADVANCED_FACE('',(#5772),#5790,.T.);
#5772 = FACE_BOUND('',#5773,.T.);
#5773 = EDGE_LOOP('',(#5774,#5775,#5776,#5784));
#5774 = ORIENTED_EDGE('',*,*,#4350,.T.);
#5775 = ORIENTED_EDGE('',*,*,#5761,.T.);
#5776 = ORIENTED_EDGE('',*,*,#5777,.T.);
#5777 = EDGE_CURVE('',#5754,#5778,#5780,.T.);
#5778 = VERTEX_POINT('',#5779);
#5779 = CARTESIAN_POINT('',(48.993392166521,13.,-8.5));
#5780 = LINE('',#5781,#5782);
#5781 = CARTESIAN_POINT('',(48.993392166521,12.4,-8.5));
#5782 = VECTOR('',#5783,1.);
#5783 = DIRECTION('',(0.,1.,0.));
#5784 = ORIENTED_EDGE('',*,*,#5785,.F.);
#5785 = EDGE_CURVE('',#4351,#5778,#5786,.T.);
#5786 = LINE('',#5787,#5788);
#5787 = CARTESIAN_POINT('',(48.993392166521,13.,2.));
#5788 = VECTOR('',#5789,1.);
#5789 = DIRECTION('',(-0.,-0.,-1.));
#5790 = PLANE('',#5791);
#5791 = AXIS2_PLACEMENT_3D('',#5792,#5793,#5794);
#5792 = CARTESIAN_POINT('',(48.993392166521,12.4,2.));
#5793 = DIRECTION('',(1.,0.,0.));
#5794 = DIRECTION('',(0.,1.,0.));
#5795 = ADVANCED_FACE('',(#5796),#5814,.T.);
#5796 = FACE_BOUND('',#5797,.T.);
#5797 = EDGE_LOOP('',(#5798,#5799,#5800,#5808));
#5798 = ORIENTED_EDGE('',*,*,#4358,.T.);
#5799 = ORIENTED_EDGE('',*,*,#5785,.T.);
#5800 = ORIENTED_EDGE('',*,*,#5801,.T.);
#5801 = EDGE_CURVE('',#5778,#5802,#5804,.T.);
#5802 = VERTEX_POINT('',#5803);
#5803 = CARTESIAN_POINT('',(48.393392166521,13.,-8.5));
#5804 = LINE('',#5805,#5806);
#5805 = CARTESIAN_POINT('',(48.993392166521,13.,-8.5));
#5806 = VECTOR('',#5807,1.);
#5807 = DIRECTION('',(-1.,0.,0.));
#5808 = ORIENTED_EDGE('',*,*,#5809,.F.);
#5809 = EDGE_CURVE('',#4359,#5802,#5810,.T.);
#5810 = LINE('',#5811,#5812);
#5811 = CARTESIAN_POINT('',(48.393392166521,13.,2.));
#5812 = VECTOR('',#5813,1.);
#5813 = DIRECTION('',(-0.,-0.,-1.));
#5814 = PLANE('',#5815);
#5815 = AXIS2_PLACEMENT_3D('',#5816,#5817,#5818);
#5816 = CARTESIAN_POINT('',(48.993392166521,13.,2.));
#5817 = DIRECTION('',(0.,1.,0.));
#5818 = DIRECTION('',(-1.,0.,0.));
#5819 = ADVANCED_FACE('',(#5820),#5831,.T.);
#5820 = FACE_BOUND('',#5821,.T.);
#5821 = EDGE_LOOP('',(#5822,#5823,#5824,#5830));
#5822 = ORIENTED_EDGE('',*,*,#4366,.T.);
#5823 = ORIENTED_EDGE('',*,*,#5809,.T.);
#5824 = ORIENTED_EDGE('',*,*,#5825,.T.);
#5825 = EDGE_CURVE('',#5802,#5746,#5826,.T.);
#5826 = LINE('',#5827,#5828);
#5827 = CARTESIAN_POINT('',(48.393392166521,13.,-8.5));
#5828 = VECTOR('',#5829,1.);
#5829 = DIRECTION('',(0.,-1.,0.));
#5830 = ORIENTED_EDGE('',*,*,#5745,.F.);
#5831 = PLANE('',#5832);
#5832 = AXIS2_PLACEMENT_3D('',#5833,#5834,#5835);
#5833 = CARTESIAN_POINT('',(48.393392166521,13.,2.));
#5834 = DIRECTION('',(-1.,0.,0.));
#5835 = DIRECTION('',(0.,-1.,0.));
#5836 = ADVANCED_FACE('',(#5837),#5843,.F.);
#5837 = FACE_BOUND('',#5838,.F.);
#5838 = EDGE_LOOP('',(#5839,#5840,#5841,#5842));
#5839 = ORIENTED_EDGE('',*,*,#5825,.T.);
#5840 = ORIENTED_EDGE('',*,*,#5753,.T.);
#5841 = ORIENTED_EDGE('',*,*,#5777,.T.);
#5842 = ORIENTED_EDGE('',*,*,#5801,.T.);
#5843 = PLANE('',#5844);
#5844 = AXIS2_PLACEMENT_3D('',#5845,#5846,#5847);
#5845 = CARTESIAN_POINT('',(48.693392166521,-6.4420747E-10,-8.5));
#5846 = DIRECTION('',(0.,0.,1.));
#5847 = DIRECTION('',(1.,0.,0.));
#5848 = ADVANCED_FACE('',(#5849),#5874,.T.);
#5849 = FACE_BOUND('',#5850,.T.);
#5850 = EDGE_LOOP('',(#5851,#5852,#5860,#5868));
#5851 = ORIENTED_EDGE('',*,*,#4374,.T.);
#5852 = ORIENTED_EDGE('',*,*,#5853,.T.);
#5853 = EDGE_CURVE('',#4377,#5854,#5856,.T.);
#5854 = VERTEX_POINT('',#5855);
#5855 = CARTESIAN_POINT('',(53.473392166521,12.4,-8.5));
#5856 = LINE('',#5857,#5858);
#5857 = CARTESIAN_POINT('',(53.473392166521,12.4,2.));
#5858 = VECTOR('',#5859,1.);
#5859 = DIRECTION('',(-0.,-0.,-1.));
#5860 = ORIENTED_EDGE('',*,*,#5861,.T.);
#5861 = EDGE_CURVE('',#5854,#5862,#5864,.T.);
#5862 = VERTEX_POINT('',#5863);
#5863 = CARTESIAN_POINT('',(54.073392166521,12.4,-8.5));
#5864 = LINE('',#5865,#5866);
#5865 = CARTESIAN_POINT('',(53.473392166521,12.4,-8.5));
#5866 = VECTOR('',#5867,1.);
#5867 = DIRECTION('',(1.,0.,0.));
#5868 = ORIENTED_EDGE('',*,*,#5869,.F.);
#5869 = EDGE_CURVE('',#4375,#5862,#5870,.T.);
#5870 = LINE('',#5871,#5872);
#5871 = CARTESIAN_POINT('',(54.073392166521,12.4,2.));
#5872 = VECTOR('',#5873,1.);
#5873 = DIRECTION('',(-0.,-0.,-1.));
#5874 = PLANE('',#5875);
#5875 = AXIS2_PLACEMENT_3D('',#5876,#5877,#5878);
#5876 = CARTESIAN_POINT('',(53.473392166521,12.4,2.));
#5877 = DIRECTION('',(0.,-1.,0.));
#5878 = DIRECTION('',(1.,0.,0.));
#5879 = ADVANCED_FACE('',(#5880),#5898,.T.);
#5880 = FACE_BOUND('',#5881,.T.);
#5881 = EDGE_LOOP('',(#5882,#5883,#5884,#5892));
#5882 = ORIENTED_EDGE('',*,*,#4384,.T.);
#5883 = ORIENTED_EDGE('',*,*,#5869,.T.);
#5884 = ORIENTED_EDGE('',*,*,#5885,.T.);
#5885 = EDGE_CURVE('',#5862,#5886,#5888,.T.);
#5886 = VERTEX_POINT('',#5887);
#5887 = CARTESIAN_POINT('',(54.073392166521,13.,-8.5));
#5888 = LINE('',#5889,#5890);
#5889 = CARTESIAN_POINT('',(54.073392166521,12.4,-8.5));
#5890 = VECTOR('',#5891,1.);
#5891 = DIRECTION('',(0.,1.,0.));
#5892 = ORIENTED_EDGE('',*,*,#5893,.F.);
#5893 = EDGE_CURVE('',#4385,#5886,#5894,.T.);
#5894 = LINE('',#5895,#5896);
#5895 = CARTESIAN_POINT('',(54.073392166521,13.,2.));
#5896 = VECTOR('',#5897,1.);
#5897 = DIRECTION('',(-0.,-0.,-1.));
#5898 = PLANE('',#5899);
#5899 = AXIS2_PLACEMENT_3D('',#5900,#5901,#5902);
#5900 = CARTESIAN_POINT('',(54.073392166521,12.4,2.));
#5901 = DIRECTION('',(1.,0.,0.));
#5902 = DIRECTION('',(0.,1.,0.));
#5903 = ADVANCED_FACE('',(#5904),#5922,.T.);
#5904 = FACE_BOUND('',#5905,.T.);
#5905 = EDGE_LOOP('',(#5906,#5907,#5908,#5916));
#5906 = ORIENTED_EDGE('',*,*,#4392,.T.);
#5907 = ORIENTED_EDGE('',*,*,#5893,.T.);
#5908 = ORIENTED_EDGE('',*,*,#5909,.T.);
#5909 = EDGE_CURVE('',#5886,#5910,#5912,.T.);
#5910 = VERTEX_POINT('',#5911);
#5911 = CARTESIAN_POINT('',(53.473392166521,13.,-8.5));
#5912 = LINE('',#5913,#5914);
#5913 = CARTESIAN_POINT('',(54.073392166521,13.,-8.5));
#5914 = VECTOR('',#5915,1.);
#5915 = DIRECTION('',(-1.,0.,0.));
#5916 = ORIENTED_EDGE('',*,*,#5917,.F.);
#5917 = EDGE_CURVE('',#4393,#5910,#5918,.T.);
#5918 = LINE('',#5919,#5920);
#5919 = CARTESIAN_POINT('',(53.473392166521,13.,2.));
#5920 = VECTOR('',#5921,1.);
#5921 = DIRECTION('',(-0.,-0.,-1.));
#5922 = PLANE('',#5923);
#5923 = AXIS2_PLACEMENT_3D('',#5924,#5925,#5926);
#5924 = CARTESIAN_POINT('',(54.073392166521,13.,2.));
#5925 = DIRECTION('',(0.,1.,0.));
#5926 = DIRECTION('',(-1.,0.,0.));
#5927 = ADVANCED_FACE('',(#5928),#5939,.T.);
#5928 = FACE_BOUND('',#5929,.T.);
#5929 = EDGE_LOOP('',(#5930,#5931,#5932,#5938));
#5930 = ORIENTED_EDGE('',*,*,#4400,.T.);
#5931 = ORIENTED_EDGE('',*,*,#5917,.T.);
#5932 = ORIENTED_EDGE('',*,*,#5933,.T.);
#5933 = EDGE_CURVE('',#5910,#5854,#5934,.T.);
#5934 = LINE('',#5935,#5936);
#5935 = CARTESIAN_POINT('',(53.473392166521,13.,-8.5));
#5936 = VECTOR('',#5937,1.);
#5937 = DIRECTION('',(0.,-1.,0.));
#5938 = ORIENTED_EDGE('',*,*,#5853,.F.);
#5939 = PLANE('',#5940);
#5940 = AXIS2_PLACEMENT_3D('',#5941,#5942,#5943);
#5941 = CARTESIAN_POINT('',(53.473392166521,13.,2.));
#5942 = DIRECTION('',(-1.,0.,0.));
#5943 = DIRECTION('',(0.,-1.,0.));
#5944 = ADVANCED_FACE('',(#5945),#5951,.F.);
#5945 = FACE_BOUND('',#5946,.F.);
#5946 = EDGE_LOOP('',(#5947,#5948,#5949,#5950));
#5947 = ORIENTED_EDGE('',*,*,#5933,.T.);
#5948 = ORIENTED_EDGE('',*,*,#5861,.T.);
#5949 = ORIENTED_EDGE('',*,*,#5885,.T.);
#5950 = ORIENTED_EDGE('',*,*,#5909,.T.);
#5951 = PLANE('',#5952);
#5952 = AXIS2_PLACEMENT_3D('',#5953,#5954,#5955);
#5953 = CARTESIAN_POINT('',(53.773392166521,-6.4420747E-10,-8.5));
#5954 = DIRECTION('',(0.,0.,1.));
#5955 = DIRECTION('',(1.,0.,0.));
#5956 = ADVANCED_FACE('',(#5957),#5982,.T.);
#5957 = FACE_BOUND('',#5958,.T.);
#5958 = EDGE_LOOP('',(#5959,#5960,#5968,#5976));
#5959 = ORIENTED_EDGE('',*,*,#4408,.T.);
#5960 = ORIENTED_EDGE('',*,*,#5961,.T.);
#5961 = EDGE_CURVE('',#4411,#5962,#5964,.T.);
#5962 = VERTEX_POINT('',#5963);
#5963 = CARTESIAN_POINT('',(61.093392166521,12.4,-8.5));
#5964 = LINE('',#5965,#5966);
#5965 = CARTESIAN_POINT('',(61.093392166521,12.4,2.));
#5966 = VECTOR('',#5967,1.);
#5967 = DIRECTION('',(-0.,-0.,-1.));
#5968 = ORIENTED_EDGE('',*,*,#5969,.T.);
#5969 = EDGE_CURVE('',#5962,#5970,#5972,.T.);
#5970 = VERTEX_POINT('',#5971);
#5971 = CARTESIAN_POINT('',(61.693392166521,12.4,-8.5));
#5972 = LINE('',#5973,#5974);
#5973 = CARTESIAN_POINT('',(61.093392166521,12.4,-8.5));
#5974 = VECTOR('',#5975,1.);
#5975 = DIRECTION('',(1.,0.,0.));
#5976 = ORIENTED_EDGE('',*,*,#5977,.F.);
#5977 = EDGE_CURVE('',#4409,#5970,#5978,.T.);
#5978 = LINE('',#5979,#5980);
#5979 = CARTESIAN_POINT('',(61.693392166521,12.4,2.));
#5980 = VECTOR('',#5981,1.);
#5981 = DIRECTION('',(-0.,-0.,-1.));
#5982 = PLANE('',#5983);
#5983 = AXIS2_PLACEMENT_3D('',#5984,#5985,#5986);
#5984 = CARTESIAN_POINT('',(61.093392166521,12.4,2.));
#5985 = DIRECTION('',(0.,-1.,0.));
#5986 = DIRECTION('',(1.,0.,0.));
#5987 = ADVANCED_FACE('',(#5988),#6006,.T.);
#5988 = FACE_BOUND('',#5989,.T.);
#5989 = EDGE_LOOP('',(#5990,#5991,#5992,#6000));
#5990 = ORIENTED_EDGE('',*,*,#4418,.T.);
#5991 = ORIENTED_EDGE('',*,*,#5977,.T.);
#5992 = ORIENTED_EDGE('',*,*,#5993,.T.);
#5993 = EDGE_CURVE('',#5970,#5994,#5996,.T.);
#5994 = VERTEX_POINT('',#5995);
#5995 = CARTESIAN_POINT('',(61.693392166521,13.,-8.5));
#5996 = LINE('',#5997,#5998);
#5997 = CARTESIAN_POINT('',(61.693392166521,12.4,-8.5));
#5998 = VECTOR('',#5999,1.);
#5999 = DIRECTION('',(0.,1.,0.));
#6000 = ORIENTED_EDGE('',*,*,#6001,.F.);
#6001 = EDGE_CURVE('',#4419,#5994,#6002,.T.);
#6002 = LINE('',#6003,#6004);
#6003 = CARTESIAN_POINT('',(61.693392166521,13.,2.));
#6004 = VECTOR('',#6005,1.);
#6005 = DIRECTION('',(-0.,-0.,-1.));
#6006 = PLANE('',#6007);
#6007 = AXIS2_PLACEMENT_3D('',#6008,#6009,#6010);
#6008 = CARTESIAN_POINT('',(61.693392166521,12.4,2.));
#6009 = DIRECTION('',(1.,0.,0.));
#6010 = DIRECTION('',(0.,1.,0.));
#6011 = ADVANCED_FACE('',(#6012),#6030,.T.);
#6012 = FACE_BOUND('',#6013,.T.);
#6013 = EDGE_LOOP('',(#6014,#6015,#6016,#6024));
#6014 = ORIENTED_EDGE('',*,*,#4426,.T.);
#6015 = ORIENTED_EDGE('',*,*,#6001,.T.);
#6016 = ORIENTED_EDGE('',*,*,#6017,.T.);
#6017 = EDGE_CURVE('',#5994,#6018,#6020,.T.);
#6018 = VERTEX_POINT('',#6019);
#6019 = CARTESIAN_POINT('',(61.093392166521,13.,-8.5));
#6020 = LINE('',#6021,#6022);
#6021 = CARTESIAN_POINT('',(61.693392166521,13.,-8.5));
#6022 = VECTOR('',#6023,1.);
#6023 = DIRECTION('',(-1.,0.,0.));
#6024 = ORIENTED_EDGE('',*,*,#6025,.F.);
#6025 = EDGE_CURVE('',#4427,#6018,#6026,.T.);
#6026 = LINE('',#6027,#6028);
#6027 = CARTESIAN_POINT('',(61.093392166521,13.,2.));
#6028 = VECTOR('',#6029,1.);
#6029 = DIRECTION('',(-0.,-0.,-1.));
#6030 = PLANE('',#6031);
#6031 = AXIS2_PLACEMENT_3D('',#6032,#6033,#6034);
#6032 = CARTESIAN_POINT('',(61.693392166521,13.,2.));
#6033 = DIRECTION('',(0.,1.,0.));
#6034 = DIRECTION('',(-1.,0.,0.));
#6035 = ADVANCED_FACE('',(#6036),#6047,.T.);
#6036 = FACE_BOUND('',#6037,.T.);
#6037 = EDGE_LOOP('',(#6038,#6039,#6040,#6046));
#6038 = ORIENTED_EDGE('',*,*,#4434,.T.);
#6039 = ORIENTED_EDGE('',*,*,#6025,.T.);
#6040 = ORIENTED_EDGE('',*,*,#6041,.T.);
#6041 = EDGE_CURVE('',#6018,#5962,#6042,.T.);
#6042 = LINE('',#6043,#6044);
#6043 = CARTESIAN_POINT('',(61.093392166521,13.,-8.5));
#6044 = VECTOR('',#6045,1.);
#6045 = DIRECTION('',(0.,-1.,0.));
#6046 = ORIENTED_EDGE('',*,*,#5961,.F.);
#6047 = PLANE('',#6048);
#6048 = AXIS2_PLACEMENT_3D('',#6049,#6050,#6051);
#6049 = CARTESIAN_POINT('',(61.093392166521,13.,2.));
#6050 = DIRECTION('',(-1.,0.,0.));
#6051 = DIRECTION('',(0.,-1.,0.));
#6052 = ADVANCED_FACE('',(#6053),#6059,.F.);
#6053 = FACE_BOUND('',#6054,.F.);
#6054 = EDGE_LOOP('',(#6055,#6056,#6057,#6058));
#6055 = ORIENTED_EDGE('',*,*,#6041,.T.);
#6056 = ORIENTED_EDGE('',*,*,#5969,.T.);
#6057 = ORIENTED_EDGE('',*,*,#5993,.T.);
#6058 = ORIENTED_EDGE('',*,*,#6017,.T.);
#6059 = PLANE('',#6060);
#6060 = AXIS2_PLACEMENT_3D('',#6061,#6062,#6063);
#6061 = CARTESIAN_POINT('',(61.393392166521,-6.4420747E-10,-8.5));
#6062 = DIRECTION('',(0.,0.,1.));
#6063 = DIRECTION('',(1.,0.,0.));
#6064 = MANIFOLD_SOLID_BREP('',#6065);
#6065 = CLOSED_SHELL('',(#6066,#6106,#6647,#6678,#6709,#6740,#6757,#6774
    ,#6786,#6817,#6841,#6865,#6882,#6894,#6925,#6949,#6973,#6990,#7002,
    #7033,#7057,#7081,#7098,#7110,#7141,#7165,#7189,#7206,#7218,#7249,
    #7273,#7297,#7314,#7326,#7357,#7381,#7405,#7422,#7434,#7465,#7489,
    #7513,#7530,#7542,#7573,#7597,#7621,#7638,#7650,#7681,#7705,#7729,
    #7746,#7758,#7789,#7813,#7837,#7854,#7866,#7897,#7921,#7945,#7962,
    #7974,#8005,#8029,#8053,#8070,#8082,#8113,#8137,#8161,#8178,#8190,
    #8221,#8245,#8269,#8286,#8298,#8315,#8332,#8854,#8885,#8909,#8933,
    #8950,#8962,#8993,#9017,#9041,#9058,#9070,#9101,#9125,#9149,#9166,
    #9178,#9209,#9233,#9257,#9274,#9286,#9317,#9341,#9365,#9382,#9394,
    #9425,#9449,#9473,#9490,#9502,#9533,#9557,#9581,#9598,#9610,#9641,
    #9665,#9689,#9706,#9718,#9749,#9773,#9797,#9814,#9826,#9857,#9881,
    #9905,#9922,#9934,#9965,#9989,#10013,#10030,#10042,#10073,#10097,
    #10121,#10138,#10150,#10181,#10205,#10229,#10246,#10258,#10289,
    #10313,#10337,#10354,#10366,#10397,#10421,#10445,#10462));
#6066 = ADVANCED_FACE('',(#6067),#6101,.T.);
#6067 = FACE_BOUND('',#6068,.T.);
#6068 = EDGE_LOOP('',(#6069,#6079,#6087,#6095));
#6069 = ORIENTED_EDGE('',*,*,#6070,.T.);
#6070 = EDGE_CURVE('',#6071,#6073,#6075,.T.);
#6071 = VERTEX_POINT('',#6072);
#6072 = CARTESIAN_POINT('',(62.663392166521,-13.97,0.));
#6073 = VERTEX_POINT('',#6074);
#6074 = CARTESIAN_POINT('',(62.663392166521,-13.97,-2.2));
#6075 = LINE('',#6076,#6077);
#6076 = CARTESIAN_POINT('',(62.663392166521,-13.97,0.));
#6077 = VECTOR('',#6078,1.);
#6078 = DIRECTION('',(-0.,-0.,-1.));
#6079 = ORIENTED_EDGE('',*,*,#6080,.T.);
#6080 = EDGE_CURVE('',#6073,#6081,#6083,.T.);
#6081 = VERTEX_POINT('',#6082);
#6082 = CARTESIAN_POINT('',(62.663392166521,-11.43,-2.2));
#6083 = LINE('',#6084,#6085);
#6084 = CARTESIAN_POINT('',(62.663392166521,-13.97,-2.2));
#6085 = VECTOR('',#6086,1.);
#6086 = DIRECTION('',(0.,1.,0.));
#6087 = ORIENTED_EDGE('',*,*,#6088,.F.);
#6088 = EDGE_CURVE('',#6089,#6081,#6091,.T.);
#6089 = VERTEX_POINT('',#6090);
#6090 = CARTESIAN_POINT('',(62.663392166521,-11.43,0.));
#6091 = LINE('',#6092,#6093);
#6092 = CARTESIAN_POINT('',(62.663392166521,-11.43,0.));
#6093 = VECTOR('',#6094,1.);
#6094 = DIRECTION('',(-0.,-0.,-1.));
#6095 = ORIENTED_EDGE('',*,*,#6096,.F.);
#6096 = EDGE_CURVE('',#6071,#6089,#6097,.T.);
#6097 = LINE('',#6098,#6099);
#6098 = CARTESIAN_POINT('',(62.663392166521,-13.97,0.));
#6099 = VECTOR('',#6100,1.);
#6100 = DIRECTION('',(0.,1.,0.));
#6101 = PLANE('',#6102);
#6102 = AXIS2_PLACEMENT_3D('',#6103,#6104,#6105);
#6103 = CARTESIAN_POINT('',(62.663392166521,-13.97,0.));
#6104 = DIRECTION('',(1.,0.,0.));
#6105 = DIRECTION('',(0.,1.,0.));
#6106 = ADVANCED_FACE('',(#6107,#6132,#6166,#6200,#6234,#6268,#6302,
    #6336,#6370,#6404,#6438,#6472,#6506,#6540,#6574,#6608),#6642,.T.);
#6107 = FACE_BOUND('',#6108,.T.);
#6108 = EDGE_LOOP('',(#6109,#6117,#6118,#6126));
#6109 = ORIENTED_EDGE('',*,*,#6110,.T.);
#6110 = EDGE_CURVE('',#6111,#6071,#6113,.T.);
#6111 = VERTEX_POINT('',#6112);
#6112 = CARTESIAN_POINT('',(24.563392166521,-13.97,0.));
#6113 = LINE('',#6114,#6115);
#6114 = CARTESIAN_POINT('',(24.563392166521,-13.97,0.));
#6115 = VECTOR('',#6116,1.);
#6116 = DIRECTION('',(1.,0.,0.));
#6117 = ORIENTED_EDGE('',*,*,#6096,.T.);
#6118 = ORIENTED_EDGE('',*,*,#6119,.T.);
#6119 = EDGE_CURVE('',#6089,#6120,#6122,.T.);
#6120 = VERTEX_POINT('',#6121);
#6121 = CARTESIAN_POINT('',(24.563392166521,-11.43,0.));
#6122 = LINE('',#6123,#6124);
#6123 = CARTESIAN_POINT('',(62.663392166521,-11.43,0.));
#6124 = VECTOR('',#6125,1.);
#6125 = DIRECTION('',(-1.,0.,0.));
#6126 = ORIENTED_EDGE('',*,*,#6127,.T.);
#6127 = EDGE_CURVE('',#6120,#6111,#6128,.T.);
#6128 = LINE('',#6129,#6130);
#6129 = CARTESIAN_POINT('',(24.563392166521,-11.43,0.));
#6130 = VECTOR('',#6131,1.);
#6131 = DIRECTION('',(0.,-1.,0.));
#6132 = FACE_BOUND('',#6133,.T.);
#6133 = EDGE_LOOP('',(#6134,#6144,#6152,#6160));
#6134 = ORIENTED_EDGE('',*,*,#6135,.T.);
#6135 = EDGE_CURVE('',#6136,#6138,#6140,.T.);
#6136 = VERTEX_POINT('',#6137);
#6137 = CARTESIAN_POINT('',(26.133392166551,-13.00000000003,0.));
#6138 = VERTEX_POINT('',#6139);
#6139 = CARTESIAN_POINT('',(25.533392166491,-13.00000000003,0.));
#6140 = LINE('',#6141,#6142);
#6141 = CARTESIAN_POINT('',(25.683392166506,-13.00000000003,0.));
#6142 = VECTOR('',#6143,1.);
#6143 = DIRECTION('',(-1.,0.,0.));
#6144 = ORIENTED_EDGE('',*,*,#6145,.T.);
#6145 = EDGE_CURVE('',#6138,#6146,#6148,.T.);
#6146 = VERTEX_POINT('',#6147);
#6147 = CARTESIAN_POINT('',(25.533392166491,-12.39999999997,0.));
#6148 = LINE('',#6149,#6150);
#6149 = CARTESIAN_POINT('',(25.533392166491,-6.199999999985,0.));
#6150 = VECTOR('',#6151,1.);
#6151 = DIRECTION('',(0.,1.,0.));
#6152 = ORIENTED_EDGE('',*,*,#6153,.T.);
#6153 = EDGE_CURVE('',#6146,#6154,#6156,.T.);
#6154 = VERTEX_POINT('',#6155);
#6155 = CARTESIAN_POINT('',(26.133392166551,-12.39999999997,0.));
#6156 = LINE('',#6157,#6158);
#6157 = CARTESIAN_POINT('',(25.983392166536,-12.39999999997,0.));
#6158 = VECTOR('',#6159,1.);
#6159 = DIRECTION('',(1.,0.,0.));
#6160 = ORIENTED_EDGE('',*,*,#6161,.T.);
#6161 = EDGE_CURVE('',#6154,#6136,#6162,.T.);
#6162 = LINE('',#6163,#6164);
#6163 = CARTESIAN_POINT('',(26.133392166551,-6.500000000015,0.));
#6164 = VECTOR('',#6165,1.);
#6165 = DIRECTION('',(0.,-1.,0.));
#6166 = FACE_BOUND('',#6167,.T.);
#6167 = EDGE_LOOP('',(#6168,#6178,#6186,#6194));
#6168 = ORIENTED_EDGE('',*,*,#6169,.T.);
#6169 = EDGE_CURVE('',#6170,#6172,#6174,.T.);
#6170 = VERTEX_POINT('',#6171);
#6171 = CARTESIAN_POINT('',(31.213392166551,-13.00000000003,0.));
#6172 = VERTEX_POINT('',#6173);
#6173 = CARTESIAN_POINT('',(30.613392166491,-13.00000000003,0.));
#6174 = LINE('',#6175,#6176);
#6175 = CARTESIAN_POINT('',(30.763392166506,-13.00000000003,0.));
#6176 = VECTOR('',#6177,1.);
#6177 = DIRECTION('',(-1.,0.,0.));
#6178 = ORIENTED_EDGE('',*,*,#6179,.T.);
#6179 = EDGE_CURVE('',#6172,#6180,#6182,.T.);
#6180 = VERTEX_POINT('',#6181);
#6181 = CARTESIAN_POINT('',(30.613392166491,-12.39999999997,0.));
#6182 = LINE('',#6183,#6184);
#6183 = CARTESIAN_POINT('',(30.613392166491,-6.199999999985,0.));
#6184 = VECTOR('',#6185,1.);
#6185 = DIRECTION('',(0.,1.,0.));
#6186 = ORIENTED_EDGE('',*,*,#6187,.T.);
#6187 = EDGE_CURVE('',#6180,#6188,#6190,.T.);
#6188 = VERTEX_POINT('',#6189);
#6189 = CARTESIAN_POINT('',(31.213392166551,-12.39999999997,0.));
#6190 = LINE('',#6191,#6192);
#6191 = CARTESIAN_POINT('',(31.063392166536,-12.39999999997,0.));
#6192 = VECTOR('',#6193,1.);
#6193 = DIRECTION('',(1.,0.,0.));
#6194 = ORIENTED_EDGE('',*,*,#6195,.T.);
#6195 = EDGE_CURVE('',#6188,#6170,#6196,.T.);
#6196 = LINE('',#6197,#6198);
#6197 = CARTESIAN_POINT('',(31.213392166551,-6.500000000015,0.));
#6198 = VECTOR('',#6199,1.);
#6199 = DIRECTION('',(0.,-1.,0.));
#6200 = FACE_BOUND('',#6201,.T.);
#6201 = EDGE_LOOP('',(#6202,#6212,#6220,#6228));
#6202 = ORIENTED_EDGE('',*,*,#6203,.T.);
#6203 = EDGE_CURVE('',#6204,#6206,#6208,.T.);
#6204 = VERTEX_POINT('',#6205);
#6205 = CARTESIAN_POINT('',(33.753392166551,-13.00000000003,0.));
#6206 = VERTEX_POINT('',#6207);
#6207 = CARTESIAN_POINT('',(33.153392166491,-13.00000000003,0.));
#6208 = LINE('',#6209,#6210);
#6209 = CARTESIAN_POINT('',(33.303392166506,-13.00000000003,0.));
#6210 = VECTOR('',#6211,1.);
#6211 = DIRECTION('',(-1.,0.,0.));
#6212 = ORIENTED_EDGE('',*,*,#6213,.T.);
#6213 = EDGE_CURVE('',#6206,#6214,#6216,.T.);
#6214 = VERTEX_POINT('',#6215);
#6215 = CARTESIAN_POINT('',(33.153392166491,-12.39999999997,0.));
#6216 = LINE('',#6217,#6218);
#6217 = CARTESIAN_POINT('',(33.153392166491,-6.199999999985,0.));
#6218 = VECTOR('',#6219,1.);
#6219 = DIRECTION('',(0.,1.,0.));
#6220 = ORIENTED_EDGE('',*,*,#6221,.T.);
#6221 = EDGE_CURVE('',#6214,#6222,#6224,.T.);
#6222 = VERTEX_POINT('',#6223);
#6223 = CARTESIAN_POINT('',(33.753392166551,-12.39999999997,0.));
#6224 = LINE('',#6225,#6226);
#6225 = CARTESIAN_POINT('',(33.603392166536,-12.39999999997,0.));
#6226 = VECTOR('',#6227,1.);
#6227 = DIRECTION('',(1.,0.,0.));
#6228 = ORIENTED_EDGE('',*,*,#6229,.T.);
#6229 = EDGE_CURVE('',#6222,#6204,#6230,.T.);
#6230 = LINE('',#6231,#6232);
#6231 = CARTESIAN_POINT('',(33.753392166551,-6.500000000015,0.));
#6232 = VECTOR('',#6233,1.);
#6233 = DIRECTION('',(0.,-1.,0.));
#6234 = FACE_BOUND('',#6235,.T.);
#6235 = EDGE_LOOP('',(#6236,#6246,#6254,#6262));
#6236 = ORIENTED_EDGE('',*,*,#6237,.T.);
#6237 = EDGE_CURVE('',#6238,#6240,#6242,.T.);
#6238 = VERTEX_POINT('',#6239);
#6239 = CARTESIAN_POINT('',(36.293392166551,-13.00000000003,0.));
#6240 = VERTEX_POINT('',#6241);
#6241 = CARTESIAN_POINT('',(35.693392166491,-13.00000000003,0.));
#6242 = LINE('',#6243,#6244);
#6243 = CARTESIAN_POINT('',(35.843392166506,-13.00000000003,0.));
#6244 = VECTOR('',#6245,1.);
#6245 = DIRECTION('',(-1.,0.,0.));
#6246 = ORIENTED_EDGE('',*,*,#6247,.T.);
#6247 = EDGE_CURVE('',#6240,#6248,#6250,.T.);
#6248 = VERTEX_POINT('',#6249);
#6249 = CARTESIAN_POINT('',(35.693392166491,-12.39999999997,0.));
#6250 = LINE('',#6251,#6252);
#6251 = CARTESIAN_POINT('',(35.693392166491,-6.199999999985,0.));
#6252 = VECTOR('',#6253,1.);
#6253 = DIRECTION('',(0.,1.,0.));
#6254 = ORIENTED_EDGE('',*,*,#6255,.T.);
#6255 = EDGE_CURVE('',#6248,#6256,#6258,.T.);
#6256 = VERTEX_POINT('',#6257);
#6257 = CARTESIAN_POINT('',(36.293392166551,-12.39999999997,0.));
#6258 = LINE('',#6259,#6260);
#6259 = CARTESIAN_POINT('',(36.143392166536,-12.39999999997,0.));
#6260 = VECTOR('',#6261,1.);
#6261 = DIRECTION('',(1.,0.,0.));
#6262 = ORIENTED_EDGE('',*,*,#6263,.T.);
#6263 = EDGE_CURVE('',#6256,#6238,#6264,.T.);
#6264 = LINE('',#6265,#6266);
#6265 = CARTESIAN_POINT('',(36.293392166551,-6.500000000015,0.));
#6266 = VECTOR('',#6267,1.);
#6267 = DIRECTION('',(0.,-1.,0.));
#6268 = FACE_BOUND('',#6269,.T.);
#6269 = EDGE_LOOP('',(#6270,#6280,#6288,#6296));
#6270 = ORIENTED_EDGE('',*,*,#6271,.T.);
#6271 = EDGE_CURVE('',#6272,#6274,#6276,.T.);
#6272 = VERTEX_POINT('',#6273);
#6273 = CARTESIAN_POINT('',(38.833392166551,-13.00000000003,0.));
#6274 = VERTEX_POINT('',#6275);
#6275 = CARTESIAN_POINT('',(38.233392166491,-13.00000000003,0.));
#6276 = LINE('',#6277,#6278);
#6277 = CARTESIAN_POINT('',(38.383392166506,-13.00000000003,0.));
#6278 = VECTOR('',#6279,1.);
#6279 = DIRECTION('',(-1.,0.,0.));
#6280 = ORIENTED_EDGE('',*,*,#6281,.T.);
#6281 = EDGE_CURVE('',#6274,#6282,#6284,.T.);
#6282 = VERTEX_POINT('',#6283);
#6283 = CARTESIAN_POINT('',(38.233392166491,-12.39999999997,0.));
#6284 = LINE('',#6285,#6286);
#6285 = CARTESIAN_POINT('',(38.233392166491,-6.199999999985,0.));
#6286 = VECTOR('',#6287,1.);
#6287 = DIRECTION('',(0.,1.,0.));
#6288 = ORIENTED_EDGE('',*,*,#6289,.T.);
#6289 = EDGE_CURVE('',#6282,#6290,#6292,.T.);
#6290 = VERTEX_POINT('',#6291);
#6291 = CARTESIAN_POINT('',(38.833392166551,-12.39999999997,0.));
#6292 = LINE('',#6293,#6294);
#6293 = CARTESIAN_POINT('',(38.683392166536,-12.39999999997,0.));
#6294 = VECTOR('',#6295,1.);
#6295 = DIRECTION('',(1.,0.,0.));
#6296 = ORIENTED_EDGE('',*,*,#6297,.T.);
#6297 = EDGE_CURVE('',#6290,#6272,#6298,.T.);
#6298 = LINE('',#6299,#6300);
#6299 = CARTESIAN_POINT('',(38.833392166551,-6.500000000015,0.));
#6300 = VECTOR('',#6301,1.);
#6301 = DIRECTION('',(0.,-1.,0.));
#6302 = FACE_BOUND('',#6303,.T.);
#6303 = EDGE_LOOP('',(#6304,#6314,#6322,#6330));
#6304 = ORIENTED_EDGE('',*,*,#6305,.T.);
#6305 = EDGE_CURVE('',#6306,#6308,#6310,.T.);
#6306 = VERTEX_POINT('',#6307);
#6307 = CARTESIAN_POINT('',(41.373392166551,-13.00000000003,0.));
#6308 = VERTEX_POINT('',#6309);
#6309 = CARTESIAN_POINT('',(40.773392166491,-13.00000000003,0.));
#6310 = LINE('',#6311,#6312);
#6311 = CARTESIAN_POINT('',(40.923392166506,-13.00000000003,0.));
#6312 = VECTOR('',#6313,1.);
#6313 = DIRECTION('',(-1.,0.,0.));
#6314 = ORIENTED_EDGE('',*,*,#6315,.T.);
#6315 = EDGE_CURVE('',#6308,#6316,#6318,.T.);
#6316 = VERTEX_POINT('',#6317);
#6317 = CARTESIAN_POINT('',(40.773392166491,-12.39999999997,0.));
#6318 = LINE('',#6319,#6320);
#6319 = CARTESIAN_POINT('',(40.773392166491,-6.199999999985,0.));
#6320 = VECTOR('',#6321,1.);
#6321 = DIRECTION('',(0.,1.,0.));
#6322 = ORIENTED_EDGE('',*,*,#6323,.T.);
#6323 = EDGE_CURVE('',#6316,#6324,#6326,.T.);
#6324 = VERTEX_POINT('',#6325);
#6325 = CARTESIAN_POINT('',(41.373392166551,-12.39999999997,0.));
#6326 = LINE('',#6327,#6328);
#6327 = CARTESIAN_POINT('',(41.223392166536,-12.39999999997,0.));
#6328 = VECTOR('',#6329,1.);
#6329 = DIRECTION('',(1.,0.,0.));
#6330 = ORIENTED_EDGE('',*,*,#6331,.T.);
#6331 = EDGE_CURVE('',#6324,#6306,#6332,.T.);
#6332 = LINE('',#6333,#6334);
#6333 = CARTESIAN_POINT('',(41.373392166551,-6.500000000015,0.));
#6334 = VECTOR('',#6335,1.);
#6335 = DIRECTION('',(0.,-1.,0.));
#6336 = FACE_BOUND('',#6337,.T.);
#6337 = EDGE_LOOP('',(#6338,#6348,#6356,#6364));
#6338 = ORIENTED_EDGE('',*,*,#6339,.T.);
#6339 = EDGE_CURVE('',#6340,#6342,#6344,.T.);
#6340 = VERTEX_POINT('',#6341);
#6341 = CARTESIAN_POINT('',(43.913392166551,-13.00000000003,0.));
#6342 = VERTEX_POINT('',#6343);
#6343 = CARTESIAN_POINT('',(43.313392166491,-13.00000000003,0.));
#6344 = LINE('',#6345,#6346);
#6345 = CARTESIAN_POINT('',(43.463392166506,-13.00000000003,0.));
#6346 = VECTOR('',#6347,1.);
#6347 = DIRECTION('',(-1.,0.,0.));
#6348 = ORIENTED_EDGE('',*,*,#6349,.T.);
#6349 = EDGE_CURVE('',#6342,#6350,#6352,.T.);
#6350 = VERTEX_POINT('',#6351);
#6351 = CARTESIAN_POINT('',(43.313392166491,-12.39999999997,0.));
#6352 = LINE('',#6353,#6354);
#6353 = CARTESIAN_POINT('',(43.313392166491,-6.199999999985,0.));
#6354 = VECTOR('',#6355,1.);
#6355 = DIRECTION('',(0.,1.,0.));
#6356 = ORIENTED_EDGE('',*,*,#6357,.T.);
#6357 = EDGE_CURVE('',#6350,#6358,#6360,.T.);
#6358 = VERTEX_POINT('',#6359);
#6359 = CARTESIAN_POINT('',(43.913392166551,-12.39999999997,0.));
#6360 = LINE('',#6361,#6362);
#6361 = CARTESIAN_POINT('',(43.763392166536,-12.39999999997,0.));
#6362 = VECTOR('',#6363,1.);
#6363 = DIRECTION('',(1.,0.,0.));
#6364 = ORIENTED_EDGE('',*,*,#6365,.T.);
#6365 = EDGE_CURVE('',#6358,#6340,#6366,.T.);
#6366 = LINE('',#6367,#6368);
#6367 = CARTESIAN_POINT('',(43.913392166551,-6.500000000015,0.));
#6368 = VECTOR('',#6369,1.);
#6369 = DIRECTION('',(0.,-1.,0.));
#6370 = FACE_BOUND('',#6371,.T.);
#6371 = EDGE_LOOP('',(#6372,#6382,#6390,#6398));
#6372 = ORIENTED_EDGE('',*,*,#6373,.T.);
#6373 = EDGE_CURVE('',#6374,#6376,#6378,.T.);
#6374 = VERTEX_POINT('',#6375);
#6375 = CARTESIAN_POINT('',(46.453392166551,-13.00000000003,0.));
#6376 = VERTEX_POINT('',#6377);
#6377 = CARTESIAN_POINT('',(45.853392166491,-13.00000000003,0.));
#6378 = LINE('',#6379,#6380);
#6379 = CARTESIAN_POINT('',(46.003392166506,-13.00000000003,0.));
#6380 = VECTOR('',#6381,1.);
#6381 = DIRECTION('',(-1.,0.,0.));
#6382 = ORIENTED_EDGE('',*,*,#6383,.T.);
#6383 = EDGE_CURVE('',#6376,#6384,#6386,.T.);
#6384 = VERTEX_POINT('',#6385);
#6385 = CARTESIAN_POINT('',(45.853392166491,-12.39999999997,0.));
#6386 = LINE('',#6387,#6388);
#6387 = CARTESIAN_POINT('',(45.853392166491,-6.199999999985,0.));
#6388 = VECTOR('',#6389,1.);
#6389 = DIRECTION('',(0.,1.,0.));
#6390 = ORIENTED_EDGE('',*,*,#6391,.T.);
#6391 = EDGE_CURVE('',#6384,#6392,#6394,.T.);
#6392 = VERTEX_POINT('',#6393);
#6393 = CARTESIAN_POINT('',(46.453392166551,-12.39999999997,0.));
#6394 = LINE('',#6395,#6396);
#6395 = CARTESIAN_POINT('',(46.303392166536,-12.39999999997,0.));
#6396 = VECTOR('',#6397,1.);
#6397 = DIRECTION('',(1.,0.,0.));
#6398 = ORIENTED_EDGE('',*,*,#6399,.T.);
#6399 = EDGE_CURVE('',#6392,#6374,#6400,.T.);
#6400 = LINE('',#6401,#6402);
#6401 = CARTESIAN_POINT('',(46.453392166551,-6.500000000015,0.));
#6402 = VECTOR('',#6403,1.);
#6403 = DIRECTION('',(0.,-1.,0.));
#6404 = FACE_BOUND('',#6405,.T.);
#6405 = EDGE_LOOP('',(#6406,#6416,#6424,#6432));
#6406 = ORIENTED_EDGE('',*,*,#6407,.T.);
#6407 = EDGE_CURVE('',#6408,#6410,#6412,.T.);
#6408 = VERTEX_POINT('',#6409);
#6409 = CARTESIAN_POINT('',(48.993392166551,-13.00000000003,0.));
#6410 = VERTEX_POINT('',#6411);
#6411 = CARTESIAN_POINT('',(48.393392166491,-13.00000000003,0.));
#6412 = LINE('',#6413,#6414);
#6413 = CARTESIAN_POINT('',(48.543392166506,-13.00000000003,0.));
#6414 = VECTOR('',#6415,1.);
#6415 = DIRECTION('',(-1.,0.,0.));
#6416 = ORIENTED_EDGE('',*,*,#6417,.T.);
#6417 = EDGE_CURVE('',#6410,#6418,#6420,.T.);
#6418 = VERTEX_POINT('',#6419);
#6419 = CARTESIAN_POINT('',(48.393392166491,-12.39999999997,0.));
#6420 = LINE('',#6421,#6422);
#6421 = CARTESIAN_POINT('',(48.393392166491,-6.199999999985,0.));
#6422 = VECTOR('',#6423,1.);
#6423 = DIRECTION('',(0.,1.,0.));
#6424 = ORIENTED_EDGE('',*,*,#6425,.T.);
#6425 = EDGE_CURVE('',#6418,#6426,#6428,.T.);
#6426 = VERTEX_POINT('',#6427);
#6427 = CARTESIAN_POINT('',(48.993392166551,-12.39999999997,0.));
#6428 = LINE('',#6429,#6430);
#6429 = CARTESIAN_POINT('',(48.843392166536,-12.39999999997,0.));
#6430 = VECTOR('',#6431,1.);
#6431 = DIRECTION('',(1.,0.,0.));
#6432 = ORIENTED_EDGE('',*,*,#6433,.T.);
#6433 = EDGE_CURVE('',#6426,#6408,#6434,.T.);
#6434 = LINE('',#6435,#6436);
#6435 = CARTESIAN_POINT('',(48.993392166551,-6.500000000015,0.));
#6436 = VECTOR('',#6437,1.);
#6437 = DIRECTION('',(0.,-1.,0.));
#6438 = FACE_BOUND('',#6439,.T.);
#6439 = EDGE_LOOP('',(#6440,#6450,#6458,#6466));
#6440 = ORIENTED_EDGE('',*,*,#6441,.T.);
#6441 = EDGE_CURVE('',#6442,#6444,#6446,.T.);
#6442 = VERTEX_POINT('',#6443);
#6443 = CARTESIAN_POINT('',(51.533392166551,-13.00000000003,0.));
#6444 = VERTEX_POINT('',#6445);
#6445 = CARTESIAN_POINT('',(50.933392166491,-13.00000000003,0.));
#6446 = LINE('',#6447,#6448);
#6447 = CARTESIAN_POINT('',(51.083392166506,-13.00000000003,0.));
#6448 = VECTOR('',#6449,1.);
#6449 = DIRECTION('',(-1.,0.,0.));
#6450 = ORIENTED_EDGE('',*,*,#6451,.T.);
#6451 = EDGE_CURVE('',#6444,#6452,#6454,.T.);
#6452 = VERTEX_POINT('',#6453);
#6453 = CARTESIAN_POINT('',(50.933392166491,-12.39999999997,0.));
#6454 = LINE('',#6455,#6456);
#6455 = CARTESIAN_POINT('',(50.933392166491,-6.199999999985,0.));
#6456 = VECTOR('',#6457,1.);
#6457 = DIRECTION('',(0.,1.,0.));
#6458 = ORIENTED_EDGE('',*,*,#6459,.T.);
#6459 = EDGE_CURVE('',#6452,#6460,#6462,.T.);
#6460 = VERTEX_POINT('',#6461);
#6461 = CARTESIAN_POINT('',(51.533392166551,-12.39999999997,0.));
#6462 = LINE('',#6463,#6464);
#6463 = CARTESIAN_POINT('',(51.383392166536,-12.39999999997,0.));
#6464 = VECTOR('',#6465,1.);
#6465 = DIRECTION('',(1.,0.,0.));
#6466 = ORIENTED_EDGE('',*,*,#6467,.T.);
#6467 = EDGE_CURVE('',#6460,#6442,#6468,.T.);
#6468 = LINE('',#6469,#6470);
#6469 = CARTESIAN_POINT('',(51.533392166551,-6.500000000015,0.));
#6470 = VECTOR('',#6471,1.);
#6471 = DIRECTION('',(0.,-1.,0.));
#6472 = FACE_BOUND('',#6473,.T.);
#6473 = EDGE_LOOP('',(#6474,#6484,#6492,#6500));
#6474 = ORIENTED_EDGE('',*,*,#6475,.T.);
#6475 = EDGE_CURVE('',#6476,#6478,#6480,.T.);
#6476 = VERTEX_POINT('',#6477);
#6477 = CARTESIAN_POINT('',(54.073392166551,-13.00000000003,0.));
#6478 = VERTEX_POINT('',#6479);
#6479 = CARTESIAN_POINT('',(53.473392166491,-13.00000000003,0.));
#6480 = LINE('',#6481,#6482);
#6481 = CARTESIAN_POINT('',(53.623392166506,-13.00000000003,0.));
#6482 = VECTOR('',#6483,1.);
#6483 = DIRECTION('',(-1.,0.,0.));
#6484 = ORIENTED_EDGE('',*,*,#6485,.T.);
#6485 = EDGE_CURVE('',#6478,#6486,#6488,.T.);
#6486 = VERTEX_POINT('',#6487);
#6487 = CARTESIAN_POINT('',(53.473392166491,-12.39999999997,0.));
#6488 = LINE('',#6489,#6490);
#6489 = CARTESIAN_POINT('',(53.473392166491,-6.199999999985,0.));
#6490 = VECTOR('',#6491,1.);
#6491 = DIRECTION('',(0.,1.,0.));
#6492 = ORIENTED_EDGE('',*,*,#6493,.T.);
#6493 = EDGE_CURVE('',#6486,#6494,#6496,.T.);
#6494 = VERTEX_POINT('',#6495);
#6495 = CARTESIAN_POINT('',(54.073392166551,-12.39999999997,0.));
#6496 = LINE('',#6497,#6498);
#6497 = CARTESIAN_POINT('',(53.923392166536,-12.39999999997,0.));
#6498 = VECTOR('',#6499,1.);
#6499 = DIRECTION('',(1.,0.,0.));
#6500 = ORIENTED_EDGE('',*,*,#6501,.T.);
#6501 = EDGE_CURVE('',#6494,#6476,#6502,.T.);
#6502 = LINE('',#6503,#6504);
#6503 = CARTESIAN_POINT('',(54.073392166551,-6.500000000015,0.));
#6504 = VECTOR('',#6505,1.);
#6505 = DIRECTION('',(0.,-1.,0.));
#6506 = FACE_BOUND('',#6507,.T.);
#6507 = EDGE_LOOP('',(#6508,#6518,#6526,#6534));
#6508 = ORIENTED_EDGE('',*,*,#6509,.T.);
#6509 = EDGE_CURVE('',#6510,#6512,#6514,.T.);
#6510 = VERTEX_POINT('',#6511);
#6511 = CARTESIAN_POINT('',(56.613392166551,-13.00000000003,0.));
#6512 = VERTEX_POINT('',#6513);
#6513 = CARTESIAN_POINT('',(56.013392166491,-13.00000000003,0.));
#6514 = LINE('',#6515,#6516);
#6515 = CARTESIAN_POINT('',(56.163392166506,-13.00000000003,0.));
#6516 = VECTOR('',#6517,1.);
#6517 = DIRECTION('',(-1.,0.,0.));
#6518 = ORIENTED_EDGE('',*,*,#6519,.T.);
#6519 = EDGE_CURVE('',#6512,#6520,#6522,.T.);
#6520 = VERTEX_POINT('',#6521);
#6521 = CARTESIAN_POINT('',(56.013392166491,-12.39999999997,0.));
#6522 = LINE('',#6523,#6524);
#6523 = CARTESIAN_POINT('',(56.013392166491,-6.199999999985,0.));
#6524 = VECTOR('',#6525,1.);
#6525 = DIRECTION('',(0.,1.,0.));
#6526 = ORIENTED_EDGE('',*,*,#6527,.T.);
#6527 = EDGE_CURVE('',#6520,#6528,#6530,.T.);
#6528 = VERTEX_POINT('',#6529);
#6529 = CARTESIAN_POINT('',(56.613392166551,-12.39999999997,0.));
#6530 = LINE('',#6531,#6532);
#6531 = CARTESIAN_POINT('',(56.463392166536,-12.39999999997,0.));
#6532 = VECTOR('',#6533,1.);
#6533 = DIRECTION('',(1.,0.,0.));
#6534 = ORIENTED_EDGE('',*,*,#6535,.T.);
#6535 = EDGE_CURVE('',#6528,#6510,#6536,.T.);
#6536 = LINE('',#6537,#6538);
#6537 = CARTESIAN_POINT('',(56.613392166551,-6.500000000015,0.));
#6538 = VECTOR('',#6539,1.);
#6539 = DIRECTION('',(0.,-1.,0.));
#6540 = FACE_BOUND('',#6541,.T.);
#6541 = EDGE_LOOP('',(#6542,#6552,#6560,#6568));
#6542 = ORIENTED_EDGE('',*,*,#6543,.T.);
#6543 = EDGE_CURVE('',#6544,#6546,#6548,.T.);
#6544 = VERTEX_POINT('',#6545);
#6545 = CARTESIAN_POINT('',(59.153392166551,-13.00000000003,0.));
#6546 = VERTEX_POINT('',#6547);
#6547 = CARTESIAN_POINT('',(58.553392166491,-13.00000000003,0.));
#6548 = LINE('',#6549,#6550);
#6549 = CARTESIAN_POINT('',(58.703392166506,-13.00000000003,0.));
#6550 = VECTOR('',#6551,1.);
#6551 = DIRECTION('',(-1.,0.,0.));
#6552 = ORIENTED_EDGE('',*,*,#6553,.T.);
#6553 = EDGE_CURVE('',#6546,#6554,#6556,.T.);
#6554 = VERTEX_POINT('',#6555);
#6555 = CARTESIAN_POINT('',(58.553392166491,-12.39999999997,0.));
#6556 = LINE('',#6557,#6558);
#6557 = CARTESIAN_POINT('',(58.553392166491,-6.199999999985,0.));
#6558 = VECTOR('',#6559,1.);
#6559 = DIRECTION('',(0.,1.,0.));
#6560 = ORIENTED_EDGE('',*,*,#6561,.T.);
#6561 = EDGE_CURVE('',#6554,#6562,#6564,.T.);
#6562 = VERTEX_POINT('',#6563);
#6563 = CARTESIAN_POINT('',(59.153392166551,-12.39999999997,0.));
#6564 = LINE('',#6565,#6566);
#6565 = CARTESIAN_POINT('',(59.003392166536,-12.39999999997,0.));
#6566 = VECTOR('',#6567,1.);
#6567 = DIRECTION('',(1.,0.,0.));
#6568 = ORIENTED_EDGE('',*,*,#6569,.T.);
#6569 = EDGE_CURVE('',#6562,#6544,#6570,.T.);
#6570 = LINE('',#6571,#6572);
#6571 = CARTESIAN_POINT('',(59.153392166551,-6.500000000015,0.));
#6572 = VECTOR('',#6573,1.);
#6573 = DIRECTION('',(0.,-1.,0.));
#6574 = FACE_BOUND('',#6575,.T.);
#6575 = EDGE_LOOP('',(#6576,#6586,#6594,#6602));
#6576 = ORIENTED_EDGE('',*,*,#6577,.T.);
#6577 = EDGE_CURVE('',#6578,#6580,#6582,.T.);
#6578 = VERTEX_POINT('',#6579);
#6579 = CARTESIAN_POINT('',(61.693392166551,-13.00000000003,0.));
#6580 = VERTEX_POINT('',#6581);
#6581 = CARTESIAN_POINT('',(61.093392166491,-13.00000000003,0.));
#6582 = LINE('',#6583,#6584);
#6583 = CARTESIAN_POINT('',(61.243392166506,-13.00000000003,0.));
#6584 = VECTOR('',#6585,1.);
#6585 = DIRECTION('',(-1.,0.,0.));
#6586 = ORIENTED_EDGE('',*,*,#6587,.T.);
#6587 = EDGE_CURVE('',#6580,#6588,#6590,.T.);
#6588 = VERTEX_POINT('',#6589);
#6589 = CARTESIAN_POINT('',(61.093392166491,-12.39999999997,0.));
#6590 = LINE('',#6591,#6592);
#6591 = CARTESIAN_POINT('',(61.093392166491,-6.199999999985,0.));
#6592 = VECTOR('',#6593,1.);
#6593 = DIRECTION('',(0.,1.,0.));
#6594 = ORIENTED_EDGE('',*,*,#6595,.T.);
#6595 = EDGE_CURVE('',#6588,#6596,#6598,.T.);
#6596 = VERTEX_POINT('',#6597);
#6597 = CARTESIAN_POINT('',(61.693392166551,-12.39999999997,0.));
#6598 = LINE('',#6599,#6600);
#6599 = CARTESIAN_POINT('',(61.543392166536,-12.39999999997,0.));
#6600 = VECTOR('',#6601,1.);
#6601 = DIRECTION('',(1.,0.,0.));
#6602 = ORIENTED_EDGE('',*,*,#6603,.T.);
#6603 = EDGE_CURVE('',#6596,#6578,#6604,.T.);
#6604 = LINE('',#6605,#6606);
#6605 = CARTESIAN_POINT('',(61.693392166551,-6.500000000015,0.));
#6606 = VECTOR('',#6607,1.);
#6607 = DIRECTION('',(0.,-1.,0.));
#6608 = FACE_BOUND('',#6609,.T.);
#6609 = EDGE_LOOP('',(#6610,#6620,#6628,#6636));
#6610 = ORIENTED_EDGE('',*,*,#6611,.T.);
#6611 = EDGE_CURVE('',#6612,#6614,#6616,.T.);
#6612 = VERTEX_POINT('',#6613);
#6613 = CARTESIAN_POINT('',(28.673392166551,-13.00000000003,0.));
#6614 = VERTEX_POINT('',#6615);
#6615 = CARTESIAN_POINT('',(28.073392166491,-13.00000000003,0.));
#6616 = LINE('',#6617,#6618);
#6617 = CARTESIAN_POINT('',(28.223392166506,-13.00000000003,0.));
#6618 = VECTOR('',#6619,1.);
#6619 = DIRECTION('',(-1.,0.,0.));
#6620 = ORIENTED_EDGE('',*,*,#6621,.T.);
#6621 = EDGE_CURVE('',#6614,#6622,#6624,.T.);
#6622 = VERTEX_POINT('',#6623);
#6623 = CARTESIAN_POINT('',(28.073392166491,-12.39999999997,0.));
#6624 = LINE('',#6625,#6626);
#6625 = CARTESIAN_POINT('',(28.073392166491,-6.199999999985,0.));
#6626 = VECTOR('',#6627,1.);
#6627 = DIRECTION('',(0.,1.,0.));
#6628 = ORIENTED_EDGE('',*,*,#6629,.T.);
#6629 = EDGE_CURVE('',#6622,#6630,#6632,.T.);
#6630 = VERTEX_POINT('',#6631);
#6631 = CARTESIAN_POINT('',(28.673392166551,-12.39999999997,0.));
#6632 = LINE('',#6633,#6634);
#6633 = CARTESIAN_POINT('',(28.523392166536,-12.39999999997,0.));
#6634 = VECTOR('',#6635,1.);
#6635 = DIRECTION('',(1.,0.,0.));
#6636 = ORIENTED_EDGE('',*,*,#6637,.T.);
#6637 = EDGE_CURVE('',#6630,#6612,#6638,.T.);
#6638 = LINE('',#6639,#6640);
#6639 = CARTESIAN_POINT('',(28.673392166551,-6.500000000015,0.));
#6640 = VECTOR('',#6641,1.);
#6641 = DIRECTION('',(0.,-1.,0.));
#6642 = PLANE('',#6643);
#6643 = AXIS2_PLACEMENT_3D('',#6644,#6645,#6646);
#6644 = CARTESIAN_POINT('',(43.613392166521,-12.7,0.));
#6645 = DIRECTION('',(0.,0.,1.));
#6646 = DIRECTION('',(1.,0.,-0.));
#6647 = ADVANCED_FACE('',(#6648),#6673,.T.);
#6648 = FACE_BOUND('',#6649,.T.);
#6649 = EDGE_LOOP('',(#6650,#6658,#6666,#6672));
#6650 = ORIENTED_EDGE('',*,*,#6651,.T.);
#6651 = EDGE_CURVE('',#6120,#6652,#6654,.T.);
#6652 = VERTEX_POINT('',#6653);
#6653 = CARTESIAN_POINT('',(24.563392166521,-11.43,-2.2));
#6654 = LINE('',#6655,#6656);
#6655 = CARTESIAN_POINT('',(24.563392166521,-11.43,0.));
#6656 = VECTOR('',#6657,1.);
#6657 = DIRECTION('',(-0.,-0.,-1.));
#6658 = ORIENTED_EDGE('',*,*,#6659,.T.);
#6659 = EDGE_CURVE('',#6652,#6660,#6662,.T.);
#6660 = VERTEX_POINT('',#6661);
#6661 = CARTESIAN_POINT('',(24.563392166521,-13.97,-2.2));
#6662 = LINE('',#6663,#6664);
#6663 = CARTESIAN_POINT('',(24.563392166521,-11.43,-2.2));
#6664 = VECTOR('',#6665,1.);
#6665 = DIRECTION('',(0.,-1.,0.));
#6666 = ORIENTED_EDGE('',*,*,#6667,.F.);
#6667 = EDGE_CURVE('',#6111,#6660,#6668,.T.);
#6668 = LINE('',#6669,#6670);
#6669 = CARTESIAN_POINT('',(24.563392166521,-13.97,0.));
#6670 = VECTOR('',#6671,1.);
#6671 = DIRECTION('',(-0.,-0.,-1.));
#6672 = ORIENTED_EDGE('',*,*,#6127,.F.);
#6673 = PLANE('',#6674);
#6674 = AXIS2_PLACEMENT_3D('',#6675,#6676,#6677);
#6675 = CARTESIAN_POINT('',(24.563392166521,-11.43,0.));
#6676 = DIRECTION('',(-1.,0.,0.));
#6677 = DIRECTION('',(0.,-1.,0.));
#6678 = ADVANCED_FACE('',(#6679),#6704,.T.);
#6679 = FACE_BOUND('',#6680,.T.);
#6680 = EDGE_LOOP('',(#6681,#6691,#6697,#6698));
#6681 = ORIENTED_EDGE('',*,*,#6682,.F.);
#6682 = EDGE_CURVE('',#6683,#6685,#6687,.T.);
#6683 = VERTEX_POINT('',#6684);
#6684 = CARTESIAN_POINT('',(25.533392166491,-12.39999999997,2.));
#6685 = VERTEX_POINT('',#6686);
#6686 = CARTESIAN_POINT('',(25.533392166491,-13.00000000003,2.));
#6687 = LINE('',#6688,#6689);
#6688 = CARTESIAN_POINT('',(25.533392166491,-12.39999999997,2.));
#6689 = VECTOR('',#6690,1.);
#6690 = DIRECTION('',(0.,-1.,0.));
#6691 = ORIENTED_EDGE('',*,*,#6692,.T.);
#6692 = EDGE_CURVE('',#6683,#6146,#6693,.T.);
#6693 = LINE('',#6694,#6695);
#6694 = CARTESIAN_POINT('',(25.533392166491,-12.39999999997,2.));
#6695 = VECTOR('',#6696,1.);
#6696 = DIRECTION('',(-0.,-0.,-1.));
#6697 = ORIENTED_EDGE('',*,*,#6145,.F.);
#6698 = ORIENTED_EDGE('',*,*,#6699,.F.);
#6699 = EDGE_CURVE('',#6685,#6138,#6700,.T.);
#6700 = LINE('',#6701,#6702);
#6701 = CARTESIAN_POINT('',(25.533392166491,-13.00000000003,2.));
#6702 = VECTOR('',#6703,1.);
#6703 = DIRECTION('',(-0.,-0.,-1.));
#6704 = PLANE('',#6705);
#6705 = AXIS2_PLACEMENT_3D('',#6706,#6707,#6708);
#6706 = CARTESIAN_POINT('',(25.533392166491,-12.39999999997,2.));
#6707 = DIRECTION('',(-1.,0.,0.));
#6708 = DIRECTION('',(0.,-1.,0.));
#6709 = ADVANCED_FACE('',(#6710),#6735,.T.);
#6710 = FACE_BOUND('',#6711,.T.);
#6711 = EDGE_LOOP('',(#6712,#6713,#6721,#6729));
#6712 = ORIENTED_EDGE('',*,*,#6682,.T.);
#6713 = ORIENTED_EDGE('',*,*,#6714,.T.);
#6714 = EDGE_CURVE('',#6685,#6715,#6717,.T.);
#6715 = VERTEX_POINT('',#6716);
#6716 = CARTESIAN_POINT('',(26.133392166551,-13.00000000003,2.));
#6717 = LINE('',#6718,#6719);
#6718 = CARTESIAN_POINT('',(25.533392166491,-13.00000000003,2.));
#6719 = VECTOR('',#6720,1.);
#6720 = DIRECTION('',(1.,0.,0.));
#6721 = ORIENTED_EDGE('',*,*,#6722,.T.);
#6722 = EDGE_CURVE('',#6715,#6723,#6725,.T.);
#6723 = VERTEX_POINT('',#6724);
#6724 = CARTESIAN_POINT('',(26.133392166551,-12.39999999997,2.));
#6725 = LINE('',#6726,#6727);
#6726 = CARTESIAN_POINT('',(26.133392166551,-13.00000000003,2.));
#6727 = VECTOR('',#6728,1.);
#6728 = DIRECTION('',(0.,1.,0.));
#6729 = ORIENTED_EDGE('',*,*,#6730,.T.);
#6730 = EDGE_CURVE('',#6723,#6683,#6731,.T.);
#6731 = LINE('',#6732,#6733);
#6732 = CARTESIAN_POINT('',(26.133392166551,-12.39999999997,2.));
#6733 = VECTOR('',#6734,1.);
#6734 = DIRECTION('',(-1.,0.,0.));
#6735 = PLANE('',#6736);
#6736 = AXIS2_PLACEMENT_3D('',#6737,#6738,#6739);
#6737 = CARTESIAN_POINT('',(25.833392166521,-6.4420747E-10,2.));
#6738 = DIRECTION('',(0.,0.,1.));
#6739 = DIRECTION('',(1.,0.,0.));
#6740 = ADVANCED_FACE('',(#6741),#6752,.T.);
#6741 = FACE_BOUND('',#6742,.T.);
#6742 = EDGE_LOOP('',(#6743,#6744,#6745,#6746));
#6743 = ORIENTED_EDGE('',*,*,#6714,.F.);
#6744 = ORIENTED_EDGE('',*,*,#6699,.T.);
#6745 = ORIENTED_EDGE('',*,*,#6135,.F.);
#6746 = ORIENTED_EDGE('',*,*,#6747,.F.);
#6747 = EDGE_CURVE('',#6715,#6136,#6748,.T.);
#6748 = LINE('',#6749,#6750);
#6749 = CARTESIAN_POINT('',(26.133392166551,-13.00000000003,2.));
#6750 = VECTOR('',#6751,1.);
#6751 = DIRECTION('',(-0.,-0.,-1.));
#6752 = PLANE('',#6753);
#6753 = AXIS2_PLACEMENT_3D('',#6754,#6755,#6756);
#6754 = CARTESIAN_POINT('',(25.533392166491,-13.00000000003,2.));
#6755 = DIRECTION('',(0.,-1.,0.));
#6756 = DIRECTION('',(1.,0.,0.));
#6757 = ADVANCED_FACE('',(#6758),#6769,.T.);
#6758 = FACE_BOUND('',#6759,.T.);
#6759 = EDGE_LOOP('',(#6760,#6761,#6767,#6768));
#6760 = ORIENTED_EDGE('',*,*,#6730,.F.);
#6761 = ORIENTED_EDGE('',*,*,#6762,.T.);
#6762 = EDGE_CURVE('',#6723,#6154,#6763,.T.);
#6763 = LINE('',#6764,#6765);
#6764 = CARTESIAN_POINT('',(26.133392166551,-12.39999999997,2.));
#6765 = VECTOR('',#6766,1.);
#6766 = DIRECTION('',(-0.,-0.,-1.));
#6767 = ORIENTED_EDGE('',*,*,#6153,.F.);
#6768 = ORIENTED_EDGE('',*,*,#6692,.F.);
#6769 = PLANE('',#6770);
#6770 = AXIS2_PLACEMENT_3D('',#6771,#6772,#6773);
#6771 = CARTESIAN_POINT('',(26.133392166551,-12.39999999997,2.));
#6772 = DIRECTION('',(0.,1.,0.));
#6773 = DIRECTION('',(-1.,0.,0.));
#6774 = ADVANCED_FACE('',(#6775),#6781,.T.);
#6775 = FACE_BOUND('',#6776,.T.);
#6776 = EDGE_LOOP('',(#6777,#6778,#6779,#6780));
#6777 = ORIENTED_EDGE('',*,*,#6722,.F.);
#6778 = ORIENTED_EDGE('',*,*,#6747,.T.);
#6779 = ORIENTED_EDGE('',*,*,#6161,.F.);
#6780 = ORIENTED_EDGE('',*,*,#6762,.F.);
#6781 = PLANE('',#6782);
#6782 = AXIS2_PLACEMENT_3D('',#6783,#6784,#6785);
#6783 = CARTESIAN_POINT('',(26.133392166551,-13.00000000003,2.));
#6784 = DIRECTION('',(1.,0.,0.));
#6785 = DIRECTION('',(0.,1.,0.));
#6786 = ADVANCED_FACE('',(#6787),#6812,.T.);
#6787 = FACE_BOUND('',#6788,.T.);
#6788 = EDGE_LOOP('',(#6789,#6799,#6805,#6806));
#6789 = ORIENTED_EDGE('',*,*,#6790,.F.);
#6790 = EDGE_CURVE('',#6791,#6793,#6795,.T.);
#6791 = VERTEX_POINT('',#6792);
#6792 = CARTESIAN_POINT('',(30.613392166491,-13.00000000003,2.));
#6793 = VERTEX_POINT('',#6794);
#6794 = CARTESIAN_POINT('',(31.213392166551,-13.00000000003,2.));
#6795 = LINE('',#6796,#6797);
#6796 = CARTESIAN_POINT('',(30.613392166491,-13.00000000003,2.));
#6797 = VECTOR('',#6798,1.);
#6798 = DIRECTION('',(1.,0.,0.));
#6799 = ORIENTED_EDGE('',*,*,#6800,.T.);
#6800 = EDGE_CURVE('',#6791,#6172,#6801,.T.);
#6801 = LINE('',#6802,#6803);
#6802 = CARTESIAN_POINT('',(30.613392166491,-13.00000000003,2.));
#6803 = VECTOR('',#6804,1.);
#6804 = DIRECTION('',(-0.,-0.,-1.));
#6805 = ORIENTED_EDGE('',*,*,#6169,.F.);
#6806 = ORIENTED_EDGE('',*,*,#6807,.F.);
#6807 = EDGE_CURVE('',#6793,#6170,#6808,.T.);
#6808 = LINE('',#6809,#6810);
#6809 = CARTESIAN_POINT('',(31.213392166551,-13.00000000003,2.));
#6810 = VECTOR('',#6811,1.);
#6811 = DIRECTION('',(-0.,-0.,-1.));
#6812 = PLANE('',#6813);
#6813 = AXIS2_PLACEMENT_3D('',#6814,#6815,#6816);
#6814 = CARTESIAN_POINT('',(30.613392166491,-13.00000000003,2.));
#6815 = DIRECTION('',(0.,-1.,0.));
#6816 = DIRECTION('',(1.,0.,0.));
#6817 = ADVANCED_FACE('',(#6818),#6836,.T.);
#6818 = FACE_BOUND('',#6819,.T.);
#6819 = EDGE_LOOP('',(#6820,#6828,#6829,#6830));
#6820 = ORIENTED_EDGE('',*,*,#6821,.F.);
#6821 = EDGE_CURVE('',#6793,#6822,#6824,.T.);
#6822 = VERTEX_POINT('',#6823);
#6823 = CARTESIAN_POINT('',(31.213392166551,-12.39999999997,2.));
#6824 = LINE('',#6825,#6826);
#6825 = CARTESIAN_POINT('',(31.213392166551,-13.00000000003,2.));
#6826 = VECTOR('',#6827,1.);
#6827 = DIRECTION('',(0.,1.,0.));
#6828 = ORIENTED_EDGE('',*,*,#6807,.T.);
#6829 = ORIENTED_EDGE('',*,*,#6195,.F.);
#6830 = ORIENTED_EDGE('',*,*,#6831,.F.);
#6831 = EDGE_CURVE('',#6822,#6188,#6832,.T.);
#6832 = LINE('',#6833,#6834);
#6833 = CARTESIAN_POINT('',(31.213392166551,-12.39999999997,2.));
#6834 = VECTOR('',#6835,1.);
#6835 = DIRECTION('',(-0.,-0.,-1.));
#6836 = PLANE('',#6837);
#6837 = AXIS2_PLACEMENT_3D('',#6838,#6839,#6840);
#6838 = CARTESIAN_POINT('',(31.213392166551,-13.00000000003,2.));
#6839 = DIRECTION('',(1.,0.,0.));
#6840 = DIRECTION('',(0.,1.,0.));
#6841 = ADVANCED_FACE('',(#6842),#6860,.T.);
#6842 = FACE_BOUND('',#6843,.T.);
#6843 = EDGE_LOOP('',(#6844,#6852,#6853,#6854));
#6844 = ORIENTED_EDGE('',*,*,#6845,.F.);
#6845 = EDGE_CURVE('',#6822,#6846,#6848,.T.);
#6846 = VERTEX_POINT('',#6847);
#6847 = CARTESIAN_POINT('',(30.613392166491,-12.39999999997,2.));
#6848 = LINE('',#6849,#6850);
#6849 = CARTESIAN_POINT('',(31.213392166551,-12.39999999997,2.));
#6850 = VECTOR('',#6851,1.);
#6851 = DIRECTION('',(-1.,0.,0.));
#6852 = ORIENTED_EDGE('',*,*,#6831,.T.);
#6853 = ORIENTED_EDGE('',*,*,#6187,.F.);
#6854 = ORIENTED_EDGE('',*,*,#6855,.F.);
#6855 = EDGE_CURVE('',#6846,#6180,#6856,.T.);
#6856 = LINE('',#6857,#6858);
#6857 = CARTESIAN_POINT('',(30.613392166491,-12.39999999997,2.));
#6858 = VECTOR('',#6859,1.);
#6859 = DIRECTION('',(-0.,-0.,-1.));
#6860 = PLANE('',#6861);
#6861 = AXIS2_PLACEMENT_3D('',#6862,#6863,#6864);
#6862 = CARTESIAN_POINT('',(31.213392166551,-12.39999999997,2.));
#6863 = DIRECTION('',(0.,1.,0.));
#6864 = DIRECTION('',(-1.,0.,0.));
#6865 = ADVANCED_FACE('',(#6866),#6877,.T.);
#6866 = FACE_BOUND('',#6867,.T.);
#6867 = EDGE_LOOP('',(#6868,#6874,#6875,#6876));
#6868 = ORIENTED_EDGE('',*,*,#6869,.F.);
#6869 = EDGE_CURVE('',#6846,#6791,#6870,.T.);
#6870 = LINE('',#6871,#6872);
#6871 = CARTESIAN_POINT('',(30.613392166491,-12.39999999997,2.));
#6872 = VECTOR('',#6873,1.);
#6873 = DIRECTION('',(0.,-1.,0.));
#6874 = ORIENTED_EDGE('',*,*,#6855,.T.);
#6875 = ORIENTED_EDGE('',*,*,#6179,.F.);
#6876 = ORIENTED_EDGE('',*,*,#6800,.F.);
#6877 = PLANE('',#6878);
#6878 = AXIS2_PLACEMENT_3D('',#6879,#6880,#6881);
#6879 = CARTESIAN_POINT('',(30.613392166491,-12.39999999997,2.));
#6880 = DIRECTION('',(-1.,0.,0.));
#6881 = DIRECTION('',(0.,-1.,0.));
#6882 = ADVANCED_FACE('',(#6883),#6889,.T.);
#6883 = FACE_BOUND('',#6884,.T.);
#6884 = EDGE_LOOP('',(#6885,#6886,#6887,#6888));
#6885 = ORIENTED_EDGE('',*,*,#6869,.T.);
#6886 = ORIENTED_EDGE('',*,*,#6790,.T.);
#6887 = ORIENTED_EDGE('',*,*,#6821,.T.);
#6888 = ORIENTED_EDGE('',*,*,#6845,.T.);
#6889 = PLANE('',#6890);
#6890 = AXIS2_PLACEMENT_3D('',#6891,#6892,#6893);
#6891 = CARTESIAN_POINT('',(30.913392166521,-6.4420747E-10,2.));
#6892 = DIRECTION('',(0.,0.,1.));
#6893 = DIRECTION('',(1.,0.,0.));
#6894 = ADVANCED_FACE('',(#6895),#6920,.T.);
#6895 = FACE_BOUND('',#6896,.T.);
#6896 = EDGE_LOOP('',(#6897,#6907,#6913,#6914));
#6897 = ORIENTED_EDGE('',*,*,#6898,.F.);
#6898 = EDGE_CURVE('',#6899,#6901,#6903,.T.);
#6899 = VERTEX_POINT('',#6900);
#6900 = CARTESIAN_POINT('',(33.153392166491,-13.00000000003,2.));
#6901 = VERTEX_POINT('',#6902);
#6902 = CARTESIAN_POINT('',(33.753392166551,-13.00000000003,2.));
#6903 = LINE('',#6904,#6905);
#6904 = CARTESIAN_POINT('',(33.153392166491,-13.00000000003,2.));
#6905 = VECTOR('',#6906,1.);
#6906 = DIRECTION('',(1.,0.,0.));
#6907 = ORIENTED_EDGE('',*,*,#6908,.T.);
#6908 = EDGE_CURVE('',#6899,#6206,#6909,.T.);
#6909 = LINE('',#6910,#6911);
#6910 = CARTESIAN_POINT('',(33.153392166491,-13.00000000003,2.));
#6911 = VECTOR('',#6912,1.);
#6912 = DIRECTION('',(-0.,-0.,-1.));
#6913 = ORIENTED_EDGE('',*,*,#6203,.F.);
#6914 = ORIENTED_EDGE('',*,*,#6915,.F.);
#6915 = EDGE_CURVE('',#6901,#6204,#6916,.T.);
#6916 = LINE('',#6917,#6918);
#6917 = CARTESIAN_POINT('',(33.753392166551,-13.00000000003,2.));
#6918 = VECTOR('',#6919,1.);
#6919 = DIRECTION('',(-0.,-0.,-1.));
#6920 = PLANE('',#6921);
#6921 = AXIS2_PLACEMENT_3D('',#6922,#6923,#6924);
#6922 = CARTESIAN_POINT('',(33.153392166491,-13.00000000003,2.));
#6923 = DIRECTION('',(0.,-1.,0.));
#6924 = DIRECTION('',(1.,0.,0.));
#6925 = ADVANCED_FACE('',(#6926),#6944,.T.);
#6926 = FACE_BOUND('',#6927,.T.);
#6927 = EDGE_LOOP('',(#6928,#6936,#6937,#6938));
#6928 = ORIENTED_EDGE('',*,*,#6929,.F.);
#6929 = EDGE_CURVE('',#6901,#6930,#6932,.T.);
#6930 = VERTEX_POINT('',#6931);
#6931 = CARTESIAN_POINT('',(33.753392166551,-12.39999999997,2.));
#6932 = LINE('',#6933,#6934);
#6933 = CARTESIAN_POINT('',(33.753392166551,-13.00000000003,2.));
#6934 = VECTOR('',#6935,1.);
#6935 = DIRECTION('',(0.,1.,0.));
#6936 = ORIENTED_EDGE('',*,*,#6915,.T.);
#6937 = ORIENTED_EDGE('',*,*,#6229,.F.);
#6938 = ORIENTED_EDGE('',*,*,#6939,.F.);
#6939 = EDGE_CURVE('',#6930,#6222,#6940,.T.);
#6940 = LINE('',#6941,#6942);
#6941 = CARTESIAN_POINT('',(33.753392166551,-12.39999999997,2.));
#6942 = VECTOR('',#6943,1.);
#6943 = DIRECTION('',(-0.,-0.,-1.));
#6944 = PLANE('',#6945);
#6945 = AXIS2_PLACEMENT_3D('',#6946,#6947,#6948);
#6946 = CARTESIAN_POINT('',(33.753392166551,-13.00000000003,2.));
#6947 = DIRECTION('',(1.,0.,0.));
#6948 = DIRECTION('',(0.,1.,0.));
#6949 = ADVANCED_FACE('',(#6950),#6968,.T.);
#6950 = FACE_BOUND('',#6951,.T.);
#6951 = EDGE_LOOP('',(#6952,#6960,#6961,#6962));
#6952 = ORIENTED_EDGE('',*,*,#6953,.F.);
#6953 = EDGE_CURVE('',#6930,#6954,#6956,.T.);
#6954 = VERTEX_POINT('',#6955);
#6955 = CARTESIAN_POINT('',(33.153392166491,-12.39999999997,2.));
#6956 = LINE('',#6957,#6958);
#6957 = CARTESIAN_POINT('',(33.753392166551,-12.39999999997,2.));
#6958 = VECTOR('',#6959,1.);
#6959 = DIRECTION('',(-1.,0.,0.));
#6960 = ORIENTED_EDGE('',*,*,#6939,.T.);
#6961 = ORIENTED_EDGE('',*,*,#6221,.F.);
#6962 = ORIENTED_EDGE('',*,*,#6963,.F.);
#6963 = EDGE_CURVE('',#6954,#6214,#6964,.T.);
#6964 = LINE('',#6965,#6966);
#6965 = CARTESIAN_POINT('',(33.153392166491,-12.39999999997,2.));
#6966 = VECTOR('',#6967,1.);
#6967 = DIRECTION('',(-0.,-0.,-1.));
#6968 = PLANE('',#6969);
#6969 = AXIS2_PLACEMENT_3D('',#6970,#6971,#6972);
#6970 = CARTESIAN_POINT('',(33.753392166551,-12.39999999997,2.));
#6971 = DIRECTION('',(0.,1.,0.));
#6972 = DIRECTION('',(-1.,0.,0.));
#6973 = ADVANCED_FACE('',(#6974),#6985,.T.);
#6974 = FACE_BOUND('',#6975,.T.);
#6975 = EDGE_LOOP('',(#6976,#6982,#6983,#6984));
#6976 = ORIENTED_EDGE('',*,*,#6977,.F.);
#6977 = EDGE_CURVE('',#6954,#6899,#6978,.T.);
#6978 = LINE('',#6979,#6980);
#6979 = CARTESIAN_POINT('',(33.153392166491,-12.39999999997,2.));
#6980 = VECTOR('',#6981,1.);
#6981 = DIRECTION('',(0.,-1.,0.));
#6982 = ORIENTED_EDGE('',*,*,#6963,.T.);
#6983 = ORIENTED_EDGE('',*,*,#6213,.F.);
#6984 = ORIENTED_EDGE('',*,*,#6908,.F.);
#6985 = PLANE('',#6986);
#6986 = AXIS2_PLACEMENT_3D('',#6987,#6988,#6989);
#6987 = CARTESIAN_POINT('',(33.153392166491,-12.39999999997,2.));
#6988 = DIRECTION('',(-1.,0.,0.));
#6989 = DIRECTION('',(0.,-1.,0.));
#6990 = ADVANCED_FACE('',(#6991),#6997,.T.);
#6991 = FACE_BOUND('',#6992,.T.);
#6992 = EDGE_LOOP('',(#6993,#6994,#6995,#6996));
#6993 = ORIENTED_EDGE('',*,*,#6977,.T.);
#6994 = ORIENTED_EDGE('',*,*,#6898,.T.);
#6995 = ORIENTED_EDGE('',*,*,#6929,.T.);
#6996 = ORIENTED_EDGE('',*,*,#6953,.T.);
#6997 = PLANE('',#6998);
#6998 = AXIS2_PLACEMENT_3D('',#6999,#7000,#7001);
#6999 = CARTESIAN_POINT('',(33.453392166521,-6.4420747E-10,2.));
#7000 = DIRECTION('',(0.,0.,1.));
#7001 = DIRECTION('',(1.,0.,0.));
#7002 = ADVANCED_FACE('',(#7003),#7028,.T.);
#7003 = FACE_BOUND('',#7004,.T.);
#7004 = EDGE_LOOP('',(#7005,#7015,#7021,#7022));
#7005 = ORIENTED_EDGE('',*,*,#7006,.F.);
#7006 = EDGE_CURVE('',#7007,#7009,#7011,.T.);
#7007 = VERTEX_POINT('',#7008);
#7008 = CARTESIAN_POINT('',(35.693392166491,-13.00000000003,2.));
#7009 = VERTEX_POINT('',#7010);
#7010 = CARTESIAN_POINT('',(36.293392166551,-13.00000000003,2.));
#7011 = LINE('',#7012,#7013);
#7012 = CARTESIAN_POINT('',(35.693392166491,-13.00000000003,2.));
#7013 = VECTOR('',#7014,1.);
#7014 = DIRECTION('',(1.,0.,0.));
#7015 = ORIENTED_EDGE('',*,*,#7016,.T.);
#7016 = EDGE_CURVE('',#7007,#6240,#7017,.T.);
#7017 = LINE('',#7018,#7019);
#7018 = CARTESIAN_POINT('',(35.693392166491,-13.00000000003,2.));
#7019 = VECTOR('',#7020,1.);
#7020 = DIRECTION('',(-0.,-0.,-1.));
#7021 = ORIENTED_EDGE('',*,*,#6237,.F.);
#7022 = ORIENTED_EDGE('',*,*,#7023,.F.);
#7023 = EDGE_CURVE('',#7009,#6238,#7024,.T.);
#7024 = LINE('',#7025,#7026);
#7025 = CARTESIAN_POINT('',(36.293392166551,-13.00000000003,2.));
#7026 = VECTOR('',#7027,1.);
#7027 = DIRECTION('',(-0.,-0.,-1.));
#7028 = PLANE('',#7029);
#7029 = AXIS2_PLACEMENT_3D('',#7030,#7031,#7032);
#7030 = CARTESIAN_POINT('',(35.693392166491,-13.00000000003,2.));
#7031 = DIRECTION('',(0.,-1.,0.));
#7032 = DIRECTION('',(1.,0.,0.));
#7033 = ADVANCED_FACE('',(#7034),#7052,.T.);
#7034 = FACE_BOUND('',#7035,.T.);
#7035 = EDGE_LOOP('',(#7036,#7044,#7045,#7046));
#7036 = ORIENTED_EDGE('',*,*,#7037,.F.);
#7037 = EDGE_CURVE('',#7009,#7038,#7040,.T.);
#7038 = VERTEX_POINT('',#7039);
#7039 = CARTESIAN_POINT('',(36.293392166551,-12.39999999997,2.));
#7040 = LINE('',#7041,#7042);
#7041 = CARTESIAN_POINT('',(36.293392166551,-13.00000000003,2.));
#7042 = VECTOR('',#7043,1.);
#7043 = DIRECTION('',(0.,1.,0.));
#7044 = ORIENTED_EDGE('',*,*,#7023,.T.);
#7045 = ORIENTED_EDGE('',*,*,#6263,.F.);
#7046 = ORIENTED_EDGE('',*,*,#7047,.F.);
#7047 = EDGE_CURVE('',#7038,#6256,#7048,.T.);
#7048 = LINE('',#7049,#7050);
#7049 = CARTESIAN_POINT('',(36.293392166551,-12.39999999997,2.));
#7050 = VECTOR('',#7051,1.);
#7051 = DIRECTION('',(-0.,-0.,-1.));
#7052 = PLANE('',#7053);
#7053 = AXIS2_PLACEMENT_3D('',#7054,#7055,#7056);
#7054 = CARTESIAN_POINT('',(36.293392166551,-13.00000000003,2.));
#7055 = DIRECTION('',(1.,0.,0.));
#7056 = DIRECTION('',(0.,1.,0.));
#7057 = ADVANCED_FACE('',(#7058),#7076,.T.);
#7058 = FACE_BOUND('',#7059,.T.);
#7059 = EDGE_LOOP('',(#7060,#7068,#7069,#7070));
#7060 = ORIENTED_EDGE('',*,*,#7061,.F.);
#7061 = EDGE_CURVE('',#7038,#7062,#7064,.T.);
#7062 = VERTEX_POINT('',#7063);
#7063 = CARTESIAN_POINT('',(35.693392166491,-12.39999999997,2.));
#7064 = LINE('',#7065,#7066);
#7065 = CARTESIAN_POINT('',(36.293392166551,-12.39999999997,2.));
#7066 = VECTOR('',#7067,1.);
#7067 = DIRECTION('',(-1.,0.,0.));
#7068 = ORIENTED_EDGE('',*,*,#7047,.T.);
#7069 = ORIENTED_EDGE('',*,*,#6255,.F.);
#7070 = ORIENTED_EDGE('',*,*,#7071,.F.);
#7071 = EDGE_CURVE('',#7062,#6248,#7072,.T.);
#7072 = LINE('',#7073,#7074);
#7073 = CARTESIAN_POINT('',(35.693392166491,-12.39999999997,2.));
#7074 = VECTOR('',#7075,1.);
#7075 = DIRECTION('',(-0.,-0.,-1.));
#7076 = PLANE('',#7077);
#7077 = AXIS2_PLACEMENT_3D('',#7078,#7079,#7080);
#7078 = CARTESIAN_POINT('',(36.293392166551,-12.39999999997,2.));
#7079 = DIRECTION('',(0.,1.,0.));
#7080 = DIRECTION('',(-1.,0.,0.));
#7081 = ADVANCED_FACE('',(#7082),#7093,.T.);
#7082 = FACE_BOUND('',#7083,.T.);
#7083 = EDGE_LOOP('',(#7084,#7090,#7091,#7092));
#7084 = ORIENTED_EDGE('',*,*,#7085,.F.);
#7085 = EDGE_CURVE('',#7062,#7007,#7086,.T.);
#7086 = LINE('',#7087,#7088);
#7087 = CARTESIAN_POINT('',(35.693392166491,-12.39999999997,2.));
#7088 = VECTOR('',#7089,1.);
#7089 = DIRECTION('',(0.,-1.,0.));
#7090 = ORIENTED_EDGE('',*,*,#7071,.T.);
#7091 = ORIENTED_EDGE('',*,*,#6247,.F.);
#7092 = ORIENTED_EDGE('',*,*,#7016,.F.);
#7093 = PLANE('',#7094);
#7094 = AXIS2_PLACEMENT_3D('',#7095,#7096,#7097);
#7095 = CARTESIAN_POINT('',(35.693392166491,-12.39999999997,2.));
#7096 = DIRECTION('',(-1.,0.,0.));
#7097 = DIRECTION('',(0.,-1.,0.));
#7098 = ADVANCED_FACE('',(#7099),#7105,.T.);
#7099 = FACE_BOUND('',#7100,.T.);
#7100 = EDGE_LOOP('',(#7101,#7102,#7103,#7104));
#7101 = ORIENTED_EDGE('',*,*,#7085,.T.);
#7102 = ORIENTED_EDGE('',*,*,#7006,.T.);
#7103 = ORIENTED_EDGE('',*,*,#7037,.T.);
#7104 = ORIENTED_EDGE('',*,*,#7061,.T.);
#7105 = PLANE('',#7106);
#7106 = AXIS2_PLACEMENT_3D('',#7107,#7108,#7109);
#7107 = CARTESIAN_POINT('',(35.993392166521,-6.4420747E-10,2.));
#7108 = DIRECTION('',(0.,0.,1.));
#7109 = DIRECTION('',(1.,0.,0.));
#7110 = ADVANCED_FACE('',(#7111),#7136,.T.);
#7111 = FACE_BOUND('',#7112,.T.);
#7112 = EDGE_LOOP('',(#7113,#7123,#7129,#7130));
#7113 = ORIENTED_EDGE('',*,*,#7114,.F.);
#7114 = EDGE_CURVE('',#7115,#7117,#7119,.T.);
#7115 = VERTEX_POINT('',#7116);
#7116 = CARTESIAN_POINT('',(38.233392166491,-13.00000000003,2.));
#7117 = VERTEX_POINT('',#7118);
#7118 = CARTESIAN_POINT('',(38.833392166551,-13.00000000003,2.));
#7119 = LINE('',#7120,#7121);
#7120 = CARTESIAN_POINT('',(38.233392166491,-13.00000000003,2.));
#7121 = VECTOR('',#7122,1.);
#7122 = DIRECTION('',(1.,0.,0.));
#7123 = ORIENTED_EDGE('',*,*,#7124,.T.);
#7124 = EDGE_CURVE('',#7115,#6274,#7125,.T.);
#7125 = LINE('',#7126,#7127);
#7126 = CARTESIAN_POINT('',(38.233392166491,-13.00000000003,2.));
#7127 = VECTOR('',#7128,1.);
#7128 = DIRECTION('',(-0.,-0.,-1.));
#7129 = ORIENTED_EDGE('',*,*,#6271,.F.);
#7130 = ORIENTED_EDGE('',*,*,#7131,.F.);
#7131 = EDGE_CURVE('',#7117,#6272,#7132,.T.);
#7132 = LINE('',#7133,#7134);
#7133 = CARTESIAN_POINT('',(38.833392166551,-13.00000000003,2.));
#7134 = VECTOR('',#7135,1.);
#7135 = DIRECTION('',(-0.,-0.,-1.));
#7136 = PLANE('',#7137);
#7137 = AXIS2_PLACEMENT_3D('',#7138,#7139,#7140);
#7138 = CARTESIAN_POINT('',(38.233392166491,-13.00000000003,2.));
#7139 = DIRECTION('',(0.,-1.,0.));
#7140 = DIRECTION('',(1.,0.,0.));
#7141 = ADVANCED_FACE('',(#7142),#7160,.T.);
#7142 = FACE_BOUND('',#7143,.T.);
#7143 = EDGE_LOOP('',(#7144,#7152,#7153,#7154));
#7144 = ORIENTED_EDGE('',*,*,#7145,.F.);
#7145 = EDGE_CURVE('',#7117,#7146,#7148,.T.);
#7146 = VERTEX_POINT('',#7147);
#7147 = CARTESIAN_POINT('',(38.833392166551,-12.39999999997,2.));
#7148 = LINE('',#7149,#7150);
#7149 = CARTESIAN_POINT('',(38.833392166551,-13.00000000003,2.));
#7150 = VECTOR('',#7151,1.);
#7151 = DIRECTION('',(0.,1.,0.));
#7152 = ORIENTED_EDGE('',*,*,#7131,.T.);
#7153 = ORIENTED_EDGE('',*,*,#6297,.F.);
#7154 = ORIENTED_EDGE('',*,*,#7155,.F.);
#7155 = EDGE_CURVE('',#7146,#6290,#7156,.T.);
#7156 = LINE('',#7157,#7158);
#7157 = CARTESIAN_POINT('',(38.833392166551,-12.39999999997,2.));
#7158 = VECTOR('',#7159,1.);
#7159 = DIRECTION('',(-0.,-0.,-1.));
#7160 = PLANE('',#7161);
#7161 = AXIS2_PLACEMENT_3D('',#7162,#7163,#7164);
#7162 = CARTESIAN_POINT('',(38.833392166551,-13.00000000003,2.));
#7163 = DIRECTION('',(1.,0.,0.));
#7164 = DIRECTION('',(0.,1.,0.));
#7165 = ADVANCED_FACE('',(#7166),#7184,.T.);
#7166 = FACE_BOUND('',#7167,.T.);
#7167 = EDGE_LOOP('',(#7168,#7176,#7177,#7178));
#7168 = ORIENTED_EDGE('',*,*,#7169,.F.);
#7169 = EDGE_CURVE('',#7146,#7170,#7172,.T.);
#7170 = VERTEX_POINT('',#7171);
#7171 = CARTESIAN_POINT('',(38.233392166491,-12.39999999997,2.));
#7172 = LINE('',#7173,#7174);
#7173 = CARTESIAN_POINT('',(38.833392166551,-12.39999999997,2.));
#7174 = VECTOR('',#7175,1.);
#7175 = DIRECTION('',(-1.,0.,0.));
#7176 = ORIENTED_EDGE('',*,*,#7155,.T.);
#7177 = ORIENTED_EDGE('',*,*,#6289,.F.);
#7178 = ORIENTED_EDGE('',*,*,#7179,.F.);
#7179 = EDGE_CURVE('',#7170,#6282,#7180,.T.);
#7180 = LINE('',#7181,#7182);
#7181 = CARTESIAN_POINT('',(38.233392166491,-12.39999999997,2.));
#7182 = VECTOR('',#7183,1.);
#7183 = DIRECTION('',(-0.,-0.,-1.));
#7184 = PLANE('',#7185);
#7185 = AXIS2_PLACEMENT_3D('',#7186,#7187,#7188);
#7186 = CARTESIAN_POINT('',(38.833392166551,-12.39999999997,2.));
#7187 = DIRECTION('',(0.,1.,0.));
#7188 = DIRECTION('',(-1.,0.,0.));
#7189 = ADVANCED_FACE('',(#7190),#7201,.T.);
#7190 = FACE_BOUND('',#7191,.T.);
#7191 = EDGE_LOOP('',(#7192,#7198,#7199,#7200));
#7192 = ORIENTED_EDGE('',*,*,#7193,.F.);
#7193 = EDGE_CURVE('',#7170,#7115,#7194,.T.);
#7194 = LINE('',#7195,#7196);
#7195 = CARTESIAN_POINT('',(38.233392166491,-12.39999999997,2.));
#7196 = VECTOR('',#7197,1.);
#7197 = DIRECTION('',(0.,-1.,0.));
#7198 = ORIENTED_EDGE('',*,*,#7179,.T.);
#7199 = ORIENTED_EDGE('',*,*,#6281,.F.);
#7200 = ORIENTED_EDGE('',*,*,#7124,.F.);
#7201 = PLANE('',#7202);
#7202 = AXIS2_PLACEMENT_3D('',#7203,#7204,#7205);
#7203 = CARTESIAN_POINT('',(38.233392166491,-12.39999999997,2.));
#7204 = DIRECTION('',(-1.,0.,0.));
#7205 = DIRECTION('',(0.,-1.,0.));
#7206 = ADVANCED_FACE('',(#7207),#7213,.T.);
#7207 = FACE_BOUND('',#7208,.T.);
#7208 = EDGE_LOOP('',(#7209,#7210,#7211,#7212));
#7209 = ORIENTED_EDGE('',*,*,#7193,.T.);
#7210 = ORIENTED_EDGE('',*,*,#7114,.T.);
#7211 = ORIENTED_EDGE('',*,*,#7145,.T.);
#7212 = ORIENTED_EDGE('',*,*,#7169,.T.);
#7213 = PLANE('',#7214);
#7214 = AXIS2_PLACEMENT_3D('',#7215,#7216,#7217);
#7215 = CARTESIAN_POINT('',(38.533392166521,-6.4420747E-10,2.));
#7216 = DIRECTION('',(0.,0.,1.));
#7217 = DIRECTION('',(1.,0.,0.));
#7218 = ADVANCED_FACE('',(#7219),#7244,.T.);
#7219 = FACE_BOUND('',#7220,.T.);
#7220 = EDGE_LOOP('',(#7221,#7231,#7237,#7238));
#7221 = ORIENTED_EDGE('',*,*,#7222,.F.);
#7222 = EDGE_CURVE('',#7223,#7225,#7227,.T.);
#7223 = VERTEX_POINT('',#7224);
#7224 = CARTESIAN_POINT('',(40.773392166491,-13.00000000003,2.));
#7225 = VERTEX_POINT('',#7226);
#7226 = CARTESIAN_POINT('',(41.373392166551,-13.00000000003,2.));
#7227 = LINE('',#7228,#7229);
#7228 = CARTESIAN_POINT('',(40.773392166491,-13.00000000003,2.));
#7229 = VECTOR('',#7230,1.);
#7230 = DIRECTION('',(1.,0.,0.));
#7231 = ORIENTED_EDGE('',*,*,#7232,.T.);
#7232 = EDGE_CURVE('',#7223,#6308,#7233,.T.);
#7233 = LINE('',#7234,#7235);
#7234 = CARTESIAN_POINT('',(40.773392166491,-13.00000000003,2.));
#7235 = VECTOR('',#7236,1.);
#7236 = DIRECTION('',(-0.,-0.,-1.));
#7237 = ORIENTED_EDGE('',*,*,#6305,.F.);
#7238 = ORIENTED_EDGE('',*,*,#7239,.F.);
#7239 = EDGE_CURVE('',#7225,#6306,#7240,.T.);
#7240 = LINE('',#7241,#7242);
#7241 = CARTESIAN_POINT('',(41.373392166551,-13.00000000003,2.));
#7242 = VECTOR('',#7243,1.);
#7243 = DIRECTION('',(-0.,-0.,-1.));
#7244 = PLANE('',#7245);
#7245 = AXIS2_PLACEMENT_3D('',#7246,#7247,#7248);
#7246 = CARTESIAN_POINT('',(40.773392166491,-13.00000000003,2.));
#7247 = DIRECTION('',(0.,-1.,0.));
#7248 = DIRECTION('',(1.,0.,0.));
#7249 = ADVANCED_FACE('',(#7250),#7268,.T.);
#7250 = FACE_BOUND('',#7251,.T.);
#7251 = EDGE_LOOP('',(#7252,#7260,#7261,#7262));
#7252 = ORIENTED_EDGE('',*,*,#7253,.F.);
#7253 = EDGE_CURVE('',#7225,#7254,#7256,.T.);
#7254 = VERTEX_POINT('',#7255);
#7255 = CARTESIAN_POINT('',(41.373392166551,-12.39999999997,2.));
#7256 = LINE('',#7257,#7258);
#7257 = CARTESIAN_POINT('',(41.373392166551,-13.00000000003,2.));
#7258 = VECTOR('',#7259,1.);
#7259 = DIRECTION('',(0.,1.,0.));
#7260 = ORIENTED_EDGE('',*,*,#7239,.T.);
#7261 = ORIENTED_EDGE('',*,*,#6331,.F.);
#7262 = ORIENTED_EDGE('',*,*,#7263,.F.);
#7263 = EDGE_CURVE('',#7254,#6324,#7264,.T.);
#7264 = LINE('',#7265,#7266);
#7265 = CARTESIAN_POINT('',(41.373392166551,-12.39999999997,2.));
#7266 = VECTOR('',#7267,1.);
#7267 = DIRECTION('',(-0.,-0.,-1.));
#7268 = PLANE('',#7269);
#7269 = AXIS2_PLACEMENT_3D('',#7270,#7271,#7272);
#7270 = CARTESIAN_POINT('',(41.373392166551,-13.00000000003,2.));
#7271 = DIRECTION('',(1.,0.,0.));
#7272 = DIRECTION('',(0.,1.,0.));
#7273 = ADVANCED_FACE('',(#7274),#7292,.T.);
#7274 = FACE_BOUND('',#7275,.T.);
#7275 = EDGE_LOOP('',(#7276,#7284,#7285,#7286));
#7276 = ORIENTED_EDGE('',*,*,#7277,.F.);
#7277 = EDGE_CURVE('',#7254,#7278,#7280,.T.);
#7278 = VERTEX_POINT('',#7279);
#7279 = CARTESIAN_POINT('',(40.773392166491,-12.39999999997,2.));
#7280 = LINE('',#7281,#7282);
#7281 = CARTESIAN_POINT('',(41.373392166551,-12.39999999997,2.));
#7282 = VECTOR('',#7283,1.);
#7283 = DIRECTION('',(-1.,0.,0.));
#7284 = ORIENTED_EDGE('',*,*,#7263,.T.);
#7285 = ORIENTED_EDGE('',*,*,#6323,.F.);
#7286 = ORIENTED_EDGE('',*,*,#7287,.F.);
#7287 = EDGE_CURVE('',#7278,#6316,#7288,.T.);
#7288 = LINE('',#7289,#7290);
#7289 = CARTESIAN_POINT('',(40.773392166491,-12.39999999997,2.));
#7290 = VECTOR('',#7291,1.);
#7291 = DIRECTION('',(-0.,-0.,-1.));
#7292 = PLANE('',#7293);
#7293 = AXIS2_PLACEMENT_3D('',#7294,#7295,#7296);
#7294 = CARTESIAN_POINT('',(41.373392166551,-12.39999999997,2.));
#7295 = DIRECTION('',(0.,1.,0.));
#7296 = DIRECTION('',(-1.,0.,0.));
#7297 = ADVANCED_FACE('',(#7298),#7309,.T.);
#7298 = FACE_BOUND('',#7299,.T.);
#7299 = EDGE_LOOP('',(#7300,#7306,#7307,#7308));
#7300 = ORIENTED_EDGE('',*,*,#7301,.F.);
#7301 = EDGE_CURVE('',#7278,#7223,#7302,.T.);
#7302 = LINE('',#7303,#7304);
#7303 = CARTESIAN_POINT('',(40.773392166491,-12.39999999997,2.));
#7304 = VECTOR('',#7305,1.);
#7305 = DIRECTION('',(0.,-1.,0.));
#7306 = ORIENTED_EDGE('',*,*,#7287,.T.);
#7307 = ORIENTED_EDGE('',*,*,#6315,.F.);
#7308 = ORIENTED_EDGE('',*,*,#7232,.F.);
#7309 = PLANE('',#7310);
#7310 = AXIS2_PLACEMENT_3D('',#7311,#7312,#7313);
#7311 = CARTESIAN_POINT('',(40.773392166491,-12.39999999997,2.));
#7312 = DIRECTION('',(-1.,0.,0.));
#7313 = DIRECTION('',(0.,-1.,0.));
#7314 = ADVANCED_FACE('',(#7315),#7321,.T.);
#7315 = FACE_BOUND('',#7316,.T.);
#7316 = EDGE_LOOP('',(#7317,#7318,#7319,#7320));
#7317 = ORIENTED_EDGE('',*,*,#7301,.T.);
#7318 = ORIENTED_EDGE('',*,*,#7222,.T.);
#7319 = ORIENTED_EDGE('',*,*,#7253,.T.);
#7320 = ORIENTED_EDGE('',*,*,#7277,.T.);
#7321 = PLANE('',#7322);
#7322 = AXIS2_PLACEMENT_3D('',#7323,#7324,#7325);
#7323 = CARTESIAN_POINT('',(41.073392166521,-6.4420747E-10,2.));
#7324 = DIRECTION('',(0.,0.,1.));
#7325 = DIRECTION('',(1.,0.,0.));
#7326 = ADVANCED_FACE('',(#7327),#7352,.T.);
#7327 = FACE_BOUND('',#7328,.T.);
#7328 = EDGE_LOOP('',(#7329,#7339,#7345,#7346));
#7329 = ORIENTED_EDGE('',*,*,#7330,.F.);
#7330 = EDGE_CURVE('',#7331,#7333,#7335,.T.);
#7331 = VERTEX_POINT('',#7332);
#7332 = CARTESIAN_POINT('',(43.313392166491,-13.00000000003,2.));
#7333 = VERTEX_POINT('',#7334);
#7334 = CARTESIAN_POINT('',(43.913392166551,-13.00000000003,2.));
#7335 = LINE('',#7336,#7337);
#7336 = CARTESIAN_POINT('',(43.313392166491,-13.00000000003,2.));
#7337 = VECTOR('',#7338,1.);
#7338 = DIRECTION('',(1.,0.,0.));
#7339 = ORIENTED_EDGE('',*,*,#7340,.T.);
#7340 = EDGE_CURVE('',#7331,#6342,#7341,.T.);
#7341 = LINE('',#7342,#7343);
#7342 = CARTESIAN_POINT('',(43.313392166491,-13.00000000003,2.));
#7343 = VECTOR('',#7344,1.);
#7344 = DIRECTION('',(-0.,-0.,-1.));
#7345 = ORIENTED_EDGE('',*,*,#6339,.F.);
#7346 = ORIENTED_EDGE('',*,*,#7347,.F.);
#7347 = EDGE_CURVE('',#7333,#6340,#7348,.T.);
#7348 = LINE('',#7349,#7350);
#7349 = CARTESIAN_POINT('',(43.913392166551,-13.00000000003,2.));
#7350 = VECTOR('',#7351,1.);
#7351 = DIRECTION('',(-0.,-0.,-1.));
#7352 = PLANE('',#7353);
#7353 = AXIS2_PLACEMENT_3D('',#7354,#7355,#7356);
#7354 = CARTESIAN_POINT('',(43.313392166491,-13.00000000003,2.));
#7355 = DIRECTION('',(0.,-1.,0.));
#7356 = DIRECTION('',(1.,0.,0.));
#7357 = ADVANCED_FACE('',(#7358),#7376,.T.);
#7358 = FACE_BOUND('',#7359,.T.);
#7359 = EDGE_LOOP('',(#7360,#7368,#7369,#7370));
#7360 = ORIENTED_EDGE('',*,*,#7361,.F.);
#7361 = EDGE_CURVE('',#7333,#7362,#7364,.T.);
#7362 = VERTEX_POINT('',#7363);
#7363 = CARTESIAN_POINT('',(43.913392166551,-12.39999999997,2.));
#7364 = LINE('',#7365,#7366);
#7365 = CARTESIAN_POINT('',(43.913392166551,-13.00000000003,2.));
#7366 = VECTOR('',#7367,1.);
#7367 = DIRECTION('',(0.,1.,0.));
#7368 = ORIENTED_EDGE('',*,*,#7347,.T.);
#7369 = ORIENTED_EDGE('',*,*,#6365,.F.);
#7370 = ORIENTED_EDGE('',*,*,#7371,.F.);
#7371 = EDGE_CURVE('',#7362,#6358,#7372,.T.);
#7372 = LINE('',#7373,#7374);
#7373 = CARTESIAN_POINT('',(43.913392166551,-12.39999999997,2.));
#7374 = VECTOR('',#7375,1.);
#7375 = DIRECTION('',(-0.,-0.,-1.));
#7376 = PLANE('',#7377);
#7377 = AXIS2_PLACEMENT_3D('',#7378,#7379,#7380);
#7378 = CARTESIAN_POINT('',(43.913392166551,-13.00000000003,2.));
#7379 = DIRECTION('',(1.,0.,0.));
#7380 = DIRECTION('',(0.,1.,0.));
#7381 = ADVANCED_FACE('',(#7382),#7400,.T.);
#7382 = FACE_BOUND('',#7383,.T.);
#7383 = EDGE_LOOP('',(#7384,#7392,#7393,#7394));
#7384 = ORIENTED_EDGE('',*,*,#7385,.F.);
#7385 = EDGE_CURVE('',#7362,#7386,#7388,.T.);
#7386 = VERTEX_POINT('',#7387);
#7387 = CARTESIAN_POINT('',(43.313392166491,-12.39999999997,2.));
#7388 = LINE('',#7389,#7390);
#7389 = CARTESIAN_POINT('',(43.913392166551,-12.39999999997,2.));
#7390 = VECTOR('',#7391,1.);
#7391 = DIRECTION('',(-1.,0.,0.));
#7392 = ORIENTED_EDGE('',*,*,#7371,.T.);
#7393 = ORIENTED_EDGE('',*,*,#6357,.F.);
#7394 = ORIENTED_EDGE('',*,*,#7395,.F.);
#7395 = EDGE_CURVE('',#7386,#6350,#7396,.T.);
#7396 = LINE('',#7397,#7398);
#7397 = CARTESIAN_POINT('',(43.313392166491,-12.39999999997,2.));
#7398 = VECTOR('',#7399,1.);
#7399 = DIRECTION('',(-0.,-0.,-1.));
#7400 = PLANE('',#7401);
#7401 = AXIS2_PLACEMENT_3D('',#7402,#7403,#7404);
#7402 = CARTESIAN_POINT('',(43.913392166551,-12.39999999997,2.));
#7403 = DIRECTION('',(0.,1.,0.));
#7404 = DIRECTION('',(-1.,0.,0.));
#7405 = ADVANCED_FACE('',(#7406),#7417,.T.);
#7406 = FACE_BOUND('',#7407,.T.);
#7407 = EDGE_LOOP('',(#7408,#7414,#7415,#7416));
#7408 = ORIENTED_EDGE('',*,*,#7409,.F.);
#7409 = EDGE_CURVE('',#7386,#7331,#7410,.T.);
#7410 = LINE('',#7411,#7412);
#7411 = CARTESIAN_POINT('',(43.313392166491,-12.39999999997,2.));
#7412 = VECTOR('',#7413,1.);
#7413 = DIRECTION('',(0.,-1.,0.));
#7414 = ORIENTED_EDGE('',*,*,#7395,.T.);
#7415 = ORIENTED_EDGE('',*,*,#6349,.F.);
#7416 = ORIENTED_EDGE('',*,*,#7340,.F.);
#7417 = PLANE('',#7418);
#7418 = AXIS2_PLACEMENT_3D('',#7419,#7420,#7421);
#7419 = CARTESIAN_POINT('',(43.313392166491,-12.39999999997,2.));
#7420 = DIRECTION('',(-1.,0.,0.));
#7421 = DIRECTION('',(0.,-1.,0.));
#7422 = ADVANCED_FACE('',(#7423),#7429,.T.);
#7423 = FACE_BOUND('',#7424,.T.);
#7424 = EDGE_LOOP('',(#7425,#7426,#7427,#7428));
#7425 = ORIENTED_EDGE('',*,*,#7409,.T.);
#7426 = ORIENTED_EDGE('',*,*,#7330,.T.);
#7427 = ORIENTED_EDGE('',*,*,#7361,.T.);
#7428 = ORIENTED_EDGE('',*,*,#7385,.T.);
#7429 = PLANE('',#7430);
#7430 = AXIS2_PLACEMENT_3D('',#7431,#7432,#7433);
#7431 = CARTESIAN_POINT('',(43.613392166521,-6.4420747E-10,2.));
#7432 = DIRECTION('',(0.,0.,1.));
#7433 = DIRECTION('',(1.,0.,0.));
#7434 = ADVANCED_FACE('',(#7435),#7460,.T.);
#7435 = FACE_BOUND('',#7436,.T.);
#7436 = EDGE_LOOP('',(#7437,#7447,#7453,#7454));
#7437 = ORIENTED_EDGE('',*,*,#7438,.F.);
#7438 = EDGE_CURVE('',#7439,#7441,#7443,.T.);
#7439 = VERTEX_POINT('',#7440);
#7440 = CARTESIAN_POINT('',(45.853392166491,-13.00000000003,2.));
#7441 = VERTEX_POINT('',#7442);
#7442 = CARTESIAN_POINT('',(46.453392166551,-13.00000000003,2.));
#7443 = LINE('',#7444,#7445);
#7444 = CARTESIAN_POINT('',(45.853392166491,-13.00000000003,2.));
#7445 = VECTOR('',#7446,1.);
#7446 = DIRECTION('',(1.,0.,0.));
#7447 = ORIENTED_EDGE('',*,*,#7448,.T.);
#7448 = EDGE_CURVE('',#7439,#6376,#7449,.T.);
#7449 = LINE('',#7450,#7451);
#7450 = CARTESIAN_POINT('',(45.853392166491,-13.00000000003,2.));
#7451 = VECTOR('',#7452,1.);
#7452 = DIRECTION('',(-0.,-0.,-1.));
#7453 = ORIENTED_EDGE('',*,*,#6373,.F.);
#7454 = ORIENTED_EDGE('',*,*,#7455,.F.);
#7455 = EDGE_CURVE('',#7441,#6374,#7456,.T.);
#7456 = LINE('',#7457,#7458);
#7457 = CARTESIAN_POINT('',(46.453392166551,-13.00000000003,2.));
#7458 = VECTOR('',#7459,1.);
#7459 = DIRECTION('',(-0.,-0.,-1.));
#7460 = PLANE('',#7461);
#7461 = AXIS2_PLACEMENT_3D('',#7462,#7463,#7464);
#7462 = CARTESIAN_POINT('',(45.853392166491,-13.00000000003,2.));
#7463 = DIRECTION('',(0.,-1.,0.));
#7464 = DIRECTION('',(1.,0.,0.));
#7465 = ADVANCED_FACE('',(#7466),#7484,.T.);
#7466 = FACE_BOUND('',#7467,.T.);
#7467 = EDGE_LOOP('',(#7468,#7476,#7477,#7478));
#7468 = ORIENTED_EDGE('',*,*,#7469,.F.);
#7469 = EDGE_CURVE('',#7441,#7470,#7472,.T.);
#7470 = VERTEX_POINT('',#7471);
#7471 = CARTESIAN_POINT('',(46.453392166551,-12.39999999997,2.));
#7472 = LINE('',#7473,#7474);
#7473 = CARTESIAN_POINT('',(46.453392166551,-13.00000000003,2.));
#7474 = VECTOR('',#7475,1.);
#7475 = DIRECTION('',(0.,1.,0.));
#7476 = ORIENTED_EDGE('',*,*,#7455,.T.);
#7477 = ORIENTED_EDGE('',*,*,#6399,.F.);
#7478 = ORIENTED_EDGE('',*,*,#7479,.F.);
#7479 = EDGE_CURVE('',#7470,#6392,#7480,.T.);
#7480 = LINE('',#7481,#7482);
#7481 = CARTESIAN_POINT('',(46.453392166551,-12.39999999997,2.));
#7482 = VECTOR('',#7483,1.);
#7483 = DIRECTION('',(-0.,-0.,-1.));
#7484 = PLANE('',#7485);
#7485 = AXIS2_PLACEMENT_3D('',#7486,#7487,#7488);
#7486 = CARTESIAN_POINT('',(46.453392166551,-13.00000000003,2.));
#7487 = DIRECTION('',(1.,0.,0.));
#7488 = DIRECTION('',(0.,1.,0.));
#7489 = ADVANCED_FACE('',(#7490),#7508,.T.);
#7490 = FACE_BOUND('',#7491,.T.);
#7491 = EDGE_LOOP('',(#7492,#7500,#7501,#7502));
#7492 = ORIENTED_EDGE('',*,*,#7493,.F.);
#7493 = EDGE_CURVE('',#7470,#7494,#7496,.T.);
#7494 = VERTEX_POINT('',#7495);
#7495 = CARTESIAN_POINT('',(45.853392166491,-12.39999999997,2.));
#7496 = LINE('',#7497,#7498);
#7497 = CARTESIAN_POINT('',(46.453392166551,-12.39999999997,2.));
#7498 = VECTOR('',#7499,1.);
#7499 = DIRECTION('',(-1.,0.,0.));
#7500 = ORIENTED_EDGE('',*,*,#7479,.T.);
#7501 = ORIENTED_EDGE('',*,*,#6391,.F.);
#7502 = ORIENTED_EDGE('',*,*,#7503,.F.);
#7503 = EDGE_CURVE('',#7494,#6384,#7504,.T.);
#7504 = LINE('',#7505,#7506);
#7505 = CARTESIAN_POINT('',(45.853392166491,-12.39999999997,2.));
#7506 = VECTOR('',#7507,1.);
#7507 = DIRECTION('',(-0.,-0.,-1.));
#7508 = PLANE('',#7509);
#7509 = AXIS2_PLACEMENT_3D('',#7510,#7511,#7512);
#7510 = CARTESIAN_POINT('',(46.453392166551,-12.39999999997,2.));
#7511 = DIRECTION('',(0.,1.,0.));
#7512 = DIRECTION('',(-1.,0.,0.));
#7513 = ADVANCED_FACE('',(#7514),#7525,.T.);
#7514 = FACE_BOUND('',#7515,.T.);
#7515 = EDGE_LOOP('',(#7516,#7522,#7523,#7524));
#7516 = ORIENTED_EDGE('',*,*,#7517,.F.);
#7517 = EDGE_CURVE('',#7494,#7439,#7518,.T.);
#7518 = LINE('',#7519,#7520);
#7519 = CARTESIAN_POINT('',(45.853392166491,-12.39999999997,2.));
#7520 = VECTOR('',#7521,1.);
#7521 = DIRECTION('',(0.,-1.,0.));
#7522 = ORIENTED_EDGE('',*,*,#7503,.T.);
#7523 = ORIENTED_EDGE('',*,*,#6383,.F.);
#7524 = ORIENTED_EDGE('',*,*,#7448,.F.);
#7525 = PLANE('',#7526);
#7526 = AXIS2_PLACEMENT_3D('',#7527,#7528,#7529);
#7527 = CARTESIAN_POINT('',(45.853392166491,-12.39999999997,2.));
#7528 = DIRECTION('',(-1.,0.,0.));
#7529 = DIRECTION('',(0.,-1.,0.));
#7530 = ADVANCED_FACE('',(#7531),#7537,.T.);
#7531 = FACE_BOUND('',#7532,.T.);
#7532 = EDGE_LOOP('',(#7533,#7534,#7535,#7536));
#7533 = ORIENTED_EDGE('',*,*,#7517,.T.);
#7534 = ORIENTED_EDGE('',*,*,#7438,.T.);
#7535 = ORIENTED_EDGE('',*,*,#7469,.T.);
#7536 = ORIENTED_EDGE('',*,*,#7493,.T.);
#7537 = PLANE('',#7538);
#7538 = AXIS2_PLACEMENT_3D('',#7539,#7540,#7541);
#7539 = CARTESIAN_POINT('',(46.153392166521,-6.4420747E-10,2.));
#7540 = DIRECTION('',(0.,0.,1.));
#7541 = DIRECTION('',(1.,0.,0.));
#7542 = ADVANCED_FACE('',(#7543),#7568,.T.);
#7543 = FACE_BOUND('',#7544,.T.);
#7544 = EDGE_LOOP('',(#7545,#7555,#7561,#7562));
#7545 = ORIENTED_EDGE('',*,*,#7546,.F.);
#7546 = EDGE_CURVE('',#7547,#7549,#7551,.T.);
#7547 = VERTEX_POINT('',#7548);
#7548 = CARTESIAN_POINT('',(48.393392166491,-13.00000000003,2.));
#7549 = VERTEX_POINT('',#7550);
#7550 = CARTESIAN_POINT('',(48.993392166551,-13.00000000003,2.));
#7551 = LINE('',#7552,#7553);
#7552 = CARTESIAN_POINT('',(48.393392166491,-13.00000000003,2.));
#7553 = VECTOR('',#7554,1.);
#7554 = DIRECTION('',(1.,0.,0.));
#7555 = ORIENTED_EDGE('',*,*,#7556,.T.);
#7556 = EDGE_CURVE('',#7547,#6410,#7557,.T.);
#7557 = LINE('',#7558,#7559);
#7558 = CARTESIAN_POINT('',(48.393392166491,-13.00000000003,2.));
#7559 = VECTOR('',#7560,1.);
#7560 = DIRECTION('',(-0.,-0.,-1.));
#7561 = ORIENTED_EDGE('',*,*,#6407,.F.);
#7562 = ORIENTED_EDGE('',*,*,#7563,.F.);
#7563 = EDGE_CURVE('',#7549,#6408,#7564,.T.);
#7564 = LINE('',#7565,#7566);
#7565 = CARTESIAN_POINT('',(48.993392166551,-13.00000000003,2.));
#7566 = VECTOR('',#7567,1.);
#7567 = DIRECTION('',(-0.,-0.,-1.));
#7568 = PLANE('',#7569);
#7569 = AXIS2_PLACEMENT_3D('',#7570,#7571,#7572);
#7570 = CARTESIAN_POINT('',(48.393392166491,-13.00000000003,2.));
#7571 = DIRECTION('',(0.,-1.,0.));
#7572 = DIRECTION('',(1.,0.,0.));
#7573 = ADVANCED_FACE('',(#7574),#7592,.T.);
#7574 = FACE_BOUND('',#7575,.T.);
#7575 = EDGE_LOOP('',(#7576,#7584,#7585,#7586));
#7576 = ORIENTED_EDGE('',*,*,#7577,.F.);
#7577 = EDGE_CURVE('',#7549,#7578,#7580,.T.);
#7578 = VERTEX_POINT('',#7579);
#7579 = CARTESIAN_POINT('',(48.993392166551,-12.39999999997,2.));
#7580 = LINE('',#7581,#7582);
#7581 = CARTESIAN_POINT('',(48.993392166551,-13.00000000003,2.));
#7582 = VECTOR('',#7583,1.);
#7583 = DIRECTION('',(0.,1.,0.));
#7584 = ORIENTED_EDGE('',*,*,#7563,.T.);
#7585 = ORIENTED_EDGE('',*,*,#6433,.F.);
#7586 = ORIENTED_EDGE('',*,*,#7587,.F.);
#7587 = EDGE_CURVE('',#7578,#6426,#7588,.T.);
#7588 = LINE('',#7589,#7590);
#7589 = CARTESIAN_POINT('',(48.993392166551,-12.39999999997,2.));
#7590 = VECTOR('',#7591,1.);
#7591 = DIRECTION('',(-0.,-0.,-1.));
#7592 = PLANE('',#7593);
#7593 = AXIS2_PLACEMENT_3D('',#7594,#7595,#7596);
#7594 = CARTESIAN_POINT('',(48.993392166551,-13.00000000003,2.));
#7595 = DIRECTION('',(1.,0.,0.));
#7596 = DIRECTION('',(0.,1.,0.));
#7597 = ADVANCED_FACE('',(#7598),#7616,.T.);
#7598 = FACE_BOUND('',#7599,.T.);
#7599 = EDGE_LOOP('',(#7600,#7608,#7609,#7610));
#7600 = ORIENTED_EDGE('',*,*,#7601,.F.);
#7601 = EDGE_CURVE('',#7578,#7602,#7604,.T.);
#7602 = VERTEX_POINT('',#7603);
#7603 = CARTESIAN_POINT('',(48.393392166491,-12.39999999997,2.));
#7604 = LINE('',#7605,#7606);
#7605 = CARTESIAN_POINT('',(48.993392166551,-12.39999999997,2.));
#7606 = VECTOR('',#7607,1.);
#7607 = DIRECTION('',(-1.,0.,0.));
#7608 = ORIENTED_EDGE('',*,*,#7587,.T.);
#7609 = ORIENTED_EDGE('',*,*,#6425,.F.);
#7610 = ORIENTED_EDGE('',*,*,#7611,.F.);
#7611 = EDGE_CURVE('',#7602,#6418,#7612,.T.);
#7612 = LINE('',#7613,#7614);
#7613 = CARTESIAN_POINT('',(48.393392166491,-12.39999999997,2.));
#7614 = VECTOR('',#7615,1.);
#7615 = DIRECTION('',(-0.,-0.,-1.));
#7616 = PLANE('',#7617);
#7617 = AXIS2_PLACEMENT_3D('',#7618,#7619,#7620);
#7618 = CARTESIAN_POINT('',(48.993392166551,-12.39999999997,2.));
#7619 = DIRECTION('',(0.,1.,0.));
#7620 = DIRECTION('',(-1.,0.,0.));
#7621 = ADVANCED_FACE('',(#7622),#7633,.T.);
#7622 = FACE_BOUND('',#7623,.T.);
#7623 = EDGE_LOOP('',(#7624,#7630,#7631,#7632));
#7624 = ORIENTED_EDGE('',*,*,#7625,.F.);
#7625 = EDGE_CURVE('',#7602,#7547,#7626,.T.);
#7626 = LINE('',#7627,#7628);
#7627 = CARTESIAN_POINT('',(48.393392166491,-12.39999999997,2.));
#7628 = VECTOR('',#7629,1.);
#7629 = DIRECTION('',(0.,-1.,0.));
#7630 = ORIENTED_EDGE('',*,*,#7611,.T.);
#7631 = ORIENTED_EDGE('',*,*,#6417,.F.);
#7632 = ORIENTED_EDGE('',*,*,#7556,.F.);
#7633 = PLANE('',#7634);
#7634 = AXIS2_PLACEMENT_3D('',#7635,#7636,#7637);
#7635 = CARTESIAN_POINT('',(48.393392166491,-12.39999999997,2.));
#7636 = DIRECTION('',(-1.,0.,0.));
#7637 = DIRECTION('',(0.,-1.,0.));
#7638 = ADVANCED_FACE('',(#7639),#7645,.T.);
#7639 = FACE_BOUND('',#7640,.T.);
#7640 = EDGE_LOOP('',(#7641,#7642,#7643,#7644));
#7641 = ORIENTED_EDGE('',*,*,#7625,.T.);
#7642 = ORIENTED_EDGE('',*,*,#7546,.T.);
#7643 = ORIENTED_EDGE('',*,*,#7577,.T.);
#7644 = ORIENTED_EDGE('',*,*,#7601,.T.);
#7645 = PLANE('',#7646);
#7646 = AXIS2_PLACEMENT_3D('',#7647,#7648,#7649);
#7647 = CARTESIAN_POINT('',(48.693392166521,-6.4420747E-10,2.));
#7648 = DIRECTION('',(0.,0.,1.));
#7649 = DIRECTION('',(1.,0.,0.));
#7650 = ADVANCED_FACE('',(#7651),#7676,.T.);
#7651 = FACE_BOUND('',#7652,.T.);
#7652 = EDGE_LOOP('',(#7653,#7663,#7669,#7670));
#7653 = ORIENTED_EDGE('',*,*,#7654,.F.);
#7654 = EDGE_CURVE('',#7655,#7657,#7659,.T.);
#7655 = VERTEX_POINT('',#7656);
#7656 = CARTESIAN_POINT('',(50.933392166491,-13.00000000003,2.));
#7657 = VERTEX_POINT('',#7658);
#7658 = CARTESIAN_POINT('',(51.533392166551,-13.00000000003,2.));
#7659 = LINE('',#7660,#7661);
#7660 = CARTESIAN_POINT('',(50.933392166491,-13.00000000003,2.));
#7661 = VECTOR('',#7662,1.);
#7662 = DIRECTION('',(1.,0.,0.));
#7663 = ORIENTED_EDGE('',*,*,#7664,.T.);
#7664 = EDGE_CURVE('',#7655,#6444,#7665,.T.);
#7665 = LINE('',#7666,#7667);
#7666 = CARTESIAN_POINT('',(50.933392166491,-13.00000000003,2.));
#7667 = VECTOR('',#7668,1.);
#7668 = DIRECTION('',(-0.,-0.,-1.));
#7669 = ORIENTED_EDGE('',*,*,#6441,.F.);
#7670 = ORIENTED_EDGE('',*,*,#7671,.F.);
#7671 = EDGE_CURVE('',#7657,#6442,#7672,.T.);
#7672 = LINE('',#7673,#7674);
#7673 = CARTESIAN_POINT('',(51.533392166551,-13.00000000003,2.));
#7674 = VECTOR('',#7675,1.);
#7675 = DIRECTION('',(-0.,-0.,-1.));
#7676 = PLANE('',#7677);
#7677 = AXIS2_PLACEMENT_3D('',#7678,#7679,#7680);
#7678 = CARTESIAN_POINT('',(50.933392166491,-13.00000000003,2.));
#7679 = DIRECTION('',(0.,-1.,0.));
#7680 = DIRECTION('',(1.,0.,0.));
#7681 = ADVANCED_FACE('',(#7682),#7700,.T.);
#7682 = FACE_BOUND('',#7683,.T.);
#7683 = EDGE_LOOP('',(#7684,#7692,#7693,#7694));
#7684 = ORIENTED_EDGE('',*,*,#7685,.F.);
#7685 = EDGE_CURVE('',#7657,#7686,#7688,.T.);
#7686 = VERTEX_POINT('',#7687);
#7687 = CARTESIAN_POINT('',(51.533392166551,-12.39999999997,2.));
#7688 = LINE('',#7689,#7690);
#7689 = CARTESIAN_POINT('',(51.533392166551,-13.00000000003,2.));
#7690 = VECTOR('',#7691,1.);
#7691 = DIRECTION('',(0.,1.,0.));
#7692 = ORIENTED_EDGE('',*,*,#7671,.T.);
#7693 = ORIENTED_EDGE('',*,*,#6467,.F.);
#7694 = ORIENTED_EDGE('',*,*,#7695,.F.);
#7695 = EDGE_CURVE('',#7686,#6460,#7696,.T.);
#7696 = LINE('',#7697,#7698);
#7697 = CARTESIAN_POINT('',(51.533392166551,-12.39999999997,2.));
#7698 = VECTOR('',#7699,1.);
#7699 = DIRECTION('',(-0.,-0.,-1.));
#7700 = PLANE('',#7701);
#7701 = AXIS2_PLACEMENT_3D('',#7702,#7703,#7704);
#7702 = CARTESIAN_POINT('',(51.533392166551,-13.00000000003,2.));
#7703 = DIRECTION('',(1.,0.,0.));
#7704 = DIRECTION('',(0.,1.,0.));
#7705 = ADVANCED_FACE('',(#7706),#7724,.T.);
#7706 = FACE_BOUND('',#7707,.T.);
#7707 = EDGE_LOOP('',(#7708,#7716,#7717,#7718));
#7708 = ORIENTED_EDGE('',*,*,#7709,.F.);
#7709 = EDGE_CURVE('',#7686,#7710,#7712,.T.);
#7710 = VERTEX_POINT('',#7711);
#7711 = CARTESIAN_POINT('',(50.933392166491,-12.39999999997,2.));
#7712 = LINE('',#7713,#7714);
#7713 = CARTESIAN_POINT('',(51.533392166551,-12.39999999997,2.));
#7714 = VECTOR('',#7715,1.);
#7715 = DIRECTION('',(-1.,0.,0.));
#7716 = ORIENTED_EDGE('',*,*,#7695,.T.);
#7717 = ORIENTED_EDGE('',*,*,#6459,.F.);
#7718 = ORIENTED_EDGE('',*,*,#7719,.F.);
#7719 = EDGE_CURVE('',#7710,#6452,#7720,.T.);
#7720 = LINE('',#7721,#7722);
#7721 = CARTESIAN_POINT('',(50.933392166491,-12.39999999997,2.));
#7722 = VECTOR('',#7723,1.);
#7723 = DIRECTION('',(-0.,-0.,-1.));
#7724 = PLANE('',#7725);
#7725 = AXIS2_PLACEMENT_3D('',#7726,#7727,#7728);
#7726 = CARTESIAN_POINT('',(51.533392166551,-12.39999999997,2.));
#7727 = DIRECTION('',(0.,1.,0.));
#7728 = DIRECTION('',(-1.,0.,0.));
#7729 = ADVANCED_FACE('',(#7730),#7741,.T.);
#7730 = FACE_BOUND('',#7731,.T.);
#7731 = EDGE_LOOP('',(#7732,#7738,#7739,#7740));
#7732 = ORIENTED_EDGE('',*,*,#7733,.F.);
#7733 = EDGE_CURVE('',#7710,#7655,#7734,.T.);
#7734 = LINE('',#7735,#7736);
#7735 = CARTESIAN_POINT('',(50.933392166491,-12.39999999997,2.));
#7736 = VECTOR('',#7737,1.);
#7737 = DIRECTION('',(0.,-1.,0.));
#7738 = ORIENTED_EDGE('',*,*,#7719,.T.);
#7739 = ORIENTED_EDGE('',*,*,#6451,.F.);
#7740 = ORIENTED_EDGE('',*,*,#7664,.F.);
#7741 = PLANE('',#7742);
#7742 = AXIS2_PLACEMENT_3D('',#7743,#7744,#7745);
#7743 = CARTESIAN_POINT('',(50.933392166491,-12.39999999997,2.));
#7744 = DIRECTION('',(-1.,0.,0.));
#7745 = DIRECTION('',(0.,-1.,0.));
#7746 = ADVANCED_FACE('',(#7747),#7753,.T.);
#7747 = FACE_BOUND('',#7748,.T.);
#7748 = EDGE_LOOP('',(#7749,#7750,#7751,#7752));
#7749 = ORIENTED_EDGE('',*,*,#7733,.T.);
#7750 = ORIENTED_EDGE('',*,*,#7654,.T.);
#7751 = ORIENTED_EDGE('',*,*,#7685,.T.);
#7752 = ORIENTED_EDGE('',*,*,#7709,.T.);
#7753 = PLANE('',#7754);
#7754 = AXIS2_PLACEMENT_3D('',#7755,#7756,#7757);
#7755 = CARTESIAN_POINT('',(51.233392166521,-6.4420747E-10,2.));
#7756 = DIRECTION('',(0.,0.,1.));
#7757 = DIRECTION('',(1.,0.,0.));
#7758 = ADVANCED_FACE('',(#7759),#7784,.T.);
#7759 = FACE_BOUND('',#7760,.T.);
#7760 = EDGE_LOOP('',(#7761,#7771,#7777,#7778));
#7761 = ORIENTED_EDGE('',*,*,#7762,.F.);
#7762 = EDGE_CURVE('',#7763,#7765,#7767,.T.);
#7763 = VERTEX_POINT('',#7764);
#7764 = CARTESIAN_POINT('',(53.473392166491,-13.00000000003,2.));
#7765 = VERTEX_POINT('',#7766);
#7766 = CARTESIAN_POINT('',(54.073392166551,-13.00000000003,2.));
#7767 = LINE('',#7768,#7769);
#7768 = CARTESIAN_POINT('',(53.473392166491,-13.00000000003,2.));
#7769 = VECTOR('',#7770,1.);
#7770 = DIRECTION('',(1.,0.,0.));
#7771 = ORIENTED_EDGE('',*,*,#7772,.T.);
#7772 = EDGE_CURVE('',#7763,#6478,#7773,.T.);
#7773 = LINE('',#7774,#7775);
#7774 = CARTESIAN_POINT('',(53.473392166491,-13.00000000003,2.));
#7775 = VECTOR('',#7776,1.);
#7776 = DIRECTION('',(-0.,-0.,-1.));
#7777 = ORIENTED_EDGE('',*,*,#6475,.F.);
#7778 = ORIENTED_EDGE('',*,*,#7779,.F.);
#7779 = EDGE_CURVE('',#7765,#6476,#7780,.T.);
#7780 = LINE('',#7781,#7782);
#7781 = CARTESIAN_POINT('',(54.073392166551,-13.00000000003,2.));
#7782 = VECTOR('',#7783,1.);
#7783 = DIRECTION('',(-0.,-0.,-1.));
#7784 = PLANE('',#7785);
#7785 = AXIS2_PLACEMENT_3D('',#7786,#7787,#7788);
#7786 = CARTESIAN_POINT('',(53.473392166491,-13.00000000003,2.));
#7787 = DIRECTION('',(0.,-1.,0.));
#7788 = DIRECTION('',(1.,0.,0.));
#7789 = ADVANCED_FACE('',(#7790),#7808,.T.);
#7790 = FACE_BOUND('',#7791,.T.);
#7791 = EDGE_LOOP('',(#7792,#7800,#7801,#7802));
#7792 = ORIENTED_EDGE('',*,*,#7793,.F.);
#7793 = EDGE_CURVE('',#7765,#7794,#7796,.T.);
#7794 = VERTEX_POINT('',#7795);
#7795 = CARTESIAN_POINT('',(54.073392166551,-12.39999999997,2.));
#7796 = LINE('',#7797,#7798);
#7797 = CARTESIAN_POINT('',(54.073392166551,-13.00000000003,2.));
#7798 = VECTOR('',#7799,1.);
#7799 = DIRECTION('',(0.,1.,0.));
#7800 = ORIENTED_EDGE('',*,*,#7779,.T.);
#7801 = ORIENTED_EDGE('',*,*,#6501,.F.);
#7802 = ORIENTED_EDGE('',*,*,#7803,.F.);
#7803 = EDGE_CURVE('',#7794,#6494,#7804,.T.);
#7804 = LINE('',#7805,#7806);
#7805 = CARTESIAN_POINT('',(54.073392166551,-12.39999999997,2.));
#7806 = VECTOR('',#7807,1.);
#7807 = DIRECTION('',(-0.,-0.,-1.));
#7808 = PLANE('',#7809);
#7809 = AXIS2_PLACEMENT_3D('',#7810,#7811,#7812);
#7810 = CARTESIAN_POINT('',(54.073392166551,-13.00000000003,2.));
#7811 = DIRECTION('',(1.,0.,0.));
#7812 = DIRECTION('',(0.,1.,0.));
#7813 = ADVANCED_FACE('',(#7814),#7832,.T.);
#7814 = FACE_BOUND('',#7815,.T.);
#7815 = EDGE_LOOP('',(#7816,#7824,#7825,#7826));
#7816 = ORIENTED_EDGE('',*,*,#7817,.F.);
#7817 = EDGE_CURVE('',#7794,#7818,#7820,.T.);
#7818 = VERTEX_POINT('',#7819);
#7819 = CARTESIAN_POINT('',(53.473392166491,-12.39999999997,2.));
#7820 = LINE('',#7821,#7822);
#7821 = CARTESIAN_POINT('',(54.073392166551,-12.39999999997,2.));
#7822 = VECTOR('',#7823,1.);
#7823 = DIRECTION('',(-1.,0.,0.));
#7824 = ORIENTED_EDGE('',*,*,#7803,.T.);
#7825 = ORIENTED_EDGE('',*,*,#6493,.F.);
#7826 = ORIENTED_EDGE('',*,*,#7827,.F.);
#7827 = EDGE_CURVE('',#7818,#6486,#7828,.T.);
#7828 = LINE('',#7829,#7830);
#7829 = CARTESIAN_POINT('',(53.473392166491,-12.39999999997,2.));
#7830 = VECTOR('',#7831,1.);
#7831 = DIRECTION('',(-0.,-0.,-1.));
#7832 = PLANE('',#7833);
#7833 = AXIS2_PLACEMENT_3D('',#7834,#7835,#7836);
#7834 = CARTESIAN_POINT('',(54.073392166551,-12.39999999997,2.));
#7835 = DIRECTION('',(0.,1.,0.));
#7836 = DIRECTION('',(-1.,0.,0.));
#7837 = ADVANCED_FACE('',(#7838),#7849,.T.);
#7838 = FACE_BOUND('',#7839,.T.);
#7839 = EDGE_LOOP('',(#7840,#7846,#7847,#7848));
#7840 = ORIENTED_EDGE('',*,*,#7841,.F.);
#7841 = EDGE_CURVE('',#7818,#7763,#7842,.T.);
#7842 = LINE('',#7843,#7844);
#7843 = CARTESIAN_POINT('',(53.473392166491,-12.39999999997,2.));
#7844 = VECTOR('',#7845,1.);
#7845 = DIRECTION('',(0.,-1.,0.));
#7846 = ORIENTED_EDGE('',*,*,#7827,.T.);
#7847 = ORIENTED_EDGE('',*,*,#6485,.F.);
#7848 = ORIENTED_EDGE('',*,*,#7772,.F.);
#7849 = PLANE('',#7850);
#7850 = AXIS2_PLACEMENT_3D('',#7851,#7852,#7853);
#7851 = CARTESIAN_POINT('',(53.473392166491,-12.39999999997,2.));
#7852 = DIRECTION('',(-1.,0.,0.));
#7853 = DIRECTION('',(0.,-1.,0.));
#7854 = ADVANCED_FACE('',(#7855),#7861,.T.);
#7855 = FACE_BOUND('',#7856,.T.);
#7856 = EDGE_LOOP('',(#7857,#7858,#7859,#7860));
#7857 = ORIENTED_EDGE('',*,*,#7841,.T.);
#7858 = ORIENTED_EDGE('',*,*,#7762,.T.);
#7859 = ORIENTED_EDGE('',*,*,#7793,.T.);
#7860 = ORIENTED_EDGE('',*,*,#7817,.T.);
#7861 = PLANE('',#7862);
#7862 = AXIS2_PLACEMENT_3D('',#7863,#7864,#7865);
#7863 = CARTESIAN_POINT('',(53.773392166521,-6.4420747E-10,2.));
#7864 = DIRECTION('',(0.,0.,1.));
#7865 = DIRECTION('',(1.,0.,0.));
#7866 = ADVANCED_FACE('',(#7867),#7892,.T.);
#7867 = FACE_BOUND('',#7868,.T.);
#7868 = EDGE_LOOP('',(#7869,#7879,#7885,#7886));
#7869 = ORIENTED_EDGE('',*,*,#7870,.F.);
#7870 = EDGE_CURVE('',#7871,#7873,#7875,.T.);
#7871 = VERTEX_POINT('',#7872);
#7872 = CARTESIAN_POINT('',(56.013392166491,-13.00000000003,2.));
#7873 = VERTEX_POINT('',#7874);
#7874 = CARTESIAN_POINT('',(56.613392166551,-13.00000000003,2.));
#7875 = LINE('',#7876,#7877);
#7876 = CARTESIAN_POINT('',(56.013392166491,-13.00000000003,2.));
#7877 = VECTOR('',#7878,1.);
#7878 = DIRECTION('',(1.,0.,0.));
#7879 = ORIENTED_EDGE('',*,*,#7880,.T.);
#7880 = EDGE_CURVE('',#7871,#6512,#7881,.T.);
#7881 = LINE('',#7882,#7883);
#7882 = CARTESIAN_POINT('',(56.013392166491,-13.00000000003,2.));
#7883 = VECTOR('',#7884,1.);
#7884 = DIRECTION('',(-0.,-0.,-1.));
#7885 = ORIENTED_EDGE('',*,*,#6509,.F.);
#7886 = ORIENTED_EDGE('',*,*,#7887,.F.);
#7887 = EDGE_CURVE('',#7873,#6510,#7888,.T.);
#7888 = LINE('',#7889,#7890);
#7889 = CARTESIAN_POINT('',(56.613392166551,-13.00000000003,2.));
#7890 = VECTOR('',#7891,1.);
#7891 = DIRECTION('',(-0.,-0.,-1.));
#7892 = PLANE('',#7893);
#7893 = AXIS2_PLACEMENT_3D('',#7894,#7895,#7896);
#7894 = CARTESIAN_POINT('',(56.013392166491,-13.00000000003,2.));
#7895 = DIRECTION('',(0.,-1.,0.));
#7896 = DIRECTION('',(1.,0.,0.));
#7897 = ADVANCED_FACE('',(#7898),#7916,.T.);
#7898 = FACE_BOUND('',#7899,.T.);
#7899 = EDGE_LOOP('',(#7900,#7908,#7909,#7910));
#7900 = ORIENTED_EDGE('',*,*,#7901,.F.);
#7901 = EDGE_CURVE('',#7873,#7902,#7904,.T.);
#7902 = VERTEX_POINT('',#7903);
#7903 = CARTESIAN_POINT('',(56.613392166551,-12.39999999997,2.));
#7904 = LINE('',#7905,#7906);
#7905 = CARTESIAN_POINT('',(56.613392166551,-13.00000000003,2.));
#7906 = VECTOR('',#7907,1.);
#7907 = DIRECTION('',(0.,1.,0.));
#7908 = ORIENTED_EDGE('',*,*,#7887,.T.);
#7909 = ORIENTED_EDGE('',*,*,#6535,.F.);
#7910 = ORIENTED_EDGE('',*,*,#7911,.F.);
#7911 = EDGE_CURVE('',#7902,#6528,#7912,.T.);
#7912 = LINE('',#7913,#7914);
#7913 = CARTESIAN_POINT('',(56.613392166551,-12.39999999997,2.));
#7914 = VECTOR('',#7915,1.);
#7915 = DIRECTION('',(-0.,-0.,-1.));
#7916 = PLANE('',#7917);
#7917 = AXIS2_PLACEMENT_3D('',#7918,#7919,#7920);
#7918 = CARTESIAN_POINT('',(56.613392166551,-13.00000000003,2.));
#7919 = DIRECTION('',(1.,0.,0.));
#7920 = DIRECTION('',(0.,1.,0.));
#7921 = ADVANCED_FACE('',(#7922),#7940,.T.);
#7922 = FACE_BOUND('',#7923,.T.);
#7923 = EDGE_LOOP('',(#7924,#7932,#7933,#7934));
#7924 = ORIENTED_EDGE('',*,*,#7925,.F.);
#7925 = EDGE_CURVE('',#7902,#7926,#7928,.T.);
#7926 = VERTEX_POINT('',#7927);
#7927 = CARTESIAN_POINT('',(56.013392166491,-12.39999999997,2.));
#7928 = LINE('',#7929,#7930);
#7929 = CARTESIAN_POINT('',(56.613392166551,-12.39999999997,2.));
#7930 = VECTOR('',#7931,1.);
#7931 = DIRECTION('',(-1.,0.,0.));
#7932 = ORIENTED_EDGE('',*,*,#7911,.T.);
#7933 = ORIENTED_EDGE('',*,*,#6527,.F.);
#7934 = ORIENTED_EDGE('',*,*,#7935,.F.);
#7935 = EDGE_CURVE('',#7926,#6520,#7936,.T.);
#7936 = LINE('',#7937,#7938);
#7937 = CARTESIAN_POINT('',(56.013392166491,-12.39999999997,2.));
#7938 = VECTOR('',#7939,1.);
#7939 = DIRECTION('',(-0.,-0.,-1.));
#7940 = PLANE('',#7941);
#7941 = AXIS2_PLACEMENT_3D('',#7942,#7943,#7944);
#7942 = CARTESIAN_POINT('',(56.613392166551,-12.39999999997,2.));
#7943 = DIRECTION('',(0.,1.,0.));
#7944 = DIRECTION('',(-1.,0.,0.));
#7945 = ADVANCED_FACE('',(#7946),#7957,.T.);
#7946 = FACE_BOUND('',#7947,.T.);
#7947 = EDGE_LOOP('',(#7948,#7954,#7955,#7956));
#7948 = ORIENTED_EDGE('',*,*,#7949,.F.);
#7949 = EDGE_CURVE('',#7926,#7871,#7950,.T.);
#7950 = LINE('',#7951,#7952);
#7951 = CARTESIAN_POINT('',(56.013392166491,-12.39999999997,2.));
#7952 = VECTOR('',#7953,1.);
#7953 = DIRECTION('',(0.,-1.,0.));
#7954 = ORIENTED_EDGE('',*,*,#7935,.T.);
#7955 = ORIENTED_EDGE('',*,*,#6519,.F.);
#7956 = ORIENTED_EDGE('',*,*,#7880,.F.);
#7957 = PLANE('',#7958);
#7958 = AXIS2_PLACEMENT_3D('',#7959,#7960,#7961);
#7959 = CARTESIAN_POINT('',(56.013392166491,-12.39999999997,2.));
#7960 = DIRECTION('',(-1.,0.,0.));
#7961 = DIRECTION('',(0.,-1.,0.));
#7962 = ADVANCED_FACE('',(#7963),#7969,.T.);
#7963 = FACE_BOUND('',#7964,.T.);
#7964 = EDGE_LOOP('',(#7965,#7966,#7967,#7968));
#7965 = ORIENTED_EDGE('',*,*,#7949,.T.);
#7966 = ORIENTED_EDGE('',*,*,#7870,.T.);
#7967 = ORIENTED_EDGE('',*,*,#7901,.T.);
#7968 = ORIENTED_EDGE('',*,*,#7925,.T.);
#7969 = PLANE('',#7970);
#7970 = AXIS2_PLACEMENT_3D('',#7971,#7972,#7973);
#7971 = CARTESIAN_POINT('',(56.313392166521,-6.4420747E-10,2.));
#7972 = DIRECTION('',(0.,0.,1.));
#7973 = DIRECTION('',(1.,0.,0.));
#7974 = ADVANCED_FACE('',(#7975),#8000,.T.);
#7975 = FACE_BOUND('',#7976,.T.);
#7976 = EDGE_LOOP('',(#7977,#7987,#7993,#7994));
#7977 = ORIENTED_EDGE('',*,*,#7978,.F.);
#7978 = EDGE_CURVE('',#7979,#7981,#7983,.T.);
#7979 = VERTEX_POINT('',#7980);
#7980 = CARTESIAN_POINT('',(58.553392166491,-13.00000000003,2.));
#7981 = VERTEX_POINT('',#7982);
#7982 = CARTESIAN_POINT('',(59.153392166551,-13.00000000003,2.));
#7983 = LINE('',#7984,#7985);
#7984 = CARTESIAN_POINT('',(58.553392166491,-13.00000000003,2.));
#7985 = VECTOR('',#7986,1.);
#7986 = DIRECTION('',(1.,0.,0.));
#7987 = ORIENTED_EDGE('',*,*,#7988,.T.);
#7988 = EDGE_CURVE('',#7979,#6546,#7989,.T.);
#7989 = LINE('',#7990,#7991);
#7990 = CARTESIAN_POINT('',(58.553392166491,-13.00000000003,2.));
#7991 = VECTOR('',#7992,1.);
#7992 = DIRECTION('',(-0.,-0.,-1.));
#7993 = ORIENTED_EDGE('',*,*,#6543,.F.);
#7994 = ORIENTED_EDGE('',*,*,#7995,.F.);
#7995 = EDGE_CURVE('',#7981,#6544,#7996,.T.);
#7996 = LINE('',#7997,#7998);
#7997 = CARTESIAN_POINT('',(59.153392166551,-13.00000000003,2.));
#7998 = VECTOR('',#7999,1.);
#7999 = DIRECTION('',(-0.,-0.,-1.));
#8000 = PLANE('',#8001);
#8001 = AXIS2_PLACEMENT_3D('',#8002,#8003,#8004);
#8002 = CARTESIAN_POINT('',(58.553392166491,-13.00000000003,2.));
#8003 = DIRECTION('',(0.,-1.,0.));
#8004 = DIRECTION('',(1.,0.,0.));
#8005 = ADVANCED_FACE('',(#8006),#8024,.T.);
#8006 = FACE_BOUND('',#8007,.T.);
#8007 = EDGE_LOOP('',(#8008,#8016,#8017,#8018));
#8008 = ORIENTED_EDGE('',*,*,#8009,.F.);
#8009 = EDGE_CURVE('',#7981,#8010,#8012,.T.);
#8010 = VERTEX_POINT('',#8011);
#8011 = CARTESIAN_POINT('',(59.153392166551,-12.39999999997,2.));
#8012 = LINE('',#8013,#8014);
#8013 = CARTESIAN_POINT('',(59.153392166551,-13.00000000003,2.));
#8014 = VECTOR('',#8015,1.);
#8015 = DIRECTION('',(0.,1.,0.));
#8016 = ORIENTED_EDGE('',*,*,#7995,.T.);
#8017 = ORIENTED_EDGE('',*,*,#6569,.F.);
#8018 = ORIENTED_EDGE('',*,*,#8019,.F.);
#8019 = EDGE_CURVE('',#8010,#6562,#8020,.T.);
#8020 = LINE('',#8021,#8022);
#8021 = CARTESIAN_POINT('',(59.153392166551,-12.39999999997,2.));
#8022 = VECTOR('',#8023,1.);
#8023 = DIRECTION('',(-0.,-0.,-1.));
#8024 = PLANE('',#8025);
#8025 = AXIS2_PLACEMENT_3D('',#8026,#8027,#8028);
#8026 = CARTESIAN_POINT('',(59.153392166551,-13.00000000003,2.));
#8027 = DIRECTION('',(1.,0.,0.));
#8028 = DIRECTION('',(0.,1.,0.));
#8029 = ADVANCED_FACE('',(#8030),#8048,.T.);
#8030 = FACE_BOUND('',#8031,.T.);
#8031 = EDGE_LOOP('',(#8032,#8040,#8041,#8042));
#8032 = ORIENTED_EDGE('',*,*,#8033,.F.);
#8033 = EDGE_CURVE('',#8010,#8034,#8036,.T.);
#8034 = VERTEX_POINT('',#8035);
#8035 = CARTESIAN_POINT('',(58.553392166491,-12.39999999997,2.));
#8036 = LINE('',#8037,#8038);
#8037 = CARTESIAN_POINT('',(59.153392166551,-12.39999999997,2.));
#8038 = VECTOR('',#8039,1.);
#8039 = DIRECTION('',(-1.,0.,0.));
#8040 = ORIENTED_EDGE('',*,*,#8019,.T.);
#8041 = ORIENTED_EDGE('',*,*,#6561,.F.);
#8042 = ORIENTED_EDGE('',*,*,#8043,.F.);
#8043 = EDGE_CURVE('',#8034,#6554,#8044,.T.);
#8044 = LINE('',#8045,#8046);
#8045 = CARTESIAN_POINT('',(58.553392166491,-12.39999999997,2.));
#8046 = VECTOR('',#8047,1.);
#8047 = DIRECTION('',(-0.,-0.,-1.));
#8048 = PLANE('',#8049);
#8049 = AXIS2_PLACEMENT_3D('',#8050,#8051,#8052);
#8050 = CARTESIAN_POINT('',(59.153392166551,-12.39999999997,2.));
#8051 = DIRECTION('',(0.,1.,0.));
#8052 = DIRECTION('',(-1.,0.,0.));
#8053 = ADVANCED_FACE('',(#8054),#8065,.T.);
#8054 = FACE_BOUND('',#8055,.T.);
#8055 = EDGE_LOOP('',(#8056,#8062,#8063,#8064));
#8056 = ORIENTED_EDGE('',*,*,#8057,.F.);
#8057 = EDGE_CURVE('',#8034,#7979,#8058,.T.);
#8058 = LINE('',#8059,#8060);
#8059 = CARTESIAN_POINT('',(58.553392166491,-12.39999999997,2.));
#8060 = VECTOR('',#8061,1.);
#8061 = DIRECTION('',(0.,-1.,0.));
#8062 = ORIENTED_EDGE('',*,*,#8043,.T.);
#8063 = ORIENTED_EDGE('',*,*,#6553,.F.);
#8064 = ORIENTED_EDGE('',*,*,#7988,.F.);
#8065 = PLANE('',#8066);
#8066 = AXIS2_PLACEMENT_3D('',#8067,#8068,#8069);
#8067 = CARTESIAN_POINT('',(58.553392166491,-12.39999999997,2.));
#8068 = DIRECTION('',(-1.,0.,0.));
#8069 = DIRECTION('',(0.,-1.,0.));
#8070 = ADVANCED_FACE('',(#8071),#8077,.T.);
#8071 = FACE_BOUND('',#8072,.T.);
#8072 = EDGE_LOOP('',(#8073,#8074,#8075,#8076));
#8073 = ORIENTED_EDGE('',*,*,#8057,.T.);
#8074 = ORIENTED_EDGE('',*,*,#7978,.T.);
#8075 = ORIENTED_EDGE('',*,*,#8009,.T.);
#8076 = ORIENTED_EDGE('',*,*,#8033,.T.);
#8077 = PLANE('',#8078);
#8078 = AXIS2_PLACEMENT_3D('',#8079,#8080,#8081);
#8079 = CARTESIAN_POINT('',(58.853392166521,-6.4420747E-10,2.));
#8080 = DIRECTION('',(0.,0.,1.));
#8081 = DIRECTION('',(1.,0.,0.));
#8082 = ADVANCED_FACE('',(#8083),#8108,.T.);
#8083 = FACE_BOUND('',#8084,.T.);
#8084 = EDGE_LOOP('',(#8085,#8095,#8101,#8102));
#8085 = ORIENTED_EDGE('',*,*,#8086,.F.);
#8086 = EDGE_CURVE('',#8087,#8089,#8091,.T.);
#8087 = VERTEX_POINT('',#8088);
#8088 = CARTESIAN_POINT('',(61.093392166491,-13.00000000003,2.));
#8089 = VERTEX_POINT('',#8090);
#8090 = CARTESIAN_POINT('',(61.693392166551,-13.00000000003,2.));
#8091 = LINE('',#8092,#8093);
#8092 = CARTESIAN_POINT('',(61.093392166491,-13.00000000003,2.));
#8093 = VECTOR('',#8094,1.);
#8094 = DIRECTION('',(1.,0.,0.));
#8095 = ORIENTED_EDGE('',*,*,#8096,.T.);
#8096 = EDGE_CURVE('',#8087,#6580,#8097,.T.);
#8097 = LINE('',#8098,#8099);
#8098 = CARTESIAN_POINT('',(61.093392166491,-13.00000000003,2.));
#8099 = VECTOR('',#8100,1.);
#8100 = DIRECTION('',(-0.,-0.,-1.));
#8101 = ORIENTED_EDGE('',*,*,#6577,.F.);
#8102 = ORIENTED_EDGE('',*,*,#8103,.F.);
#8103 = EDGE_CURVE('',#8089,#6578,#8104,.T.);
#8104 = LINE('',#8105,#8106);
#8105 = CARTESIAN_POINT('',(61.693392166551,-13.00000000003,2.));
#8106 = VECTOR('',#8107,1.);
#8107 = DIRECTION('',(-0.,-0.,-1.));
#8108 = PLANE('',#8109);
#8109 = AXIS2_PLACEMENT_3D('',#8110,#8111,#8112);
#8110 = CARTESIAN_POINT('',(61.093392166491,-13.00000000003,2.));
#8111 = DIRECTION('',(0.,-1.,0.));
#8112 = DIRECTION('',(1.,0.,0.));
#8113 = ADVANCED_FACE('',(#8114),#8132,.T.);
#8114 = FACE_BOUND('',#8115,.T.);
#8115 = EDGE_LOOP('',(#8116,#8124,#8125,#8126));
#8116 = ORIENTED_EDGE('',*,*,#8117,.F.);
#8117 = EDGE_CURVE('',#8089,#8118,#8120,.T.);
#8118 = VERTEX_POINT('',#8119);
#8119 = CARTESIAN_POINT('',(61.693392166551,-12.39999999997,2.));
#8120 = LINE('',#8121,#8122);
#8121 = CARTESIAN_POINT('',(61.693392166551,-13.00000000003,2.));
#8122 = VECTOR('',#8123,1.);
#8123 = DIRECTION('',(0.,1.,0.));
#8124 = ORIENTED_EDGE('',*,*,#8103,.T.);
#8125 = ORIENTED_EDGE('',*,*,#6603,.F.);
#8126 = ORIENTED_EDGE('',*,*,#8127,.F.);
#8127 = EDGE_CURVE('',#8118,#6596,#8128,.T.);
#8128 = LINE('',#8129,#8130);
#8129 = CARTESIAN_POINT('',(61.693392166551,-12.39999999997,2.));
#8130 = VECTOR('',#8131,1.);
#8131 = DIRECTION('',(-0.,-0.,-1.));
#8132 = PLANE('',#8133);
#8133 = AXIS2_PLACEMENT_3D('',#8134,#8135,#8136);
#8134 = CARTESIAN_POINT('',(61.693392166551,-13.00000000003,2.));
#8135 = DIRECTION('',(1.,0.,0.));
#8136 = DIRECTION('',(0.,1.,0.));
#8137 = ADVANCED_FACE('',(#8138),#8156,.T.);
#8138 = FACE_BOUND('',#8139,.T.);
#8139 = EDGE_LOOP('',(#8140,#8148,#8149,#8150));
#8140 = ORIENTED_EDGE('',*,*,#8141,.F.);
#8141 = EDGE_CURVE('',#8118,#8142,#8144,.T.);
#8142 = VERTEX_POINT('',#8143);
#8143 = CARTESIAN_POINT('',(61.093392166491,-12.39999999997,2.));
#8144 = LINE('',#8145,#8146);
#8145 = CARTESIAN_POINT('',(61.693392166551,-12.39999999997,2.));
#8146 = VECTOR('',#8147,1.);
#8147 = DIRECTION('',(-1.,0.,0.));
#8148 = ORIENTED_EDGE('',*,*,#8127,.T.);
#8149 = ORIENTED_EDGE('',*,*,#6595,.F.);
#8150 = ORIENTED_EDGE('',*,*,#8151,.F.);
#8151 = EDGE_CURVE('',#8142,#6588,#8152,.T.);
#8152 = LINE('',#8153,#8154);
#8153 = CARTESIAN_POINT('',(61.093392166491,-12.39999999997,2.));
#8154 = VECTOR('',#8155,1.);
#8155 = DIRECTION('',(-0.,-0.,-1.));
#8156 = PLANE('',#8157);
#8157 = AXIS2_PLACEMENT_3D('',#8158,#8159,#8160);
#8158 = CARTESIAN_POINT('',(61.693392166551,-12.39999999997,2.));
#8159 = DIRECTION('',(0.,1.,0.));
#8160 = DIRECTION('',(-1.,0.,0.));
#8161 = ADVANCED_FACE('',(#8162),#8173,.T.);
#8162 = FACE_BOUND('',#8163,.T.);
#8163 = EDGE_LOOP('',(#8164,#8170,#8171,#8172));
#8164 = ORIENTED_EDGE('',*,*,#8165,.F.);
#8165 = EDGE_CURVE('',#8142,#8087,#8166,.T.);
#8166 = LINE('',#8167,#8168);
#8167 = CARTESIAN_POINT('',(61.093392166491,-12.39999999997,2.));
#8168 = VECTOR('',#8169,1.);
#8169 = DIRECTION('',(0.,-1.,0.));
#8170 = ORIENTED_EDGE('',*,*,#8151,.T.);
#8171 = ORIENTED_EDGE('',*,*,#6587,.F.);
#8172 = ORIENTED_EDGE('',*,*,#8096,.F.);
#8173 = PLANE('',#8174);
#8174 = AXIS2_PLACEMENT_3D('',#8175,#8176,#8177);
#8175 = CARTESIAN_POINT('',(61.093392166491,-12.39999999997,2.));
#8176 = DIRECTION('',(-1.,0.,0.));
#8177 = DIRECTION('',(0.,-1.,0.));
#8178 = ADVANCED_FACE('',(#8179),#8185,.T.);
#8179 = FACE_BOUND('',#8180,.T.);
#8180 = EDGE_LOOP('',(#8181,#8182,#8183,#8184));
#8181 = ORIENTED_EDGE('',*,*,#8165,.T.);
#8182 = ORIENTED_EDGE('',*,*,#8086,.T.);
#8183 = ORIENTED_EDGE('',*,*,#8117,.T.);
#8184 = ORIENTED_EDGE('',*,*,#8141,.T.);
#8185 = PLANE('',#8186);
#8186 = AXIS2_PLACEMENT_3D('',#8187,#8188,#8189);
#8187 = CARTESIAN_POINT('',(61.393392166521,-6.4420747E-10,2.));
#8188 = DIRECTION('',(0.,0.,1.));
#8189 = DIRECTION('',(1.,0.,0.));
#8190 = ADVANCED_FACE('',(#8191),#8216,.T.);
#8191 = FACE_BOUND('',#8192,.T.);
#8192 = EDGE_LOOP('',(#8193,#8203,#8209,#8210));
#8193 = ORIENTED_EDGE('',*,*,#8194,.F.);
#8194 = EDGE_CURVE('',#8195,#8197,#8199,.T.);
#8195 = VERTEX_POINT('',#8196);
#8196 = CARTESIAN_POINT('',(28.073392166491,-13.00000000003,2.));
#8197 = VERTEX_POINT('',#8198);
#8198 = CARTESIAN_POINT('',(28.673392166551,-13.00000000003,2.));
#8199 = LINE('',#8200,#8201);
#8200 = CARTESIAN_POINT('',(28.073392166491,-13.00000000003,2.));
#8201 = VECTOR('',#8202,1.);
#8202 = DIRECTION('',(1.,0.,0.));
#8203 = ORIENTED_EDGE('',*,*,#8204,.T.);
#8204 = EDGE_CURVE('',#8195,#6614,#8205,.T.);
#8205 = LINE('',#8206,#8207);
#8206 = CARTESIAN_POINT('',(28.073392166491,-13.00000000003,2.));
#8207 = VECTOR('',#8208,1.);
#8208 = DIRECTION('',(-0.,-0.,-1.));
#8209 = ORIENTED_EDGE('',*,*,#6611,.F.);
#8210 = ORIENTED_EDGE('',*,*,#8211,.F.);
#8211 = EDGE_CURVE('',#8197,#6612,#8212,.T.);
#8212 = LINE('',#8213,#8214);
#8213 = CARTESIAN_POINT('',(28.673392166551,-13.00000000003,2.));
#8214 = VECTOR('',#8215,1.);
#8215 = DIRECTION('',(-0.,-0.,-1.));
#8216 = PLANE('',#8217);
#8217 = AXIS2_PLACEMENT_3D('',#8218,#8219,#8220);
#8218 = CARTESIAN_POINT('',(28.073392166491,-13.00000000003,2.));
#8219 = DIRECTION('',(0.,-1.,0.));
#8220 = DIRECTION('',(1.,0.,0.));
#8221 = ADVANCED_FACE('',(#8222),#8240,.T.);
#8222 = FACE_BOUND('',#8223,.T.);
#8223 = EDGE_LOOP('',(#8224,#8232,#8233,#8234));
#8224 = ORIENTED_EDGE('',*,*,#8225,.F.);
#8225 = EDGE_CURVE('',#8197,#8226,#8228,.T.);
#8226 = VERTEX_POINT('',#8227);
#8227 = CARTESIAN_POINT('',(28.673392166551,-12.39999999997,2.));
#8228 = LINE('',#8229,#8230);
#8229 = CARTESIAN_POINT('',(28.673392166551,-13.00000000003,2.));
#8230 = VECTOR('',#8231,1.);
#8231 = DIRECTION('',(0.,1.,0.));
#8232 = ORIENTED_EDGE('',*,*,#8211,.T.);
#8233 = ORIENTED_EDGE('',*,*,#6637,.F.);
#8234 = ORIENTED_EDGE('',*,*,#8235,.F.);
#8235 = EDGE_CURVE('',#8226,#6630,#8236,.T.);
#8236 = LINE('',#8237,#8238);
#8237 = CARTESIAN_POINT('',(28.673392166551,-12.39999999997,2.));
#8238 = VECTOR('',#8239,1.);
#8239 = DIRECTION('',(-0.,-0.,-1.));
#8240 = PLANE('',#8241);
#8241 = AXIS2_PLACEMENT_3D('',#8242,#8243,#8244);
#8242 = CARTESIAN_POINT('',(28.673392166551,-13.00000000003,2.));
#8243 = DIRECTION('',(1.,0.,0.));
#8244 = DIRECTION('',(0.,1.,0.));
#8245 = ADVANCED_FACE('',(#8246),#8264,.T.);
#8246 = FACE_BOUND('',#8247,.T.);
#8247 = EDGE_LOOP('',(#8248,#8256,#8257,#8258));
#8248 = ORIENTED_EDGE('',*,*,#8249,.F.);
#8249 = EDGE_CURVE('',#8226,#8250,#8252,.T.);
#8250 = VERTEX_POINT('',#8251);
#8251 = CARTESIAN_POINT('',(28.073392166491,-12.39999999997,2.));
#8252 = LINE('',#8253,#8254);
#8253 = CARTESIAN_POINT('',(28.673392166551,-12.39999999997,2.));
#8254 = VECTOR('',#8255,1.);
#8255 = DIRECTION('',(-1.,0.,0.));
#8256 = ORIENTED_EDGE('',*,*,#8235,.T.);
#8257 = ORIENTED_EDGE('',*,*,#6629,.F.);
#8258 = ORIENTED_EDGE('',*,*,#8259,.F.);
#8259 = EDGE_CURVE('',#8250,#6622,#8260,.T.);
#8260 = LINE('',#8261,#8262);
#8261 = CARTESIAN_POINT('',(28.073392166491,-12.39999999997,2.));
#8262 = VECTOR('',#8263,1.);
#8263 = DIRECTION('',(-0.,-0.,-1.));
#8264 = PLANE('',#8265);
#8265 = AXIS2_PLACEMENT_3D('',#8266,#8267,#8268);
#8266 = CARTESIAN_POINT('',(28.673392166551,-12.39999999997,2.));
#8267 = DIRECTION('',(0.,1.,0.));
#8268 = DIRECTION('',(-1.,0.,0.));
#8269 = ADVANCED_FACE('',(#8270),#8281,.T.);
#8270 = FACE_BOUND('',#8271,.T.);
#8271 = EDGE_LOOP('',(#8272,#8278,#8279,#8280));
#8272 = ORIENTED_EDGE('',*,*,#8273,.F.);
#8273 = EDGE_CURVE('',#8250,#8195,#8274,.T.);
#8274 = LINE('',#8275,#8276);
#8275 = CARTESIAN_POINT('',(28.073392166491,-12.39999999997,2.));
#8276 = VECTOR('',#8277,1.);
#8277 = DIRECTION('',(0.,-1.,0.));
#8278 = ORIENTED_EDGE('',*,*,#8259,.T.);
#8279 = ORIENTED_EDGE('',*,*,#6621,.F.);
#8280 = ORIENTED_EDGE('',*,*,#8204,.F.);
#8281 = PLANE('',#8282);
#8282 = AXIS2_PLACEMENT_3D('',#8283,#8284,#8285);
#8283 = CARTESIAN_POINT('',(28.073392166491,-12.39999999997,2.));
#8284 = DIRECTION('',(-1.,0.,0.));
#8285 = DIRECTION('',(0.,-1.,0.));
#8286 = ADVANCED_FACE('',(#8287),#8293,.T.);
#8287 = FACE_BOUND('',#8288,.T.);
#8288 = EDGE_LOOP('',(#8289,#8290,#8291,#8292));
#8289 = ORIENTED_EDGE('',*,*,#8273,.T.);
#8290 = ORIENTED_EDGE('',*,*,#8194,.T.);
#8291 = ORIENTED_EDGE('',*,*,#8225,.T.);
#8292 = ORIENTED_EDGE('',*,*,#8249,.T.);
#8293 = PLANE('',#8294);
#8294 = AXIS2_PLACEMENT_3D('',#8295,#8296,#8297);
#8295 = CARTESIAN_POINT('',(28.373392166521,-6.4420747E-10,2.));
#8296 = DIRECTION('',(0.,0.,1.));
#8297 = DIRECTION('',(1.,0.,0.));
#8298 = ADVANCED_FACE('',(#8299),#8310,.T.);
#8299 = FACE_BOUND('',#8300,.T.);
#8300 = EDGE_LOOP('',(#8301,#8302,#8308,#8309));
#8301 = ORIENTED_EDGE('',*,*,#6667,.T.);
#8302 = ORIENTED_EDGE('',*,*,#8303,.T.);
#8303 = EDGE_CURVE('',#6660,#6073,#8304,.T.);
#8304 = LINE('',#8305,#8306);
#8305 = CARTESIAN_POINT('',(24.563392166521,-13.97,-2.2));
#8306 = VECTOR('',#8307,1.);
#8307 = DIRECTION('',(1.,0.,0.));
#8308 = ORIENTED_EDGE('',*,*,#6070,.F.);
#8309 = ORIENTED_EDGE('',*,*,#6110,.F.);
#8310 = PLANE('',#8311);
#8311 = AXIS2_PLACEMENT_3D('',#8312,#8313,#8314);
#8312 = CARTESIAN_POINT('',(43.613392166521,-13.97,-1.1));
#8313 = DIRECTION('',(-0.,-1.,-0.));
#8314 = DIRECTION('',(0.,0.,-1.));
#8315 = ADVANCED_FACE('',(#8316),#8327,.T.);
#8316 = FACE_BOUND('',#8317,.T.);
#8317 = EDGE_LOOP('',(#8318,#8319,#8320,#8321));
#8318 = ORIENTED_EDGE('',*,*,#6651,.F.);
#8319 = ORIENTED_EDGE('',*,*,#6119,.F.);
#8320 = ORIENTED_EDGE('',*,*,#6088,.T.);
#8321 = ORIENTED_EDGE('',*,*,#8322,.T.);
#8322 = EDGE_CURVE('',#6081,#6652,#8323,.T.);
#8323 = LINE('',#8324,#8325);
#8324 = CARTESIAN_POINT('',(62.663392166521,-11.43,-2.2));
#8325 = VECTOR('',#8326,1.);
#8326 = DIRECTION('',(-1.,0.,0.));
#8327 = PLANE('',#8328);
#8328 = AXIS2_PLACEMENT_3D('',#8329,#8330,#8331);
#8329 = CARTESIAN_POINT('',(43.613392166521,-11.43,-1.1));
#8330 = DIRECTION('',(0.,1.,0.));
#8331 = DIRECTION('',(0.,-0.,1.));
#8332 = ADVANCED_FACE('',(#8333,#8339,#8373,#8407,#8441,#8475,#8509,
    #8543,#8577,#8611,#8645,#8679,#8713,#8747,#8781,#8815),#8849,.T.);
#8333 = FACE_BOUND('',#8334,.T.);
#8334 = EDGE_LOOP('',(#8335,#8336,#8337,#8338));
#8335 = ORIENTED_EDGE('',*,*,#8303,.F.);
#8336 = ORIENTED_EDGE('',*,*,#6659,.F.);
#8337 = ORIENTED_EDGE('',*,*,#8322,.F.);
#8338 = ORIENTED_EDGE('',*,*,#6080,.F.);
#8339 = FACE_BOUND('',#8340,.T.);
#8340 = EDGE_LOOP('',(#8341,#8351,#8359,#8367));
#8341 = ORIENTED_EDGE('',*,*,#8342,.F.);
#8342 = EDGE_CURVE('',#8343,#8345,#8347,.T.);
#8343 = VERTEX_POINT('',#8344);
#8344 = CARTESIAN_POINT('',(26.133392166551,-13.00000000003,-2.2));
#8345 = VERTEX_POINT('',#8346);
#8346 = CARTESIAN_POINT('',(25.533392166491,-13.00000000003,-2.2));
#8347 = LINE('',#8348,#8349);
#8348 = CARTESIAN_POINT('',(25.683392166506,-13.00000000003,-2.2));
#8349 = VECTOR('',#8350,1.);
#8350 = DIRECTION('',(-1.,0.,0.));
#8351 = ORIENTED_EDGE('',*,*,#8352,.F.);
#8352 = EDGE_CURVE('',#8353,#8343,#8355,.T.);
#8353 = VERTEX_POINT('',#8354);
#8354 = CARTESIAN_POINT('',(26.133392166551,-12.39999999997,-2.2));
#8355 = LINE('',#8356,#8357);
#8356 = CARTESIAN_POINT('',(26.133392166551,-6.500000000015,-2.2));
#8357 = VECTOR('',#8358,1.);
#8358 = DIRECTION('',(0.,-1.,0.));
#8359 = ORIENTED_EDGE('',*,*,#8360,.F.);
#8360 = EDGE_CURVE('',#8361,#8353,#8363,.T.);
#8361 = VERTEX_POINT('',#8362);
#8362 = CARTESIAN_POINT('',(25.533392166491,-12.39999999997,-2.2));
#8363 = LINE('',#8364,#8365);
#8364 = CARTESIAN_POINT('',(25.983392166536,-12.39999999997,-2.2));
#8365 = VECTOR('',#8366,1.);
#8366 = DIRECTION('',(1.,0.,0.));
#8367 = ORIENTED_EDGE('',*,*,#8368,.F.);
#8368 = EDGE_CURVE('',#8345,#8361,#8369,.T.);
#8369 = LINE('',#8370,#8371);
#8370 = CARTESIAN_POINT('',(25.533392166491,-6.199999999985,-2.2));
#8371 = VECTOR('',#8372,1.);
#8372 = DIRECTION('',(0.,1.,0.));
#8373 = FACE_BOUND('',#8374,.T.);
#8374 = EDGE_LOOP('',(#8375,#8385,#8393,#8401));
#8375 = ORIENTED_EDGE('',*,*,#8376,.F.);
#8376 = EDGE_CURVE('',#8377,#8379,#8381,.T.);
#8377 = VERTEX_POINT('',#8378);
#8378 = CARTESIAN_POINT('',(31.213392166551,-13.00000000003,-2.2));
#8379 = VERTEX_POINT('',#8380);
#8380 = CARTESIAN_POINT('',(30.613392166491,-13.00000000003,-2.2));
#8381 = LINE('',#8382,#8383);
#8382 = CARTESIAN_POINT('',(30.763392166506,-13.00000000003,-2.2));
#8383 = VECTOR('',#8384,1.);
#8384 = DIRECTION('',(-1.,0.,0.));
#8385 = ORIENTED_EDGE('',*,*,#8386,.F.);
#8386 = EDGE_CURVE('',#8387,#8377,#8389,.T.);
#8387 = VERTEX_POINT('',#8388);
#8388 = CARTESIAN_POINT('',(31.213392166551,-12.39999999997,-2.2));
#8389 = LINE('',#8390,#8391);
#8390 = CARTESIAN_POINT('',(31.213392166551,-6.500000000015,-2.2));
#8391 = VECTOR('',#8392,1.);
#8392 = DIRECTION('',(0.,-1.,0.));
#8393 = ORIENTED_EDGE('',*,*,#8394,.F.);
#8394 = EDGE_CURVE('',#8395,#8387,#8397,.T.);
#8395 = VERTEX_POINT('',#8396);
#8396 = CARTESIAN_POINT('',(30.613392166491,-12.39999999997,-2.2));
#8397 = LINE('',#8398,#8399);
#8398 = CARTESIAN_POINT('',(31.063392166536,-12.39999999997,-2.2));
#8399 = VECTOR('',#8400,1.);
#8400 = DIRECTION('',(1.,0.,0.));
#8401 = ORIENTED_EDGE('',*,*,#8402,.F.);
#8402 = EDGE_CURVE('',#8379,#8395,#8403,.T.);
#8403 = LINE('',#8404,#8405);
#8404 = CARTESIAN_POINT('',(30.613392166491,-6.199999999985,-2.2));
#8405 = VECTOR('',#8406,1.);
#8406 = DIRECTION('',(0.,1.,0.));
#8407 = FACE_BOUND('',#8408,.T.);
#8408 = EDGE_LOOP('',(#8409,#8419,#8427,#8435));
#8409 = ORIENTED_EDGE('',*,*,#8410,.F.);
#8410 = EDGE_CURVE('',#8411,#8413,#8415,.T.);
#8411 = VERTEX_POINT('',#8412);
#8412 = CARTESIAN_POINT('',(33.753392166551,-13.00000000003,-2.2));
#8413 = VERTEX_POINT('',#8414);
#8414 = CARTESIAN_POINT('',(33.153392166491,-13.00000000003,-2.2));
#8415 = LINE('',#8416,#8417);
#8416 = CARTESIAN_POINT('',(33.303392166506,-13.00000000003,-2.2));
#8417 = VECTOR('',#8418,1.);
#8418 = DIRECTION('',(-1.,0.,0.));
#8419 = ORIENTED_EDGE('',*,*,#8420,.F.);
#8420 = EDGE_CURVE('',#8421,#8411,#8423,.T.);
#8421 = VERTEX_POINT('',#8422);
#8422 = CARTESIAN_POINT('',(33.753392166551,-12.39999999997,-2.2));
#8423 = LINE('',#8424,#8425);
#8424 = CARTESIAN_POINT('',(33.753392166551,-6.500000000015,-2.2));
#8425 = VECTOR('',#8426,1.);
#8426 = DIRECTION('',(0.,-1.,0.));
#8427 = ORIENTED_EDGE('',*,*,#8428,.F.);
#8428 = EDGE_CURVE('',#8429,#8421,#8431,.T.);
#8429 = VERTEX_POINT('',#8430);
#8430 = CARTESIAN_POINT('',(33.153392166491,-12.39999999997,-2.2));
#8431 = LINE('',#8432,#8433);
#8432 = CARTESIAN_POINT('',(33.603392166536,-12.39999999997,-2.2));
#8433 = VECTOR('',#8434,1.);
#8434 = DIRECTION('',(1.,0.,0.));
#8435 = ORIENTED_EDGE('',*,*,#8436,.F.);
#8436 = EDGE_CURVE('',#8413,#8429,#8437,.T.);
#8437 = LINE('',#8438,#8439);
#8438 = CARTESIAN_POINT('',(33.153392166491,-6.199999999985,-2.2));
#8439 = VECTOR('',#8440,1.);
#8440 = DIRECTION('',(0.,1.,0.));
#8441 = FACE_BOUND('',#8442,.T.);
#8442 = EDGE_LOOP('',(#8443,#8453,#8461,#8469));
#8443 = ORIENTED_EDGE('',*,*,#8444,.F.);
#8444 = EDGE_CURVE('',#8445,#8447,#8449,.T.);
#8445 = VERTEX_POINT('',#8446);
#8446 = CARTESIAN_POINT('',(36.293392166551,-13.00000000003,-2.2));
#8447 = VERTEX_POINT('',#8448);
#8448 = CARTESIAN_POINT('',(35.693392166491,-13.00000000003,-2.2));
#8449 = LINE('',#8450,#8451);
#8450 = CARTESIAN_POINT('',(35.843392166506,-13.00000000003,-2.2));
#8451 = VECTOR('',#8452,1.);
#8452 = DIRECTION('',(-1.,0.,0.));
#8453 = ORIENTED_EDGE('',*,*,#8454,.F.);
#8454 = EDGE_CURVE('',#8455,#8445,#8457,.T.);
#8455 = VERTEX_POINT('',#8456);
#8456 = CARTESIAN_POINT('',(36.293392166551,-12.39999999997,-2.2));
#8457 = LINE('',#8458,#8459);
#8458 = CARTESIAN_POINT('',(36.293392166551,-6.500000000015,-2.2));
#8459 = VECTOR('',#8460,1.);
#8460 = DIRECTION('',(0.,-1.,0.));
#8461 = ORIENTED_EDGE('',*,*,#8462,.F.);
#8462 = EDGE_CURVE('',#8463,#8455,#8465,.T.);
#8463 = VERTEX_POINT('',#8464);
#8464 = CARTESIAN_POINT('',(35.693392166491,-12.39999999997,-2.2));
#8465 = LINE('',#8466,#8467);
#8466 = CARTESIAN_POINT('',(36.143392166536,-12.39999999997,-2.2));
#8467 = VECTOR('',#8468,1.);
#8468 = DIRECTION('',(1.,0.,0.));
#8469 = ORIENTED_EDGE('',*,*,#8470,.F.);
#8470 = EDGE_CURVE('',#8447,#8463,#8471,.T.);
#8471 = LINE('',#8472,#8473);
#8472 = CARTESIAN_POINT('',(35.693392166491,-6.199999999985,-2.2));
#8473 = VECTOR('',#8474,1.);
#8474 = DIRECTION('',(0.,1.,0.));
#8475 = FACE_BOUND('',#8476,.T.);
#8476 = EDGE_LOOP('',(#8477,#8487,#8495,#8503));
#8477 = ORIENTED_EDGE('',*,*,#8478,.F.);
#8478 = EDGE_CURVE('',#8479,#8481,#8483,.T.);
#8479 = VERTEX_POINT('',#8480);
#8480 = CARTESIAN_POINT('',(38.833392166551,-13.00000000003,-2.2));
#8481 = VERTEX_POINT('',#8482);
#8482 = CARTESIAN_POINT('',(38.233392166491,-13.00000000003,-2.2));
#8483 = LINE('',#8484,#8485);
#8484 = CARTESIAN_POINT('',(38.383392166506,-13.00000000003,-2.2));
#8485 = VECTOR('',#8486,1.);
#8486 = DIRECTION('',(-1.,0.,0.));
#8487 = ORIENTED_EDGE('',*,*,#8488,.F.);
#8488 = EDGE_CURVE('',#8489,#8479,#8491,.T.);
#8489 = VERTEX_POINT('',#8490);
#8490 = CARTESIAN_POINT('',(38.833392166551,-12.39999999997,-2.2));
#8491 = LINE('',#8492,#8493);
#8492 = CARTESIAN_POINT('',(38.833392166551,-6.500000000015,-2.2));
#8493 = VECTOR('',#8494,1.);
#8494 = DIRECTION('',(0.,-1.,0.));
#8495 = ORIENTED_EDGE('',*,*,#8496,.F.);
#8496 = EDGE_CURVE('',#8497,#8489,#8499,.T.);
#8497 = VERTEX_POINT('',#8498);
#8498 = CARTESIAN_POINT('',(38.233392166491,-12.39999999997,-2.2));
#8499 = LINE('',#8500,#8501);
#8500 = CARTESIAN_POINT('',(38.683392166536,-12.39999999997,-2.2));
#8501 = VECTOR('',#8502,1.);
#8502 = DIRECTION('',(1.,0.,0.));
#8503 = ORIENTED_EDGE('',*,*,#8504,.F.);
#8504 = EDGE_CURVE('',#8481,#8497,#8505,.T.);
#8505 = LINE('',#8506,#8507);
#8506 = CARTESIAN_POINT('',(38.233392166491,-6.199999999985,-2.2));
#8507 = VECTOR('',#8508,1.);
#8508 = DIRECTION('',(0.,1.,0.));
#8509 = FACE_BOUND('',#8510,.T.);
#8510 = EDGE_LOOP('',(#8511,#8521,#8529,#8537));
#8511 = ORIENTED_EDGE('',*,*,#8512,.F.);
#8512 = EDGE_CURVE('',#8513,#8515,#8517,.T.);
#8513 = VERTEX_POINT('',#8514);
#8514 = CARTESIAN_POINT('',(41.373392166551,-13.00000000003,-2.2));
#8515 = VERTEX_POINT('',#8516);
#8516 = CARTESIAN_POINT('',(40.773392166491,-13.00000000003,-2.2));
#8517 = LINE('',#8518,#8519);
#8518 = CARTESIAN_POINT('',(40.923392166506,-13.00000000003,-2.2));
#8519 = VECTOR('',#8520,1.);
#8520 = DIRECTION('',(-1.,0.,0.));
#8521 = ORIENTED_EDGE('',*,*,#8522,.F.);
#8522 = EDGE_CURVE('',#8523,#8513,#8525,.T.);
#8523 = VERTEX_POINT('',#8524);
#8524 = CARTESIAN_POINT('',(41.373392166551,-12.39999999997,-2.2));
#8525 = LINE('',#8526,#8527);
#8526 = CARTESIAN_POINT('',(41.373392166551,-6.500000000015,-2.2));
#8527 = VECTOR('',#8528,1.);
#8528 = DIRECTION('',(0.,-1.,0.));
#8529 = ORIENTED_EDGE('',*,*,#8530,.F.);
#8530 = EDGE_CURVE('',#8531,#8523,#8533,.T.);
#8531 = VERTEX_POINT('',#8532);
#8532 = CARTESIAN_POINT('',(40.773392166491,-12.39999999997,-2.2));
#8533 = LINE('',#8534,#8535);
#8534 = CARTESIAN_POINT('',(41.223392166536,-12.39999999997,-2.2));
#8535 = VECTOR('',#8536,1.);
#8536 = DIRECTION('',(1.,0.,0.));
#8537 = ORIENTED_EDGE('',*,*,#8538,.F.);
#8538 = EDGE_CURVE('',#8515,#8531,#8539,.T.);
#8539 = LINE('',#8540,#8541);
#8540 = CARTESIAN_POINT('',(40.773392166491,-6.199999999985,-2.2));
#8541 = VECTOR('',#8542,1.);
#8542 = DIRECTION('',(0.,1.,0.));
#8543 = FACE_BOUND('',#8544,.T.);
#8544 = EDGE_LOOP('',(#8545,#8555,#8563,#8571));
#8545 = ORIENTED_EDGE('',*,*,#8546,.F.);
#8546 = EDGE_CURVE('',#8547,#8549,#8551,.T.);
#8547 = VERTEX_POINT('',#8548);
#8548 = CARTESIAN_POINT('',(43.913392166551,-13.00000000003,-2.2));
#8549 = VERTEX_POINT('',#8550);
#8550 = CARTESIAN_POINT('',(43.313392166491,-13.00000000003,-2.2));
#8551 = LINE('',#8552,#8553);
#8552 = CARTESIAN_POINT('',(43.463392166506,-13.00000000003,-2.2));
#8553 = VECTOR('',#8554,1.);
#8554 = DIRECTION('',(-1.,0.,0.));
#8555 = ORIENTED_EDGE('',*,*,#8556,.F.);
#8556 = EDGE_CURVE('',#8557,#8547,#8559,.T.);
#8557 = VERTEX_POINT('',#8558);
#8558 = CARTESIAN_POINT('',(43.913392166551,-12.39999999997,-2.2));
#8559 = LINE('',#8560,#8561);
#8560 = CARTESIAN_POINT('',(43.913392166551,-6.500000000015,-2.2));
#8561 = VECTOR('',#8562,1.);
#8562 = DIRECTION('',(0.,-1.,0.));
#8563 = ORIENTED_EDGE('',*,*,#8564,.F.);
#8564 = EDGE_CURVE('',#8565,#8557,#8567,.T.);
#8565 = VERTEX_POINT('',#8566);
#8566 = CARTESIAN_POINT('',(43.313392166491,-12.39999999997,-2.2));
#8567 = LINE('',#8568,#8569);
#8568 = CARTESIAN_POINT('',(43.763392166536,-12.39999999997,-2.2));
#8569 = VECTOR('',#8570,1.);
#8570 = DIRECTION('',(1.,0.,0.));
#8571 = ORIENTED_EDGE('',*,*,#8572,.F.);
#8572 = EDGE_CURVE('',#8549,#8565,#8573,.T.);
#8573 = LINE('',#8574,#8575);
#8574 = CARTESIAN_POINT('',(43.313392166491,-6.199999999985,-2.2));
#8575 = VECTOR('',#8576,1.);
#8576 = DIRECTION('',(0.,1.,0.));
#8577 = FACE_BOUND('',#8578,.T.);
#8578 = EDGE_LOOP('',(#8579,#8589,#8597,#8605));
#8579 = ORIENTED_EDGE('',*,*,#8580,.F.);
#8580 = EDGE_CURVE('',#8581,#8583,#8585,.T.);
#8581 = VERTEX_POINT('',#8582);
#8582 = CARTESIAN_POINT('',(46.453392166551,-13.00000000003,-2.2));
#8583 = VERTEX_POINT('',#8584);
#8584 = CARTESIAN_POINT('',(45.853392166491,-13.00000000003,-2.2));
#8585 = LINE('',#8586,#8587);
#8586 = CARTESIAN_POINT('',(46.003392166506,-13.00000000003,-2.2));
#8587 = VECTOR('',#8588,1.);
#8588 = DIRECTION('',(-1.,0.,0.));
#8589 = ORIENTED_EDGE('',*,*,#8590,.F.);
#8590 = EDGE_CURVE('',#8591,#8581,#8593,.T.);
#8591 = VERTEX_POINT('',#8592);
#8592 = CARTESIAN_POINT('',(46.453392166551,-12.39999999997,-2.2));
#8593 = LINE('',#8594,#8595);
#8594 = CARTESIAN_POINT('',(46.453392166551,-6.500000000015,-2.2));
#8595 = VECTOR('',#8596,1.);
#8596 = DIRECTION('',(0.,-1.,0.));
#8597 = ORIENTED_EDGE('',*,*,#8598,.F.);
#8598 = EDGE_CURVE('',#8599,#8591,#8601,.T.);
#8599 = VERTEX_POINT('',#8600);
#8600 = CARTESIAN_POINT('',(45.853392166491,-12.39999999997,-2.2));
#8601 = LINE('',#8602,#8603);
#8602 = CARTESIAN_POINT('',(46.303392166536,-12.39999999997,-2.2));
#8603 = VECTOR('',#8604,1.);
#8604 = DIRECTION('',(1.,0.,0.));
#8605 = ORIENTED_EDGE('',*,*,#8606,.F.);
#8606 = EDGE_CURVE('',#8583,#8599,#8607,.T.);
#8607 = LINE('',#8608,#8609);
#8608 = CARTESIAN_POINT('',(45.853392166491,-6.199999999985,-2.2));
#8609 = VECTOR('',#8610,1.);
#8610 = DIRECTION('',(0.,1.,0.));
#8611 = FACE_BOUND('',#8612,.T.);
#8612 = EDGE_LOOP('',(#8613,#8623,#8631,#8639));
#8613 = ORIENTED_EDGE('',*,*,#8614,.F.);
#8614 = EDGE_CURVE('',#8615,#8617,#8619,.T.);
#8615 = VERTEX_POINT('',#8616);
#8616 = CARTESIAN_POINT('',(48.993392166551,-13.00000000003,-2.2));
#8617 = VERTEX_POINT('',#8618);
#8618 = CARTESIAN_POINT('',(48.393392166491,-13.00000000003,-2.2));
#8619 = LINE('',#8620,#8621);
#8620 = CARTESIAN_POINT('',(48.543392166506,-13.00000000003,-2.2));
#8621 = VECTOR('',#8622,1.);
#8622 = DIRECTION('',(-1.,0.,0.));
#8623 = ORIENTED_EDGE('',*,*,#8624,.F.);
#8624 = EDGE_CURVE('',#8625,#8615,#8627,.T.);
#8625 = VERTEX_POINT('',#8626);
#8626 = CARTESIAN_POINT('',(48.993392166551,-12.39999999997,-2.2));
#8627 = LINE('',#8628,#8629);
#8628 = CARTESIAN_POINT('',(48.993392166551,-6.500000000015,-2.2));
#8629 = VECTOR('',#8630,1.);
#8630 = DIRECTION('',(0.,-1.,0.));
#8631 = ORIENTED_EDGE('',*,*,#8632,.F.);
#8632 = EDGE_CURVE('',#8633,#8625,#8635,.T.);
#8633 = VERTEX_POINT('',#8634);
#8634 = CARTESIAN_POINT('',(48.393392166491,-12.39999999997,-2.2));
#8635 = LINE('',#8636,#8637);
#8636 = CARTESIAN_POINT('',(48.843392166536,-12.39999999997,-2.2));
#8637 = VECTOR('',#8638,1.);
#8638 = DIRECTION('',(1.,0.,0.));
#8639 = ORIENTED_EDGE('',*,*,#8640,.F.);
#8640 = EDGE_CURVE('',#8617,#8633,#8641,.T.);
#8641 = LINE('',#8642,#8643);
#8642 = CARTESIAN_POINT('',(48.393392166491,-6.199999999985,-2.2));
#8643 = VECTOR('',#8644,1.);
#8644 = DIRECTION('',(0.,1.,0.));
#8645 = FACE_BOUND('',#8646,.T.);
#8646 = EDGE_LOOP('',(#8647,#8657,#8665,#8673));
#8647 = ORIENTED_EDGE('',*,*,#8648,.F.);
#8648 = EDGE_CURVE('',#8649,#8651,#8653,.T.);
#8649 = VERTEX_POINT('',#8650);
#8650 = CARTESIAN_POINT('',(51.533392166551,-13.00000000003,-2.2));
#8651 = VERTEX_POINT('',#8652);
#8652 = CARTESIAN_POINT('',(50.933392166491,-13.00000000003,-2.2));
#8653 = LINE('',#8654,#8655);
#8654 = CARTESIAN_POINT('',(51.083392166506,-13.00000000003,-2.2));
#8655 = VECTOR('',#8656,1.);
#8656 = DIRECTION('',(-1.,0.,0.));
#8657 = ORIENTED_EDGE('',*,*,#8658,.F.);
#8658 = EDGE_CURVE('',#8659,#8649,#8661,.T.);
#8659 = VERTEX_POINT('',#8660);
#8660 = CARTESIAN_POINT('',(51.533392166551,-12.39999999997,-2.2));
#8661 = LINE('',#8662,#8663);
#8662 = CARTESIAN_POINT('',(51.533392166551,-6.500000000015,-2.2));
#8663 = VECTOR('',#8664,1.);
#8664 = DIRECTION('',(0.,-1.,0.));
#8665 = ORIENTED_EDGE('',*,*,#8666,.F.);
#8666 = EDGE_CURVE('',#8667,#8659,#8669,.T.);
#8667 = VERTEX_POINT('',#8668);
#8668 = CARTESIAN_POINT('',(50.933392166491,-12.39999999997,-2.2));
#8669 = LINE('',#8670,#8671);
#8670 = CARTESIAN_POINT('',(51.383392166536,-12.39999999997,-2.2));
#8671 = VECTOR('',#8672,1.);
#8672 = DIRECTION('',(1.,0.,0.));
#8673 = ORIENTED_EDGE('',*,*,#8674,.F.);
#8674 = EDGE_CURVE('',#8651,#8667,#8675,.T.);
#8675 = LINE('',#8676,#8677);
#8676 = CARTESIAN_POINT('',(50.933392166491,-6.199999999985,-2.2));
#8677 = VECTOR('',#8678,1.);
#8678 = DIRECTION('',(0.,1.,0.));
#8679 = FACE_BOUND('',#8680,.T.);
#8680 = EDGE_LOOP('',(#8681,#8691,#8699,#8707));
#8681 = ORIENTED_EDGE('',*,*,#8682,.F.);
#8682 = EDGE_CURVE('',#8683,#8685,#8687,.T.);
#8683 = VERTEX_POINT('',#8684);
#8684 = CARTESIAN_POINT('',(54.073392166551,-13.00000000003,-2.2));
#8685 = VERTEX_POINT('',#8686);
#8686 = CARTESIAN_POINT('',(53.473392166491,-13.00000000003,-2.2));
#8687 = LINE('',#8688,#8689);
#8688 = CARTESIAN_POINT('',(53.623392166506,-13.00000000003,-2.2));
#8689 = VECTOR('',#8690,1.);
#8690 = DIRECTION('',(-1.,0.,0.));
#8691 = ORIENTED_EDGE('',*,*,#8692,.F.);
#8692 = EDGE_CURVE('',#8693,#8683,#8695,.T.);
#8693 = VERTEX_POINT('',#8694);
#8694 = CARTESIAN_POINT('',(54.073392166551,-12.39999999997,-2.2));
#8695 = LINE('',#8696,#8697);
#8696 = CARTESIAN_POINT('',(54.073392166551,-6.500000000015,-2.2));
#8697 = VECTOR('',#8698,1.);
#8698 = DIRECTION('',(0.,-1.,0.));
#8699 = ORIENTED_EDGE('',*,*,#8700,.F.);
#8700 = EDGE_CURVE('',#8701,#8693,#8703,.T.);
#8701 = VERTEX_POINT('',#8702);
#8702 = CARTESIAN_POINT('',(53.473392166491,-12.39999999997,-2.2));
#8703 = LINE('',#8704,#8705);
#8704 = CARTESIAN_POINT('',(53.923392166536,-12.39999999997,-2.2));
#8705 = VECTOR('',#8706,1.);
#8706 = DIRECTION('',(1.,0.,0.));
#8707 = ORIENTED_EDGE('',*,*,#8708,.F.);
#8708 = EDGE_CURVE('',#8685,#8701,#8709,.T.);
#8709 = LINE('',#8710,#8711);
#8710 = CARTESIAN_POINT('',(53.473392166491,-6.199999999985,-2.2));
#8711 = VECTOR('',#8712,1.);
#8712 = DIRECTION('',(0.,1.,0.));
#8713 = FACE_BOUND('',#8714,.T.);
#8714 = EDGE_LOOP('',(#8715,#8725,#8733,#8741));
#8715 = ORIENTED_EDGE('',*,*,#8716,.F.);
#8716 = EDGE_CURVE('',#8717,#8719,#8721,.T.);
#8717 = VERTEX_POINT('',#8718);
#8718 = CARTESIAN_POINT('',(56.613392166551,-13.00000000003,-2.2));
#8719 = VERTEX_POINT('',#8720);
#8720 = CARTESIAN_POINT('',(56.013392166491,-13.00000000003,-2.2));
#8721 = LINE('',#8722,#8723);
#8722 = CARTESIAN_POINT('',(56.163392166506,-13.00000000003,-2.2));
#8723 = VECTOR('',#8724,1.);
#8724 = DIRECTION('',(-1.,0.,0.));
#8725 = ORIENTED_EDGE('',*,*,#8726,.F.);
#8726 = EDGE_CURVE('',#8727,#8717,#8729,.T.);
#8727 = VERTEX_POINT('',#8728);
#8728 = CARTESIAN_POINT('',(56.613392166551,-12.39999999997,-2.2));
#8729 = LINE('',#8730,#8731);
#8730 = CARTESIAN_POINT('',(56.613392166551,-6.500000000015,-2.2));
#8731 = VECTOR('',#8732,1.);
#8732 = DIRECTION('',(0.,-1.,0.));
#8733 = ORIENTED_EDGE('',*,*,#8734,.F.);
#8734 = EDGE_CURVE('',#8735,#8727,#8737,.T.);
#8735 = VERTEX_POINT('',#8736);
#8736 = CARTESIAN_POINT('',(56.013392166491,-12.39999999997,-2.2));
#8737 = LINE('',#8738,#8739);
#8738 = CARTESIAN_POINT('',(56.463392166536,-12.39999999997,-2.2));
#8739 = VECTOR('',#8740,1.);
#8740 = DIRECTION('',(1.,0.,0.));
#8741 = ORIENTED_EDGE('',*,*,#8742,.F.);
#8742 = EDGE_CURVE('',#8719,#8735,#8743,.T.);
#8743 = LINE('',#8744,#8745);
#8744 = CARTESIAN_POINT('',(56.013392166491,-6.199999999985,-2.2));
#8745 = VECTOR('',#8746,1.);
#8746 = DIRECTION('',(0.,1.,0.));
#8747 = FACE_BOUND('',#8748,.T.);
#8748 = EDGE_LOOP('',(#8749,#8759,#8767,#8775));
#8749 = ORIENTED_EDGE('',*,*,#8750,.F.);
#8750 = EDGE_CURVE('',#8751,#8753,#8755,.T.);
#8751 = VERTEX_POINT('',#8752);
#8752 = CARTESIAN_POINT('',(59.153392166551,-13.00000000003,-2.2));
#8753 = VERTEX_POINT('',#8754);
#8754 = CARTESIAN_POINT('',(58.553392166491,-13.00000000003,-2.2));
#8755 = LINE('',#8756,#8757);
#8756 = CARTESIAN_POINT('',(58.703392166506,-13.00000000003,-2.2));
#8757 = VECTOR('',#8758,1.);
#8758 = DIRECTION('',(-1.,0.,0.));
#8759 = ORIENTED_EDGE('',*,*,#8760,.F.);
#8760 = EDGE_CURVE('',#8761,#8751,#8763,.T.);
#8761 = VERTEX_POINT('',#8762);
#8762 = CARTESIAN_POINT('',(59.153392166551,-12.39999999997,-2.2));
#8763 = LINE('',#8764,#8765);
#8764 = CARTESIAN_POINT('',(59.153392166551,-6.500000000015,-2.2));
#8765 = VECTOR('',#8766,1.);
#8766 = DIRECTION('',(0.,-1.,0.));
#8767 = ORIENTED_EDGE('',*,*,#8768,.F.);
#8768 = EDGE_CURVE('',#8769,#8761,#8771,.T.);
#8769 = VERTEX_POINT('',#8770);
#8770 = CARTESIAN_POINT('',(58.553392166491,-12.39999999997,-2.2));
#8771 = LINE('',#8772,#8773);
#8772 = CARTESIAN_POINT('',(59.003392166536,-12.39999999997,-2.2));
#8773 = VECTOR('',#8774,1.);
#8774 = DIRECTION('',(1.,0.,0.));
#8775 = ORIENTED_EDGE('',*,*,#8776,.F.);
#8776 = EDGE_CURVE('',#8753,#8769,#8777,.T.);
#8777 = LINE('',#8778,#8779);
#8778 = CARTESIAN_POINT('',(58.553392166491,-6.199999999985,-2.2));
#8779 = VECTOR('',#8780,1.);
#8780 = DIRECTION('',(0.,1.,0.));
#8781 = FACE_BOUND('',#8782,.T.);
#8782 = EDGE_LOOP('',(#8783,#8793,#8801,#8809));
#8783 = ORIENTED_EDGE('',*,*,#8784,.F.);
#8784 = EDGE_CURVE('',#8785,#8787,#8789,.T.);
#8785 = VERTEX_POINT('',#8786);
#8786 = CARTESIAN_POINT('',(61.693392166551,-13.00000000003,-2.2));
#8787 = VERTEX_POINT('',#8788);
#8788 = CARTESIAN_POINT('',(61.093392166491,-13.00000000003,-2.2));
#8789 = LINE('',#8790,#8791);
#8790 = CARTESIAN_POINT('',(61.243392166506,-13.00000000003,-2.2));
#8791 = VECTOR('',#8792,1.);
#8792 = DIRECTION('',(-1.,0.,0.));
#8793 = ORIENTED_EDGE('',*,*,#8794,.F.);
#8794 = EDGE_CURVE('',#8795,#8785,#8797,.T.);
#8795 = VERTEX_POINT('',#8796);
#8796 = CARTESIAN_POINT('',(61.693392166551,-12.39999999997,-2.2));
#8797 = LINE('',#8798,#8799);
#8798 = CARTESIAN_POINT('',(61.693392166551,-6.500000000015,-2.2));
#8799 = VECTOR('',#8800,1.);
#8800 = DIRECTION('',(0.,-1.,0.));
#8801 = ORIENTED_EDGE('',*,*,#8802,.F.);
#8802 = EDGE_CURVE('',#8803,#8795,#8805,.T.);
#8803 = VERTEX_POINT('',#8804);
#8804 = CARTESIAN_POINT('',(61.093392166491,-12.39999999997,-2.2));
#8805 = LINE('',#8806,#8807);
#8806 = CARTESIAN_POINT('',(61.543392166536,-12.39999999997,-2.2));
#8807 = VECTOR('',#8808,1.);
#8808 = DIRECTION('',(1.,0.,0.));
#8809 = ORIENTED_EDGE('',*,*,#8810,.F.);
#8810 = EDGE_CURVE('',#8787,#8803,#8811,.T.);
#8811 = LINE('',#8812,#8813);
#8812 = CARTESIAN_POINT('',(61.093392166491,-6.199999999985,-2.2));
#8813 = VECTOR('',#8814,1.);
#8814 = DIRECTION('',(0.,1.,0.));
#8815 = FACE_BOUND('',#8816,.T.);
#8816 = EDGE_LOOP('',(#8817,#8827,#8835,#8843));
#8817 = ORIENTED_EDGE('',*,*,#8818,.F.);
#8818 = EDGE_CURVE('',#8819,#8821,#8823,.T.);
#8819 = VERTEX_POINT('',#8820);
#8820 = CARTESIAN_POINT('',(28.673392166551,-13.00000000003,-2.2));
#8821 = VERTEX_POINT('',#8822);
#8822 = CARTESIAN_POINT('',(28.073392166491,-13.00000000003,-2.2));
#8823 = LINE('',#8824,#8825);
#8824 = CARTESIAN_POINT('',(28.223392166506,-13.00000000003,-2.2));
#8825 = VECTOR('',#8826,1.);
#8826 = DIRECTION('',(-1.,0.,0.));
#8827 = ORIENTED_EDGE('',*,*,#8828,.F.);
#8828 = EDGE_CURVE('',#8829,#8819,#8831,.T.);
#8829 = VERTEX_POINT('',#8830);
#8830 = CARTESIAN_POINT('',(28.673392166551,-12.39999999997,-2.2));
#8831 = LINE('',#8832,#8833);
#8832 = CARTESIAN_POINT('',(28.673392166551,-6.500000000015,-2.2));
#8833 = VECTOR('',#8834,1.);
#8834 = DIRECTION('',(0.,-1.,0.));
#8835 = ORIENTED_EDGE('',*,*,#8836,.F.);
#8836 = EDGE_CURVE('',#8837,#8829,#8839,.T.);
#8837 = VERTEX_POINT('',#8838);
#8838 = CARTESIAN_POINT('',(28.073392166491,-12.39999999997,-2.2));
#8839 = LINE('',#8840,#8841);
#8840 = CARTESIAN_POINT('',(28.523392166536,-12.39999999997,-2.2));
#8841 = VECTOR('',#8842,1.);
#8842 = DIRECTION('',(1.,0.,0.));
#8843 = ORIENTED_EDGE('',*,*,#8844,.F.);
#8844 = EDGE_CURVE('',#8821,#8837,#8845,.T.);
#8845 = LINE('',#8846,#8847);
#8846 = CARTESIAN_POINT('',(28.073392166491,-6.199999999985,-2.2));
#8847 = VECTOR('',#8848,1.);
#8848 = DIRECTION('',(0.,1.,0.));
#8849 = PLANE('',#8850);
#8850 = AXIS2_PLACEMENT_3D('',#8851,#8852,#8853);
#8851 = CARTESIAN_POINT('',(43.613392166521,-12.7,-2.2));
#8852 = DIRECTION('',(-0.,-0.,-1.));
#8853 = DIRECTION('',(-1.,0.,0.));
#8854 = ADVANCED_FACE('',(#8855),#8880,.T.);
#8855 = FACE_BOUND('',#8856,.T.);
#8856 = EDGE_LOOP('',(#8857,#8858,#8866,#8874));
#8857 = ORIENTED_EDGE('',*,*,#8342,.T.);
#8858 = ORIENTED_EDGE('',*,*,#8859,.T.);
#8859 = EDGE_CURVE('',#8345,#8860,#8862,.T.);
#8860 = VERTEX_POINT('',#8861);
#8861 = CARTESIAN_POINT('',(25.533392166491,-13.00000000003,-8.5));
#8862 = LINE('',#8863,#8864);
#8863 = CARTESIAN_POINT('',(25.533392166491,-13.00000000003,2.));
#8864 = VECTOR('',#8865,1.);
#8865 = DIRECTION('',(-0.,-0.,-1.));
#8866 = ORIENTED_EDGE('',*,*,#8867,.T.);
#8867 = EDGE_CURVE('',#8860,#8868,#8870,.T.);
#8868 = VERTEX_POINT('',#8869);
#8869 = CARTESIAN_POINT('',(26.133392166551,-13.00000000003,-8.5));
#8870 = LINE('',#8871,#8872);
#8871 = CARTESIAN_POINT('',(25.533392166491,-13.00000000003,-8.5));
#8872 = VECTOR('',#8873,1.);
#8873 = DIRECTION('',(1.,0.,0.));
#8874 = ORIENTED_EDGE('',*,*,#8875,.F.);
#8875 = EDGE_CURVE('',#8343,#8868,#8876,.T.);
#8876 = LINE('',#8877,#8878);
#8877 = CARTESIAN_POINT('',(26.133392166551,-13.00000000003,2.));
#8878 = VECTOR('',#8879,1.);
#8879 = DIRECTION('',(-0.,-0.,-1.));
#8880 = PLANE('',#8881);
#8881 = AXIS2_PLACEMENT_3D('',#8882,#8883,#8884);
#8882 = CARTESIAN_POINT('',(25.533392166491,-13.00000000003,2.));
#8883 = DIRECTION('',(0.,-1.,0.));
#8884 = DIRECTION('',(1.,0.,0.));
#8885 = ADVANCED_FACE('',(#8886),#8904,.T.);
#8886 = FACE_BOUND('',#8887,.T.);
#8887 = EDGE_LOOP('',(#8888,#8889,#8890,#8898));
#8888 = ORIENTED_EDGE('',*,*,#8352,.T.);
#8889 = ORIENTED_EDGE('',*,*,#8875,.T.);
#8890 = ORIENTED_EDGE('',*,*,#8891,.T.);
#8891 = EDGE_CURVE('',#8868,#8892,#8894,.T.);
#8892 = VERTEX_POINT('',#8893);
#8893 = CARTESIAN_POINT('',(26.133392166551,-12.39999999997,-8.5));
#8894 = LINE('',#8895,#8896);
#8895 = CARTESIAN_POINT('',(26.133392166551,-13.00000000003,-8.5));
#8896 = VECTOR('',#8897,1.);
#8897 = DIRECTION('',(0.,1.,0.));
#8898 = ORIENTED_EDGE('',*,*,#8899,.F.);
#8899 = EDGE_CURVE('',#8353,#8892,#8900,.T.);
#8900 = LINE('',#8901,#8902);
#8901 = CARTESIAN_POINT('',(26.133392166551,-12.39999999997,2.));
#8902 = VECTOR('',#8903,1.);
#8903 = DIRECTION('',(-0.,-0.,-1.));
#8904 = PLANE('',#8905);
#8905 = AXIS2_PLACEMENT_3D('',#8906,#8907,#8908);
#8906 = CARTESIAN_POINT('',(26.133392166551,-13.00000000003,2.));
#8907 = DIRECTION('',(1.,0.,0.));
#8908 = DIRECTION('',(0.,1.,0.));
#8909 = ADVANCED_FACE('',(#8910),#8928,.T.);
#8910 = FACE_BOUND('',#8911,.T.);
#8911 = EDGE_LOOP('',(#8912,#8913,#8914,#8922));
#8912 = ORIENTED_EDGE('',*,*,#8360,.T.);
#8913 = ORIENTED_EDGE('',*,*,#8899,.T.);
#8914 = ORIENTED_EDGE('',*,*,#8915,.T.);
#8915 = EDGE_CURVE('',#8892,#8916,#8918,.T.);
#8916 = VERTEX_POINT('',#8917);
#8917 = CARTESIAN_POINT('',(25.533392166491,-12.39999999997,-8.5));
#8918 = LINE('',#8919,#8920);
#8919 = CARTESIAN_POINT('',(26.133392166551,-12.39999999997,-8.5));
#8920 = VECTOR('',#8921,1.);
#8921 = DIRECTION('',(-1.,0.,0.));
#8922 = ORIENTED_EDGE('',*,*,#8923,.F.);
#8923 = EDGE_CURVE('',#8361,#8916,#8924,.T.);
#8924 = LINE('',#8925,#8926);
#8925 = CARTESIAN_POINT('',(25.533392166491,-12.39999999997,2.));
#8926 = VECTOR('',#8927,1.);
#8927 = DIRECTION('',(-0.,-0.,-1.));
#8928 = PLANE('',#8929);
#8929 = AXIS2_PLACEMENT_3D('',#8930,#8931,#8932);
#8930 = CARTESIAN_POINT('',(26.133392166551,-12.39999999997,2.));
#8931 = DIRECTION('',(0.,1.,0.));
#8932 = DIRECTION('',(-1.,0.,0.));
#8933 = ADVANCED_FACE('',(#8934),#8945,.T.);
#8934 = FACE_BOUND('',#8935,.T.);
#8935 = EDGE_LOOP('',(#8936,#8937,#8938,#8944));
#8936 = ORIENTED_EDGE('',*,*,#8368,.T.);
#8937 = ORIENTED_EDGE('',*,*,#8923,.T.);
#8938 = ORIENTED_EDGE('',*,*,#8939,.T.);
#8939 = EDGE_CURVE('',#8916,#8860,#8940,.T.);
#8940 = LINE('',#8941,#8942);
#8941 = CARTESIAN_POINT('',(25.533392166491,-12.39999999997,-8.5));
#8942 = VECTOR('',#8943,1.);
#8943 = DIRECTION('',(0.,-1.,0.));
#8944 = ORIENTED_EDGE('',*,*,#8859,.F.);
#8945 = PLANE('',#8946);
#8946 = AXIS2_PLACEMENT_3D('',#8947,#8948,#8949);
#8947 = CARTESIAN_POINT('',(25.533392166491,-12.39999999997,2.));
#8948 = DIRECTION('',(-1.,0.,0.));
#8949 = DIRECTION('',(0.,-1.,0.));
#8950 = ADVANCED_FACE('',(#8951),#8957,.F.);
#8951 = FACE_BOUND('',#8952,.F.);
#8952 = EDGE_LOOP('',(#8953,#8954,#8955,#8956));
#8953 = ORIENTED_EDGE('',*,*,#8939,.T.);
#8954 = ORIENTED_EDGE('',*,*,#8867,.T.);
#8955 = ORIENTED_EDGE('',*,*,#8891,.T.);
#8956 = ORIENTED_EDGE('',*,*,#8915,.T.);
#8957 = PLANE('',#8958);
#8958 = AXIS2_PLACEMENT_3D('',#8959,#8960,#8961);
#8959 = CARTESIAN_POINT('',(25.833392166521,-6.4420747E-10,-8.5));
#8960 = DIRECTION('',(0.,0.,1.));
#8961 = DIRECTION('',(1.,0.,0.));
#8962 = ADVANCED_FACE('',(#8963),#8988,.T.);
#8963 = FACE_BOUND('',#8964,.T.);
#8964 = EDGE_LOOP('',(#8965,#8966,#8974,#8982));
#8965 = ORIENTED_EDGE('',*,*,#8376,.T.);
#8966 = ORIENTED_EDGE('',*,*,#8967,.T.);
#8967 = EDGE_CURVE('',#8379,#8968,#8970,.T.);
#8968 = VERTEX_POINT('',#8969);
#8969 = CARTESIAN_POINT('',(30.613392166491,-13.00000000003,-8.5));
#8970 = LINE('',#8971,#8972);
#8971 = CARTESIAN_POINT('',(30.613392166491,-13.00000000003,2.));
#8972 = VECTOR('',#8973,1.);
#8973 = DIRECTION('',(-0.,-0.,-1.));
#8974 = ORIENTED_EDGE('',*,*,#8975,.T.);
#8975 = EDGE_CURVE('',#8968,#8976,#8978,.T.);
#8976 = VERTEX_POINT('',#8977);
#8977 = CARTESIAN_POINT('',(31.213392166551,-13.00000000003,-8.5));
#8978 = LINE('',#8979,#8980);
#8979 = CARTESIAN_POINT('',(30.613392166491,-13.00000000003,-8.5));
#8980 = VECTOR('',#8981,1.);
#8981 = DIRECTION('',(1.,0.,0.));
#8982 = ORIENTED_EDGE('',*,*,#8983,.F.);
#8983 = EDGE_CURVE('',#8377,#8976,#8984,.T.);
#8984 = LINE('',#8985,#8986);
#8985 = CARTESIAN_POINT('',(31.213392166551,-13.00000000003,2.));
#8986 = VECTOR('',#8987,1.);
#8987 = DIRECTION('',(-0.,-0.,-1.));
#8988 = PLANE('',#8989);
#8989 = AXIS2_PLACEMENT_3D('',#8990,#8991,#8992);
#8990 = CARTESIAN_POINT('',(30.613392166491,-13.00000000003,2.));
#8991 = DIRECTION('',(0.,-1.,0.));
#8992 = DIRECTION('',(1.,0.,0.));
#8993 = ADVANCED_FACE('',(#8994),#9012,.T.);
#8994 = FACE_BOUND('',#8995,.T.);
#8995 = EDGE_LOOP('',(#8996,#8997,#8998,#9006));
#8996 = ORIENTED_EDGE('',*,*,#8386,.T.);
#8997 = ORIENTED_EDGE('',*,*,#8983,.T.);
#8998 = ORIENTED_EDGE('',*,*,#8999,.T.);
#8999 = EDGE_CURVE('',#8976,#9000,#9002,.T.);
#9000 = VERTEX_POINT('',#9001);
#9001 = CARTESIAN_POINT('',(31.213392166551,-12.39999999997,-8.5));
#9002 = LINE('',#9003,#9004);
#9003 = CARTESIAN_POINT('',(31.213392166551,-13.00000000003,-8.5));
#9004 = VECTOR('',#9005,1.);
#9005 = DIRECTION('',(0.,1.,0.));
#9006 = ORIENTED_EDGE('',*,*,#9007,.F.);
#9007 = EDGE_CURVE('',#8387,#9000,#9008,.T.);
#9008 = LINE('',#9009,#9010);
#9009 = CARTESIAN_POINT('',(31.213392166551,-12.39999999997,2.));
#9010 = VECTOR('',#9011,1.);
#9011 = DIRECTION('',(-0.,-0.,-1.));
#9012 = PLANE('',#9013);
#9013 = AXIS2_PLACEMENT_3D('',#9014,#9015,#9016);
#9014 = CARTESIAN_POINT('',(31.213392166551,-13.00000000003,2.));
#9015 = DIRECTION('',(1.,0.,0.));
#9016 = DIRECTION('',(0.,1.,0.));
#9017 = ADVANCED_FACE('',(#9018),#9036,.T.);
#9018 = FACE_BOUND('',#9019,.T.);
#9019 = EDGE_LOOP('',(#9020,#9021,#9022,#9030));
#9020 = ORIENTED_EDGE('',*,*,#8394,.T.);
#9021 = ORIENTED_EDGE('',*,*,#9007,.T.);
#9022 = ORIENTED_EDGE('',*,*,#9023,.T.);
#9023 = EDGE_CURVE('',#9000,#9024,#9026,.T.);
#9024 = VERTEX_POINT('',#9025);
#9025 = CARTESIAN_POINT('',(30.613392166491,-12.39999999997,-8.5));
#9026 = LINE('',#9027,#9028);
#9027 = CARTESIAN_POINT('',(31.213392166551,-12.39999999997,-8.5));
#9028 = VECTOR('',#9029,1.);
#9029 = DIRECTION('',(-1.,0.,0.));
#9030 = ORIENTED_EDGE('',*,*,#9031,.F.);
#9031 = EDGE_CURVE('',#8395,#9024,#9032,.T.);
#9032 = LINE('',#9033,#9034);
#9033 = CARTESIAN_POINT('',(30.613392166491,-12.39999999997,2.));
#9034 = VECTOR('',#9035,1.);
#9035 = DIRECTION('',(-0.,-0.,-1.));
#9036 = PLANE('',#9037);
#9037 = AXIS2_PLACEMENT_3D('',#9038,#9039,#9040);
#9038 = CARTESIAN_POINT('',(31.213392166551,-12.39999999997,2.));
#9039 = DIRECTION('',(0.,1.,0.));
#9040 = DIRECTION('',(-1.,0.,0.));
#9041 = ADVANCED_FACE('',(#9042),#9053,.T.);
#9042 = FACE_BOUND('',#9043,.T.);
#9043 = EDGE_LOOP('',(#9044,#9045,#9046,#9052));
#9044 = ORIENTED_EDGE('',*,*,#8402,.T.);
#9045 = ORIENTED_EDGE('',*,*,#9031,.T.);
#9046 = ORIENTED_EDGE('',*,*,#9047,.T.);
#9047 = EDGE_CURVE('',#9024,#8968,#9048,.T.);
#9048 = LINE('',#9049,#9050);
#9049 = CARTESIAN_POINT('',(30.613392166491,-12.39999999997,-8.5));
#9050 = VECTOR('',#9051,1.);
#9051 = DIRECTION('',(0.,-1.,0.));
#9052 = ORIENTED_EDGE('',*,*,#8967,.F.);
#9053 = PLANE('',#9054);
#9054 = AXIS2_PLACEMENT_3D('',#9055,#9056,#9057);
#9055 = CARTESIAN_POINT('',(30.613392166491,-12.39999999997,2.));
#9056 = DIRECTION('',(-1.,0.,0.));
#9057 = DIRECTION('',(0.,-1.,0.));
#9058 = ADVANCED_FACE('',(#9059),#9065,.F.);
#9059 = FACE_BOUND('',#9060,.F.);
#9060 = EDGE_LOOP('',(#9061,#9062,#9063,#9064));
#9061 = ORIENTED_EDGE('',*,*,#9047,.T.);
#9062 = ORIENTED_EDGE('',*,*,#8975,.T.);
#9063 = ORIENTED_EDGE('',*,*,#8999,.T.);
#9064 = ORIENTED_EDGE('',*,*,#9023,.T.);
#9065 = PLANE('',#9066);
#9066 = AXIS2_PLACEMENT_3D('',#9067,#9068,#9069);
#9067 = CARTESIAN_POINT('',(30.913392166521,-6.4420747E-10,-8.5));
#9068 = DIRECTION('',(0.,0.,1.));
#9069 = DIRECTION('',(1.,0.,0.));
#9070 = ADVANCED_FACE('',(#9071),#9096,.T.);
#9071 = FACE_BOUND('',#9072,.T.);
#9072 = EDGE_LOOP('',(#9073,#9074,#9082,#9090));
#9073 = ORIENTED_EDGE('',*,*,#8410,.T.);
#9074 = ORIENTED_EDGE('',*,*,#9075,.T.);
#9075 = EDGE_CURVE('',#8413,#9076,#9078,.T.);
#9076 = VERTEX_POINT('',#9077);
#9077 = CARTESIAN_POINT('',(33.153392166491,-13.00000000003,-8.5));
#9078 = LINE('',#9079,#9080);
#9079 = CARTESIAN_POINT('',(33.153392166491,-13.00000000003,2.));
#9080 = VECTOR('',#9081,1.);
#9081 = DIRECTION('',(-0.,-0.,-1.));
#9082 = ORIENTED_EDGE('',*,*,#9083,.T.);
#9083 = EDGE_CURVE('',#9076,#9084,#9086,.T.);
#9084 = VERTEX_POINT('',#9085);
#9085 = CARTESIAN_POINT('',(33.753392166551,-13.00000000003,-8.5));
#9086 = LINE('',#9087,#9088);
#9087 = CARTESIAN_POINT('',(33.153392166491,-13.00000000003,-8.5));
#9088 = VECTOR('',#9089,1.);
#9089 = DIRECTION('',(1.,0.,0.));
#9090 = ORIENTED_EDGE('',*,*,#9091,.F.);
#9091 = EDGE_CURVE('',#8411,#9084,#9092,.T.);
#9092 = LINE('',#9093,#9094);
#9093 = CARTESIAN_POINT('',(33.753392166551,-13.00000000003,2.));
#9094 = VECTOR('',#9095,1.);
#9095 = DIRECTION('',(-0.,-0.,-1.));
#9096 = PLANE('',#9097);
#9097 = AXIS2_PLACEMENT_3D('',#9098,#9099,#9100);
#9098 = CARTESIAN_POINT('',(33.153392166491,-13.00000000003,2.));
#9099 = DIRECTION('',(0.,-1.,0.));
#9100 = DIRECTION('',(1.,0.,0.));
#9101 = ADVANCED_FACE('',(#9102),#9120,.T.);
#9102 = FACE_BOUND('',#9103,.T.);
#9103 = EDGE_LOOP('',(#9104,#9105,#9106,#9114));
#9104 = ORIENTED_EDGE('',*,*,#8420,.T.);
#9105 = ORIENTED_EDGE('',*,*,#9091,.T.);
#9106 = ORIENTED_EDGE('',*,*,#9107,.T.);
#9107 = EDGE_CURVE('',#9084,#9108,#9110,.T.);
#9108 = VERTEX_POINT('',#9109);
#9109 = CARTESIAN_POINT('',(33.753392166551,-12.39999999997,-8.5));
#9110 = LINE('',#9111,#9112);
#9111 = CARTESIAN_POINT('',(33.753392166551,-13.00000000003,-8.5));
#9112 = VECTOR('',#9113,1.);
#9113 = DIRECTION('',(0.,1.,0.));
#9114 = ORIENTED_EDGE('',*,*,#9115,.F.);
#9115 = EDGE_CURVE('',#8421,#9108,#9116,.T.);
#9116 = LINE('',#9117,#9118);
#9117 = CARTESIAN_POINT('',(33.753392166551,-12.39999999997,2.));
#9118 = VECTOR('',#9119,1.);
#9119 = DIRECTION('',(-0.,-0.,-1.));
#9120 = PLANE('',#9121);
#9121 = AXIS2_PLACEMENT_3D('',#9122,#9123,#9124);
#9122 = CARTESIAN_POINT('',(33.753392166551,-13.00000000003,2.));
#9123 = DIRECTION('',(1.,0.,0.));
#9124 = DIRECTION('',(0.,1.,0.));
#9125 = ADVANCED_FACE('',(#9126),#9144,.T.);
#9126 = FACE_BOUND('',#9127,.T.);
#9127 = EDGE_LOOP('',(#9128,#9129,#9130,#9138));
#9128 = ORIENTED_EDGE('',*,*,#8428,.T.);
#9129 = ORIENTED_EDGE('',*,*,#9115,.T.);
#9130 = ORIENTED_EDGE('',*,*,#9131,.T.);
#9131 = EDGE_CURVE('',#9108,#9132,#9134,.T.);
#9132 = VERTEX_POINT('',#9133);
#9133 = CARTESIAN_POINT('',(33.153392166491,-12.39999999997,-8.5));
#9134 = LINE('',#9135,#9136);
#9135 = CARTESIAN_POINT('',(33.753392166551,-12.39999999997,-8.5));
#9136 = VECTOR('',#9137,1.);
#9137 = DIRECTION('',(-1.,0.,0.));
#9138 = ORIENTED_EDGE('',*,*,#9139,.F.);
#9139 = EDGE_CURVE('',#8429,#9132,#9140,.T.);
#9140 = LINE('',#9141,#9142);
#9141 = CARTESIAN_POINT('',(33.153392166491,-12.39999999997,2.));
#9142 = VECTOR('',#9143,1.);
#9143 = DIRECTION('',(-0.,-0.,-1.));
#9144 = PLANE('',#9145);
#9145 = AXIS2_PLACEMENT_3D('',#9146,#9147,#9148);
#9146 = CARTESIAN_POINT('',(33.753392166551,-12.39999999997,2.));
#9147 = DIRECTION('',(0.,1.,0.));
#9148 = DIRECTION('',(-1.,0.,0.));
#9149 = ADVANCED_FACE('',(#9150),#9161,.T.);
#9150 = FACE_BOUND('',#9151,.T.);
#9151 = EDGE_LOOP('',(#9152,#9153,#9154,#9160));
#9152 = ORIENTED_EDGE('',*,*,#8436,.T.);
#9153 = ORIENTED_EDGE('',*,*,#9139,.T.);
#9154 = ORIENTED_EDGE('',*,*,#9155,.T.);
#9155 = EDGE_CURVE('',#9132,#9076,#9156,.T.);
#9156 = LINE('',#9157,#9158);
#9157 = CARTESIAN_POINT('',(33.153392166491,-12.39999999997,-8.5));
#9158 = VECTOR('',#9159,1.);
#9159 = DIRECTION('',(0.,-1.,0.));
#9160 = ORIENTED_EDGE('',*,*,#9075,.F.);
#9161 = PLANE('',#9162);
#9162 = AXIS2_PLACEMENT_3D('',#9163,#9164,#9165);
#9163 = CARTESIAN_POINT('',(33.153392166491,-12.39999999997,2.));
#9164 = DIRECTION('',(-1.,0.,0.));
#9165 = DIRECTION('',(0.,-1.,0.));
#9166 = ADVANCED_FACE('',(#9167),#9173,.F.);
#9167 = FACE_BOUND('',#9168,.F.);
#9168 = EDGE_LOOP('',(#9169,#9170,#9171,#9172));
#9169 = ORIENTED_EDGE('',*,*,#9155,.T.);
#9170 = ORIENTED_EDGE('',*,*,#9083,.T.);
#9171 = ORIENTED_EDGE('',*,*,#9107,.T.);
#9172 = ORIENTED_EDGE('',*,*,#9131,.T.);
#9173 = PLANE('',#9174);
#9174 = AXIS2_PLACEMENT_3D('',#9175,#9176,#9177);
#9175 = CARTESIAN_POINT('',(33.453392166521,-6.4420747E-10,-8.5));
#9176 = DIRECTION('',(0.,0.,1.));
#9177 = DIRECTION('',(1.,0.,0.));
#9178 = ADVANCED_FACE('',(#9179),#9204,.T.);
#9179 = FACE_BOUND('',#9180,.T.);
#9180 = EDGE_LOOP('',(#9181,#9182,#9190,#9198));
#9181 = ORIENTED_EDGE('',*,*,#8444,.T.);
#9182 = ORIENTED_EDGE('',*,*,#9183,.T.);
#9183 = EDGE_CURVE('',#8447,#9184,#9186,.T.);
#9184 = VERTEX_POINT('',#9185);
#9185 = CARTESIAN_POINT('',(35.693392166491,-13.00000000003,-8.5));
#9186 = LINE('',#9187,#9188);
#9187 = CARTESIAN_POINT('',(35.693392166491,-13.00000000003,2.));
#9188 = VECTOR('',#9189,1.);
#9189 = DIRECTION('',(-0.,-0.,-1.));
#9190 = ORIENTED_EDGE('',*,*,#9191,.T.);
#9191 = EDGE_CURVE('',#9184,#9192,#9194,.T.);
#9192 = VERTEX_POINT('',#9193);
#9193 = CARTESIAN_POINT('',(36.293392166551,-13.00000000003,-8.5));
#9194 = LINE('',#9195,#9196);
#9195 = CARTESIAN_POINT('',(35.693392166491,-13.00000000003,-8.5));
#9196 = VECTOR('',#9197,1.);
#9197 = DIRECTION('',(1.,0.,0.));
#9198 = ORIENTED_EDGE('',*,*,#9199,.F.);
#9199 = EDGE_CURVE('',#8445,#9192,#9200,.T.);
#9200 = LINE('',#9201,#9202);
#9201 = CARTESIAN_POINT('',(36.293392166551,-13.00000000003,2.));
#9202 = VECTOR('',#9203,1.);
#9203 = DIRECTION('',(-0.,-0.,-1.));
#9204 = PLANE('',#9205);
#9205 = AXIS2_PLACEMENT_3D('',#9206,#9207,#9208);
#9206 = CARTESIAN_POINT('',(35.693392166491,-13.00000000003,2.));
#9207 = DIRECTION('',(0.,-1.,0.));
#9208 = DIRECTION('',(1.,0.,0.));
#9209 = ADVANCED_FACE('',(#9210),#9228,.T.);
#9210 = FACE_BOUND('',#9211,.T.);
#9211 = EDGE_LOOP('',(#9212,#9213,#9214,#9222));
#9212 = ORIENTED_EDGE('',*,*,#8454,.T.);
#9213 = ORIENTED_EDGE('',*,*,#9199,.T.);
#9214 = ORIENTED_EDGE('',*,*,#9215,.T.);
#9215 = EDGE_CURVE('',#9192,#9216,#9218,.T.);
#9216 = VERTEX_POINT('',#9217);
#9217 = CARTESIAN_POINT('',(36.293392166551,-12.39999999997,-8.5));
#9218 = LINE('',#9219,#9220);
#9219 = CARTESIAN_POINT('',(36.293392166551,-13.00000000003,-8.5));
#9220 = VECTOR('',#9221,1.);
#9221 = DIRECTION('',(0.,1.,0.));
#9222 = ORIENTED_EDGE('',*,*,#9223,.F.);
#9223 = EDGE_CURVE('',#8455,#9216,#9224,.T.);
#9224 = LINE('',#9225,#9226);
#9225 = CARTESIAN_POINT('',(36.293392166551,-12.39999999997,2.));
#9226 = VECTOR('',#9227,1.);
#9227 = DIRECTION('',(-0.,-0.,-1.));
#9228 = PLANE('',#9229);
#9229 = AXIS2_PLACEMENT_3D('',#9230,#9231,#9232);
#9230 = CARTESIAN_POINT('',(36.293392166551,-13.00000000003,2.));
#9231 = DIRECTION('',(1.,0.,0.));
#9232 = DIRECTION('',(0.,1.,0.));
#9233 = ADVANCED_FACE('',(#9234),#9252,.T.);
#9234 = FACE_BOUND('',#9235,.T.);
#9235 = EDGE_LOOP('',(#9236,#9237,#9238,#9246));
#9236 = ORIENTED_EDGE('',*,*,#8462,.T.);
#9237 = ORIENTED_EDGE('',*,*,#9223,.T.);
#9238 = ORIENTED_EDGE('',*,*,#9239,.T.);
#9239 = EDGE_CURVE('',#9216,#9240,#9242,.T.);
#9240 = VERTEX_POINT('',#9241);
#9241 = CARTESIAN_POINT('',(35.693392166491,-12.39999999997,-8.5));
#9242 = LINE('',#9243,#9244);
#9243 = CARTESIAN_POINT('',(36.293392166551,-12.39999999997,-8.5));
#9244 = VECTOR('',#9245,1.);
#9245 = DIRECTION('',(-1.,0.,0.));
#9246 = ORIENTED_EDGE('',*,*,#9247,.F.);
#9247 = EDGE_CURVE('',#8463,#9240,#9248,.T.);
#9248 = LINE('',#9249,#9250);
#9249 = CARTESIAN_POINT('',(35.693392166491,-12.39999999997,2.));
#9250 = VECTOR('',#9251,1.);
#9251 = DIRECTION('',(-0.,-0.,-1.));
#9252 = PLANE('',#9253);
#9253 = AXIS2_PLACEMENT_3D('',#9254,#9255,#9256);
#9254 = CARTESIAN_POINT('',(36.293392166551,-12.39999999997,2.));
#9255 = DIRECTION('',(0.,1.,0.));
#9256 = DIRECTION('',(-1.,0.,0.));
#9257 = ADVANCED_FACE('',(#9258),#9269,.T.);
#9258 = FACE_BOUND('',#9259,.T.);
#9259 = EDGE_LOOP('',(#9260,#9261,#9262,#9268));
#9260 = ORIENTED_EDGE('',*,*,#8470,.T.);
#9261 = ORIENTED_EDGE('',*,*,#9247,.T.);
#9262 = ORIENTED_EDGE('',*,*,#9263,.T.);
#9263 = EDGE_CURVE('',#9240,#9184,#9264,.T.);
#9264 = LINE('',#9265,#9266);
#9265 = CARTESIAN_POINT('',(35.693392166491,-12.39999999997,-8.5));
#9266 = VECTOR('',#9267,1.);
#9267 = DIRECTION('',(0.,-1.,0.));
#9268 = ORIENTED_EDGE('',*,*,#9183,.F.);
#9269 = PLANE('',#9270);
#9270 = AXIS2_PLACEMENT_3D('',#9271,#9272,#9273);
#9271 = CARTESIAN_POINT('',(35.693392166491,-12.39999999997,2.));
#9272 = DIRECTION('',(-1.,0.,0.));
#9273 = DIRECTION('',(0.,-1.,0.));
#9274 = ADVANCED_FACE('',(#9275),#9281,.F.);
#9275 = FACE_BOUND('',#9276,.F.);
#9276 = EDGE_LOOP('',(#9277,#9278,#9279,#9280));
#9277 = ORIENTED_EDGE('',*,*,#9263,.T.);
#9278 = ORIENTED_EDGE('',*,*,#9191,.T.);
#9279 = ORIENTED_EDGE('',*,*,#9215,.T.);
#9280 = ORIENTED_EDGE('',*,*,#9239,.T.);
#9281 = PLANE('',#9282);
#9282 = AXIS2_PLACEMENT_3D('',#9283,#9284,#9285);
#9283 = CARTESIAN_POINT('',(35.993392166521,-6.4420747E-10,-8.5));
#9284 = DIRECTION('',(0.,0.,1.));
#9285 = DIRECTION('',(1.,0.,0.));
#9286 = ADVANCED_FACE('',(#9287),#9312,.T.);
#9287 = FACE_BOUND('',#9288,.T.);
#9288 = EDGE_LOOP('',(#9289,#9290,#9298,#9306));
#9289 = ORIENTED_EDGE('',*,*,#8478,.T.);
#9290 = ORIENTED_EDGE('',*,*,#9291,.T.);
#9291 = EDGE_CURVE('',#8481,#9292,#9294,.T.);
#9292 = VERTEX_POINT('',#9293);
#9293 = CARTESIAN_POINT('',(38.233392166491,-13.00000000003,-8.5));
#9294 = LINE('',#9295,#9296);
#9295 = CARTESIAN_POINT('',(38.233392166491,-13.00000000003,2.));
#9296 = VECTOR('',#9297,1.);
#9297 = DIRECTION('',(-0.,-0.,-1.));
#9298 = ORIENTED_EDGE('',*,*,#9299,.T.);
#9299 = EDGE_CURVE('',#9292,#9300,#9302,.T.);
#9300 = VERTEX_POINT('',#9301);
#9301 = CARTESIAN_POINT('',(38.833392166551,-13.00000000003,-8.5));
#9302 = LINE('',#9303,#9304);
#9303 = CARTESIAN_POINT('',(38.233392166491,-13.00000000003,-8.5));
#9304 = VECTOR('',#9305,1.);
#9305 = DIRECTION('',(1.,0.,0.));
#9306 = ORIENTED_EDGE('',*,*,#9307,.F.);
#9307 = EDGE_CURVE('',#8479,#9300,#9308,.T.);
#9308 = LINE('',#9309,#9310);
#9309 = CARTESIAN_POINT('',(38.833392166551,-13.00000000003,2.));
#9310 = VECTOR('',#9311,1.);
#9311 = DIRECTION('',(-0.,-0.,-1.));
#9312 = PLANE('',#9313);
#9313 = AXIS2_PLACEMENT_3D('',#9314,#9315,#9316);
#9314 = CARTESIAN_POINT('',(38.233392166491,-13.00000000003,2.));
#9315 = DIRECTION('',(0.,-1.,0.));
#9316 = DIRECTION('',(1.,0.,0.));
#9317 = ADVANCED_FACE('',(#9318),#9336,.T.);
#9318 = FACE_BOUND('',#9319,.T.);
#9319 = EDGE_LOOP('',(#9320,#9321,#9322,#9330));
#9320 = ORIENTED_EDGE('',*,*,#8488,.T.);
#9321 = ORIENTED_EDGE('',*,*,#9307,.T.);
#9322 = ORIENTED_EDGE('',*,*,#9323,.T.);
#9323 = EDGE_CURVE('',#9300,#9324,#9326,.T.);
#9324 = VERTEX_POINT('',#9325);
#9325 = CARTESIAN_POINT('',(38.833392166551,-12.39999999997,-8.5));
#9326 = LINE('',#9327,#9328);
#9327 = CARTESIAN_POINT('',(38.833392166551,-13.00000000003,-8.5));
#9328 = VECTOR('',#9329,1.);
#9329 = DIRECTION('',(0.,1.,0.));
#9330 = ORIENTED_EDGE('',*,*,#9331,.F.);
#9331 = EDGE_CURVE('',#8489,#9324,#9332,.T.);
#9332 = LINE('',#9333,#9334);
#9333 = CARTESIAN_POINT('',(38.833392166551,-12.39999999997,2.));
#9334 = VECTOR('',#9335,1.);
#9335 = DIRECTION('',(-0.,-0.,-1.));
#9336 = PLANE('',#9337);
#9337 = AXIS2_PLACEMENT_3D('',#9338,#9339,#9340);
#9338 = CARTESIAN_POINT('',(38.833392166551,-13.00000000003,2.));
#9339 = DIRECTION('',(1.,0.,0.));
#9340 = DIRECTION('',(0.,1.,0.));
#9341 = ADVANCED_FACE('',(#9342),#9360,.T.);
#9342 = FACE_BOUND('',#9343,.T.);
#9343 = EDGE_LOOP('',(#9344,#9345,#9346,#9354));
#9344 = ORIENTED_EDGE('',*,*,#8496,.T.);
#9345 = ORIENTED_EDGE('',*,*,#9331,.T.);
#9346 = ORIENTED_EDGE('',*,*,#9347,.T.);
#9347 = EDGE_CURVE('',#9324,#9348,#9350,.T.);
#9348 = VERTEX_POINT('',#9349);
#9349 = CARTESIAN_POINT('',(38.233392166491,-12.39999999997,-8.5));
#9350 = LINE('',#9351,#9352);
#9351 = CARTESIAN_POINT('',(38.833392166551,-12.39999999997,-8.5));
#9352 = VECTOR('',#9353,1.);
#9353 = DIRECTION('',(-1.,0.,0.));
#9354 = ORIENTED_EDGE('',*,*,#9355,.F.);
#9355 = EDGE_CURVE('',#8497,#9348,#9356,.T.);
#9356 = LINE('',#9357,#9358);
#9357 = CARTESIAN_POINT('',(38.233392166491,-12.39999999997,2.));
#9358 = VECTOR('',#9359,1.);
#9359 = DIRECTION('',(-0.,-0.,-1.));
#9360 = PLANE('',#9361);
#9361 = AXIS2_PLACEMENT_3D('',#9362,#9363,#9364);
#9362 = CARTESIAN_POINT('',(38.833392166551,-12.39999999997,2.));
#9363 = DIRECTION('',(0.,1.,0.));
#9364 = DIRECTION('',(-1.,0.,0.));
#9365 = ADVANCED_FACE('',(#9366),#9377,.T.);
#9366 = FACE_BOUND('',#9367,.T.);
#9367 = EDGE_LOOP('',(#9368,#9369,#9370,#9376));
#9368 = ORIENTED_EDGE('',*,*,#8504,.T.);
#9369 = ORIENTED_EDGE('',*,*,#9355,.T.);
#9370 = ORIENTED_EDGE('',*,*,#9371,.T.);
#9371 = EDGE_CURVE('',#9348,#9292,#9372,.T.);
#9372 = LINE('',#9373,#9374);
#9373 = CARTESIAN_POINT('',(38.233392166491,-12.39999999997,-8.5));
#9374 = VECTOR('',#9375,1.);
#9375 = DIRECTION('',(0.,-1.,0.));
#9376 = ORIENTED_EDGE('',*,*,#9291,.F.);
#9377 = PLANE('',#9378);
#9378 = AXIS2_PLACEMENT_3D('',#9379,#9380,#9381);
#9379 = CARTESIAN_POINT('',(38.233392166491,-12.39999999997,2.));
#9380 = DIRECTION('',(-1.,0.,0.));
#9381 = DIRECTION('',(0.,-1.,0.));
#9382 = ADVANCED_FACE('',(#9383),#9389,.F.);
#9383 = FACE_BOUND('',#9384,.F.);
#9384 = EDGE_LOOP('',(#9385,#9386,#9387,#9388));
#9385 = ORIENTED_EDGE('',*,*,#9371,.T.);
#9386 = ORIENTED_EDGE('',*,*,#9299,.T.);
#9387 = ORIENTED_EDGE('',*,*,#9323,.T.);
#9388 = ORIENTED_EDGE('',*,*,#9347,.T.);
#9389 = PLANE('',#9390);
#9390 = AXIS2_PLACEMENT_3D('',#9391,#9392,#9393);
#9391 = CARTESIAN_POINT('',(38.533392166521,-6.4420747E-10,-8.5));
#9392 = DIRECTION('',(0.,0.,1.));
#9393 = DIRECTION('',(1.,0.,0.));
#9394 = ADVANCED_FACE('',(#9395),#9420,.T.);
#9395 = FACE_BOUND('',#9396,.T.);
#9396 = EDGE_LOOP('',(#9397,#9398,#9406,#9414));
#9397 = ORIENTED_EDGE('',*,*,#8512,.T.);
#9398 = ORIENTED_EDGE('',*,*,#9399,.T.);
#9399 = EDGE_CURVE('',#8515,#9400,#9402,.T.);
#9400 = VERTEX_POINT('',#9401);
#9401 = CARTESIAN_POINT('',(40.773392166491,-13.00000000003,-8.5));
#9402 = LINE('',#9403,#9404);
#9403 = CARTESIAN_POINT('',(40.773392166491,-13.00000000003,2.));
#9404 = VECTOR('',#9405,1.);
#9405 = DIRECTION('',(-0.,-0.,-1.));
#9406 = ORIENTED_EDGE('',*,*,#9407,.T.);
#9407 = EDGE_CURVE('',#9400,#9408,#9410,.T.);
#9408 = VERTEX_POINT('',#9409);
#9409 = CARTESIAN_POINT('',(41.373392166551,-13.00000000003,-8.5));
#9410 = LINE('',#9411,#9412);
#9411 = CARTESIAN_POINT('',(40.773392166491,-13.00000000003,-8.5));
#9412 = VECTOR('',#9413,1.);
#9413 = DIRECTION('',(1.,0.,0.));
#9414 = ORIENTED_EDGE('',*,*,#9415,.F.);
#9415 = EDGE_CURVE('',#8513,#9408,#9416,.T.);
#9416 = LINE('',#9417,#9418);
#9417 = CARTESIAN_POINT('',(41.373392166551,-13.00000000003,2.));
#9418 = VECTOR('',#9419,1.);
#9419 = DIRECTION('',(-0.,-0.,-1.));
#9420 = PLANE('',#9421);
#9421 = AXIS2_PLACEMENT_3D('',#9422,#9423,#9424);
#9422 = CARTESIAN_POINT('',(40.773392166491,-13.00000000003,2.));
#9423 = DIRECTION('',(0.,-1.,0.));
#9424 = DIRECTION('',(1.,0.,0.));
#9425 = ADVANCED_FACE('',(#9426),#9444,.T.);
#9426 = FACE_BOUND('',#9427,.T.);
#9427 = EDGE_LOOP('',(#9428,#9429,#9430,#9438));
#9428 = ORIENTED_EDGE('',*,*,#8522,.T.);
#9429 = ORIENTED_EDGE('',*,*,#9415,.T.);
#9430 = ORIENTED_EDGE('',*,*,#9431,.T.);
#9431 = EDGE_CURVE('',#9408,#9432,#9434,.T.);
#9432 = VERTEX_POINT('',#9433);
#9433 = CARTESIAN_POINT('',(41.373392166551,-12.39999999997,-8.5));
#9434 = LINE('',#9435,#9436);
#9435 = CARTESIAN_POINT('',(41.373392166551,-13.00000000003,-8.5));
#9436 = VECTOR('',#9437,1.);
#9437 = DIRECTION('',(0.,1.,0.));
#9438 = ORIENTED_EDGE('',*,*,#9439,.F.);
#9439 = EDGE_CURVE('',#8523,#9432,#9440,.T.);
#9440 = LINE('',#9441,#9442);
#9441 = CARTESIAN_POINT('',(41.373392166551,-12.39999999997,2.));
#9442 = VECTOR('',#9443,1.);
#9443 = DIRECTION('',(-0.,-0.,-1.));
#9444 = PLANE('',#9445);
#9445 = AXIS2_PLACEMENT_3D('',#9446,#9447,#9448);
#9446 = CARTESIAN_POINT('',(41.373392166551,-13.00000000003,2.));
#9447 = DIRECTION('',(1.,0.,0.));
#9448 = DIRECTION('',(0.,1.,0.));
#9449 = ADVANCED_FACE('',(#9450),#9468,.T.);
#9450 = FACE_BOUND('',#9451,.T.);
#9451 = EDGE_LOOP('',(#9452,#9453,#9454,#9462));
#9452 = ORIENTED_EDGE('',*,*,#8530,.T.);
#9453 = ORIENTED_EDGE('',*,*,#9439,.T.);
#9454 = ORIENTED_EDGE('',*,*,#9455,.T.);
#9455 = EDGE_CURVE('',#9432,#9456,#9458,.T.);
#9456 = VERTEX_POINT('',#9457);
#9457 = CARTESIAN_POINT('',(40.773392166491,-12.39999999997,-8.5));
#9458 = LINE('',#9459,#9460);
#9459 = CARTESIAN_POINT('',(41.373392166551,-12.39999999997,-8.5));
#9460 = VECTOR('',#9461,1.);
#9461 = DIRECTION('',(-1.,0.,0.));
#9462 = ORIENTED_EDGE('',*,*,#9463,.F.);
#9463 = EDGE_CURVE('',#8531,#9456,#9464,.T.);
#9464 = LINE('',#9465,#9466);
#9465 = CARTESIAN_POINT('',(40.773392166491,-12.39999999997,2.));
#9466 = VECTOR('',#9467,1.);
#9467 = DIRECTION('',(-0.,-0.,-1.));
#9468 = PLANE('',#9469);
#9469 = AXIS2_PLACEMENT_3D('',#9470,#9471,#9472);
#9470 = CARTESIAN_POINT('',(41.373392166551,-12.39999999997,2.));
#9471 = DIRECTION('',(0.,1.,0.));
#9472 = DIRECTION('',(-1.,0.,0.));
#9473 = ADVANCED_FACE('',(#9474),#9485,.T.);
#9474 = FACE_BOUND('',#9475,.T.);
#9475 = EDGE_LOOP('',(#9476,#9477,#9478,#9484));
#9476 = ORIENTED_EDGE('',*,*,#8538,.T.);
#9477 = ORIENTED_EDGE('',*,*,#9463,.T.);
#9478 = ORIENTED_EDGE('',*,*,#9479,.T.);
#9479 = EDGE_CURVE('',#9456,#9400,#9480,.T.);
#9480 = LINE('',#9481,#9482);
#9481 = CARTESIAN_POINT('',(40.773392166491,-12.39999999997,-8.5));
#9482 = VECTOR('',#9483,1.);
#9483 = DIRECTION('',(0.,-1.,0.));
#9484 = ORIENTED_EDGE('',*,*,#9399,.F.);
#9485 = PLANE('',#9486);
#9486 = AXIS2_PLACEMENT_3D('',#9487,#9488,#9489);
#9487 = CARTESIAN_POINT('',(40.773392166491,-12.39999999997,2.));
#9488 = DIRECTION('',(-1.,0.,0.));
#9489 = DIRECTION('',(0.,-1.,0.));
#9490 = ADVANCED_FACE('',(#9491),#9497,.F.);
#9491 = FACE_BOUND('',#9492,.F.);
#9492 = EDGE_LOOP('',(#9493,#9494,#9495,#9496));
#9493 = ORIENTED_EDGE('',*,*,#9479,.T.);
#9494 = ORIENTED_EDGE('',*,*,#9407,.T.);
#9495 = ORIENTED_EDGE('',*,*,#9431,.T.);
#9496 = ORIENTED_EDGE('',*,*,#9455,.T.);
#9497 = PLANE('',#9498);
#9498 = AXIS2_PLACEMENT_3D('',#9499,#9500,#9501);
#9499 = CARTESIAN_POINT('',(41.073392166521,-6.4420747E-10,-8.5));
#9500 = DIRECTION('',(0.,0.,1.));
#9501 = DIRECTION('',(1.,0.,0.));
#9502 = ADVANCED_FACE('',(#9503),#9528,.T.);
#9503 = FACE_BOUND('',#9504,.T.);
#9504 = EDGE_LOOP('',(#9505,#9506,#9514,#9522));
#9505 = ORIENTED_EDGE('',*,*,#8546,.T.);
#9506 = ORIENTED_EDGE('',*,*,#9507,.T.);
#9507 = EDGE_CURVE('',#8549,#9508,#9510,.T.);
#9508 = VERTEX_POINT('',#9509);
#9509 = CARTESIAN_POINT('',(43.313392166491,-13.00000000003,-8.5));
#9510 = LINE('',#9511,#9512);
#9511 = CARTESIAN_POINT('',(43.313392166491,-13.00000000003,2.));
#9512 = VECTOR('',#9513,1.);
#9513 = DIRECTION('',(-0.,-0.,-1.));
#9514 = ORIENTED_EDGE('',*,*,#9515,.T.);
#9515 = EDGE_CURVE('',#9508,#9516,#9518,.T.);
#9516 = VERTEX_POINT('',#9517);
#9517 = CARTESIAN_POINT('',(43.913392166551,-13.00000000003,-8.5));
#9518 = LINE('',#9519,#9520);
#9519 = CARTESIAN_POINT('',(43.313392166491,-13.00000000003,-8.5));
#9520 = VECTOR('',#9521,1.);
#9521 = DIRECTION('',(1.,0.,0.));
#9522 = ORIENTED_EDGE('',*,*,#9523,.F.);
#9523 = EDGE_CURVE('',#8547,#9516,#9524,.T.);
#9524 = LINE('',#9525,#9526);
#9525 = CARTESIAN_POINT('',(43.913392166551,-13.00000000003,2.));
#9526 = VECTOR('',#9527,1.);
#9527 = DIRECTION('',(-0.,-0.,-1.));
#9528 = PLANE('',#9529);
#9529 = AXIS2_PLACEMENT_3D('',#9530,#9531,#9532);
#9530 = CARTESIAN_POINT('',(43.313392166491,-13.00000000003,2.));
#9531 = DIRECTION('',(0.,-1.,0.));
#9532 = DIRECTION('',(1.,0.,0.));
#9533 = ADVANCED_FACE('',(#9534),#9552,.T.);
#9534 = FACE_BOUND('',#9535,.T.);
#9535 = EDGE_LOOP('',(#9536,#9537,#9538,#9546));
#9536 = ORIENTED_EDGE('',*,*,#8556,.T.);
#9537 = ORIENTED_EDGE('',*,*,#9523,.T.);
#9538 = ORIENTED_EDGE('',*,*,#9539,.T.);
#9539 = EDGE_CURVE('',#9516,#9540,#9542,.T.);
#9540 = VERTEX_POINT('',#9541);
#9541 = CARTESIAN_POINT('',(43.913392166551,-12.39999999997,-8.5));
#9542 = LINE('',#9543,#9544);
#9543 = CARTESIAN_POINT('',(43.913392166551,-13.00000000003,-8.5));
#9544 = VECTOR('',#9545,1.);
#9545 = DIRECTION('',(0.,1.,0.));
#9546 = ORIENTED_EDGE('',*,*,#9547,.F.);
#9547 = EDGE_CURVE('',#8557,#9540,#9548,.T.);
#9548 = LINE('',#9549,#9550);
#9549 = CARTESIAN_POINT('',(43.913392166551,-12.39999999997,2.));
#9550 = VECTOR('',#9551,1.);
#9551 = DIRECTION('',(-0.,-0.,-1.));
#9552 = PLANE('',#9553);
#9553 = AXIS2_PLACEMENT_3D('',#9554,#9555,#9556);
#9554 = CARTESIAN_POINT('',(43.913392166551,-13.00000000003,2.));
#9555 = DIRECTION('',(1.,0.,0.));
#9556 = DIRECTION('',(0.,1.,0.));
#9557 = ADVANCED_FACE('',(#9558),#9576,.T.);
#9558 = FACE_BOUND('',#9559,.T.);
#9559 = EDGE_LOOP('',(#9560,#9561,#9562,#9570));
#9560 = ORIENTED_EDGE('',*,*,#8564,.T.);
#9561 = ORIENTED_EDGE('',*,*,#9547,.T.);
#9562 = ORIENTED_EDGE('',*,*,#9563,.T.);
#9563 = EDGE_CURVE('',#9540,#9564,#9566,.T.);
#9564 = VERTEX_POINT('',#9565);
#9565 = CARTESIAN_POINT('',(43.313392166491,-12.39999999997,-8.5));
#9566 = LINE('',#9567,#9568);
#9567 = CARTESIAN_POINT('',(43.913392166551,-12.39999999997,-8.5));
#9568 = VECTOR('',#9569,1.);
#9569 = DIRECTION('',(-1.,0.,0.));
#9570 = ORIENTED_EDGE('',*,*,#9571,.F.);
#9571 = EDGE_CURVE('',#8565,#9564,#9572,.T.);
#9572 = LINE('',#9573,#9574);
#9573 = CARTESIAN_POINT('',(43.313392166491,-12.39999999997,2.));
#9574 = VECTOR('',#9575,1.);
#9575 = DIRECTION('',(-0.,-0.,-1.));
#9576 = PLANE('',#9577);
#9577 = AXIS2_PLACEMENT_3D('',#9578,#9579,#9580);
#9578 = CARTESIAN_POINT('',(43.913392166551,-12.39999999997,2.));
#9579 = DIRECTION('',(0.,1.,0.));
#9580 = DIRECTION('',(-1.,0.,0.));
#9581 = ADVANCED_FACE('',(#9582),#9593,.T.);
#9582 = FACE_BOUND('',#9583,.T.);
#9583 = EDGE_LOOP('',(#9584,#9585,#9586,#9592));
#9584 = ORIENTED_EDGE('',*,*,#8572,.T.);
#9585 = ORIENTED_EDGE('',*,*,#9571,.T.);
#9586 = ORIENTED_EDGE('',*,*,#9587,.T.);
#9587 = EDGE_CURVE('',#9564,#9508,#9588,.T.);
#9588 = LINE('',#9589,#9590);
#9589 = CARTESIAN_POINT('',(43.313392166491,-12.39999999997,-8.5));
#9590 = VECTOR('',#9591,1.);
#9591 = DIRECTION('',(0.,-1.,0.));
#9592 = ORIENTED_EDGE('',*,*,#9507,.F.);
#9593 = PLANE('',#9594);
#9594 = AXIS2_PLACEMENT_3D('',#9595,#9596,#9597);
#9595 = CARTESIAN_POINT('',(43.313392166491,-12.39999999997,2.));
#9596 = DIRECTION('',(-1.,0.,0.));
#9597 = DIRECTION('',(0.,-1.,0.));
#9598 = ADVANCED_FACE('',(#9599),#9605,.F.);
#9599 = FACE_BOUND('',#9600,.F.);
#9600 = EDGE_LOOP('',(#9601,#9602,#9603,#9604));
#9601 = ORIENTED_EDGE('',*,*,#9587,.T.);
#9602 = ORIENTED_EDGE('',*,*,#9515,.T.);
#9603 = ORIENTED_EDGE('',*,*,#9539,.T.);
#9604 = ORIENTED_EDGE('',*,*,#9563,.T.);
#9605 = PLANE('',#9606);
#9606 = AXIS2_PLACEMENT_3D('',#9607,#9608,#9609);
#9607 = CARTESIAN_POINT('',(43.613392166521,-6.4420747E-10,-8.5));
#9608 = DIRECTION('',(0.,0.,1.));
#9609 = DIRECTION('',(1.,0.,0.));
#9610 = ADVANCED_FACE('',(#9611),#9636,.T.);
#9611 = FACE_BOUND('',#9612,.T.);
#9612 = EDGE_LOOP('',(#9613,#9614,#9622,#9630));
#9613 = ORIENTED_EDGE('',*,*,#8580,.T.);
#9614 = ORIENTED_EDGE('',*,*,#9615,.T.);
#9615 = EDGE_CURVE('',#8583,#9616,#9618,.T.);
#9616 = VERTEX_POINT('',#9617);
#9617 = CARTESIAN_POINT('',(45.853392166491,-13.00000000003,-8.5));
#9618 = LINE('',#9619,#9620);
#9619 = CARTESIAN_POINT('',(45.853392166491,-13.00000000003,2.));
#9620 = VECTOR('',#9621,1.);
#9621 = DIRECTION('',(-0.,-0.,-1.));
#9622 = ORIENTED_EDGE('',*,*,#9623,.T.);
#9623 = EDGE_CURVE('',#9616,#9624,#9626,.T.);
#9624 = VERTEX_POINT('',#9625);
#9625 = CARTESIAN_POINT('',(46.453392166551,-13.00000000003,-8.5));
#9626 = LINE('',#9627,#9628);
#9627 = CARTESIAN_POINT('',(45.853392166491,-13.00000000003,-8.5));
#9628 = VECTOR('',#9629,1.);
#9629 = DIRECTION('',(1.,0.,0.));
#9630 = ORIENTED_EDGE('',*,*,#9631,.F.);
#9631 = EDGE_CURVE('',#8581,#9624,#9632,.T.);
#9632 = LINE('',#9633,#9634);
#9633 = CARTESIAN_POINT('',(46.453392166551,-13.00000000003,2.));
#9634 = VECTOR('',#9635,1.);
#9635 = DIRECTION('',(-0.,-0.,-1.));
#9636 = PLANE('',#9637);
#9637 = AXIS2_PLACEMENT_3D('',#9638,#9639,#9640);
#9638 = CARTESIAN_POINT('',(45.853392166491,-13.00000000003,2.));
#9639 = DIRECTION('',(0.,-1.,0.));
#9640 = DIRECTION('',(1.,0.,0.));
#9641 = ADVANCED_FACE('',(#9642),#9660,.T.);
#9642 = FACE_BOUND('',#9643,.T.);
#9643 = EDGE_LOOP('',(#9644,#9645,#9646,#9654));
#9644 = ORIENTED_EDGE('',*,*,#8590,.T.);
#9645 = ORIENTED_EDGE('',*,*,#9631,.T.);
#9646 = ORIENTED_EDGE('',*,*,#9647,.T.);
#9647 = EDGE_CURVE('',#9624,#9648,#9650,.T.);
#9648 = VERTEX_POINT('',#9649);
#9649 = CARTESIAN_POINT('',(46.453392166551,-12.39999999997,-8.5));
#9650 = LINE('',#9651,#9652);
#9651 = CARTESIAN_POINT('',(46.453392166551,-13.00000000003,-8.5));
#9652 = VECTOR('',#9653,1.);
#9653 = DIRECTION('',(0.,1.,0.));
#9654 = ORIENTED_EDGE('',*,*,#9655,.F.);
#9655 = EDGE_CURVE('',#8591,#9648,#9656,.T.);
#9656 = LINE('',#9657,#9658);
#9657 = CARTESIAN_POINT('',(46.453392166551,-12.39999999997,2.));
#9658 = VECTOR('',#9659,1.);
#9659 = DIRECTION('',(-0.,-0.,-1.));
#9660 = PLANE('',#9661);
#9661 = AXIS2_PLACEMENT_3D('',#9662,#9663,#9664);
#9662 = CARTESIAN_POINT('',(46.453392166551,-13.00000000003,2.));
#9663 = DIRECTION('',(1.,0.,0.));
#9664 = DIRECTION('',(0.,1.,0.));
#9665 = ADVANCED_FACE('',(#9666),#9684,.T.);
#9666 = FACE_BOUND('',#9667,.T.);
#9667 = EDGE_LOOP('',(#9668,#9669,#9670,#9678));
#9668 = ORIENTED_EDGE('',*,*,#8598,.T.);
#9669 = ORIENTED_EDGE('',*,*,#9655,.T.);
#9670 = ORIENTED_EDGE('',*,*,#9671,.T.);
#9671 = EDGE_CURVE('',#9648,#9672,#9674,.T.);
#9672 = VERTEX_POINT('',#9673);
#9673 = CARTESIAN_POINT('',(45.853392166491,-12.39999999997,-8.5));
#9674 = LINE('',#9675,#9676);
#9675 = CARTESIAN_POINT('',(46.453392166551,-12.39999999997,-8.5));
#9676 = VECTOR('',#9677,1.);
#9677 = DIRECTION('',(-1.,0.,0.));
#9678 = ORIENTED_EDGE('',*,*,#9679,.F.);
#9679 = EDGE_CURVE('',#8599,#9672,#9680,.T.);
#9680 = LINE('',#9681,#9682);
#9681 = CARTESIAN_POINT('',(45.853392166491,-12.39999999997,2.));
#9682 = VECTOR('',#9683,1.);
#9683 = DIRECTION('',(-0.,-0.,-1.));
#9684 = PLANE('',#9685);
#9685 = AXIS2_PLACEMENT_3D('',#9686,#9687,#9688);
#9686 = CARTESIAN_POINT('',(46.453392166551,-12.39999999997,2.));
#9687 = DIRECTION('',(0.,1.,0.));
#9688 = DIRECTION('',(-1.,0.,0.));
#9689 = ADVANCED_FACE('',(#9690),#9701,.T.);
#9690 = FACE_BOUND('',#9691,.T.);
#9691 = EDGE_LOOP('',(#9692,#9693,#9694,#9700));
#9692 = ORIENTED_EDGE('',*,*,#8606,.T.);
#9693 = ORIENTED_EDGE('',*,*,#9679,.T.);
#9694 = ORIENTED_EDGE('',*,*,#9695,.T.);
#9695 = EDGE_CURVE('',#9672,#9616,#9696,.T.);
#9696 = LINE('',#9697,#9698);
#9697 = CARTESIAN_POINT('',(45.853392166491,-12.39999999997,-8.5));
#9698 = VECTOR('',#9699,1.);
#9699 = DIRECTION('',(0.,-1.,0.));
#9700 = ORIENTED_EDGE('',*,*,#9615,.F.);
#9701 = PLANE('',#9702);
#9702 = AXIS2_PLACEMENT_3D('',#9703,#9704,#9705);
#9703 = CARTESIAN_POINT('',(45.853392166491,-12.39999999997,2.));
#9704 = DIRECTION('',(-1.,0.,0.));
#9705 = DIRECTION('',(0.,-1.,0.));
#9706 = ADVANCED_FACE('',(#9707),#9713,.F.);
#9707 = FACE_BOUND('',#9708,.F.);
#9708 = EDGE_LOOP('',(#9709,#9710,#9711,#9712));
#9709 = ORIENTED_EDGE('',*,*,#9695,.T.);
#9710 = ORIENTED_EDGE('',*,*,#9623,.T.);
#9711 = ORIENTED_EDGE('',*,*,#9647,.T.);
#9712 = ORIENTED_EDGE('',*,*,#9671,.T.);
#9713 = PLANE('',#9714);
#9714 = AXIS2_PLACEMENT_3D('',#9715,#9716,#9717);
#9715 = CARTESIAN_POINT('',(46.153392166521,-6.4420747E-10,-8.5));
#9716 = DIRECTION('',(0.,0.,1.));
#9717 = DIRECTION('',(1.,0.,0.));
#9718 = ADVANCED_FACE('',(#9719),#9744,.T.);
#9719 = FACE_BOUND('',#9720,.T.);
#9720 = EDGE_LOOP('',(#9721,#9722,#9730,#9738));
#9721 = ORIENTED_EDGE('',*,*,#8614,.T.);
#9722 = ORIENTED_EDGE('',*,*,#9723,.T.);
#9723 = EDGE_CURVE('',#8617,#9724,#9726,.T.);
#9724 = VERTEX_POINT('',#9725);
#9725 = CARTESIAN_POINT('',(48.393392166491,-13.00000000003,-8.5));
#9726 = LINE('',#9727,#9728);
#9727 = CARTESIAN_POINT('',(48.393392166491,-13.00000000003,2.));
#9728 = VECTOR('',#9729,1.);
#9729 = DIRECTION('',(-0.,-0.,-1.));
#9730 = ORIENTED_EDGE('',*,*,#9731,.T.);
#9731 = EDGE_CURVE('',#9724,#9732,#9734,.T.);
#9732 = VERTEX_POINT('',#9733);
#9733 = CARTESIAN_POINT('',(48.993392166551,-13.00000000003,-8.5));
#9734 = LINE('',#9735,#9736);
#9735 = CARTESIAN_POINT('',(48.393392166491,-13.00000000003,-8.5));
#9736 = VECTOR('',#9737,1.);
#9737 = DIRECTION('',(1.,0.,0.));
#9738 = ORIENTED_EDGE('',*,*,#9739,.F.);
#9739 = EDGE_CURVE('',#8615,#9732,#9740,.T.);
#9740 = LINE('',#9741,#9742);
#9741 = CARTESIAN_POINT('',(48.993392166551,-13.00000000003,2.));
#9742 = VECTOR('',#9743,1.);
#9743 = DIRECTION('',(-0.,-0.,-1.));
#9744 = PLANE('',#9745);
#9745 = AXIS2_PLACEMENT_3D('',#9746,#9747,#9748);
#9746 = CARTESIAN_POINT('',(48.393392166491,-13.00000000003,2.));
#9747 = DIRECTION('',(0.,-1.,0.));
#9748 = DIRECTION('',(1.,0.,0.));
#9749 = ADVANCED_FACE('',(#9750),#9768,.T.);
#9750 = FACE_BOUND('',#9751,.T.);
#9751 = EDGE_LOOP('',(#9752,#9753,#9754,#9762));
#9752 = ORIENTED_EDGE('',*,*,#8624,.T.);
#9753 = ORIENTED_EDGE('',*,*,#9739,.T.);
#9754 = ORIENTED_EDGE('',*,*,#9755,.T.);
#9755 = EDGE_CURVE('',#9732,#9756,#9758,.T.);
#9756 = VERTEX_POINT('',#9757);
#9757 = CARTESIAN_POINT('',(48.993392166551,-12.39999999997,-8.5));
#9758 = LINE('',#9759,#9760);
#9759 = CARTESIAN_POINT('',(48.993392166551,-13.00000000003,-8.5));
#9760 = VECTOR('',#9761,1.);
#9761 = DIRECTION('',(0.,1.,0.));
#9762 = ORIENTED_EDGE('',*,*,#9763,.F.);
#9763 = EDGE_CURVE('',#8625,#9756,#9764,.T.);
#9764 = LINE('',#9765,#9766);
#9765 = CARTESIAN_POINT('',(48.993392166551,-12.39999999997,2.));
#9766 = VECTOR('',#9767,1.);
#9767 = DIRECTION('',(-0.,-0.,-1.));
#9768 = PLANE('',#9769);
#9769 = AXIS2_PLACEMENT_3D('',#9770,#9771,#9772);
#9770 = CARTESIAN_POINT('',(48.993392166551,-13.00000000003,2.));
#9771 = DIRECTION('',(1.,0.,0.));
#9772 = DIRECTION('',(0.,1.,0.));
#9773 = ADVANCED_FACE('',(#9774),#9792,.T.);
#9774 = FACE_BOUND('',#9775,.T.);
#9775 = EDGE_LOOP('',(#9776,#9777,#9778,#9786));
#9776 = ORIENTED_EDGE('',*,*,#8632,.T.);
#9777 = ORIENTED_EDGE('',*,*,#9763,.T.);
#9778 = ORIENTED_EDGE('',*,*,#9779,.T.);
#9779 = EDGE_CURVE('',#9756,#9780,#9782,.T.);
#9780 = VERTEX_POINT('',#9781);
#9781 = CARTESIAN_POINT('',(48.393392166491,-12.39999999997,-8.5));
#9782 = LINE('',#9783,#9784);
#9783 = CARTESIAN_POINT('',(48.993392166551,-12.39999999997,-8.5));
#9784 = VECTOR('',#9785,1.);
#9785 = DIRECTION('',(-1.,0.,0.));
#9786 = ORIENTED_EDGE('',*,*,#9787,.F.);
#9787 = EDGE_CURVE('',#8633,#9780,#9788,.T.);
#9788 = LINE('',#9789,#9790);
#9789 = CARTESIAN_POINT('',(48.393392166491,-12.39999999997,2.));
#9790 = VECTOR('',#9791,1.);
#9791 = DIRECTION('',(-0.,-0.,-1.));
#9792 = PLANE('',#9793);
#9793 = AXIS2_PLACEMENT_3D('',#9794,#9795,#9796);
#9794 = CARTESIAN_POINT('',(48.993392166551,-12.39999999997,2.));
#9795 = DIRECTION('',(0.,1.,0.));
#9796 = DIRECTION('',(-1.,0.,0.));
#9797 = ADVANCED_FACE('',(#9798),#9809,.T.);
#9798 = FACE_BOUND('',#9799,.T.);
#9799 = EDGE_LOOP('',(#9800,#9801,#9802,#9808));
#9800 = ORIENTED_EDGE('',*,*,#8640,.T.);
#9801 = ORIENTED_EDGE('',*,*,#9787,.T.);
#9802 = ORIENTED_EDGE('',*,*,#9803,.T.);
#9803 = EDGE_CURVE('',#9780,#9724,#9804,.T.);
#9804 = LINE('',#9805,#9806);
#9805 = CARTESIAN_POINT('',(48.393392166491,-12.39999999997,-8.5));
#9806 = VECTOR('',#9807,1.);
#9807 = DIRECTION('',(0.,-1.,0.));
#9808 = ORIENTED_EDGE('',*,*,#9723,.F.);
#9809 = PLANE('',#9810);
#9810 = AXIS2_PLACEMENT_3D('',#9811,#9812,#9813);
#9811 = CARTESIAN_POINT('',(48.393392166491,-12.39999999997,2.));
#9812 = DIRECTION('',(-1.,0.,0.));
#9813 = DIRECTION('',(0.,-1.,0.));
#9814 = ADVANCED_FACE('',(#9815),#9821,.F.);
#9815 = FACE_BOUND('',#9816,.F.);
#9816 = EDGE_LOOP('',(#9817,#9818,#9819,#9820));
#9817 = ORIENTED_EDGE('',*,*,#9803,.T.);
#9818 = ORIENTED_EDGE('',*,*,#9731,.T.);
#9819 = ORIENTED_EDGE('',*,*,#9755,.T.);
#9820 = ORIENTED_EDGE('',*,*,#9779,.T.);
#9821 = PLANE('',#9822);
#9822 = AXIS2_PLACEMENT_3D('',#9823,#9824,#9825);
#9823 = CARTESIAN_POINT('',(48.693392166521,-6.4420747E-10,-8.5));
#9824 = DIRECTION('',(0.,0.,1.));
#9825 = DIRECTION('',(1.,0.,0.));
#9826 = ADVANCED_FACE('',(#9827),#9852,.T.);
#9827 = FACE_BOUND('',#9828,.T.);
#9828 = EDGE_LOOP('',(#9829,#9830,#9838,#9846));
#9829 = ORIENTED_EDGE('',*,*,#8648,.T.);
#9830 = ORIENTED_EDGE('',*,*,#9831,.T.);
#9831 = EDGE_CURVE('',#8651,#9832,#9834,.T.);
#9832 = VERTEX_POINT('',#9833);
#9833 = CARTESIAN_POINT('',(50.933392166491,-13.00000000003,-8.5));
#9834 = LINE('',#9835,#9836);
#9835 = CARTESIAN_POINT('',(50.933392166491,-13.00000000003,2.));
#9836 = VECTOR('',#9837,1.);
#9837 = DIRECTION('',(-0.,-0.,-1.));
#9838 = ORIENTED_EDGE('',*,*,#9839,.T.);
#9839 = EDGE_CURVE('',#9832,#9840,#9842,.T.);
#9840 = VERTEX_POINT('',#9841);
#9841 = CARTESIAN_POINT('',(51.533392166551,-13.00000000003,-8.5));
#9842 = LINE('',#9843,#9844);
#9843 = CARTESIAN_POINT('',(50.933392166491,-13.00000000003,-8.5));
#9844 = VECTOR('',#9845,1.);
#9845 = DIRECTION('',(1.,0.,0.));
#9846 = ORIENTED_EDGE('',*,*,#9847,.F.);
#9847 = EDGE_CURVE('',#8649,#9840,#9848,.T.);
#9848 = LINE('',#9849,#9850);
#9849 = CARTESIAN_POINT('',(51.533392166551,-13.00000000003,2.));
#9850 = VECTOR('',#9851,1.);
#9851 = DIRECTION('',(-0.,-0.,-1.));
#9852 = PLANE('',#9853);
#9853 = AXIS2_PLACEMENT_3D('',#9854,#9855,#9856);
#9854 = CARTESIAN_POINT('',(50.933392166491,-13.00000000003,2.));
#9855 = DIRECTION('',(0.,-1.,0.));
#9856 = DIRECTION('',(1.,0.,0.));
#9857 = ADVANCED_FACE('',(#9858),#9876,.T.);
#9858 = FACE_BOUND('',#9859,.T.);
#9859 = EDGE_LOOP('',(#9860,#9861,#9862,#9870));
#9860 = ORIENTED_EDGE('',*,*,#8658,.T.);
#9861 = ORIENTED_EDGE('',*,*,#9847,.T.);
#9862 = ORIENTED_EDGE('',*,*,#9863,.T.);
#9863 = EDGE_CURVE('',#9840,#9864,#9866,.T.);
#9864 = VERTEX_POINT('',#9865);
#9865 = CARTESIAN_POINT('',(51.533392166551,-12.39999999997,-8.5));
#9866 = LINE('',#9867,#9868);
#9867 = CARTESIAN_POINT('',(51.533392166551,-13.00000000003,-8.5));
#9868 = VECTOR('',#9869,1.);
#9869 = DIRECTION('',(0.,1.,0.));
#9870 = ORIENTED_EDGE('',*,*,#9871,.F.);
#9871 = EDGE_CURVE('',#8659,#9864,#9872,.T.);
#9872 = LINE('',#9873,#9874);
#9873 = CARTESIAN_POINT('',(51.533392166551,-12.39999999997,2.));
#9874 = VECTOR('',#9875,1.);
#9875 = DIRECTION('',(-0.,-0.,-1.));
#9876 = PLANE('',#9877);
#9877 = AXIS2_PLACEMENT_3D('',#9878,#9879,#9880);
#9878 = CARTESIAN_POINT('',(51.533392166551,-13.00000000003,2.));
#9879 = DIRECTION('',(1.,0.,0.));
#9880 = DIRECTION('',(0.,1.,0.));
#9881 = ADVANCED_FACE('',(#9882),#9900,.T.);
#9882 = FACE_BOUND('',#9883,.T.);
#9883 = EDGE_LOOP('',(#9884,#9885,#9886,#9894));
#9884 = ORIENTED_EDGE('',*,*,#8666,.T.);
#9885 = ORIENTED_EDGE('',*,*,#9871,.T.);
#9886 = ORIENTED_EDGE('',*,*,#9887,.T.);
#9887 = EDGE_CURVE('',#9864,#9888,#9890,.T.);
#9888 = VERTEX_POINT('',#9889);
#9889 = CARTESIAN_POINT('',(50.933392166491,-12.39999999997,-8.5));
#9890 = LINE('',#9891,#9892);
#9891 = CARTESIAN_POINT('',(51.533392166551,-12.39999999997,-8.5));
#9892 = VECTOR('',#9893,1.);
#9893 = DIRECTION('',(-1.,0.,0.));
#9894 = ORIENTED_EDGE('',*,*,#9895,.F.);
#9895 = EDGE_CURVE('',#8667,#9888,#9896,.T.);
#9896 = LINE('',#9897,#9898);
#9897 = CARTESIAN_POINT('',(50.933392166491,-12.39999999997,2.));
#9898 = VECTOR('',#9899,1.);
#9899 = DIRECTION('',(-0.,-0.,-1.));
#9900 = PLANE('',#9901);
#9901 = AXIS2_PLACEMENT_3D('',#9902,#9903,#9904);
#9902 = CARTESIAN_POINT('',(51.533392166551,-12.39999999997,2.));
#9903 = DIRECTION('',(0.,1.,0.));
#9904 = DIRECTION('',(-1.,0.,0.));
#9905 = ADVANCED_FACE('',(#9906),#9917,.T.);
#9906 = FACE_BOUND('',#9907,.T.);
#9907 = EDGE_LOOP('',(#9908,#9909,#9910,#9916));
#9908 = ORIENTED_EDGE('',*,*,#8674,.T.);
#9909 = ORIENTED_EDGE('',*,*,#9895,.T.);
#9910 = ORIENTED_EDGE('',*,*,#9911,.T.);
#9911 = EDGE_CURVE('',#9888,#9832,#9912,.T.);
#9912 = LINE('',#9913,#9914);
#9913 = CARTESIAN_POINT('',(50.933392166491,-12.39999999997,-8.5));
#9914 = VECTOR('',#9915,1.);
#9915 = DIRECTION('',(0.,-1.,0.));
#9916 = ORIENTED_EDGE('',*,*,#9831,.F.);
#9917 = PLANE('',#9918);
#9918 = AXIS2_PLACEMENT_3D('',#9919,#9920,#9921);
#9919 = CARTESIAN_POINT('',(50.933392166491,-12.39999999997,2.));
#9920 = DIRECTION('',(-1.,0.,0.));
#9921 = DIRECTION('',(0.,-1.,0.));
#9922 = ADVANCED_FACE('',(#9923),#9929,.F.);
#9923 = FACE_BOUND('',#9924,.F.);
#9924 = EDGE_LOOP('',(#9925,#9926,#9927,#9928));
#9925 = ORIENTED_EDGE('',*,*,#9911,.T.);
#9926 = ORIENTED_EDGE('',*,*,#9839,.T.);
#9927 = ORIENTED_EDGE('',*,*,#9863,.T.);
#9928 = ORIENTED_EDGE('',*,*,#9887,.T.);
#9929 = PLANE('',#9930);
#9930 = AXIS2_PLACEMENT_3D('',#9931,#9932,#9933);
#9931 = CARTESIAN_POINT('',(51.233392166521,-6.4420747E-10,-8.5));
#9932 = DIRECTION('',(0.,0.,1.));
#9933 = DIRECTION('',(1.,0.,0.));
#9934 = ADVANCED_FACE('',(#9935),#9960,.T.);
#9935 = FACE_BOUND('',#9936,.T.);
#9936 = EDGE_LOOP('',(#9937,#9938,#9946,#9954));
#9937 = ORIENTED_EDGE('',*,*,#8682,.T.);
#9938 = ORIENTED_EDGE('',*,*,#9939,.T.);
#9939 = EDGE_CURVE('',#8685,#9940,#9942,.T.);
#9940 = VERTEX_POINT('',#9941);
#9941 = CARTESIAN_POINT('',(53.473392166491,-13.00000000003,-8.5));
#9942 = LINE('',#9943,#9944);
#9943 = CARTESIAN_POINT('',(53.473392166491,-13.00000000003,2.));
#9944 = VECTOR('',#9945,1.);
#9945 = DIRECTION('',(-0.,-0.,-1.));
#9946 = ORIENTED_EDGE('',*,*,#9947,.T.);
#9947 = EDGE_CURVE('',#9940,#9948,#9950,.T.);
#9948 = VERTEX_POINT('',#9949);
#9949 = CARTESIAN_POINT('',(54.073392166551,-13.00000000003,-8.5));
#9950 = LINE('',#9951,#9952);
#9951 = CARTESIAN_POINT('',(53.473392166491,-13.00000000003,-8.5));
#9952 = VECTOR('',#9953,1.);
#9953 = DIRECTION('',(1.,0.,0.));
#9954 = ORIENTED_EDGE('',*,*,#9955,.F.);
#9955 = EDGE_CURVE('',#8683,#9948,#9956,.T.);
#9956 = LINE('',#9957,#9958);
#9957 = CARTESIAN_POINT('',(54.073392166551,-13.00000000003,2.));
#9958 = VECTOR('',#9959,1.);
#9959 = DIRECTION('',(-0.,-0.,-1.));
#9960 = PLANE('',#9961);
#9961 = AXIS2_PLACEMENT_3D('',#9962,#9963,#9964);
#9962 = CARTESIAN_POINT('',(53.473392166491,-13.00000000003,2.));
#9963 = DIRECTION('',(0.,-1.,0.));
#9964 = DIRECTION('',(1.,0.,0.));
#9965 = ADVANCED_FACE('',(#9966),#9984,.T.);
#9966 = FACE_BOUND('',#9967,.T.);
#9967 = EDGE_LOOP('',(#9968,#9969,#9970,#9978));
#9968 = ORIENTED_EDGE('',*,*,#8692,.T.);
#9969 = ORIENTED_EDGE('',*,*,#9955,.T.);
#9970 = ORIENTED_EDGE('',*,*,#9971,.T.);
#9971 = EDGE_CURVE('',#9948,#9972,#9974,.T.);
#9972 = VERTEX_POINT('',#9973);
#9973 = CARTESIAN_POINT('',(54.073392166551,-12.39999999997,-8.5));
#9974 = LINE('',#9975,#9976);
#9975 = CARTESIAN_POINT('',(54.073392166551,-13.00000000003,-8.5));
#9976 = VECTOR('',#9977,1.);
#9977 = DIRECTION('',(0.,1.,0.));
#9978 = ORIENTED_EDGE('',*,*,#9979,.F.);
#9979 = EDGE_CURVE('',#8693,#9972,#9980,.T.);
#9980 = LINE('',#9981,#9982);
#9981 = CARTESIAN_POINT('',(54.073392166551,-12.39999999997,2.));
#9982 = VECTOR('',#9983,1.);
#9983 = DIRECTION('',(-0.,-0.,-1.));
#9984 = PLANE('',#9985);
#9985 = AXIS2_PLACEMENT_3D('',#9986,#9987,#9988);
#9986 = CARTESIAN_POINT('',(54.073392166551,-13.00000000003,2.));
#9987 = DIRECTION('',(1.,0.,0.));
#9988 = DIRECTION('',(0.,1.,0.));
#9989 = ADVANCED_FACE('',(#9990),#10008,.T.);
#9990 = FACE_BOUND('',#9991,.T.);
#9991 = EDGE_LOOP('',(#9992,#9993,#9994,#10002));
#9992 = ORIENTED_EDGE('',*,*,#8700,.T.);
#9993 = ORIENTED_EDGE('',*,*,#9979,.T.);
#9994 = ORIENTED_EDGE('',*,*,#9995,.T.);
#9995 = EDGE_CURVE('',#9972,#9996,#9998,.T.);
#9996 = VERTEX_POINT('',#9997);
#9997 = CARTESIAN_POINT('',(53.473392166491,-12.39999999997,-8.5));
#9998 = LINE('',#9999,#10000);
#9999 = CARTESIAN_POINT('',(54.073392166551,-12.39999999997,-8.5));
#10000 = VECTOR('',#10001,1.);
#10001 = DIRECTION('',(-1.,0.,0.));
#10002 = ORIENTED_EDGE('',*,*,#10003,.F.);
#10003 = EDGE_CURVE('',#8701,#9996,#10004,.T.);
#10004 = LINE('',#10005,#10006);
#10005 = CARTESIAN_POINT('',(53.473392166491,-12.39999999997,2.));
#10006 = VECTOR('',#10007,1.);
#10007 = DIRECTION('',(-0.,-0.,-1.));
#10008 = PLANE('',#10009);
#10009 = AXIS2_PLACEMENT_3D('',#10010,#10011,#10012);
#10010 = CARTESIAN_POINT('',(54.073392166551,-12.39999999997,2.));
#10011 = DIRECTION('',(0.,1.,0.));
#10012 = DIRECTION('',(-1.,0.,0.));
#10013 = ADVANCED_FACE('',(#10014),#10025,.T.);
#10014 = FACE_BOUND('',#10015,.T.);
#10015 = EDGE_LOOP('',(#10016,#10017,#10018,#10024));
#10016 = ORIENTED_EDGE('',*,*,#8708,.T.);
#10017 = ORIENTED_EDGE('',*,*,#10003,.T.);
#10018 = ORIENTED_EDGE('',*,*,#10019,.T.);
#10019 = EDGE_CURVE('',#9996,#9940,#10020,.T.);
#10020 = LINE('',#10021,#10022);
#10021 = CARTESIAN_POINT('',(53.473392166491,-12.39999999997,-8.5));
#10022 = VECTOR('',#10023,1.);
#10023 = DIRECTION('',(0.,-1.,0.));
#10024 = ORIENTED_EDGE('',*,*,#9939,.F.);
#10025 = PLANE('',#10026);
#10026 = AXIS2_PLACEMENT_3D('',#10027,#10028,#10029);
#10027 = CARTESIAN_POINT('',(53.473392166491,-12.39999999997,2.));
#10028 = DIRECTION('',(-1.,0.,0.));
#10029 = DIRECTION('',(0.,-1.,0.));
#10030 = ADVANCED_FACE('',(#10031),#10037,.F.);
#10031 = FACE_BOUND('',#10032,.F.);
#10032 = EDGE_LOOP('',(#10033,#10034,#10035,#10036));
#10033 = ORIENTED_EDGE('',*,*,#10019,.T.);
#10034 = ORIENTED_EDGE('',*,*,#9947,.T.);
#10035 = ORIENTED_EDGE('',*,*,#9971,.T.);
#10036 = ORIENTED_EDGE('',*,*,#9995,.T.);
#10037 = PLANE('',#10038);
#10038 = AXIS2_PLACEMENT_3D('',#10039,#10040,#10041);
#10039 = CARTESIAN_POINT('',(53.773392166521,-6.4420747E-10,-8.5));
#10040 = DIRECTION('',(0.,0.,1.));
#10041 = DIRECTION('',(1.,0.,0.));
#10042 = ADVANCED_FACE('',(#10043),#10068,.T.);
#10043 = FACE_BOUND('',#10044,.T.);
#10044 = EDGE_LOOP('',(#10045,#10046,#10054,#10062));
#10045 = ORIENTED_EDGE('',*,*,#8716,.T.);
#10046 = ORIENTED_EDGE('',*,*,#10047,.T.);
#10047 = EDGE_CURVE('',#8719,#10048,#10050,.T.);
#10048 = VERTEX_POINT('',#10049);
#10049 = CARTESIAN_POINT('',(56.013392166491,-13.00000000003,-8.5));
#10050 = LINE('',#10051,#10052);
#10051 = CARTESIAN_POINT('',(56.013392166491,-13.00000000003,2.));
#10052 = VECTOR('',#10053,1.);
#10053 = DIRECTION('',(-0.,-0.,-1.));
#10054 = ORIENTED_EDGE('',*,*,#10055,.T.);
#10055 = EDGE_CURVE('',#10048,#10056,#10058,.T.);
#10056 = VERTEX_POINT('',#10057);
#10057 = CARTESIAN_POINT('',(56.613392166551,-13.00000000003,-8.5));
#10058 = LINE('',#10059,#10060);
#10059 = CARTESIAN_POINT('',(56.013392166491,-13.00000000003,-8.5));
#10060 = VECTOR('',#10061,1.);
#10061 = DIRECTION('',(1.,0.,0.));
#10062 = ORIENTED_EDGE('',*,*,#10063,.F.);
#10063 = EDGE_CURVE('',#8717,#10056,#10064,.T.);
#10064 = LINE('',#10065,#10066);
#10065 = CARTESIAN_POINT('',(56.613392166551,-13.00000000003,2.));
#10066 = VECTOR('',#10067,1.);
#10067 = DIRECTION('',(-0.,-0.,-1.));
#10068 = PLANE('',#10069);
#10069 = AXIS2_PLACEMENT_3D('',#10070,#10071,#10072);
#10070 = CARTESIAN_POINT('',(56.013392166491,-13.00000000003,2.));
#10071 = DIRECTION('',(0.,-1.,0.));
#10072 = DIRECTION('',(1.,0.,0.));
#10073 = ADVANCED_FACE('',(#10074),#10092,.T.);
#10074 = FACE_BOUND('',#10075,.T.);
#10075 = EDGE_LOOP('',(#10076,#10077,#10078,#10086));
#10076 = ORIENTED_EDGE('',*,*,#8726,.T.);
#10077 = ORIENTED_EDGE('',*,*,#10063,.T.);
#10078 = ORIENTED_EDGE('',*,*,#10079,.T.);
#10079 = EDGE_CURVE('',#10056,#10080,#10082,.T.);
#10080 = VERTEX_POINT('',#10081);
#10081 = CARTESIAN_POINT('',(56.613392166551,-12.39999999997,-8.5));
#10082 = LINE('',#10083,#10084);
#10083 = CARTESIAN_POINT('',(56.613392166551,-13.00000000003,-8.5));
#10084 = VECTOR('',#10085,1.);
#10085 = DIRECTION('',(0.,1.,0.));
#10086 = ORIENTED_EDGE('',*,*,#10087,.F.);
#10087 = EDGE_CURVE('',#8727,#10080,#10088,.T.);
#10088 = LINE('',#10089,#10090);
#10089 = CARTESIAN_POINT('',(56.613392166551,-12.39999999997,2.));
#10090 = VECTOR('',#10091,1.);
#10091 = DIRECTION('',(-0.,-0.,-1.));
#10092 = PLANE('',#10093);
#10093 = AXIS2_PLACEMENT_3D('',#10094,#10095,#10096);
#10094 = CARTESIAN_POINT('',(56.613392166551,-13.00000000003,2.));
#10095 = DIRECTION('',(1.,0.,0.));
#10096 = DIRECTION('',(0.,1.,0.));
#10097 = ADVANCED_FACE('',(#10098),#10116,.T.);
#10098 = FACE_BOUND('',#10099,.T.);
#10099 = EDGE_LOOP('',(#10100,#10101,#10102,#10110));
#10100 = ORIENTED_EDGE('',*,*,#8734,.T.);
#10101 = ORIENTED_EDGE('',*,*,#10087,.T.);
#10102 = ORIENTED_EDGE('',*,*,#10103,.T.);
#10103 = EDGE_CURVE('',#10080,#10104,#10106,.T.);
#10104 = VERTEX_POINT('',#10105);
#10105 = CARTESIAN_POINT('',(56.013392166491,-12.39999999997,-8.5));
#10106 = LINE('',#10107,#10108);
#10107 = CARTESIAN_POINT('',(56.613392166551,-12.39999999997,-8.5));
#10108 = VECTOR('',#10109,1.);
#10109 = DIRECTION('',(-1.,0.,0.));
#10110 = ORIENTED_EDGE('',*,*,#10111,.F.);
#10111 = EDGE_CURVE('',#8735,#10104,#10112,.T.);
#10112 = LINE('',#10113,#10114);
#10113 = CARTESIAN_POINT('',(56.013392166491,-12.39999999997,2.));
#10114 = VECTOR('',#10115,1.);
#10115 = DIRECTION('',(-0.,-0.,-1.));
#10116 = PLANE('',#10117);
#10117 = AXIS2_PLACEMENT_3D('',#10118,#10119,#10120);
#10118 = CARTESIAN_POINT('',(56.613392166551,-12.39999999997,2.));
#10119 = DIRECTION('',(0.,1.,0.));
#10120 = DIRECTION('',(-1.,0.,0.));
#10121 = ADVANCED_FACE('',(#10122),#10133,.T.);
#10122 = FACE_BOUND('',#10123,.T.);
#10123 = EDGE_LOOP('',(#10124,#10125,#10126,#10132));
#10124 = ORIENTED_EDGE('',*,*,#8742,.T.);
#10125 = ORIENTED_EDGE('',*,*,#10111,.T.);
#10126 = ORIENTED_EDGE('',*,*,#10127,.T.);
#10127 = EDGE_CURVE('',#10104,#10048,#10128,.T.);
#10128 = LINE('',#10129,#10130);
#10129 = CARTESIAN_POINT('',(56.013392166491,-12.39999999997,-8.5));
#10130 = VECTOR('',#10131,1.);
#10131 = DIRECTION('',(0.,-1.,0.));
#10132 = ORIENTED_EDGE('',*,*,#10047,.F.);
#10133 = PLANE('',#10134);
#10134 = AXIS2_PLACEMENT_3D('',#10135,#10136,#10137);
#10135 = CARTESIAN_POINT('',(56.013392166491,-12.39999999997,2.));
#10136 = DIRECTION('',(-1.,0.,0.));
#10137 = DIRECTION('',(0.,-1.,0.));
#10138 = ADVANCED_FACE('',(#10139),#10145,.F.);
#10139 = FACE_BOUND('',#10140,.F.);
#10140 = EDGE_LOOP('',(#10141,#10142,#10143,#10144));
#10141 = ORIENTED_EDGE('',*,*,#10127,.T.);
#10142 = ORIENTED_EDGE('',*,*,#10055,.T.);
#10143 = ORIENTED_EDGE('',*,*,#10079,.T.);
#10144 = ORIENTED_EDGE('',*,*,#10103,.T.);
#10145 = PLANE('',#10146);
#10146 = AXIS2_PLACEMENT_3D('',#10147,#10148,#10149);
#10147 = CARTESIAN_POINT('',(56.313392166521,-6.4420747E-10,-8.5));
#10148 = DIRECTION('',(0.,0.,1.));
#10149 = DIRECTION('',(1.,0.,0.));
#10150 = ADVANCED_FACE('',(#10151),#10176,.T.);
#10151 = FACE_BOUND('',#10152,.T.);
#10152 = EDGE_LOOP('',(#10153,#10154,#10162,#10170));
#10153 = ORIENTED_EDGE('',*,*,#8750,.T.);
#10154 = ORIENTED_EDGE('',*,*,#10155,.T.);
#10155 = EDGE_CURVE('',#8753,#10156,#10158,.T.);
#10156 = VERTEX_POINT('',#10157);
#10157 = CARTESIAN_POINT('',(58.553392166491,-13.00000000003,-8.5));
#10158 = LINE('',#10159,#10160);
#10159 = CARTESIAN_POINT('',(58.553392166491,-13.00000000003,2.));
#10160 = VECTOR('',#10161,1.);
#10161 = DIRECTION('',(-0.,-0.,-1.));
#10162 = ORIENTED_EDGE('',*,*,#10163,.T.);
#10163 = EDGE_CURVE('',#10156,#10164,#10166,.T.);
#10164 = VERTEX_POINT('',#10165);
#10165 = CARTESIAN_POINT('',(59.153392166551,-13.00000000003,-8.5));
#10166 = LINE('',#10167,#10168);
#10167 = CARTESIAN_POINT('',(58.553392166491,-13.00000000003,-8.5));
#10168 = VECTOR('',#10169,1.);
#10169 = DIRECTION('',(1.,0.,0.));
#10170 = ORIENTED_EDGE('',*,*,#10171,.F.);
#10171 = EDGE_CURVE('',#8751,#10164,#10172,.T.);
#10172 = LINE('',#10173,#10174);
#10173 = CARTESIAN_POINT('',(59.153392166551,-13.00000000003,2.));
#10174 = VECTOR('',#10175,1.);
#10175 = DIRECTION('',(-0.,-0.,-1.));
#10176 = PLANE('',#10177);
#10177 = AXIS2_PLACEMENT_3D('',#10178,#10179,#10180);
#10178 = CARTESIAN_POINT('',(58.553392166491,-13.00000000003,2.));
#10179 = DIRECTION('',(0.,-1.,0.));
#10180 = DIRECTION('',(1.,0.,0.));
#10181 = ADVANCED_FACE('',(#10182),#10200,.T.);
#10182 = FACE_BOUND('',#10183,.T.);
#10183 = EDGE_LOOP('',(#10184,#10185,#10186,#10194));
#10184 = ORIENTED_EDGE('',*,*,#8760,.T.);
#10185 = ORIENTED_EDGE('',*,*,#10171,.T.);
#10186 = ORIENTED_EDGE('',*,*,#10187,.T.);
#10187 = EDGE_CURVE('',#10164,#10188,#10190,.T.);
#10188 = VERTEX_POINT('',#10189);
#10189 = CARTESIAN_POINT('',(59.153392166551,-12.39999999997,-8.5));
#10190 = LINE('',#10191,#10192);
#10191 = CARTESIAN_POINT('',(59.153392166551,-13.00000000003,-8.5));
#10192 = VECTOR('',#10193,1.);
#10193 = DIRECTION('',(0.,1.,0.));
#10194 = ORIENTED_EDGE('',*,*,#10195,.F.);
#10195 = EDGE_CURVE('',#8761,#10188,#10196,.T.);
#10196 = LINE('',#10197,#10198);
#10197 = CARTESIAN_POINT('',(59.153392166551,-12.39999999997,2.));
#10198 = VECTOR('',#10199,1.);
#10199 = DIRECTION('',(-0.,-0.,-1.));
#10200 = PLANE('',#10201);
#10201 = AXIS2_PLACEMENT_3D('',#10202,#10203,#10204);
#10202 = CARTESIAN_POINT('',(59.153392166551,-13.00000000003,2.));
#10203 = DIRECTION('',(1.,0.,0.));
#10204 = DIRECTION('',(0.,1.,0.));
#10205 = ADVANCED_FACE('',(#10206),#10224,.T.);
#10206 = FACE_BOUND('',#10207,.T.);
#10207 = EDGE_LOOP('',(#10208,#10209,#10210,#10218));
#10208 = ORIENTED_EDGE('',*,*,#8768,.T.);
#10209 = ORIENTED_EDGE('',*,*,#10195,.T.);
#10210 = ORIENTED_EDGE('',*,*,#10211,.T.);
#10211 = EDGE_CURVE('',#10188,#10212,#10214,.T.);
#10212 = VERTEX_POINT('',#10213);
#10213 = CARTESIAN_POINT('',(58.553392166491,-12.39999999997,-8.5));
#10214 = LINE('',#10215,#10216);
#10215 = CARTESIAN_POINT('',(59.153392166551,-12.39999999997,-8.5));
#10216 = VECTOR('',#10217,1.);
#10217 = DIRECTION('',(-1.,0.,0.));
#10218 = ORIENTED_EDGE('',*,*,#10219,.F.);
#10219 = EDGE_CURVE('',#8769,#10212,#10220,.T.);
#10220 = LINE('',#10221,#10222);
#10221 = CARTESIAN_POINT('',(58.553392166491,-12.39999999997,2.));
#10222 = VECTOR('',#10223,1.);
#10223 = DIRECTION('',(-0.,-0.,-1.));
#10224 = PLANE('',#10225);
#10225 = AXIS2_PLACEMENT_3D('',#10226,#10227,#10228);
#10226 = CARTESIAN_POINT('',(59.153392166551,-12.39999999997,2.));
#10227 = DIRECTION('',(0.,1.,0.));
#10228 = DIRECTION('',(-1.,0.,0.));
#10229 = ADVANCED_FACE('',(#10230),#10241,.T.);
#10230 = FACE_BOUND('',#10231,.T.);
#10231 = EDGE_LOOP('',(#10232,#10233,#10234,#10240));
#10232 = ORIENTED_EDGE('',*,*,#8776,.T.);
#10233 = ORIENTED_EDGE('',*,*,#10219,.T.);
#10234 = ORIENTED_EDGE('',*,*,#10235,.T.);
#10235 = EDGE_CURVE('',#10212,#10156,#10236,.T.);
#10236 = LINE('',#10237,#10238);
#10237 = CARTESIAN_POINT('',(58.553392166491,-12.39999999997,-8.5));
#10238 = VECTOR('',#10239,1.);
#10239 = DIRECTION('',(0.,-1.,0.));
#10240 = ORIENTED_EDGE('',*,*,#10155,.F.);
#10241 = PLANE('',#10242);
#10242 = AXIS2_PLACEMENT_3D('',#10243,#10244,#10245);
#10243 = CARTESIAN_POINT('',(58.553392166491,-12.39999999997,2.));
#10244 = DIRECTION('',(-1.,0.,0.));
#10245 = DIRECTION('',(0.,-1.,0.));
#10246 = ADVANCED_FACE('',(#10247),#10253,.F.);
#10247 = FACE_BOUND('',#10248,.F.);
#10248 = EDGE_LOOP('',(#10249,#10250,#10251,#10252));
#10249 = ORIENTED_EDGE('',*,*,#10235,.T.);
#10250 = ORIENTED_EDGE('',*,*,#10163,.T.);
#10251 = ORIENTED_EDGE('',*,*,#10187,.T.);
#10252 = ORIENTED_EDGE('',*,*,#10211,.T.);
#10253 = PLANE('',#10254);
#10254 = AXIS2_PLACEMENT_3D('',#10255,#10256,#10257);
#10255 = CARTESIAN_POINT('',(58.853392166521,-6.4420747E-10,-8.5));
#10256 = DIRECTION('',(0.,0.,1.));
#10257 = DIRECTION('',(1.,0.,0.));
#10258 = ADVANCED_FACE('',(#10259),#10284,.T.);
#10259 = FACE_BOUND('',#10260,.T.);
#10260 = EDGE_LOOP('',(#10261,#10262,#10270,#10278));
#10261 = ORIENTED_EDGE('',*,*,#8784,.T.);
#10262 = ORIENTED_EDGE('',*,*,#10263,.T.);
#10263 = EDGE_CURVE('',#8787,#10264,#10266,.T.);
#10264 = VERTEX_POINT('',#10265);
#10265 = CARTESIAN_POINT('',(61.093392166491,-13.00000000003,-8.5));
#10266 = LINE('',#10267,#10268);
#10267 = CARTESIAN_POINT('',(61.093392166491,-13.00000000003,2.));
#10268 = VECTOR('',#10269,1.);
#10269 = DIRECTION('',(-0.,-0.,-1.));
#10270 = ORIENTED_EDGE('',*,*,#10271,.T.);
#10271 = EDGE_CURVE('',#10264,#10272,#10274,.T.);
#10272 = VERTEX_POINT('',#10273);
#10273 = CARTESIAN_POINT('',(61.693392166551,-13.00000000003,-8.5));
#10274 = LINE('',#10275,#10276);
#10275 = CARTESIAN_POINT('',(61.093392166491,-13.00000000003,-8.5));
#10276 = VECTOR('',#10277,1.);
#10277 = DIRECTION('',(1.,0.,0.));
#10278 = ORIENTED_EDGE('',*,*,#10279,.F.);
#10279 = EDGE_CURVE('',#8785,#10272,#10280,.T.);
#10280 = LINE('',#10281,#10282);
#10281 = CARTESIAN_POINT('',(61.693392166551,-13.00000000003,2.));
#10282 = VECTOR('',#10283,1.);
#10283 = DIRECTION('',(-0.,-0.,-1.));
#10284 = PLANE('',#10285);
#10285 = AXIS2_PLACEMENT_3D('',#10286,#10287,#10288);
#10286 = CARTESIAN_POINT('',(61.093392166491,-13.00000000003,2.));
#10287 = DIRECTION('',(0.,-1.,0.));
#10288 = DIRECTION('',(1.,0.,0.));
#10289 = ADVANCED_FACE('',(#10290),#10308,.T.);
#10290 = FACE_BOUND('',#10291,.T.);
#10291 = EDGE_LOOP('',(#10292,#10293,#10294,#10302));
#10292 = ORIENTED_EDGE('',*,*,#8794,.T.);
#10293 = ORIENTED_EDGE('',*,*,#10279,.T.);
#10294 = ORIENTED_EDGE('',*,*,#10295,.T.);
#10295 = EDGE_CURVE('',#10272,#10296,#10298,.T.);
#10296 = VERTEX_POINT('',#10297);
#10297 = CARTESIAN_POINT('',(61.693392166551,-12.39999999997,-8.5));
#10298 = LINE('',#10299,#10300);
#10299 = CARTESIAN_POINT('',(61.693392166551,-13.00000000003,-8.5));
#10300 = VECTOR('',#10301,1.);
#10301 = DIRECTION('',(0.,1.,0.));
#10302 = ORIENTED_EDGE('',*,*,#10303,.F.);
#10303 = EDGE_CURVE('',#8795,#10296,#10304,.T.);
#10304 = LINE('',#10305,#10306);
#10305 = CARTESIAN_POINT('',(61.693392166551,-12.39999999997,2.));
#10306 = VECTOR('',#10307,1.);
#10307 = DIRECTION('',(-0.,-0.,-1.));
#10308 = PLANE('',#10309);
#10309 = AXIS2_PLACEMENT_3D('',#10310,#10311,#10312);
#10310 = CARTESIAN_POINT('',(61.693392166551,-13.00000000003,2.));
#10311 = DIRECTION('',(1.,0.,0.));
#10312 = DIRECTION('',(0.,1.,0.));
#10313 = ADVANCED_FACE('',(#10314),#10332,.T.);
#10314 = FACE_BOUND('',#10315,.T.);
#10315 = EDGE_LOOP('',(#10316,#10317,#10318,#10326));
#10316 = ORIENTED_EDGE('',*,*,#8802,.T.);
#10317 = ORIENTED_EDGE('',*,*,#10303,.T.);
#10318 = ORIENTED_EDGE('',*,*,#10319,.T.);
#10319 = EDGE_CURVE('',#10296,#10320,#10322,.T.);
#10320 = VERTEX_POINT('',#10321);
#10321 = CARTESIAN_POINT('',(61.093392166491,-12.39999999997,-8.5));
#10322 = LINE('',#10323,#10324);
#10323 = CARTESIAN_POINT('',(61.693392166551,-12.39999999997,-8.5));
#10324 = VECTOR('',#10325,1.);
#10325 = DIRECTION('',(-1.,0.,0.));
#10326 = ORIENTED_EDGE('',*,*,#10327,.F.);
#10327 = EDGE_CURVE('',#8803,#10320,#10328,.T.);
#10328 = LINE('',#10329,#10330);
#10329 = CARTESIAN_POINT('',(61.093392166491,-12.39999999997,2.));
#10330 = VECTOR('',#10331,1.);
#10331 = DIRECTION('',(-0.,-0.,-1.));
#10332 = PLANE('',#10333);
#10333 = AXIS2_PLACEMENT_3D('',#10334,#10335,#10336);
#10334 = CARTESIAN_POINT('',(61.693392166551,-12.39999999997,2.));
#10335 = DIRECTION('',(0.,1.,0.));
#10336 = DIRECTION('',(-1.,0.,0.));
#10337 = ADVANCED_FACE('',(#10338),#10349,.T.);
#10338 = FACE_BOUND('',#10339,.T.);
#10339 = EDGE_LOOP('',(#10340,#10341,#10342,#10348));
#10340 = ORIENTED_EDGE('',*,*,#8810,.T.);
#10341 = ORIENTED_EDGE('',*,*,#10327,.T.);
#10342 = ORIENTED_EDGE('',*,*,#10343,.T.);
#10343 = EDGE_CURVE('',#10320,#10264,#10344,.T.);
#10344 = LINE('',#10345,#10346);
#10345 = CARTESIAN_POINT('',(61.093392166491,-12.39999999997,-8.5));
#10346 = VECTOR('',#10347,1.);
#10347 = DIRECTION('',(0.,-1.,0.));
#10348 = ORIENTED_EDGE('',*,*,#10263,.F.);
#10349 = PLANE('',#10350);
#10350 = AXIS2_PLACEMENT_3D('',#10351,#10352,#10353);
#10351 = CARTESIAN_POINT('',(61.093392166491,-12.39999999997,2.));
#10352 = DIRECTION('',(-1.,0.,0.));
#10353 = DIRECTION('',(0.,-1.,0.));
#10354 = ADVANCED_FACE('',(#10355),#10361,.F.);
#10355 = FACE_BOUND('',#10356,.F.);
#10356 = EDGE_LOOP('',(#10357,#10358,#10359,#10360));
#10357 = ORIENTED_EDGE('',*,*,#10343,.T.);
#10358 = ORIENTED_EDGE('',*,*,#10271,.T.);
#10359 = ORIENTED_EDGE('',*,*,#10295,.T.);
#10360 = ORIENTED_EDGE('',*,*,#10319,.T.);
#10361 = PLANE('',#10362);
#10362 = AXIS2_PLACEMENT_3D('',#10363,#10364,#10365);
#10363 = CARTESIAN_POINT('',(61.393392166521,-6.4420747E-10,-8.5));
#10364 = DIRECTION('',(0.,0.,1.));
#10365 = DIRECTION('',(1.,0.,0.));
#10366 = ADVANCED_FACE('',(#10367),#10392,.T.);
#10367 = FACE_BOUND('',#10368,.T.);
#10368 = EDGE_LOOP('',(#10369,#10370,#10378,#10386));
#10369 = ORIENTED_EDGE('',*,*,#8818,.T.);
#10370 = ORIENTED_EDGE('',*,*,#10371,.T.);
#10371 = EDGE_CURVE('',#8821,#10372,#10374,.T.);
#10372 = VERTEX_POINT('',#10373);
#10373 = CARTESIAN_POINT('',(28.073392166491,-13.00000000003,-8.5));
#10374 = LINE('',#10375,#10376);
#10375 = CARTESIAN_POINT('',(28.073392166491,-13.00000000003,2.));
#10376 = VECTOR('',#10377,1.);
#10377 = DIRECTION('',(-0.,-0.,-1.));
#10378 = ORIENTED_EDGE('',*,*,#10379,.T.);
#10379 = EDGE_CURVE('',#10372,#10380,#10382,.T.);
#10380 = VERTEX_POINT('',#10381);
#10381 = CARTESIAN_POINT('',(28.673392166551,-13.00000000003,-8.5));
#10382 = LINE('',#10383,#10384);
#10383 = CARTESIAN_POINT('',(28.073392166491,-13.00000000003,-8.5));
#10384 = VECTOR('',#10385,1.);
#10385 = DIRECTION('',(1.,0.,0.));
#10386 = ORIENTED_EDGE('',*,*,#10387,.F.);
#10387 = EDGE_CURVE('',#8819,#10380,#10388,.T.);
#10388 = LINE('',#10389,#10390);
#10389 = CARTESIAN_POINT('',(28.673392166551,-13.00000000003,2.));
#10390 = VECTOR('',#10391,1.);
#10391 = DIRECTION('',(-0.,-0.,-1.));
#10392 = PLANE('',#10393);
#10393 = AXIS2_PLACEMENT_3D('',#10394,#10395,#10396);
#10394 = CARTESIAN_POINT('',(28.073392166491,-13.00000000003,2.));
#10395 = DIRECTION('',(0.,-1.,0.));
#10396 = DIRECTION('',(1.,0.,0.));
#10397 = ADVANCED_FACE('',(#10398),#10416,.T.);
#10398 = FACE_BOUND('',#10399,.T.);
#10399 = EDGE_LOOP('',(#10400,#10401,#10402,#10410));
#10400 = ORIENTED_EDGE('',*,*,#8828,.T.);
#10401 = ORIENTED_EDGE('',*,*,#10387,.T.);
#10402 = ORIENTED_EDGE('',*,*,#10403,.T.);
#10403 = EDGE_CURVE('',#10380,#10404,#10406,.T.);
#10404 = VERTEX_POINT('',#10405);
#10405 = CARTESIAN_POINT('',(28.673392166551,-12.39999999997,-8.5));
#10406 = LINE('',#10407,#10408);
#10407 = CARTESIAN_POINT('',(28.673392166551,-13.00000000003,-8.5));
#10408 = VECTOR('',#10409,1.);
#10409 = DIRECTION('',(0.,1.,0.));
#10410 = ORIENTED_EDGE('',*,*,#10411,.F.);
#10411 = EDGE_CURVE('',#8829,#10404,#10412,.T.);
#10412 = LINE('',#10413,#10414);
#10413 = CARTESIAN_POINT('',(28.673392166551,-12.39999999997,2.));
#10414 = VECTOR('',#10415,1.);
#10415 = DIRECTION('',(-0.,-0.,-1.));
#10416 = PLANE('',#10417);
#10417 = AXIS2_PLACEMENT_3D('',#10418,#10419,#10420);
#10418 = CARTESIAN_POINT('',(28.673392166551,-13.00000000003,2.));
#10419 = DIRECTION('',(1.,0.,0.));
#10420 = DIRECTION('',(0.,1.,0.));
#10421 = ADVANCED_FACE('',(#10422),#10440,.T.);
#10422 = FACE_BOUND('',#10423,.T.);
#10423 = EDGE_LOOP('',(#10424,#10425,#10426,#10434));
#10424 = ORIENTED_EDGE('',*,*,#8836,.T.);
#10425 = ORIENTED_EDGE('',*,*,#10411,.T.);
#10426 = ORIENTED_EDGE('',*,*,#10427,.T.);
#10427 = EDGE_CURVE('',#10404,#10428,#10430,.T.);
#10428 = VERTEX_POINT('',#10429);
#10429 = CARTESIAN_POINT('',(28.073392166491,-12.39999999997,-8.5));
#10430 = LINE('',#10431,#10432);
#10431 = CARTESIAN_POINT('',(28.673392166551,-12.39999999997,-8.5));
#10432 = VECTOR('',#10433,1.);
#10433 = DIRECTION('',(-1.,0.,0.));
#10434 = ORIENTED_EDGE('',*,*,#10435,.F.);
#10435 = EDGE_CURVE('',#8837,#10428,#10436,.T.);
#10436 = LINE('',#10437,#10438);
#10437 = CARTESIAN_POINT('',(28.073392166491,-12.39999999997,2.));
#10438 = VECTOR('',#10439,1.);
#10439 = DIRECTION('',(-0.,-0.,-1.));
#10440 = PLANE('',#10441);
#10441 = AXIS2_PLACEMENT_3D('',#10442,#10443,#10444);
#10442 = CARTESIAN_POINT('',(28.673392166551,-12.39999999997,2.));
#10443 = DIRECTION('',(0.,1.,0.));
#10444 = DIRECTION('',(-1.,0.,0.));
#10445 = ADVANCED_FACE('',(#10446),#10457,.T.);
#10446 = FACE_BOUND('',#10447,.T.);
#10447 = EDGE_LOOP('',(#10448,#10449,#10450,#10456));
#10448 = ORIENTED_EDGE('',*,*,#8844,.T.);
#10449 = ORIENTED_EDGE('',*,*,#10435,.T.);
#10450 = ORIENTED_EDGE('',*,*,#10451,.T.);
#10451 = EDGE_CURVE('',#10428,#10372,#10452,.T.);
#10452 = LINE('',#10453,#10454);
#10453 = CARTESIAN_POINT('',(28.073392166491,-12.39999999997,-8.5));
#10454 = VECTOR('',#10455,1.);
#10455 = DIRECTION('',(0.,-1.,0.));
#10456 = ORIENTED_EDGE('',*,*,#10371,.F.);
#10457 = PLANE('',#10458);
#10458 = AXIS2_PLACEMENT_3D('',#10459,#10460,#10461);
#10459 = CARTESIAN_POINT('',(28.073392166491,-12.39999999997,2.));
#10460 = DIRECTION('',(-1.,0.,0.));
#10461 = DIRECTION('',(0.,-1.,0.));
#10462 = ADVANCED_FACE('',(#10463),#10469,.F.);
#10463 = FACE_BOUND('',#10464,.F.);
#10464 = EDGE_LOOP('',(#10465,#10466,#10467,#10468));
#10465 = ORIENTED_EDGE('',*,*,#10451,.T.);
#10466 = ORIENTED_EDGE('',*,*,#10379,.T.);
#10467 = ORIENTED_EDGE('',*,*,#10403,.T.);
#10468 = ORIENTED_EDGE('',*,*,#10427,.T.);
#10469 = PLANE('',#10470);
#10470 = AXIS2_PLACEMENT_3D('',#10471,#10472,#10473);
#10471 = CARTESIAN_POINT('',(28.373392166521,-6.4420747E-10,-8.5));
#10472 = DIRECTION('',(0.,0.,1.));
#10473 = DIRECTION('',(1.,0.,0.));
#10474 = ( GEOMETRIC_REPRESENTATION_CONTEXT(3) 
GLOBAL_UNCERTAINTY_ASSIGNED_CONTEXT((#10478)) 
GLOBAL_UNIT_ASSIGNED_CONTEXT((#10475,#10476,#10477)) 
REPRESENTATION_CONTEXT('Context #1',
  '3D Context with UNIT and UNCERTAINTY') );
#10475 = ( LENGTH_UNIT() NAMED_UNIT(*) SI_UNIT(.MILLI.,.METRE.) );
#10476 = ( NAMED_UNIT(*) PLANE_ANGLE_UNIT() SI_UNIT($,.RADIAN.) );
#10477 = ( NAMED_UNIT(*) SI_UNIT($,.STERADIAN.) SOLID_ANGLE_UNIT() );
#10478 = UNCERTAINTY_MEASURE_WITH_UNIT(LENGTH_MEASURE(1.E-05),#10475,
  'distance_accuracy_value','confusion accuracy');
#10479 = CONTEXT_DEPENDENT_SHAPE_REPRESENTATION(#10480,#10482);
#10480 = ( REPRESENTATION_RELATIONSHIP('','',#1653,#10) 
REPRESENTATION_RELATIONSHIP_WITH_TRANSFORMATION(#10481) 
SHAPE_REPRESENTATION_RELATIONSHIP() );
#10481 = ITEM_DEFINED_TRANSFORMATION('','',#11,#19);
#10482 = PRODUCT_DEFINITION_SHAPE('Placement','Placement of an item',
  #10483);
#10483 = NEXT_ASSEMBLY_USAGE_OCCURRENCE('4','Body002','',#5,#1648,$);
#10484 = PRODUCT_RELATED_PRODUCT_CATEGORY('part',$,(#1650));
#10485 = MECHANICAL_DESIGN_GEOMETRIC_PRESENTATION_REPRESENTATION('',(
    #10486,#10497),#10474);
#10486 = STYLED_ITEM('color',(#10487),#1654);
#10487 = PRESENTATION_STYLE_ASSIGNMENT((#10488,#10494));
#10488 = SURFACE_STYLE_USAGE(.BOTH.,#10489);
#10489 = SURFACE_SIDE_STYLE('',(#10490));
#10490 = SURFACE_STYLE_FILL_AREA(#10491);
#10491 = FILL_AREA_STYLE('',(#10492));
#10492 = FILL_AREA_STYLE_COLOUR('',#10493);
#10493 = COLOUR_RGB('',0.800000010877,0.800000010877,0.901960800373);
#10494 = CURVE_STYLE('',#10495,POSITIVE_LENGTH_MEASURE(0.1),#10496);
#10495 = DRAUGHTING_PRE_DEFINED_CURVE_FONT('continuous');
#10496 = COLOUR_RGB('',0.427450993391,0.427450993391,0.427450993391);
#10497 = STYLED_ITEM('color',(#10498),#6064);
#10498 = PRESENTATION_STYLE_ASSIGNMENT((#10499,#10504));
#10499 = SURFACE_STYLE_USAGE(.BOTH.,#10500);
#10500 = SURFACE_SIDE_STYLE('',(#10501));
#10501 = SURFACE_STYLE_FILL_AREA(#10502);
#10502 = FILL_AREA_STYLE('',(#10503));
#10503 = FILL_AREA_STYLE_COLOUR('',#10493);
#10504 = CURVE_STYLE('',#10505,POSITIVE_LENGTH_MEASURE(0.1),#10496);
#10505 = DRAUGHTING_PRE_DEFINED_CURVE_FONT('continuous');
#10506 = MECHANICAL_DESIGN_GEOMETRIC_PRESENTATION_REPRESENTATION('',(
    #10507),#1635);
#10507 = STYLED_ITEM('color',(#10508),#37);
#10508 = PRESENTATION_STYLE_ASSIGNMENT((#10509,#10514));
#10509 = SURFACE_STYLE_USAGE(.BOTH.,#10510);
#10510 = SURFACE_SIDE_STYLE('',(#10511));
#10511 = SURFACE_STYLE_FILL_AREA(#10512);
#10512 = FILL_AREA_STYLE('',(#10513));
#10513 = FILL_AREA_STYLE_COLOUR('',#10493);
#10514 = CURVE_STYLE('',#10515,POSITIVE_LENGTH_MEASURE(0.1),#10496);
#10515 = DRAUGHTING_PRE_DEFINED_CURVE_FONT('continuous');
ENDSEC;
END-ISO-10303-21;
